fecha,ticker,precio_accion_usd,acciones_mill,cap_bursatil_musd,patrimonio_musd,deuda_total_musd,caja_musd,deuda_neta_musd,valor_empresa_musd,utilidad_neta_ttm_musd,ebitda_ttm_musd,pe,pb,ev_ebitda,ev_ebitda_sector_damodaran,precio_cobre_usd_lb,precio_plata_usd_oz,tipo_cambio_pen_usd,fecha_ultimo_reporte_sec,atipico_pe,atipico_pb,atipico_ev_ebitda
2015-01-05,SCCO,26.244860,818.167302,21472.686555,5848.851000,4205.700000,1034.174000,3171.526000,24644.212555,1396.259000,2774.089000,15.378727,3.671266,8.883714,,2.819530,15.940000,2.990857,2014-09-30,0,0,0
2015-01-06,SCCO,26.273978,818.167302,21496.509591,5848.851000,4205.700000,1034.174000,3171.526000,24668.035591,1396.259000,2774.089000,15.395789,3.675339,8.892301,,2.808190,16.600000,2.984286,2014-09-30,0,0,0
2015-01-07,SCCO,26.730158,818.167302,21869.741476,5848.851000,4205.700000,1034.174000,3171.526000,25041.267476,1396.259000,2774.089000,15.663098,3.739152,9.026844,,2.798665,16.570000,2.987857,2014-09-30,0,0,0
2015-01-08,SCCO,27.496927,818.167302,22497.086825,5848.851000,4205.700000,1034.174000,3171.526000,25668.612825,1396.259000,2774.089000,16.112402,3.846411,9.252988,,2.826107,16.435000,2.989429,2014-09-30,0,0,0
2015-01-09,SCCO,27.545456,818.167302,22536.791344,5848.851000,4205.700000,1034.174000,3171.526000,25708.317344,1396.259000,2774.089000,16.140839,3.853200,9.267301,,2.790047,16.440000,2.985714,2014-09-30,0,0,0
2015-01-12,SCCO,27.069864,818.167302,22147.677976,5848.851000,4205.700000,1034.174000,3171.526000,25319.203976,1396.259000,2774.089000,15.862156,3.786672,9.127034,,2.780975,16.495000,2.989714,2014-09-30,0,0,0
2015-01-13,SCCO,25.769269,818.167302,21083.573187,5848.851000,4205.700000,1034.174000,3171.526000,24255.099187,1396.259000,2774.089000,15.100045,3.604738,8.743447,,2.682999,17.195000,2.985286,2014-09-30,0,0,0
2015-01-14,SCCO,24.808381,818.167302,20297.406518,5848.851000,4205.700000,1034.174000,3171.526000,23468.932518,1396.259000,2774.089000,14.536992,3.470324,8.460050,,2.552364,16.970000,2.994857,2014-09-30,0,0,0
2015-01-15,SCCO,24.924852,818.167302,20392.698661,5848.851000,4205.700000,1034.174000,3171.526000,23564.224661,1396.259000,2774.089000,14.605241,3.486616,8.494401,11.413993,2.594095,17.115000,2.997000,2014-09-30,0,0,0
2015-01-16,SCCO,26.293391,818.167302,21512.392696,5848.851000,4205.700000,1034.174000,3171.526000,24683.918696,1396.259000,2774.089000,15.407165,3.678054,8.898027,11.413993,2.567333,17.760000,3.012429,2014-09-30,0,0,0
2015-01-20,SCCO,26.254567,818.167302,21480.628107,5848.851000,4205.700000,1034.174000,3171.526000,24652.154107,1396.259000,2774.089000,15.384415,3.672624,8.886576,11.413993,2.612919,17.985000,3.010286,2014-09-30,0,0,0
2015-01-21,SCCO,26.992218,818.167302,22084.150420,5848.851000,4205.700000,1034.174000,3171.526000,25255.676420,1396.259000,2774.089000,15.816658,3.775810,9.104133,11.413993,2.553952,18.150000,3.010571,2014-09-30,0,0,0
2015-01-22,SCCO,27.438690,818.167302,22449.439132,5848.851000,4205.700000,1034.174000,3171.526000,25620.965132,1396.259000,2774.089000,16.078277,3.838265,9.235812,11.413993,2.604527,18.410000,3.005143,2014-09-30,0,0,0
2015-01-23,SCCO,26.322508,818.167302,21536.215731,5848.851000,4205.700000,1034.174000,3171.526000,24707.741731,1396.259000,2774.089000,15.424227,3.682128,8.906615,11.413993,2.531499,18.330000,3.016571,2014-09-30,0,0,0
2015-01-26,SCCO,26.846629,818.167302,21965.033620,5848.851000,4205.700000,1034.174000,3171.526000,25136.559620,1396.259000,2774.089000,15.731346,3.755444,9.061194,11.413993,2.490222,17.965000,3.021000,2014-09-30,0,0,0
2015-01-27,SCCO,26.186625,818.167302,21425.040483,5848.851000,4205.700000,1034.174000,3171.526000,24596.566483,1396.259000,2774.089000,15.344603,3.663120,8.866538,11.413993,2.520613,18.110000,3.023000,2014-09-30,0,0,0
2015-01-28,SCCO,25.914859,818.167302,21202.689987,5848.851000,4205.700000,1034.174000,3171.526000,24374.215987,1396.259000,2774.089000,15.185356,3.625103,8.786386,11.413993,2.488181,18.105000,3.029143,2014-09-30,0,0,0
2015-01-29,SCCO,25.837211,818.167302,21139.160811,5848.851000,4205.700000,1034.174000,3171.526000,24310.686811,1396.259000,2774.089000,15.139856,3.614242,8.763485,11.413993,2.445090,16.985000,3.042286,2014-09-30,0,0,0
2015-01-30,SCCO,26.477803,818.167302,21663.272463,5848.851000,4205.700000,1034.174000,3171.526000,24834.798463,1396.259000,2774.089000,15.515225,3.703851,8.952416,11.413993,2.497026,17.220000,3.059000,2014-09-30,0,0,0
2015-02-02,SCCO,26.565155,818.167302,21734.741571,5848.851000,4205.700000,1034.174000,3171.526000,24906.267571,1396.259000,2774.089000,15.566411,3.716070,8.978179,11.413993,2.510861,17.255000,3.060429,2014-09-30,0,0,0
2015-02-03,SCCO,28.050165,818.167302,22949.727749,5848.851000,4205.700000,1034.174000,3171.526000,26121.253749,1396.259000,2774.089000,16.436584,3.923801,9.416156,11.413993,2.583209,17.280000,3.058286,2014-09-30,0,0,0
2015-02-04,SCCO,28.360756,818.167302,23203.842833,5848.851000,4205.700000,1034.174000,3171.526000,26375.368833,1396.259000,2774.089000,16.618581,3.967248,9.507759,11.413993,2.589105,17.495000,3.062857,2014-09-30,0,0,0
2015-02-05,SCCO,28.865465,818.167302,23616.779238,5848.851000,4205.700000,1034.174000,3171.526000,26788.305238,1396.259000,2774.089000,16.914326,4.037849,9.656613,11.413993,2.537849,17.130000,3.061571,2014-09-30,0,0,0
2015-02-06,SCCO,28.273401,818.167302,23132.372105,5848.851000,4205.700000,1034.174000,3171.526000,26303.898105,1396.259000,2774.089000,16.567393,3.955028,9.481995,11.413993,2.581848,16.650000,3.067857,2014-09-30,0,0,0
2015-02-09,SCCO,28.719875,818.167302,23497.662438,5848.851000,4205.700000,1034.174000,3171.526000,26669.188438,1396.259000,2774.089000,16.829014,4.017484,9.613674,11.413993,2.570054,17.095000,3.067429,2014-09-30,0,0,0
2015-02-10,SCCO,28.671346,818.167302,23457.957918,5848.851000,4205.700000,1034.174000,3171.526000,26629.483918,1396.259000,2774.089000,16.800578,4.010695,9.599362,11.413993,2.536035,17.010000,3.075143,2014-09-30,0,0,0
2015-02-11,SCCO,28.409286,818.167302,23243.548974,5848.851000,4205.700000,1034.174000,3171.526000,26415.074974,1396.259000,2774.089000,16.647018,3.974037,9.522072,11.413993,2.560756,16.890000,3.092429,2014-09-30,0,0,0
2015-02-12,SCCO,29.243997,818.167302,23926.481947,5848.851000,4205.700000,1034.174000,3171.526000,27098.007947,1396.259000,2774.089000,17.136134,4.090800,9.768255,11.413993,2.583209,16.915000,3.079571,2014-09-30,0,0,0
2015-02-13,SCCO,29.535174,818.167302,24164.713927,5848.851000,4205.700000,1034.174000,3171.526000,27336.239927,1396.259000,2774.089000,17.306756,4.131532,9.854132,11.413993,2.599538,17.360000,3.072000,2014-09-30,0,0,0
2015-02-17,SCCO,29.564292,818.167302,24188.536963,5848.851000,4205.700000,1034.174000,3171.526000,27360.062963,1396.259000,2774.089000,17.323818,4.135605,9.862720,11.413993,2.569828,16.335000,3.084143,2014-09-30,0,0,0
2015-02-18,SCCO,29.816645,818.167302,24395.004355,5848.851000,4205.700000,1034.174000,3171.526000,27566.530355,1396.259000,2774.089000,17.471690,4.170905,9.937147,11.413993,2.580941,16.375000,3.086143,2014-09-30,0,0,0
2015-02-19,SCCO,29.292525,818.167302,23966.186466,5848.851000,4205.700000,1034.174000,3171.526000,27137.712466,1396.259000,2774.089000,17.164571,4.097589,9.782567,11.413993,2.594548,16.465000,3.087429,2014-09-30,0,0,0
2015-02-20,SCCO,29.311936,818.167302,23982.067950,5848.851000,4205.700000,1034.174000,3171.526000,27153.593950,1396.259000,2774.089000,17.175945,4.100304,9.788292,11.413993,2.588652,16.385000,3.087286,2014-09-30,0,0,0
2015-02-23,SCCO,29.195466,818.167302,23886.775806,5848.851000,4205.700000,1034.174000,3171.526000,27058.301806,1396.259000,2774.089000,17.107697,4.084012,9.753941,11.413993,2.565972,16.405000,3.091286,2014-09-30,0,0,0
2015-02-24,SCCO,29.185760,818.167302,23878.834254,5848.851000,4205.700000,1034.174000,3171.526000,27050.360254,1396.259000,2774.089000,17.102009,4.082654,9.751079,11.413993,2.592280,16.145000,3.094000,2014-09-30,0,0,0
2015-02-25,SCCO,29.185760,818.167302,23878.834254,5848.851000,4205.700000,1034.174000,3171.526000,27050.360254,1396.259000,2774.089000,17.102009,4.082654,9.751079,11.413993,2.633104,16.485000,3.096286,2014-09-30,0,0,0
2015-02-26,SCCO,29.030465,818.167302,23751.777522,5848.851000,4205.700000,1034.174000,3171.526000,26923.303522,1396.259000,2774.089000,17.011011,4.060931,9.705277,11.413993,2.692298,16.640000,3.093143,2014-09-30,0,0,0
2015-02-27,SCCO,28.894582,818.167302,23640.602274,5848.851000,4205.700000,1034.174000,3171.526000,26812.128274,1396.259000,2774.089000,16.931388,4.041922,9.665201,11.413993,2.667350,16.640000,3.094857,2014-09-30,0,0,0
2015-03-02,SCCO,28.943113,818.167302,23680.308414,5848.851000,4205.700000,1034.174000,3171.526000,26851.834414,1396.259000,2774.089000,16.959825,4.048711,9.679514,11.413993,2.674381,16.525000,3.097000,2014-09-30,0,0,0
2015-03-03,SCCO,28.690757,806.690968,23144.574690,5804.460000,4206.000000,363.970000,3842.030000,26986.604690,1337.959000,2677.800000,17.298418,3.987378,10.077902,11.413993,2.655783,16.230000,3.092000,2014-12-31,0,0,0
2015-03-04,SCCO,28.943113,806.690968,23348.147586,5804.460000,4206.000000,363.970000,3842.030000,27190.177586,1337.959000,2677.800000,17.450570,4.022450,10.153924,11.413993,2.668030,16.170000,3.094286,2014-12-31,0,0,0
2015-03-05,SCCO,28.593698,806.690968,23066.277913,5804.460000,4206.000000,363.970000,3842.030000,26908.307913,1337.959000,2677.800000,17.239899,3.973889,10.048662,11.413993,2.656237,16.250000,3.096714,2014-12-31,0,0,0
2015-03-06,SCCO,27.991930,806.690968,22580.836941,5804.460000,4206.000000,363.970000,3842.030000,26422.866941,1337.959000,2677.800000,16.877077,3.890256,9.867379,11.413993,2.642856,15.865000,3.100857,2014-12-31,0,0,0
2015-03-09,SCCO,28.050165,806.690968,22627.814688,5804.460000,4206.000000,363.970000,3842.030000,26469.844688,1337.959000,2677.800000,16.912188,3.898350,9.884922,11.413993,2.630836,15.810000,3.099000,2014-12-31,0,0,0
2015-03-10,SCCO,27.496927,806.690968,22181.522903,5804.460000,4206.000000,363.970000,3842.030000,26023.552903,1337.959000,2677.800000,16.578627,3.821462,9.718259,11.413993,2.623351,15.720000,3.099429,2014-12-31,0,0,0
2015-03-11,SCCO,28.059871,806.690968,22635.644845,5804.460000,4206.000000,363.970000,3842.030000,26477.674845,1337.959000,2677.800000,16.918041,3.899699,9.887846,11.413993,2.624485,15.390000,3.100143,2014-12-31,0,0,0
2015-03-12,SCCO,28.351049,806.690968,22870.535174,5804.460000,4206.000000,363.970000,3842.030000,26712.565174,1337.959000,2677.800000,17.093599,3.940166,9.975564,11.413993,2.660546,15.520000,3.098286,2014-12-31,0,0,0
2015-03-13,SCCO,28.127813,806.690968,22690.452748,5804.460000,4206.000000,363.970000,3842.030000,26532.482748,1337.959000,2677.800000,16.959005,3.909141,9.908314,11.413993,2.658051,15.530000,3.101714,2014-12-31,0,0,0
2015-03-16,SCCO,28.137520,806.690968,22698.282905,5804.460000,4206.000000,363.970000,3842.030000,26540.312905,1337.959000,2677.800000,16.964857,3.910490,9.911238,11.413993,2.654876,15.630000,3.096571,2014-12-31,0,0,0
2015-03-17,SCCO,28.321931,806.690968,22847.046300,5804.460000,4206.000000,363.970000,3842.030000,26689.076300,1337.959000,2677.800000,17.076044,3.936119,9.966792,11.413993,2.614960,15.600000,3.098000,2014-12-31,0,0,0
2015-03-18,SCCO,28.729581,806.690968,23175.893720,5804.460000,4206.000000,363.970000,3842.030000,27017.923720,1337.959000,2677.800000,17.321827,3.992773,10.089597,11.413993,2.582075,15.590000,3.099286,2014-12-31,0,0,0
2015-03-19,SCCO,28.545167,806.690968,23027.128726,5804.460000,4206.000000,363.970000,3842.030000,26869.158726,1337.959000,2677.800000,17.210639,3.967144,10.034042,11.413993,2.646711,16.125000,3.096857,2014-12-31,0,0,0
2015-03-20,SCCO,29.146936,806.690968,23512.569698,5804.460000,4206.000000,363.970000,3842.030000,27354.599698,1337.959000,2677.800000,17.573461,4.050776,10.215326,11.413993,2.685000,16.820000,3.089714,2014-12-31,0,0,0
2015-03-23,SCCO,29.496350,806.690968,23794.439371,5804.460000,4206.000000,363.970000,3842.030000,27636.469371,1337.959000,2677.800000,17.784132,4.099337,10.320588,11.413993,2.763965,16.940000,3.077857,2014-12-31,0,0,0
2015-03-24,SCCO,29.185760,806.690968,23543.888728,5804.460000,4206.000000,363.970000,3842.030000,27385.918728,1337.959000,2677.800000,17.596869,4.056172,10.227022,11.413993,2.779614,16.915000,3.073286,2014-12-31,0,0,0
2015-03-25,SCCO,28.787816,806.690968,23222.871466,5804.460000,4206.000000,363.970000,3842.030000,27064.901466,1337.959000,2677.800000,17.356938,4.000867,10.107141,11.413993,2.782562,17.075000,3.067857,2014-12-31,0,0,0
2015-03-26,SCCO,28.545167,806.690968,23027.128726,5804.460000,4206.000000,363.970000,3842.030000,26869.158726,1337.959000,2677.800000,17.210639,3.967144,10.034042,11.413993,2.825880,17.120000,3.081571,2014-12-31,0,0,0
2015-03-27,SCCO,27.496927,806.690968,22181.522903,5804.460000,4206.000000,363.970000,3842.030000,26023.552903,1337.959000,2677.800000,16.578627,3.821462,9.718259,11.413993,2.787779,17.055000,3.091429,2014-12-31,0,0,0
2015-03-30,SCCO,28.719875,806.690968,23168.063563,5804.460000,4206.000000,363.970000,3842.030000,27010.093563,1337.959000,2677.800000,17.315974,3.991424,10.086673,11.413993,2.771449,16.685000,3.096429,2014-12-31,0,0,0
2015-03-31,SCCO,28.321931,806.690968,22847.046300,5804.460000,4206.000000,363.970000,3842.030000,26689.076300,1337.959000,2677.800000,17.076044,3.936119,9.966792,11.413993,2.744461,16.715000,3.098857,2014-12-31,0,0,0
2015-04-01,SCCO,28.059871,806.690968,22635.644845,5804.460000,4206.000000,363.970000,3842.030000,26477.674845,1337.959000,2677.800000,16.918041,3.899699,9.887846,11.413993,2.730399,16.860000,3.095000,2014-12-31,0,0,0
2015-04-06,SCCO,28.651933,806.690968,23113.255659,5804.460000,4206.000000,363.970000,3842.030000,26955.285659,1337.959000,2677.800000,17.275010,3.981982,10.066206,11.413993,2.722235,17.150000,3.091429,2014-12-31,0,0,0
2015-04-07,SCCO,28.564580,806.690968,23042.789040,5804.460000,4206.000000,363.970000,3842.030000,26884.819040,1337.959000,2677.800000,17.222343,3.969842,10.039891,11.413993,2.740152,16.870000,3.098429,2014-12-31,0,0,0
2015-04-08,SCCO,28.642229,806.690968,23105.427100,5804.460000,4206.000000,363.970000,3842.030000,26947.457100,1337.959000,2677.800000,17.269159,3.980633,10.063282,11.413993,2.746502,16.485000,3.103000,2014-12-31,0,0,0
2015-04-09,SCCO,28.224872,806.690968,22768.749524,5804.460000,4206.000000,363.970000,3842.030000,26610.779524,1337.959000,2677.800000,17.017524,3.922630,9.937553,11.413993,2.744234,16.235000,3.114571,2014-12-31,0,0,0
2015-04-10,SCCO,28.186048,806.690968,22737.430494,5804.460000,4206.000000,363.970000,3842.030000,26579.460494,1337.959000,2677.800000,16.994116,3.917234,9.925857,11.413993,2.746502,16.465000,3.124000,2014-12-31,0,0,0
2015-04-13,SCCO,28.137520,806.690968,22698.282905,5804.460000,4206.000000,363.970000,3842.030000,26540.312905,1337.959000,2677.800000,16.964857,3.910490,9.911238,11.413993,2.726771,16.345000,3.126571,2014-12-31,0,0,0
2015-04-14,SCCO,28.496639,806.690968,22987.981137,5804.460000,4206.000000,363.970000,3842.030000,26830.011137,1337.959000,2677.800000,17.181379,3.960400,10.019423,11.413993,2.683679,16.300000,3.120857,2014-12-31,0,0,0
2015-04-15,SCCO,29.166349,806.690968,23528.230012,5804.460000,4206.000000,363.970000,3842.030000,27370.260012,1337.959000,2677.800000,17.585165,4.053474,10.221174,11.413993,2.685494,16.235000,3.124571,2014-12-31,0,0,0
2015-04-16,SCCO,29.176055,806.690968,23536.060169,5804.460000,4206.000000,363.970000,3842.030000,27378.090169,1337.959000,2677.800000,17.591017,4.054823,10.224098,11.413993,2.746048,16.290000,3.125571,2014-12-31,0,0,0
2015-04-17,SCCO,29.117818,806.690968,23489.080825,5804.460000,4206.000000,363.970000,3842.030000,27331.110825,1337.959000,2677.800000,17.555905,4.046730,10.206554,11.413993,2.758295,16.270000,3.126714,2014-12-31,0,0,0
2015-04-20,SCCO,29.117818,806.690968,23489.080825,5804.460000,4206.000000,363.970000,3842.030000,27331.110825,1337.959000,2677.800000,17.555905,4.046730,10.206554,11.413993,2.722461,15.935000,3.126714,2014-12-31,0,0,0
2015-04-21,SCCO,28.632522,806.690968,23097.596943,5804.460000,4206.000000,363.970000,3842.030000,26939.626943,1337.959000,2677.800000,17.263307,3.979284,10.060358,11.413993,2.710214,15.945000,3.132143,2014-12-31,0,0,0
2015-04-22,SCCO,28.962524,806.690968,23363.806302,5804.460000,4206.000000,363.970000,3842.030000,27205.836302,1337.959000,2677.800000,17.462274,4.025147,10.159772,11.413993,2.688442,15.800000,3.133857,2014-12-31,0,0,0
2015-04-23,SCCO,29.253701,806.690968,23598.696631,5804.460000,4206.000000,363.970000,3842.030000,27440.726631,1337.959000,2677.800000,17.637832,4.065614,10.247489,11.413993,2.692071,15.840000,3.133000,2014-12-31,0,0,0
2015-04-24,SCCO,30.030177,806.690968,24225.072439,5804.460000,4206.000000,363.970000,3842.030000,28067.102439,1337.959000,2677.800000,18.105990,4.173527,10.481404,11.413993,2.733121,15.715000,3.134857,2014-12-31,0,0,0
2015-04-27,SCCO,30.428120,806.690968,24546.089702,5804.460000,4206.000000,363.970000,3842.030000,28388.119702,1337.959000,2677.800000,18.345921,4.228833,10.601285,11.413993,2.749223,16.420000,3.134857,2014-12-31,0,0,0
2015-04-28,SCCO,31.369597,806.690968,25305.570189,5804.460000,4206.000000,363.970000,3842.030000,29147.600189,1337.959000,2677.800000,18.913562,4.359677,10.884906,11.413993,2.762604,16.620000,3.127429,2014-12-31,0,0,0
2015-04-29,SCCO,31.427832,806.690968,25352.547935,5804.460000,4206.000000,363.970000,3842.030000,29194.577935,1337.959000,2677.800000,18.948673,4.367770,10.902449,11.413993,2.768274,16.670000,3.121571,2014-12-31,0,0,0
2015-04-30,SCCO,31.621952,806.690968,25509.143086,5804.460000,4206.000000,363.970000,3842.030000,29351.173086,1337.959000,2677.800000,19.065714,4.394749,10.960928,11.413993,2.832684,16.025000,3.128000,2014-12-31,0,0,0
2015-05-04,SCCO,31.680187,798.026043,25281.614387,5636.432000,4206.300000,192.138000,4014.162000,29295.776387,1297.049000,2558.320000,19.491642,4.485393,11.451177,11.413993,2.885755,16.625000,3.141286,2015-03-31,0,0,0
2015-05-05,SCCO,31.981071,798.026043,25521.727734,5636.432000,4206.300000,192.138000,4014.162000,29535.889734,1297.049000,2558.320000,19.676765,4.527994,11.545033,11.413993,2.907527,16.605000,3.150571,2015-03-31,0,0,0
2015-05-06,SCCO,31.670481,798.026043,25273.868336,5636.432000,4206.300000,192.138000,4014.162000,29288.030336,1297.049000,2558.320000,19.485670,4.484019,11.448150,11.413993,2.903218,16.520000,3.146714,2015-03-31,0,0,0
2015-05-07,SCCO,31.262831,798.026043,24948.553172,5636.432000,4206.300000,192.138000,4014.162000,28962.715172,1297.049000,2558.320000,19.234858,4.426303,11.320990,11.413993,2.919774,16.335000,3.154857,2015-03-31,0,0,0
2015-05-08,SCCO,31.495773,798.026043,25134.447325,5636.432000,4206.300000,192.138000,4014.162000,29148.609325,1297.049000,2558.320000,19.378179,4.459283,11.393653,11.413993,2.901404,16.460000,3.149286,2015-03-31,0,0,0
2015-05-11,SCCO,31.262831,798.026043,24948.553172,5636.432000,4206.300000,192.138000,4014.162000,28962.715172,1297.049000,2558.320000,19.234858,4.426303,11.320990,11.413993,2.886208,16.240000,3.153714,2015-03-31,0,0,0
2015-05-12,SCCO,31.408421,798.026043,25064.737611,5636.432000,4206.300000,192.138000,4014.162000,29078.899611,1297.049000,2558.320000,19.324434,4.446916,11.366404,11.413993,2.924764,16.570000,3.153143,2015-03-31,0,0,0
2015-05-13,SCCO,31.456951,798.026043,25103.466284,5636.432000,4206.300000,192.138000,4014.162000,29117.628284,1297.049000,2558.320000,19.354293,4.453787,11.381543,11.413993,2.910249,17.130000,3.152000,2015-03-31,0,0,0
2015-05-14,SCCO,32.029600,798.026043,25560.454827,5636.432000,4206.300000,192.138000,4014.162000,29574.616827,1297.049000,2558.320000,19.706622,4.534864,11.560171,11.413993,2.902538,17.440000,3.149714,2015-03-31,0,0,0
2015-05-15,SCCO,31.825775,798.026043,25397.797245,5636.432000,4206.300000,192.138000,4014.162000,29411.959245,1297.049000,2558.320000,19.581216,4.506006,11.496591,11.413993,2.883033,17.560000,3.148000,2015-03-31,0,0,0
2015-05-18,SCCO,31.282244,798.026043,24964.045273,5636.432000,4206.300000,192.138000,4014.162000,28978.207273,1297.049000,2558.320000,19.246802,4.429051,11.327046,11.413993,2.895280,17.720000,3.152000,2015-03-31,0,0,0
2015-05-19,SCCO,30.729004,798.026043,24522.545670,5636.432000,4206.300000,192.138000,4014.162000,28536.707670,1297.049000,2558.320000,18.906414,4.350721,11.154472,11.413993,2.844024,17.095000,3.154571,2015-03-31,0,0,0
2015-05-20,SCCO,31.175478,798.026043,24878.843457,5636.432000,4206.300000,192.138000,4014.162000,28893.005457,1297.049000,2558.320000,19.181113,4.413935,11.293742,11.413993,2.815901,17.140000,3.157286,2015-03-31,0,0,0
2015-05-21,SCCO,30.583416,798.026043,24406.362812,5636.432000,4206.300000,192.138000,4014.162000,28420.524812,1297.049000,2558.320000,18.816839,4.330109,11.109058,11.413993,2.830416,17.145000,3.150143,2015-03-31,0,0,0
2015-05-22,SCCO,30.447531,798.026043,24297.922843,5636.432000,4206.300000,192.138000,4014.162000,28312.084843,1297.049000,2558.320000,18.733234,4.310870,11.066671,11.413993,2.811139,17.160000,3.148000,2015-03-31,0,0,0
2015-05-26,SCCO,29.768117,798.026043,23755.732484,5636.432000,4206.300000,192.138000,4014.162000,27769.894484,1297.049000,2558.320000,18.315216,4.214676,10.854738,11.413993,2.782562,16.775000,3.154429,2015-03-31,0,0,0
2015-05-27,SCCO,29.826352,798.026043,23802.205627,5636.432000,4206.300000,192.138000,4014.162000,27816.367627,1297.049000,2558.320000,18.351046,4.222921,10.872904,11.413993,2.760110,16.705000,3.149000,2015-03-31,0,0,0
2015-05-28,SCCO,29.603116,798.026043,23624.057524,5636.432000,4206.300000,192.138000,4014.162000,27638.219524,1297.049000,2558.320000,18.213697,4.191314,10.803269,11.413993,2.774625,16.680000,3.150000,2015-03-31,0,0,0
2015-05-29,SCCO,29.137231,798.026043,23252.269217,5636.432000,4206.300000,192.138000,4014.162000,27266.431217,1297.049000,2558.320000,17.927055,4.125353,10.657944,11.413993,2.761697,16.730000,3.157714,2015-03-31,0,0,0
2015-06-01,SCCO,29.185760,798.026043,23290.996309,5636.432000,4206.300000,192.138000,4014.162000,27305.158309,1297.049000,2558.320000,17.956913,4.132223,10.673082,11.413993,2.708173,16.895000,3.158000,2015-03-31,0,0,0
2015-06-02,SCCO,29.991353,798.026043,23933.880587,5636.432000,4206.300000,192.138000,4014.162000,27948.042587,1297.049000,2558.320000,18.452565,4.246282,10.924373,11.413993,2.720874,16.795000,3.156714,2015-03-31,0,0,0
2015-06-03,SCCO,29.768117,798.026043,23755.732484,5636.432000,4206.300000,192.138000,4014.162000,27769.894484,1297.049000,2558.320000,18.315216,4.214676,10.854738,11.413993,2.717925,16.605000,3.155000,2015-03-31,0,0,0
2015-06-04,SCCO,29.467233,798.026043,23515.619136,5636.432000,4206.300000,192.138000,4014.162000,27529.781136,1297.049000,2558.320000,18.130093,4.172075,10.760883,11.413993,2.700689,16.190000,3.147714,2015-03-31,0,0,0
2015-06-05,SCCO,29.506057,798.026043,23546.601759,5636.432000,4206.300000,192.138000,4014.162000,27560.763759,1297.049000,2558.320000,18.153980,4.177572,10.772993,11.413993,2.687308,16.055000,3.153857,2015-03-31,0,0,0
2015-06-08,SCCO,29.350761,798.026043,23422.671269,5636.432000,4206.300000,192.138000,4014.162000,27436.833269,1297.049000,2558.320000,18.058432,4.155585,10.724551,11.413993,2.682999,15.940000,3.154429,2015-03-31,0,0,0
2015-06-09,SCCO,29.476939,798.026043,23523.365187,5636.432000,4206.300000,192.138000,4014.162000,27537.527187,1297.049000,2558.320000,18.136065,4.173450,10.763910,11.413993,2.716565,16.000000,3.153429,2015-03-31,0,0,0
2015-06-10,SCCO,29.806941,798.026043,23786.715106,5636.432000,4206.300000,192.138000,4014.162000,27800.877106,1297.049000,2558.320000,18.339103,4.220172,10.866849,11.413993,2.742193,16.005000,3.154143,2015-03-31,0,0,0
2015-06-11,SCCO,29.564292,798.026043,23593.074902,5636.432000,4206.300000,192.138000,4014.162000,27607.236902,1297.049000,2558.320000,18.189810,4.185817,10.791159,11.413993,2.678917,15.940000,3.155000,2015-03-31,0,0,0
2015-06-12,SCCO,29.806941,798.026043,23786.715106,5636.432000,4206.300000,192.138000,4014.162000,27800.877106,1297.049000,2558.320000,18.339103,4.220172,10.866849,11.413993,2.670979,15.900000,3.155286,2015-03-31,0,0,0
2015-06-15,SCCO,29.263408,798.026043,23352.961554,5636.432000,4206.300000,192.138000,4014.162000,27367.123554,1297.049000,2558.320000,18.004687,4.143217,10.697303,11.413993,2.612919,16.200000,3.158429,2015-03-31,0,0,0
2015-06-16,SCCO,29.836058,798.026043,23809.951678,5636.432000,4206.300000,192.138000,4014.162000,27824.113678,1297.049000,2558.320000,18.357018,4.224295,10.875932,11.413993,2.609063,15.975000,3.162857,2015-03-31,0,0,0
2015-06-17,SCCO,29.593409,798.026043,23616.311473,5636.432000,4206.300000,192.138000,4014.162000,27630.473473,1297.049000,2558.320000,18.207725,4.189940,10.800241,11.413993,2.607703,16.030000,3.164571,2015-03-31,0,0,0
2015-06-18,SCCO,30.360179,798.026043,24228.213129,5636.432000,4206.300000,192.138000,4014.162000,28242.375129,1297.049000,2558.320000,18.679489,4.298502,11.039422,11.413993,2.613146,16.180000,3.162714,2015-03-31,0,0,0
2015-06-19,SCCO,29.263408,798.026043,23352.961554,5636.432000,4206.300000,192.138000,4014.162000,27367.123554,1297.049000,2558.320000,18.004687,4.143217,10.697303,11.413993,2.568694,16.085000,3.167857,2015-03-31,0,0,0
2015-06-22,SCCO,29.098407,798.026043,23221.286594,5636.432000,4206.300000,192.138000,4014.162000,27235.448594,1297.049000,2558.320000,17.903168,4.119856,10.645833,11.413993,2.560983,16.145000,3.173714,2015-03-31,0,0,0
2015-06-23,SCCO,29.263408,798.026043,23352.961554,5636.432000,4206.300000,192.138000,4014.162000,27367.123554,1297.049000,2558.320000,18.004687,4.143217,10.697303,11.413993,2.596816,15.785000,3.180143,2015-03-31,0,0,0
2015-06-24,SCCO,30.146647,798.026043,24057.809496,5636.432000,4206.300000,192.138000,4014.162000,28071.971496,1297.049000,2558.320000,18.548112,4.268269,10.972815,11.413993,2.614960,15.855000,3.176857,2015-03-31,0,0,0
2015-06-25,SCCO,29.438115,798.026043,23492.382565,5636.432000,4206.300000,192.138000,4014.162000,27506.544565,1297.049000,2558.320000,18.112178,4.167953,10.751800,11.413993,2.592507,15.845000,3.169714,2015-03-31,0,0,0
2015-06-26,SCCO,29.651645,798.026043,23662.784617,5636.432000,4206.300000,192.138000,4014.162000,27676.946617,1297.049000,2558.320000,18.243555,4.198185,10.818407,11.413993,2.599538,15.785000,3.172571,2015-03-31,0,0,0
2015-06-30,SCCO,28.545167,798.026043,22779.786991,5636.432000,4206.300000,192.138000,4014.162000,26793.948991,1297.049000,2558.320000,17.562781,4.041526,10.473259,11.413993,2.595002,15.715000,3.179000,2015-03-31,0,0,0
2015-07-01,SCCO,28.380167,798.026043,22648.112032,5636.432000,4206.300000,192.138000,4014.162000,26662.274032,1297.049000,2558.320000,17.461262,4.018165,10.421790,11.413993,2.610651,15.620000,3.181571,2015-03-31,0,0,0
2015-07-02,SCCO,28.690757,798.026043,22895.971430,5636.432000,4206.300000,192.138000,4014.162000,26910.133430,1297.049000,2558.320000,17.652357,4.062139,10.518674,11.413993,2.613146,15.585000,3.172857,2015-03-31,0,0,0
2015-07-06,SCCO,28.205459,798.026043,22508.691021,5636.432000,4206.300000,192.138000,4014.162000,26522.853021,1297.049000,2558.320000,17.353771,3.993429,10.367293,11.413993,2.526510,15.685000,3.178857,2015-03-31,0,0,0
2015-07-07,SCCO,28.059871,798.026043,22392.508163,5636.432000,4206.300000,192.138000,4014.162000,26406.670163,1297.049000,2558.320000,17.264196,3.972816,10.321879,11.413993,2.467769,14.980000,3.182571,2015-03-31,0,0,0
2015-07-08,SCCO,27.448397,798.026043,21904.535417,5636.432000,4206.300000,192.138000,4014.162000,25918.697417,1297.049000,2558.320000,16.887978,3.886241,10.131140,11.413993,2.438059,15.125000,3.186429,2015-03-31,0,0,0
2015-07-09,SCCO,27.331924,798.026043,21811.587550,5636.432000,4206.300000,192.138000,4014.162000,25825.749550,1297.049000,2558.320000,16.816317,3.869751,10.094808,11.413993,2.529231,15.400000,3.181286,2015-03-31,0,0,0
2015-07-10,SCCO,27.642515,798.026043,22059.446948,5636.432000,4206.300000,192.138000,4014.162000,26073.608948,1297.049000,2558.320000,17.007412,3.913725,10.191692,11.413993,2.522654,15.535000,3.178714,2015-03-31,0,0,0
2015-07-13,SCCO,28.457815,798.026043,22710.077277,5636.432000,4206.300000,192.138000,4014.162000,26724.239277,1297.049000,2558.320000,17.509036,4.029158,10.446011,11.413993,2.542612,15.455000,3.179429,2015-03-31,0,0,0
2015-07-14,SCCO,28.341344,798.026043,22617.130990,5636.432000,4206.300000,192.138000,4014.162000,26631.292990,1297.049000,2558.320000,17.437376,4.012668,10.409680,11.413993,2.495892,15.345000,3.179000,2015-03-31,0,0,0
2015-07-15,SCCO,28.069578,798.026043,22400.254214,5636.432000,4206.300000,192.138000,4014.162000,26414.416214,1297.049000,2558.320000,17.270168,3.974190,10.324907,11.413993,2.538756,15.020000,3.182000,2015-03-31,0,0,0
2015-07-16,SCCO,28.118107,798.026043,22438.981306,5636.432000,4206.300000,192.138000,4014.162000,26453.143306,1297.049000,2558.320000,17.300026,3.981061,10.340045,11.413993,2.508366,15.015000,3.179143,2015-03-31,0,0,0
2015-07-17,SCCO,27.623104,798.026043,22043.956427,5636.432000,4206.300000,192.138000,4014.162000,26058.118427,1297.049000,2558.320000,16.995469,3.910977,10.185637,11.413993,2.478882,14.855000,3.182000,2015-03-31,0,0,0
2015-07-20,SCCO,27.011629,798.026043,21555.983681,5636.432000,4206.300000,192.138000,4014.162000,25570.145681,1297.049000,2558.320000,16.619252,3.824402,9.994897,11.413993,2.460739,14.870000,3.185286,2015-03-31,0,0,0
2015-07-21,SCCO,27.516338,798.026043,21958.754611,5636.432000,4206.300000,192.138000,4014.162000,25972.916611,1297.049000,2558.320000,16.929780,3.895861,10.152333,11.413993,2.483645,14.820000,3.181571,2015-03-31,0,0,0
2015-07-22,SCCO,26.895159,798.026043,21463.037395,5636.432000,4206.300000,192.138000,4014.162000,25477.199395,1297.049000,2558.320000,16.547592,3.807912,9.958566,11.413993,2.426946,14.830000,3.186000,2015-03-31,0,0,0
2015-07-23,SCCO,26.613686,798.026043,21238.414568,5636.432000,4206.300000,192.138000,4014.162000,25252.576568,1297.049000,2558.320000,16.374412,3.768060,9.870765,11.413993,2.422183,14.715000,3.189571,2015-03-31,0,0,0
2015-07-24,SCCO,26.157508,798.026043,20874.372311,5636.432000,4206.300000,192.138000,4014.162000,24888.534311,1297.049000,2558.320000,16.093742,3.703473,9.728468,11.413993,2.369793,14.525000,3.190286,2015-03-31,0,0,0
2015-07-30,SCCO,26.594275,798.026043,21222.924047,5636.432000,4206.300000,192.138000,4014.162000,25237.086047,1297.049000,2558.320000,16.362469,3.765312,9.864710,11.413993,2.377278,14.780000,3.193571,2015-03-31,0,0,0
2015-07-31,SCCO,27.040749,798.026043,21579.221834,5636.432000,4206.300000,192.138000,4014.162000,25593.383834,1297.049000,2558.320000,16.637168,3.828525,10.003981,11.413993,2.367752,14.825000,3.192143,2015-03-31,0,0,0
2015-08-03,SCCO,26.283684,797.014243,20948.470817,5807.444000,6152.200000,1572.343000,4579.857000,25528.327817,1254.681000,2473.412000,16.696253,3.607176,10.321098,11.413993,2.348021,14.630000,3.192857,2015-06-30,0,0,0
2015-08-04,SCCO,26.992218,797.014243,21513.182434,5807.444000,6152.200000,1572.343000,4579.857000,26093.039434,1254.681000,2473.412000,17.146336,3.704415,10.549411,11.413993,2.365711,14.630000,3.193857,2015-06-30,0,0,0
2015-08-05,SCCO,26.710745,797.014243,21288.844401,5807.444000,6152.200000,1572.343000,4579.857000,25868.701401,1254.681000,2473.412000,16.967535,3.665786,10.458711,11.413993,2.345753,14.540000,3.200571,2015-06-30,0,0,0
2015-08-06,SCCO,27.361044,797.014243,21807.141798,5807.444000,6152.200000,1572.343000,4579.857000,26386.998798,1254.681000,2473.412000,17.380626,3.755033,10.668259,11.413993,2.342805,14.665000,3.204857,2015-06-30,0,0,0
2015-08-07,SCCO,26.691334,797.014243,21273.373521,5807.444000,6152.200000,1572.343000,4579.857000,25853.230521,1254.681000,2473.412000,16.955205,3.663122,10.452456,11.413993,2.329424,14.915000,3.202571,2015-06-30,0,0,0
2015-08-10,SCCO,27.826929,797.014243,22178.458723,5807.444000,6152.200000,1572.343000,4579.857000,26758.315723,1254.681000,2473.412000,17.676572,3.818971,10.818382,11.413993,2.336001,15.325000,3.201571,2015-06-30,0,0,0
2015-08-11,SCCO,26.846629,797.014243,21397.145303,5807.444000,6152.200000,1572.343000,4579.857000,25977.002303,1254.681000,2473.412000,17.053853,3.684434,10.502497,11.413993,2.331465,15.265000,3.216000,2015-06-30,0,0,0
2015-08-12,SCCO,26.914570,797.014243,21451.295754,5807.444000,6152.200000,1572.343000,4579.857000,26031.152754,1254.681000,2473.412000,17.097012,3.693759,10.524390,11.413993,2.314682,15.565000,3.227286,2015-06-30,0,0,0
2015-08-13,SCCO,26.603980,797.014243,21203.750611,5807.444000,6152.200000,1572.343000,4579.857000,25783.607611,1254.681000,2473.412000,16.899714,3.651133,10.424308,11.413993,2.335094,15.465000,3.233429,2015-06-30,0,0,0
2015-08-14,SCCO,26.798098,797.014243,21358.465733,5807.444000,6152.200000,1572.343000,4579.857000,25938.322733,1254.681000,2473.412000,17.023025,3.677774,10.486859,11.413993,2.338722,15.240000,3.241143,2015-06-30,0,0,0
2015-08-17,SCCO,26.856335,797.014243,21404.881533,5807.444000,6152.200000,1572.343000,4579.857000,25984.738533,1254.681000,2473.412000,17.060019,3.685766,10.505625,11.413993,2.313775,15.320000,3.245571,2015-06-30,0,0,0
2015-08-18,SCCO,26.196332,797.014243,20878.849485,5807.444000,6152.200000,1572.343000,4579.857000,25458.706485,1254.681000,2473.412000,16.640763,3.595187,10.292950,11.413993,2.268189,14.835000,3.248857,2015-06-30,0,0,0
2015-08-19,SCCO,25.905152,797.014243,20646.775223,5807.444000,6152.200000,1572.343000,4579.857000,25226.632223,1254.681000,2473.412000,16.455797,3.555226,10.199123,11.413993,2.270910,15.225000,3.253571,2015-06-30,0,0,0
2015-08-20,SCCO,25.905152,797.014243,20646.775223,5807.444000,6152.200000,1572.343000,4579.857000,25226.632223,1254.681000,2473.412000,16.455797,3.555226,10.199123,11.413993,2.295404,15.525000,3.265857,2015-06-30,0,0,0
2015-08-21,SCCO,25.138383,797.014243,20035.649385,5807.444000,6152.200000,1572.343000,4579.857000,24615.506385,1254.681000,2473.412000,15.968720,3.449994,9.952045,11.413993,2.288827,15.310000,3.274429,2015-06-30,0,0,0
2015-08-24,SCCO,24.138672,797.014243,19238.865084,5807.444000,6152.200000,1572.343000,4579.857000,23818.722084,1254.681000,2473.412000,15.333671,3.312794,9.629905,11.413993,2.217160,14.930000,3.283143,2015-06-30,0,0,0
2015-08-25,SCCO,23.789257,797.014243,18960.376601,5807.444000,6152.200000,1572.343000,4579.857000,23540.233601,1254.681000,2473.412000,15.111711,3.264840,9.517312,11.413993,2.282477,14.670000,3.283000,2015-06-30,0,0,0
2015-08-26,SCCO,23.682493,797.014243,18875.284389,5807.444000,6152.200000,1572.343000,4579.857000,23455.141389,1254.681000,2473.412000,15.043891,3.250188,9.482909,11.413993,2.249365,14.110000,3.308143,2015-06-30,0,0,0
2015-08-27,SCCO,26.138095,797.014243,20832.433686,5807.444000,6152.200000,1572.343000,4579.857000,25412.290686,1254.681000,2473.412000,16.603769,3.587195,10.274184,11.413993,2.281116,14.480000,3.269829,2015-06-30,0,0,0
2015-08-28,SCCO,26.545744,797.014243,21157.336390,5807.444000,6152.200000,1572.343000,4579.857000,25737.193390,1254.681000,2473.412000,16.862722,3.643141,10.405542,11.413993,2.311053,14.465000,3.250714,2015-06-30,0,0,0
2015-08-31,SCCO,25.876035,797.014243,20623.568113,5807.444000,6152.200000,1572.343000,4579.857000,25203.425113,1254.681000,2473.412000,16.437300,3.551230,10.189740,11.413993,2.311053,14.655000,3.237429,2015-06-30,0,0,0
2015-09-01,SCCO,24.691909,797.014243,19679.803341,5807.444000,6152.200000,1572.343000,4579.857000,24259.660341,1254.681000,2473.412000,15.685105,3.388720,9.808176,11.413993,2.311053,14.625000,3.249143,2015-06-30,0,0,0
2015-09-02,SCCO,25.662505,797.014243,20453.382110,5807.444000,6152.200000,1572.343000,4579.857000,25033.239110,1254.681000,2473.412000,16.301659,3.521925,10.120934,11.413993,2.309012,14.570000,3.254429,2015-06-30,0,0,0
2015-09-03,SCCO,26.351626,797.014243,21002.621267,5807.444000,6152.200000,1572.343000,4579.857000,25582.478267,1254.681000,2473.412000,16.739411,3.616500,10.342991,11.413993,2.381360,14.670000,3.225000,2015-06-30,0,0,0
2015-09-04,SCCO,25.594564,797.014243,20399.231659,5807.444000,6152.200000,1572.343000,4579.857000,24979.088659,1254.681000,2473.412000,16.258500,3.512601,10.099041,11.413993,2.338495,14.605000,3.219000,2015-06-30,0,0,0
2015-09-08,SCCO,26.924277,797.014243,21459.031983,5807.444000,6152.200000,1572.343000,4579.857000,26038.888983,1254.681000,2473.412000,17.103178,3.695091,10.527518,11.413993,2.394968,14.850000,3.226714,2015-06-30,0,0,0
2015-09-09,SCCO,26.701041,797.014243,21281.109751,5807.444000,6152.200000,1572.343000,4579.857000,25860.966751,1254.681000,2473.412000,16.961371,3.664454,10.455584,11.413993,2.433977,14.625000,3.223286,2015-06-30,0,0,0
2015-09-10,SCCO,27.312513,797.014243,21768.462228,5807.444000,6152.200000,1572.343000,4579.857000,26348.319228,1254.681000,2473.412000,17.349798,3.748372,10.652620,11.413993,2.449399,14.705000,3.222714,2015-06-30,0,0,0
2015-09-11,SCCO,27.361044,797.014243,21807.141798,5807.444000,6152.200000,1572.343000,4579.857000,26386.998798,1254.681000,2473.412000,17.380626,3.755033,10.668259,11.413993,2.427626,14.375000,3.210571,2015-06-30,0,0,0
2015-09-14,SCCO,26.895159,797.014243,21435.824873,5807.444000,6152.200000,1572.343000,4579.857000,26015.681873,1254.681000,2473.412000,17.084681,3.691095,10.518135,11.413993,2.414926,14.405000,3.209571,2015-06-30,0,0,0
2015-09-15,SCCO,27.021336,797.014243,21536.389544,5807.444000,6152.200000,1572.343000,4579.857000,26116.246544,1254.681000,2473.412000,17.164833,3.708411,10.558793,11.413993,2.399504,14.365000,3.212000,2015-06-30,0,0,0
2015-09-16,SCCO,27.438690,797.014243,21869.026899,5807.444000,6152.200000,1572.343000,4579.857000,26448.883899,1254.681000,2473.412000,17.429950,3.765689,10.693279,11.413993,2.426719,14.890000,3.206000,2015-06-30,0,0,0
2015-09-17,SCCO,27.341631,797.014243,21791.669338,5807.444000,6152.200000,1572.343000,4579.857000,26371.526338,1254.681000,2473.412000,17.368295,3.752368,10.662003,11.413993,2.435337,14.935000,3.195429,2015-06-30,0,0,0
2015-09-18,SCCO,26.332213,797.014243,20987.148808,5807.444000,6152.200000,1572.343000,4579.857000,25567.005808,1254.681000,2473.412000,16.727079,3.613836,10.336736,11.413993,2.430348,15.190000,3.192571,2015-06-30,0,0,0
2015-09-21,SCCO,26.244860,797.014243,20917.527476,5807.444000,6152.200000,1572.343000,4579.857000,25497.384476,1254.681000,2473.412000,16.671590,3.601847,10.308588,11.413993,2.389071,15.240000,3.195000,2015-06-30,0,0,0
2015-09-22,SCCO,25.876035,797.014243,20623.568113,5807.444000,6152.200000,1572.343000,4579.857000,25203.425113,1254.681000,2473.412000,16.437300,3.551230,10.189740,11.413993,2.327382,14.800000,3.213429,2015-06-30,0,0,0
2015-09-23,SCCO,25.594564,797.014243,20399.231659,5807.444000,6152.200000,1572.343000,4579.857000,24979.088659,1254.681000,2473.412000,16.258500,3.512601,10.099041,11.413993,2.318764,14.825000,3.225000,2015-06-30,0,0,0
2015-09-24,SCCO,26.070153,797.014243,20778.283235,5807.444000,6152.200000,1572.343000,4579.857000,25358.140235,1254.681000,2473.412000,16.560610,3.577871,10.252291,11.413993,2.288827,15.150000,3.225857,2015-06-30,0,0,0
2015-09-25,SCCO,25.885741,797.014243,20631.304342,5807.444000,6152.200000,1572.343000,4579.857000,25211.161342,1254.681000,2473.412000,16.443466,3.552562,10.192868,11.413993,2.312414,15.125000,3.220286,2015-06-30,0,0,0
2015-09-28,SCCO,25.118970,797.014243,20020.176925,5807.444000,6152.200000,1572.343000,4579.857000,24600.033925,1254.681000,2473.412000,15.956388,3.447330,9.945789,11.413993,2.252086,14.575000,3.234286,2015-06-30,0,0,0
2015-09-29,SCCO,25.322797,797.014243,20182.629856,5807.444000,6152.200000,1572.343000,4579.857000,24762.486856,1254.681000,2473.412000,16.085866,3.475303,10.011469,11.413993,2.272498,14.680000,3.239143,2015-06-30,0,0,0
2015-09-30,SCCO,25.934272,797.014243,20669.983912,5807.444000,6152.200000,1572.343000,4579.857000,25249.840912,1254.681000,2473.412000,16.474294,3.559222,10.208506,11.413993,2.310146,14.550000,3.224429,2015-06-30,0,0,0
2015-10-01,SCCO,26.409861,797.014243,21049.035488,5807.444000,6152.200000,1572.343000,4579.857000,25628.892488,1254.681000,2473.412000,16.776404,3.624492,10.361756,11.413993,2.348701,14.600000,3.230429,2015-06-30,0,0,0
2015-10-02,SCCO,26.798098,797.014243,21358.465733,5807.444000,6152.200000,1572.343000,4579.857000,25938.322733,1254.681000,2473.412000,17.023025,3.677774,10.486859,11.413993,2.304703,15.265000,3.227714,2015-06-30,0,0,0
2015-10-05,SCCO,27.516338,797.014243,21930.913580,5807.444000,6152.200000,1572.343000,4579.857000,26510.770580,1254.681000,2473.412000,17.479274,3.776345,10.718299,11.413993,2.333506,15.585000,3.218143,2015-06-30,0,0,0
2015-10-06,SCCO,27.836635,797.014243,22186.194953,5807.444000,6152.200000,1572.343000,4579.857000,26766.051953,1254.681000,2473.412000,17.682738,3.820303,10.821510,11.413993,2.347341,16.015000,3.220857,2015-06-30,0,0,0
2015-10-07,SCCO,28.040460,797.014243,22348.646305,5807.444000,6152.200000,1572.343000,4579.857000,26928.503305,1254.681000,2473.412000,17.812214,3.848276,10.887189,11.413993,2.377278,16.010000,3.221857,2015-06-30,0,0,0
2015-10-12,SCCO,28.962524,797.014243,23083.543925,5807.444000,6152.200000,1572.343000,4579.857000,27663.400925,1254.681000,2473.412000,18.397939,3.974820,11.184308,11.413993,2.419915,15.905000,3.228857,2015-06-30,0,0,0
2015-10-13,SCCO,28.496639,797.014243,22712.227000,5807.444000,6152.200000,1572.343000,4579.857000,27292.084000,1254.681000,2473.412000,18.101993,3.910882,11.034184,11.413993,2.386123,15.970000,3.236286,2015-06-30,0,0,0
2015-10-14,SCCO,28.545167,797.014243,22750.904991,5807.444000,6152.200000,1572.343000,4579.857000,27330.761991,1254.681000,2473.412000,18.132820,3.917542,11.049822,11.413993,2.394061,16.120000,3.241429,2015-06-30,0,0,0
2015-10-15,SCCO,28.486932,797.014243,22704.490770,5807.444000,6152.200000,1572.343000,4579.857000,27284.347770,1254.681000,2473.412000,18.095827,3.909550,11.031057,11.413993,2.423998,16.165000,3.236143,2015-06-30,0,0,0
2015-10-16,SCCO,27.923988,797.014243,22255.816284,5807.444000,6152.200000,1572.343000,4579.857000,26835.673284,1254.681000,2473.412000,17.738227,3.832291,10.849658,11.413993,2.390432,16.100000,3.241857,2015-06-30,0,0,0
2015-10-19,SCCO,27.642515,797.014243,22031.478251,5807.444000,6152.200000,1572.343000,4579.857000,26611.335251,1254.681000,2473.412000,17.559426,3.793662,10.758958,11.413993,2.376824,15.835000,3.253000,2015-06-30,0,0,0
2015-10-20,SCCO,27.700752,797.014243,22077.894051,5807.444000,6152.200000,1572.343000,4579.857000,26657.751051,1254.681000,2473.412000,17.596420,3.801654,10.777724,11.413993,2.353691,15.825000,3.258429,2015-06-30,0,0,0
2015-10-21,SCCO,27.244572,797.014243,21714.311777,5807.444000,6152.200000,1572.343000,4579.857000,26294.168777,1254.681000,2473.412000,17.306640,3.739048,10.630727,11.413993,2.352103,15.715000,3.262286,2015-06-30,0,0,0
2015-10-22,SCCO,27.603693,797.014243,22000.536490,5807.444000,6152.200000,1572.343000,4579.857000,26580.393490,1254.681000,2473.412000,17.534765,3.788334,10.746448,11.413993,2.392246,15.875000,3.257857,2015-06-30,0,0,0
2015-10-23,SCCO,28.147226,797.014243,22433.740096,5807.444000,6152.200000,1572.343000,4579.857000,27013.597096,1254.681000,2473.412000,17.880035,3.862928,10.921592,11.413993,2.401772,15.855000,3.266143,2015-06-30,0,0,0
2015-10-26,SCCO,27.749281,797.014243,22116.572042,5807.444000,6152.200000,1572.343000,4579.857000,26696.429042,1254.681000,2473.412000,17.627247,3.808314,10.793361,11.413993,2.373649,15.945000,3.272143,2015-06-30,0,0,0
2015-10-27,SCCO,27.331924,797.014243,21783.933109,5807.444000,6152.200000,1572.343000,4579.857000,26363.790109,1254.681000,2473.412000,17.362129,3.751036,10.658875,11.413993,2.367525,15.965000,3.279714,2015-06-30,0,0,0
2015-10-28,SCCO,27.244572,797.014243,21714.311777,5807.444000,6152.200000,1572.343000,4579.857000,26294.168777,1254.681000,2473.412000,17.306640,3.739048,10.630727,11.413993,2.349155,16.350000,3.278857,2015-06-30,0,0,0
2015-10-29,SCCO,26.817511,797.014243,21373.938192,5807.444000,6152.200000,1572.343000,4579.857000,25953.795192,1254.681000,2473.412000,17.035357,3.680438,10.493114,11.413993,2.340990,15.600000,3.288714,2015-06-30,0,0,0
2015-10-30,SCCO,26.943688,797.014243,21474.502864,5807.444000,6152.200000,1572.343000,4579.857000,26054.359864,1254.681000,2473.412000,17.115508,3.697755,10.533773,11.413993,2.329424,15.565000,3.287286,2015-06-30,0,0,0
2015-11-02,SCCO,27.215454,785.376170,21374.369223,5516.894000,5950.900000,504.491000,5446.409000,26820.778223,1028.299000,2230.849000,20.786142,3.874348,12.022678,11.413993,2.330331,15.390000,3.287143,2015-09-30,0,0,0
2015-11-03,SCCO,27.322220,785.376170,21458.220467,5516.894000,5950.900000,504.491000,5446.409000,26904.629467,1028.299000,2230.849000,20.867686,3.889547,12.060265,11.413993,2.335547,15.330000,3.287143,2015-09-30,0,0,0
2015-11-04,SCCO,27.040749,785.376170,21237.159794,5516.894000,5950.900000,504.491000,5446.409000,26683.568794,1028.299000,2230.849000,20.652709,3.849478,11.961172,11.413993,2.343031,15.185000,3.289143,2015-09-30,0,0,0
2015-11-05,SCCO,26.798098,785.376170,21046.587513,5516.894000,5950.900000,504.491000,5446.409000,26492.996513,1028.299000,2230.849000,20.467381,3.814934,11.875746,11.413993,2.292002,15.025000,3.300571,2015-09-30,0,0,0
2015-11-06,SCCO,26.157508,785.376170,20543.483162,5516.894000,5950.900000,504.491000,5446.409000,25989.892162,1028.299000,2230.849000,19.978122,3.723741,11.650225,11.413993,2.267962,14.760000,3.317714,2015-09-30,0,0,0
2015-11-09,SCCO,25.885741,785.376170,20330.044198,5516.894000,5950.900000,504.491000,5446.409000,25776.453198,1028.299000,2230.849000,19.770557,3.685053,11.554549,11.413993,2.263426,14.515000,3.310286,2015-09-30,0,0,0
2015-11-10,SCCO,26.011918,785.376170,20429.140415,5516.894000,5950.900000,504.491000,5446.409000,25875.549415,1028.299000,2230.849000,19.866926,3.703015,11.598969,11.413993,2.237798,14.445000,3.314000,2015-09-30,0,0,0
2015-11-11,SCCO,25.837211,785.376170,20291.929430,5516.894000,5950.900000,504.491000,5446.409000,25738.338430,1028.299000,2230.849000,19.733491,3.678144,11.537463,11.413993,2.236664,14.325000,3.316571,2015-09-30,0,0,0
2015-11-12,SCCO,25.410150,785.376170,19956.526011,5516.894000,5950.900000,504.491000,5446.409000,25402.935011,1028.299000,2230.849000,19.407318,3.617348,11.387115,11.413993,2.210129,14.265000,3.323000,2015-09-30,0,0,0
2015-11-13,SCCO,25.332502,785.376170,19895.543005,5516.894000,5950.900000,504.491000,5446.409000,25341.952005,1028.299000,2230.849000,19.348014,3.606294,11.359779,11.413993,2.188583,14.255000,3.335000,2015-09-30,0,0,0
2015-11-16,SCCO,25.021913,785.376170,19651.614094,5516.894000,5950.900000,504.491000,5446.409000,25098.023094,1028.299000,2230.849000,19.110798,3.562079,11.250436,11.413993,2.161368,14.225000,3.344429,2015-09-30,0,0,0
2015-11-17,SCCO,24.866617,785.376170,19529.648083,5516.894000,5950.900000,504.491000,5446.409000,24976.057083,1028.299000,2230.849000,18.992188,3.539972,11.195763,11.413993,2.131884,14.125000,3.346286,2015-09-30,0,0,0
2015-11-18,SCCO,25.594564,785.376170,20101.360260,5516.894000,5950.900000,504.491000,5446.409000,25547.769260,1028.299000,2230.849000,19.548167,3.643601,11.452039,11.413993,2.117823,14.070000,3.357286,2015-09-30,0,0,0
2015-11-19,SCCO,25.963387,785.376170,20391.025648,5516.894000,5950.900000,504.491000,5446.409000,25837.434648,1028.299000,2230.849000,19.829860,3.696106,11.581884,11.413993,2.091061,14.370000,3.358000,2015-09-30,0,0,0
2015-11-20,SCCO,26.536038,785.376170,20840.771814,5516.894000,5950.900000,504.491000,5446.409000,26287.180814,1028.299000,2230.849000,20.267229,3.777628,11.783487,11.413993,2.127348,14.130000,3.359714,2015-09-30,0,0,0
2015-11-23,SCCO,25.235442,785.376170,19819.315026,5516.894000,5950.900000,504.491000,5446.409000,25265.724026,1028.299000,2230.849000,19.273883,3.592477,11.325609,11.413993,2.048196,14.085000,3.374429,2015-09-30,0,0,0
2015-11-24,SCCO,25.303384,785.376170,19872.674767,5516.894000,5950.900000,504.491000,5446.409000,25319.083767,1028.299000,2230.849000,19.325775,3.602149,11.349528,11.413993,2.053413,14.240000,3.378143,2015-09-30,0,0,0
2015-11-25,SCCO,24.934558,785.376170,19583.007824,5516.894000,5950.900000,504.491000,5446.409000,25029.416824,1028.299000,2230.849000,19.044079,3.549644,11.219682,11.413993,2.059763,14.160000,3.383571,2015-09-30,0,0,0
2015-11-27,SCCO,24.924852,785.376170,19575.384560,5516.894000,5950.900000,504.491000,5446.409000,25021.793560,1028.299000,2230.849000,19.036666,3.548262,11.216265,11.413993,2.102854,14.070000,3.376571,2015-09-30,0,0,0
2015-11-30,SCCO,24.973382,785.376170,19613.499327,5516.894000,5950.900000,504.491000,5446.409000,25059.908327,1028.299000,2230.849000,19.073732,3.555171,11.233350,11.413993,2.084484,14.075000,3.375857,2015-09-30,0,0,0
2015-12-01,SCCO,25.371326,785.376170,19926.034508,5516.894000,5950.900000,504.491000,5446.409000,25372.443508,1028.299000,2230.849000,19.377666,3.611821,11.373447,11.413993,2.095143,14.100000,3.377143,2015-09-30,0,0,0
2015-12-02,SCCO,24.507497,785.376170,19247.604405,5516.894000,5950.900000,504.491000,5446.409000,24694.013405,1028.299000,2230.849000,18.717906,3.488848,11.069334,11.413993,2.081535,13.970000,3.372857,2015-09-30,0,0,0
2015-12-03,SCCO,24.924852,785.376170,19575.384560,5516.894000,5950.900000,504.491000,5446.409000,25021.793560,1028.299000,2230.849000,19.036666,3.548262,11.216265,11.413993,2.052505,14.045000,3.369000,2015-09-30,0,0,0
2015-12-04,SCCO,26.002211,785.376170,20421.517151,5516.894000,5950.900000,504.491000,5446.409000,25867.926151,1028.299000,2230.849000,19.859513,3.701633,11.595552,11.413993,2.103308,14.595000,3.372714,2015-09-30,0,0,0
2015-12-07,SCCO,25.196618,785.376170,19788.823523,5516.894000,5950.900000,504.491000,5446.409000,25235.232523,1028.299000,2230.849000,19.244231,3.586950,11.311941,11.413993,2.083123,14.370000,3.375571,2015-09-30,0,0,0
2015-12-09,SCCO,24.468673,785.376170,19217.112902,5516.894000,5950.900000,504.491000,5446.409000,24663.521902,1028.299000,2230.849000,18.688254,3.483321,11.055666,11.413993,2.095597,14.160000,3.375143,2015-09-30,0,0,0
2015-12-10,SCCO,24.585144,785.376170,19308.585855,5516.894000,5950.900000,504.491000,5446.409000,24754.994855,1028.299000,2230.849000,18.777210,3.499902,11.096670,11.413993,2.073824,14.135000,3.375714,2015-09-30,0,0,0
2015-12-11,SCCO,24.167789,785.376170,18980.805700,5516.894000,5950.900000,504.491000,5446.409000,24427.214700,1028.299000,2230.849000,18.458450,3.440488,10.949739,11.413993,2.116916,13.915000,3.378857,2015-09-30,0,0,0
2015-12-14,SCCO,24.293968,785.376170,19079.903473,5516.894000,5950.900000,504.491000,5446.409000,24526.312473,1028.299000,2230.849000,18.554821,3.458450,10.994161,11.413993,2.104669,13.725000,3.380571,2015-09-30,0,0,0
2015-12-15,SCCO,24.701616,785.376170,19400.060363,5516.894000,5950.900000,504.491000,5446.409000,24846.469363,1028.299000,2230.849000,18.866167,3.516482,11.137674,11.413993,2.080175,13.730000,3.374857,2015-09-30,0,0,0
2015-12-16,SCCO,24.953971,785.376170,19598.254354,5516.894000,5950.900000,504.491000,5446.409000,25044.663354,1028.299000,2230.849000,19.058906,3.552407,11.226517,11.413993,2.078814,14.195000,3.372429,2015-09-30,0,0,0
2015-12-17,SCCO,24.206613,785.376170,19011.297203,5516.894000,5950.900000,504.491000,5446.409000,24457.706203,1028.299000,2230.849000,18.488102,3.446015,10.963407,11.413993,2.063845,13.715000,3.376429,2015-09-30,0,0,0
2015-12-18,SCCO,24.158083,785.376170,18973.182435,5516.894000,5950.900000,504.491000,5446.409000,24419.591435,1028.299000,2230.849000,18.451037,3.439106,10.946322,11.413993,2.109205,14.140000,3.379000,2015-09-30,0,0,0
2015-12-21,SCCO,23.731022,785.376170,18637.779016,5516.894000,5950.900000,504.491000,5446.409000,24084.188016,1028.299000,2230.849000,18.124864,3.378310,10.795974,11.413993,2.127802,14.305000,3.383857,2015-09-30,0,0,0
2015-12-22,SCCO,24.138672,785.376170,18957.937462,5516.894000,5950.900000,504.491000,5446.409000,24404.346462,1028.299000,2230.849000,18.436211,3.436343,10.939488,11.413993,2.119410,14.305000,3.390714,2015-09-30,0,0,0
2015-12-23,SCCO,25.905152,785.376170,20345.289171,5516.894000,5950.900000,504.491000,5446.409000,25791.698171,1028.299000,2230.849000,19.785383,3.687816,11.561382,11.413993,2.122812,14.305000,3.397714,2015-09-30,0,0,0
2015-12-24,SCCO,26.118684,785.376170,20512.991659,5516.894000,5950.900000,504.491000,5446.409000,25959.400659,1028.299000,2230.849000,19.948470,3.718214,11.636557,11.413993,2.116235,14.400000,3.396429,2015-09-30,0,0,0
2015-12-28,SCCO,25.497502,785.376170,20025.130726,5516.894000,5950.900000,504.491000,5446.409000,25471.539726,1028.299000,2230.849000,19.474035,3.629783,11.417868,11.413993,2.116235,13.945000,3.401143,2015-09-30,0,0,0
2015-12-29,SCCO,25.895448,785.376170,20337.667463,5516.894000,5950.900000,504.491000,5446.409000,25784.076463,1028.299000,2230.849000,19.777971,3.686434,11.557966,11.413993,2.125080,13.975000,3.407571,2015-09-30,0,0,0
2015-12-30,SCCO,25.565444,785.376170,20078.490467,5516.894000,5950.900000,504.491000,5446.409000,25524.899467,1028.299000,2230.849000,19.525926,3.639456,11.441787,11.413993,2.138688,13.870000,3.410286,2015-09-30,0,0,0
2015-12-31,SCCO,25.351915,785.376170,19910.789535,5516.894000,5950.900000,504.491000,5446.409000,25357.198535,1028.299000,2230.849000,19.362841,3.609058,11.366614,11.413993,2.132791,13.855000,3.412000,2015-09-30,0,0,0
2016-01-04,SCCO,24.905441,785.376170,19560.139586,5516.894000,5950.900000,504.491000,5446.409000,25006.548586,1028.299000,2230.849000,19.021841,3.545499,11.209431,11.413993,2.106937,13.895000,3.429714,2015-09-30,0,0,0
2016-01-05,SCCO,25.186914,785.376170,19781.201815,5516.894000,5950.900000,504.491000,5446.409000,25227.610815,1028.299000,2230.849000,19.236819,3.585569,11.308525,11.413993,2.107844,14.020000,3.416571,2015-09-30,0,0,0
2016-01-06,SCCO,24.458967,785.376170,19209.489637,5516.894000,5950.900000,504.491000,5446.409000,24655.898637,1028.299000,2230.849000,18.680841,3.481939,11.052249,11.413993,2.086525,13.980000,3.417857,2015-09-30,0,0,0
2016-01-07,SCCO,23.837788,785.376170,18721.630260,5516.894000,5950.900000,504.491000,5446.409000,24168.039260,1028.299000,2230.849000,18.206407,3.393509,10.833561,11.413993,2.047516,14.205000,3.423429,2015-09-30,0,0,0
2016-01-08,SCCO,23.362196,785.376170,18348.112073,5516.894000,5950.900000,504.491000,5446.409000,23794.521073,1028.299000,2230.849000,17.843168,3.325805,10.666128,11.413993,2.035042,14.040000,3.428571,2015-09-30,0,0,0
2016-01-11,SCCO,22.702193,785.376170,17829.761192,5516.894000,5950.900000,504.491000,5446.409000,23276.170192,1028.299000,2230.849000,17.339082,3.231848,10.433772,11.413993,1.996940,13.990000,3.427143,2015-09-30,0,0,0
2016-01-12,SCCO,22.100425,785.376170,17357.146788,5516.894000,5950.900000,504.491000,5446.409000,22803.555788,1028.299000,2230.849000,16.879475,3.146181,10.221918,11.413993,1.975395,13.780000,3.424000,2015-09-30,0,0,0
2016-01-13,SCCO,21.993659,785.376170,17273.295545,5516.894000,5950.900000,504.491000,5446.409000,22719.704545,1028.299000,2230.849000,16.797931,3.130982,10.184331,11.413993,1.986735,14.200000,3.422714,2015-09-30,0,0,0
2016-01-14,SCCO,22.197484,785.376170,17433.374767,5516.894000,5950.900000,504.491000,5446.409000,22879.783767,1028.299000,2230.849000,16.953605,3.159998,10.256088,11.413993,1.980157,13.820000,3.425714,2015-09-30,0,0,0
2016-01-15,SCCO,22.042189,785.376170,17311.410312,5516.894000,5950.900000,504.491000,5446.409000,22757.819312,1028.299000,2230.849000,16.834997,3.137891,10.201416,13.072522,1.955210,14.000000,3.432286,2015-09-30,0,0,0
2016-01-19,SCCO,21.634540,785.376170,16991.251866,5516.894000,5950.900000,504.491000,5446.409000,22437.660866,1028.299000,2230.849000,16.523649,3.079858,10.057902,13.072522,2.014177,14.110000,3.432714,2015-09-30,0,0,0
2016-01-20,SCCO,21.993659,785.376170,17273.295545,5516.894000,5950.900000,504.491000,5446.409000,22719.704545,1028.299000,2230.849000,16.797931,3.130982,10.184331,13.072522,1.971766,14.135000,3.446143,2015-09-30,0,0,0
2016-01-21,SCCO,22.333367,785.376170,17540.094249,5516.894000,5950.900000,504.491000,5446.409000,22986.503249,1028.299000,2230.849000,17.057387,3.179342,10.303926,13.072522,1.984920,13.980000,3.447000,2015-09-30,0,0,0
2016-01-22,SCCO,22.925429,785.376170,18005.085389,5516.894000,5950.900000,504.491000,5446.409000,23451.494389,1028.299000,2230.849000,17.509582,3.263627,10.512363,13.072522,2.026651,14.115000,3.447000,2015-09-30,0,0,0
2016-01-25,SCCO,22.799252,785.376170,17905.989172,5516.894000,5950.900000,504.491000,5446.409000,23352.398172,1028.299000,2230.849000,17.413213,3.245665,10.467942,13.072522,2.020300,14.275000,3.458714,2015-09-30,0,0,0
2016-01-26,SCCO,24.255144,785.376170,19049.411970,5516.894000,5950.900000,504.491000,5446.409000,24495.820970,1028.299000,2230.849000,18.525168,3.452923,10.980493,13.072522,2.041619,14.510000,3.468286,2015-09-30,0,0,0
2016-01-27,SCCO,24.012495,785.376170,18858.841245,5516.894000,5950.900000,504.491000,5446.409000,24305.250245,1028.299000,2230.849000,18.339842,3.418380,10.895067,13.072522,2.044568,14.515000,3.465000,2015-09-30,0,0,0
2016-01-28,SCCO,24.245437,785.376170,19041.788706,5516.894000,5950.900000,504.491000,5446.409000,24488.197706,1028.299000,2230.849000,18.517755,3.451542,10.977075,13.072522,2.065433,14.260000,3.466714,2015-09-30,0,0,0
2016-01-29,SCCO,25.157794,785.376170,19758.332021,5516.894000,5950.900000,504.491000,5446.409000,25204.741021,1028.299000,2230.849000,19.214579,3.581423,11.298273,13.072522,2.059990,14.295000,3.470571,2015-09-30,0,0,0
2016-02-01,SCCO,24.633674,785.376170,19346.700622,5516.894000,5950.900000,504.491000,5446.409000,24793.109622,1028.299000,2230.849000,18.814275,3.506810,11.113755,13.072522,2.056588,14.335000,3.483571,2015-09-30,0,0,0
2016-02-02,SCCO,23.468962,785.376170,18431.963317,5516.894000,5950.900000,504.491000,5446.409000,23878.372317,1028.299000,2230.849000,17.924712,3.341004,10.703715,13.072522,2.089020,14.315000,3.493429,2015-09-30,0,0,0
2016-02-03,SCCO,24.682205,785.376170,19384.815390,5516.894000,5950.900000,504.491000,5446.409000,24831.224390,1028.299000,2230.849000,18.851341,3.513719,11.130840,13.072522,2.076773,14.685000,3.493000,2015-09-30,0,0,0
2016-02-04,SCCO,26.138095,785.376170,20528.236632,5516.894000,5950.900000,504.491000,5446.409000,25974.645632,1028.299000,2230.849000,19.963295,3.720977,11.643390,13.072522,2.125080,14.890000,3.478429,2015-09-30,0,0,0
2016-02-05,SCCO,25.720740,785.376170,20200.456478,5516.894000,5950.900000,504.491000,5446.409000,25646.865478,1028.299000,2230.849000,19.644536,3.661563,11.496460,13.072522,2.117823,14.755000,3.482000,2015-09-30,0,0,0
2016-02-08,SCCO,25.313090,785.376170,19880.298032,5516.894000,5950.900000,504.491000,5446.409000,25326.707032,1028.299000,2230.849000,19.333188,3.603531,11.352945,13.072522,2.074051,15.360000,3.492714,2015-09-30,0,0,0
2016-02-09,SCCO,24.633674,785.376170,19346.700622,5516.894000,5950.900000,504.491000,5446.409000,24793.109622,1028.299000,2230.849000,18.814275,3.506810,11.113755,13.072522,2.055000,15.440000,3.501714,2015-09-30,0,0,0
2016-02-10,SCCO,24.361908,785.376170,19133.261658,5516.894000,5950.900000,504.491000,5446.409000,24579.670658,1028.299000,2230.849000,18.606710,3.468122,11.018079,13.072522,2.044341,15.255000,3.507000,2015-09-30,0,0,0
2016-02-11,SCCO,23.925140,785.376170,18790.234974,5516.894000,5950.900000,504.491000,5446.409000,24236.643974,1028.299000,2230.849000,18.273124,3.405945,10.864314,13.072522,2.029372,15.925000,3.515429,2015-09-30,0,0,0
2016-02-12,SCCO,25.594564,785.376170,20101.360260,5516.894000,5950.900000,504.491000,5446.409000,25547.769260,1028.299000,2230.849000,19.548167,3.643601,11.452039,13.072522,2.035949,15.790000,3.509000,2015-09-30,0,0,0
2016-02-16,SCCO,25.623681,785.376170,20124.228499,5516.894000,5950.900000,504.491000,5446.409000,25570.637499,1028.299000,2230.849000,19.570406,3.647746,11.462290,13.072522,2.079041,15.395000,3.508857,2015-09-30,0,0,0
2016-02-17,SCCO,24.740440,785.376170,19430.551866,5516.894000,5950.900000,504.491000,5446.409000,24876.960866,1028.299000,2230.849000,18.895819,3.522009,11.151342,13.072522,2.069288,15.425000,3.505857,2015-09-30,0,0,0
2016-02-18,SCCO,23.536903,785.376170,18485.323058,5516.894000,5950.900000,504.491000,5446.409000,23931.732058,1028.299000,2230.849000,17.976603,3.350676,10.727634,13.072522,2.076092,15.430000,3.505000,2015-09-30,0,0,0
2016-02-19,SCCO,23.051605,785.376170,18104.181606,5516.894000,5950.900000,504.491000,5446.409000,23550.590606,1028.299000,2230.849000,17.605951,3.281590,10.556784,13.072522,2.081989,15.465000,3.514000,2015-09-30,0,0,0
2016-02-22,SCCO,24.226026,785.376170,19026.543732,5516.894000,5950.900000,504.491000,5446.409000,24472.952732,1028.299000,2230.849000,18.502929,3.448778,10.970242,13.072522,2.130070,15.230000,3.520000,2015-09-30,0,0,0
2016-02-23,SCCO,23.614552,785.376170,18546.306063,5516.894000,5950.900000,504.491000,5446.409000,23992.715063,1028.299000,2230.849000,18.035908,3.361730,10.754970,13.072522,2.115328,15.335000,3.529143,2015-09-30,0,0,0
2016-02-24,SCCO,23.614552,785.376170,18546.306063,5516.894000,5950.900000,504.491000,5446.409000,23992.715063,1028.299000,2230.849000,18.035908,3.361730,10.754970,13.072522,2.079948,15.440000,3.537429,2015-09-30,0,0,0
2016-02-25,SCCO,23.740728,785.376170,18645.402281,5516.894000,5950.900000,504.491000,5446.409000,24091.811281,1028.299000,2230.849000,18.132277,3.379692,10.799391,13.072522,2.111472,15.215000,3.530000,2015-09-30,0,0,0
2016-02-26,SCCO,23.905729,785.376170,18774.990001,5516.894000,5950.900000,504.491000,5446.409000,24221.399001,1028.299000,2230.849000,18.258298,3.403181,10.857480,13.072522,2.123266,14.775000,3.523143,2015-09-30,0,0,0
2016-02-29,SCCO,23.236019,773.707070,17977.872423,5262.900000,5951.500000,274.500000,5677.000000,23654.872423,741.099000,1925.204000,24.258395,3.415963,12.286943,13.072522,2.134152,14.885000,3.525000,2015-12-31,0,0,0
2016-03-01,SCCO,24.012495,773.707070,18578.637041,5262.900000,5951.500000,274.500000,5677.000000,24255.637041,741.099000,1925.204000,25.069035,3.530114,12.598996,13.072522,2.143678,14.790000,3.521286,2015-12-31,0,0,0
2016-03-02,SCCO,24.973382,773.707070,19322.082432,5262.900000,5951.500000,274.500000,5677.000000,24999.082432,741.099000,1925.204000,26.072201,3.671376,12.985160,13.072522,2.168172,15.010000,3.510857,2015-12-31,0,0,0
2016-03-03,SCCO,25.361621,773.707070,19622.465507,5262.900000,5951.500000,274.500000,5677.000000,25299.465507,741.099000,1925.204000,26.477523,3.728451,13.141187,13.072522,2.190851,15.185000,3.467143,2015-12-31,0,0,0
2016-03-04,SCCO,26.147801,773.707070,20230.738591,5262.900000,5951.500000,274.500000,5677.000000,25907.738591,741.099000,1925.204000,27.298294,3.844029,13.457139,13.072522,2.230767,15.730000,3.441857,2015-12-31,0,0,0
2016-03-07,SCCO,26.157508,773.707070,20238.248589,5262.900000,5951.500000,274.500000,5677.000000,25915.248589,741.099000,1925.204000,27.308428,3.845456,13.461040,13.072522,2.267962,15.690000,3.464286,2015-12-31,0,0,0
2016-03-08,SCCO,25.167501,773.707070,19472.273203,5262.900000,5951.500000,274.500000,5677.000000,25149.273203,741.099000,1925.204000,26.274861,3.699913,13.063173,13.072522,2.259117,15.475000,3.466286,2015-12-31,0,0,0
2016-03-09,SCCO,25.419856,773.707070,19667.522432,5262.900000,5951.500000,274.500000,5677.000000,25344.522432,741.099000,1925.204000,26.538320,3.737012,13.164591,13.072522,2.238705,15.405000,3.444143,2015-12-31,0,0,0
2016-03-10,SCCO,25.507209,773.707070,19735.107819,5262.900000,5951.500000,274.500000,5677.000000,25412.107819,741.099000,1925.204000,26.629516,3.749854,13.199696,13.072522,2.231901,15.580000,3.440286,2015-12-31,0,0,0
2016-03-11,SCCO,26.060448,773.707070,20163.153204,5262.900000,5951.500000,274.500000,5677.000000,25840.153204,741.099000,1925.204000,27.207098,3.831187,13.422034,13.072522,2.241200,15.655000,3.385286,2015-12-31,0,0,0
2016-03-14,SCCO,26.079859,773.707070,20178.171668,5262.900000,5951.500000,274.500000,5677.000000,25855.171668,741.099000,1925.204000,27.227363,3.834040,13.429835,13.072522,2.265240,15.520000,3.362000,2015-12-31,0,0,0
2016-03-15,SCCO,25.846917,773.707070,19997.942436,5262.900000,5951.500000,274.500000,5677.000000,25674.942436,741.099000,1925.204000,26.984171,3.799795,13.336219,13.072522,2.231674,15.350000,3.348571,2015-12-31,0,0,0
2016-03-16,SCCO,26.866040,773.707070,20786.444752,5262.900000,5951.500000,274.500000,5677.000000,26463.444752,741.099000,1925.204000,28.048135,3.949618,13.745787,13.072522,2.243014,15.295000,3.376714,2015-12-31,0,0,0
2016-03-17,SCCO,27.603693,773.707070,21357.172442,5262.900000,5951.500000,274.500000,5677.000000,27034.172442,741.099000,1925.204000,28.818245,4.058062,14.042238,13.072522,2.281116,16.040000,3.351714,2015-12-31,0,0,0
2016-03-18,SCCO,27.506632,773.707070,21282.075523,5262.900000,5951.500000,274.500000,5677.000000,26959.075523,741.099000,1925.204000,28.716913,4.043792,14.003231,13.072522,2.314682,15.885000,3.377571,2015-12-31,0,0,0
2016-03-21,SCCO,27.390162,773.707070,21191.961674,5262.900000,5951.500000,274.500000,5677.000000,26868.961674,741.099000,1925.204000,28.595318,4.026670,13.956423,13.072522,2.304022,15.905000,3.395429,2015-12-31,0,0,0
2016-03-22,SCCO,27.564869,773.707070,21327.133981,5262.900000,5951.500000,274.500000,5677.000000,27004.133981,741.099000,1925.204000,28.777713,4.052354,14.026635,13.072522,2.299713,15.890000,3.415429,2015-12-31,0,0,0
2016-03-23,SCCO,26.652510,773.707070,20621.235516,5262.900000,5951.500000,274.500000,5677.000000,26298.235516,741.099000,1925.204000,27.825210,3.918227,13.659973,13.072522,2.295404,15.355000,3.401286,2015-12-31,0,0,0
2016-03-28,SCCO,26.933983,773.707070,20839.013208,5262.900000,5951.500000,274.500000,5677.000000,26516.013208,741.099000,1925.204000,28.119068,3.959607,13.773093,13.072522,2.236664,15.275000,3.361429,2015-12-31,0,0,0
2016-03-29,SCCO,27.438690,773.707070,21229.508600,5262.900000,5951.500000,274.500000,5677.000000,26906.508600,741.099000,1925.204000,28.645982,4.033804,13.975926,13.072522,2.240520,15.185000,3.385286,2015-12-31,0,0,0
2016-03-30,SCCO,27.361044,773.707070,21169.433211,5262.900000,5951.500000,274.500000,5677.000000,26846.433211,741.099000,1925.204000,28.564919,4.022389,13.944721,13.072522,2.240746,15.255000,3.361429,2015-12-31,0,0,0
2016-03-31,SCCO,26.895159,773.707070,20808.974747,5262.900000,5951.500000,274.500000,5677.000000,26485.974747,741.099000,1925.204000,28.078536,3.953899,13.757490,13.072522,2.202418,15.465000,3.328429,2015-12-31,0,0,0
2016-04-01,SCCO,26.749569,773.707070,20696.330902,5262.900000,5951.500000,274.500000,5677.000000,26373.330902,741.099000,1925.204000,27.926540,3.932496,13.698980,13.072522,2.213531,14.920000,3.348571,2015-12-31,0,0,0
2016-04-04,SCCO,26.002211,773.707070,20118.094746,5262.900000,5951.500000,274.500000,5677.000000,25795.094746,741.099000,1925.204000,27.146299,3.822625,13.398629,13.072522,2.184501,15.050000,3.357000,2015-12-31,0,0,0
2016-04-05,SCCO,26.176919,773.707070,20253.267054,5262.900000,5951.500000,274.500000,5677.000000,25930.267054,741.099000,1925.204000,27.328693,3.848309,13.468841,13.072522,2.166357,15.195000,3.363714,2015-12-31,0,0,0
2016-04-06,SCCO,26.070153,773.707070,20170.661669,5262.900000,5951.500000,274.500000,5677.000000,25847.661669,741.099000,1925.204000,27.217230,3.832614,13.425934,13.072522,2.165904,15.195000,3.380143,2015-12-31,0,0,0
2016-04-07,SCCO,24.924852,773.707070,19284.533973,5262.900000,5951.500000,274.500000,5677.000000,24961.533973,741.099000,1925.204000,26.021536,3.664241,12.965657,13.072522,2.138688,15.290000,3.406571,2015-12-31,0,0,0
2016-04-08,SCCO,25.157794,773.707070,19464.763205,5262.900000,5951.500000,274.500000,5677.000000,25141.763205,741.099000,1925.204000,26.264727,3.698486,13.059272,13.072522,2.111019,15.360000,3.406571,2015-12-31,0,0,0
2016-04-11,SCCO,25.633388,773.707070,19832.733200,5262.900000,5951.500000,274.500000,5677.000000,25509.733200,741.099000,1925.204000,26.761247,3.768404,13.250405,13.072522,2.106937,15.955000,3.298429,2015-12-31,0,0,0
2016-04-12,SCCO,26.458392,773.707070,20471.044745,5262.900000,5951.500000,274.500000,5677.000000,26148.044745,741.099000,1925.204000,27.622551,3.889689,13.581961,13.072522,2.138915,16.175000,3.269571,2015-12-31,0,0,0
2016-04-13,SCCO,26.972805,773.707070,20869.050136,5262.900000,5951.500000,274.500000,5677.000000,26546.050136,741.099000,1925.204000,28.159598,3.965314,13.788695,13.072522,2.194480,16.255000,3.269571,2015-12-31,0,0,0
2016-04-14,SCCO,26.846629,773.707070,20771.426288,5262.900000,5951.500000,274.500000,5677.000000,26448.426288,741.099000,1925.204000,28.027870,3.946764,13.737986,13.072522,2.191078,16.170000,3.280143,2015-12-31,0,0,0
2016-04-15,SCCO,27.157219,773.707070,21011.732441,5262.900000,5951.500000,274.500000,5677.000000,26688.732441,741.099000,1925.204000,28.352126,3.992425,13.862807,13.072522,2.183367,16.300000,3.280286,2015-12-31,0,0,0
2016-04-18,SCCO,27.526045,773.707070,21297.095520,5262.900000,5951.500000,274.500000,5677.000000,26974.095520,741.099000,1925.204000,28.737180,4.046646,14.011032,13.072522,2.176336,16.285000,3.276000,2015-12-31,0,0,0
2016-04-19,SCCO,28.244283,773.707070,21852.801681,5262.900000,5951.500000,274.500000,5677.000000,27529.801681,741.099000,1925.204000,29.487021,4.152236,14.299680,13.072522,2.182686,17.035000,3.250143,2015-12-31,0,0,0
2016-04-20,SCCO,28.195755,773.707070,21815.254754,5262.900000,5951.500000,274.500000,5677.000000,27492.254754,741.099000,1925.204000,29.436357,4.145102,14.280177,13.072522,2.240066,17.165000,3.251571,2015-12-31,0,0,0
2016-04-21,SCCO,28.021047,773.707070,21680.082447,5262.900000,5951.500000,274.500000,5677.000000,27357.082447,741.099000,1925.204000,29.253963,4.119418,14.209966,13.072522,2.279528,17.170000,3.263000,2015-12-31,0,0,0
2016-04-22,SCCO,28.331638,773.707070,21920.388601,5262.900000,5951.500000,274.500000,5677.000000,27597.388601,741.099000,1925.204000,29.578219,4.165078,14.334787,13.072522,2.274993,17.075000,3.272714,2015-12-31,0,0,0
2016-04-25,SCCO,28.137520,773.707070,21770.197829,5262.900000,5951.500000,274.500000,5677.000000,27447.197829,741.099000,1925.204000,29.375560,4.136540,14.256774,13.072522,2.268189,17.060000,3.286286,2015-12-31,0,0,0
2016-04-26,SCCO,29.001348,773.707070,22438.547835,5262.900000,5951.500000,274.500000,5677.000000,28115.547835,741.099000,1925.204000,30.277396,4.263533,14.603932,13.072522,2.238705,17.170000,3.284714,2015-12-31,0,0,0
2016-04-27,SCCO,29.321643,773.707070,22686.362454,5262.900000,5951.500000,274.500000,5677.000000,28363.362454,741.099000,1925.204000,30.611784,4.310620,14.732653,13.072522,2.237118,17.270000,3.290714,2015-12-31,0,0,0
2016-04-28,SCCO,28.972230,773.707070,22416.019372,5262.900000,5951.500000,274.500000,5677.000000,28093.019372,741.099000,1925.204000,30.246997,4.259252,14.592230,13.072522,2.228273,17.565000,3.280143,2015-12-31,0,0,0
2016-04-29,SCCO,28.797523,773.707070,22280.847065,5262.900000,5951.500000,274.500000,5677.000000,27957.847065,741.099000,1925.204000,30.064603,4.233568,14.522018,13.072522,2.288374,17.905000,3.277286,2015-12-31,0,0,0
2016-05-02,SCCO,28.661640,773.707070,22175.713218,5262.900000,5951.500000,274.500000,5677.000000,27852.713218,741.099000,1925.204000,29.922741,4.213592,14.467409,13.072522,2.288374,17.765000,3.293857,2015-12-31,0,0,0
2016-05-03,SCCO,28.059871,773.707070,21710.120908,5371.300000,5952.100000,376.000000,5576.100000,27286.220908,643.112000,1852.804000,33.757916,4.041875,14.726987,13.072522,2.249818,17.420000,3.333571,2016-03-31,0,0,0
2016-05-04,SCCO,27.661928,773.707070,21402.229366,5371.300000,5952.100000,376.000000,5576.100000,26978.329366,643.112000,1852.804000,33.279163,3.984553,14.560811,13.072522,2.218974,17.355000,3.335143,2016-03-31,0,0,0
2016-05-05,SCCO,27.409573,773.707070,21206.980138,5371.300000,5952.100000,376.000000,5576.100000,26783.080138,643.112000,1852.804000,32.975563,3.948203,14.455431,13.072522,2.189037,17.360000,3.319286,2016-03-31,0,0,0
2016-05-06,SCCO,27.691046,773.707070,21424.757829,5371.300000,5952.100000,376.000000,5576.100000,27000.857829,643.112000,1852.804000,33.314194,3.988747,14.572970,13.072522,2.181779,17.590000,3.318286,2016-03-31,0,0,0
2016-05-09,SCCO,26.710745,773.707070,20666.292441,5371.300000,5952.100000,376.000000,5576.100000,26242.392441,643.112000,1852.804000,32.134826,3.847540,14.163610,13.072522,2.149801,17.030000,3.340857,2016-03-31,0,0,0
2016-05-10,SCCO,26.924277,773.707070,20831.503209,5371.300000,5952.100000,376.000000,5576.100000,26407.603209,643.112000,1852.804000,32.391719,3.878298,14.252778,13.072522,2.136420,17.085000,3.333286,2016-03-31,0,0,0
2016-05-11,SCCO,27.060160,773.707070,20936.637056,5371.300000,5952.100000,376.000000,5576.100000,26512.737056,643.112000,1852.804000,32.555196,3.897871,14.309521,13.072522,2.153657,17.460000,3.333286,2016-03-31,0,0,0
2016-05-12,SCCO,26.963101,773.707070,20861.541670,5371.300000,5952.100000,376.000000,5576.100000,26437.641670,643.112000,1852.804000,32.438427,3.883891,14.268990,13.072522,2.151842,17.120000,3.328429,2016-03-31,0,0,0
2016-05-13,SCCO,26.264271,773.707070,20320.852441,5371.300000,5952.100000,376.000000,5576.100000,25896.952441,643.112000,1852.804000,31.597688,3.783228,13.977168,13.072522,2.113740,17.120000,3.338000,2016-03-31,0,0,0
2016-05-16,SCCO,26.545744,773.707070,20538.630132,5371.300000,5952.100000,376.000000,5576.100000,26114.730132,643.112000,1852.804000,31.936319,3.823773,14.094707,13.072522,2.104895,17.255000,3.330571,2016-03-31,0,0,0
2016-05-17,SCCO,26.768982,773.707070,20711.350899,5371.300000,5952.100000,376.000000,5576.100000,26287.450899,643.112000,1852.804000,32.204890,3.855929,14.187929,13.072522,2.101947,17.340000,3.317000,2016-03-31,0,0,0
2016-05-18,SCCO,26.011918,773.707070,20125.604745,5371.300000,5952.100000,376.000000,5576.100000,25701.704745,643.112000,1852.804000,31.294090,3.746878,13.871788,13.072522,2.086752,17.150000,3.323429,2016-03-31,0,0,0
2016-05-19,SCCO,26.167214,773.707070,20245.758588,5371.300000,5952.100000,376.000000,5576.100000,25821.858588,643.112000,1852.804000,31.480922,3.769247,13.936638,13.072522,2.084711,16.540000,3.342429,2016-03-31,0,0,0
2016-05-20,SCCO,25.914859,773.707070,20050.509359,5371.300000,5952.100000,376.000000,5576.100000,25626.609359,643.112000,1852.804000,31.177321,3.732897,13.831258,13.072522,2.100359,16.500000,3.336286,2016-03-31,0,0,0
2016-05-23,SCCO,25.953683,773.707070,20080.547820,5371.300000,5952.100000,376.000000,5576.100000,25656.647820,643.112000,1852.804000,31.224029,3.738489,13.847470,13.072522,2.073824,16.420000,3.346857,2016-03-31,0,0,0
2016-05-24,SCCO,25.701327,773.707070,19885.298591,5371.300000,5952.100000,376.000000,5576.100000,25461.398591,643.112000,1852.804000,30.920428,3.702139,13.742090,13.072522,2.103308,16.305000,3.341714,2016-03-31,0,0,0
2016-05-25,SCCO,26.070153,773.707070,20170.661669,5371.300000,5952.100000,376.000000,5576.100000,25746.761669,643.112000,1852.804000,31.364151,3.755266,13.896106,13.072522,2.102854,16.350000,3.340143,2016-03-31,0,0,0
2016-05-26,SCCO,25.905152,773.707070,20042.999361,5371.300000,5952.100000,376.000000,5576.100000,25619.099361,643.112000,1852.804000,31.165644,3.731499,13.827204,13.072522,2.134379,16.405000,3.342571,2016-03-31,0,0,0
2016-05-27,SCCO,25.827506,773.707070,19982.923972,5371.300000,5952.100000,376.000000,5576.100000,25559.023972,643.112000,1852.804000,31.072230,3.720314,13.794780,13.072522,2.143451,16.285000,3.357000,2016-03-31,0,0,0
2016-05-31,SCCO,25.283973,773.707070,19562.388586,5371.300000,5952.100000,376.000000,5576.100000,25138.488586,643.112000,1852.804000,30.418323,3.642021,13.567808,13.072522,2.131884,16.035000,3.373429,2016-03-31,0,0,0
2016-06-01,SCCO,25.283973,773.707070,19562.388586,5371.300000,5952.100000,376.000000,5576.100000,25138.488586,643.112000,1852.804000,30.418323,3.642021,13.567808,13.072522,2.086978,15.995000,3.382571,2016-03-31,0,0,0
2016-06-02,SCCO,25.497502,773.707070,19727.597821,5371.300000,5952.100000,376.000000,5576.100000,25303.697821,643.112000,1852.804000,30.675213,3.672779,13.656975,13.072522,2.086525,16.055000,3.375714,2016-03-31,0,0,0
2016-06-03,SCCO,25.643092,773.707070,19840.241666,5371.300000,5952.100000,376.000000,5576.100000,25416.341666,643.112000,1852.804000,30.850368,3.693750,13.717771,13.072522,2.126441,16.375000,3.344714,2016-03-31,0,0,0
2016-06-06,SCCO,26.186625,773.707070,20260.777052,5371.300000,5952.100000,376.000000,5576.100000,25836.877052,643.112000,1852.804000,31.504275,3.772043,13.944744,13.072522,2.134606,16.480000,3.317571,2016-03-31,0,0,0
2016-06-07,SCCO,25.759564,773.707070,19930.357048,5371.300000,5952.100000,376.000000,5576.100000,25506.457048,643.112000,1852.804000,30.990492,3.710528,13.766409,13.072522,2.081535,16.380000,3.308143,2016-03-31,0,0,0
2016-06-08,SCCO,26.031329,773.707070,20140.623209,5371.300000,5952.100000,376.000000,5576.100000,25716.723209,643.112000,1852.804000,31.317443,3.749674,13.879894,13.072522,2.082216,17.080000,3.293000,2016-03-31,0,0,0
2016-06-09,SCCO,25.400445,773.707070,19652.503968,5371.300000,5952.100000,376.000000,5576.100000,25228.603968,643.112000,1852.804000,30.558447,3.658798,13.616445,13.072522,2.062031,17.280000,3.312000,2016-03-31,0,0,0
2016-06-10,SCCO,25.206325,773.707070,19502.311664,5371.300000,5952.100000,376.000000,5576.100000,25078.411664,643.112000,1852.804000,30.324907,3.630836,13.535383,13.072522,2.042980,17.285000,3.326000,2016-03-31,0,0,0
2016-06-13,SCCO,25.245149,773.707070,19532.350125,5371.300000,5952.100000,376.000000,5576.100000,25108.450125,643.112000,1852.804000,30.371615,3.636429,13.551595,13.072522,2.047970,17.425000,3.332000,2016-03-31,0,0,0
2016-06-14,SCCO,24.827794,773.707070,19209.440120,5371.300000,5952.100000,376.000000,5576.100000,24785.540120,643.112000,1852.804000,29.869510,3.576311,13.377314,13.072522,2.045928,17.355000,3.334429,2016-03-31,0,0,0
2016-06-15,SCCO,25.439267,773.707070,19682.540896,5371.300000,5952.100000,376.000000,5576.100000,25258.640896,643.112000,1852.804000,30.605153,3.664391,13.632657,13.072522,2.101040,17.510000,3.321000,2016-03-31,0,0,0
2016-06-16,SCCO,25.303384,773.707070,19577.407050,5371.300000,5952.100000,376.000000,5576.100000,25153.507050,643.112000,1852.804000,30.441676,3.644817,13.575914,13.072522,2.052279,17.710000,3.336571,2016-03-31,0,0,0
2016-06-17,SCCO,25.808093,773.707070,19967.903975,5371.300000,5952.100000,376.000000,5576.100000,25544.003975,643.112000,1852.804000,31.048875,3.717518,13.786674,13.072522,2.050918,17.365000,3.320857,2016-03-31,0,0,0
2016-06-20,SCCO,26.438979,773.707070,20456.024748,5371.300000,5952.100000,376.000000,5576.100000,26032.124748,643.112000,1852.804000,31.807873,3.808394,14.050123,13.072522,2.079721,17.525000,3.289143,2016-03-31,0,0,0
2016-06-21,SCCO,26.438979,773.707070,20456.024748,5371.300000,5952.100000,376.000000,5576.100000,26032.124748,643.112000,1852.804000,31.807873,3.808394,14.050123,13.072522,2.080628,17.315000,3.287857,2016-03-31,0,0,0
2016-06-22,SCCO,26.438979,773.707070,20456.024748,5371.300000,5952.100000,376.000000,5576.100000,26032.124748,643.112000,1852.804000,31.807873,3.808394,14.050123,13.072522,2.126214,17.340000,3.283429,2016-03-31,0,0,0
2016-06-23,SCCO,27.176630,773.707070,21026.750905,5371.300000,5952.100000,376.000000,5576.100000,26602.850905,643.112000,1852.804000,32.695317,3.914648,14.358157,13.072522,2.153203,17.385000,3.283571,2016-03-31,0,0,0
2016-06-24,SCCO,24.808381,773.707070,19194.420123,5371.300000,5952.100000,376.000000,5576.100000,24770.520123,643.112000,1852.804000,29.846155,3.573515,13.369207,13.072522,2.115101,17.820000,3.322286,2016-03-31,0,0,0
2016-06-27,SCCO,24.769557,773.707070,19164.381662,5371.300000,5952.100000,376.000000,5576.100000,24740.481662,643.112000,1852.804000,29.799447,3.567922,13.352995,13.072522,2.128255,17.750000,3.323000,2016-03-31,0,0,0
2016-06-28,SCCO,25.322797,773.707070,19592.427046,5371.300000,5952.100000,376.000000,5576.100000,25168.527046,643.112000,1852.804000,30.465031,3.647614,13.584020,13.072522,2.167038,17.865000,3.304000,2016-03-31,0,0,0
2016-06-30,SCCO,26.186625,773.707070,20260.777052,5371.300000,5952.100000,376.000000,5576.100000,25836.877052,643.112000,1852.804000,31.504275,3.772043,13.944744,13.072522,2.189490,18.550000,3.292000,2016-03-31,0,0,0
2016-07-01,SCCO,25.662505,773.707070,19855.261663,5371.300000,5952.100000,376.000000,5576.100000,25431.361663,643.112000,1852.804000,30.873723,3.696547,13.725878,13.072522,2.169759,19.540000,3.287143,2016-03-31,0,0,0
2016-07-05,SCCO,24.682205,773.707070,19096.796275,5371.300000,5952.100000,376.000000,5576.100000,24672.896275,643.112000,1852.804000,29.694355,3.555340,13.316517,13.072522,2.195614,19.835000,3.288429,2016-03-31,0,0,0
2016-07-06,SCCO,24.643381,773.707070,19066.757814,5371.300000,5952.100000,376.000000,5576.100000,24642.857814,643.112000,1852.804000,29.647647,3.549747,13.300305,13.072522,2.134606,20.165000,3.281714,2016-03-31,0,0,0
2016-07-07,SCCO,24.546321,773.707070,18991.662428,5371.300000,5952.100000,376.000000,5576.100000,24567.762428,643.112000,1852.804000,29.530879,3.535766,13.259774,13.072522,2.143224,19.670000,3.284571,2016-03-31,0,0,0
2016-07-08,SCCO,25.012206,773.707070,19352.120893,5371.300000,5952.100000,376.000000,5576.100000,24928.220893,643.112000,1852.804000,30.091370,3.602875,13.454322,13.072522,2.136420,19.945000,3.279000,2016-03-31,0,0,0
2016-07-11,SCCO,25.303384,773.707070,19577.407050,5371.300000,5952.100000,376.000000,5576.100000,25153.507050,643.112000,1852.804000,30.441676,3.644817,13.575914,13.072522,2.152749,20.465000,3.280714,2016-03-31,0,0,0
2016-07-12,SCCO,25.565444,773.707070,19780.164744,5371.300000,5952.100000,376.000000,5576.100000,25356.264744,643.112000,1852.804000,30.756952,3.682566,13.685347,13.072522,2.182460,20.340000,3.281286,2016-03-31,0,0,0
2016-07-13,SCCO,25.973094,773.707070,20095.566284,5371.300000,5952.100000,376.000000,5576.100000,25671.666284,643.112000,1852.804000,31.247382,3.741285,13.855576,13.072522,2.230994,20.345000,3.282000,2016-03-31,0,0,0
2016-07-14,SCCO,25.808093,773.707070,19967.903975,5371.300000,5952.100000,376.000000,5576.100000,25544.003975,643.112000,1852.804000,31.048875,3.717518,13.786674,13.072522,2.227819,20.305000,3.279571,2016-03-31,0,0,0
2016-07-15,SCCO,25.643092,773.707070,19840.241666,5371.300000,5952.100000,376.000000,5576.100000,25416.341666,643.112000,1852.804000,30.850368,3.693750,13.717771,13.072522,2.243241,20.145000,3.279286,2016-03-31,0,0,0
2016-07-18,SCCO,25.672210,773.707070,19862.770128,5371.300000,5952.100000,376.000000,5576.100000,25438.870128,643.112000,1852.804000,30.885398,3.697945,13.729930,13.072522,2.194933,20.045000,3.280429,2016-03-31,0,0,0
2016-07-19,SCCO,25.332502,773.707070,19599.935512,5371.300000,5952.100000,376.000000,5576.100000,25176.035512,643.112000,1852.804000,30.476706,3.649012,13.588073,13.072522,2.239839,19.995000,3.295571,2016-03-31,0,0,0
2016-07-20,SCCO,25.351915,773.707070,19614.955509,5371.300000,5952.100000,376.000000,5576.100000,25191.055509,643.112000,1852.804000,30.500061,3.651808,13.596179,13.072522,2.222829,19.640000,3.312143,2016-03-31,0,0,0
2016-07-21,SCCO,25.565444,773.707070,19780.164744,5371.300000,5952.100000,376.000000,5576.100000,25356.264744,643.112000,1852.804000,30.756952,3.682566,13.685347,13.072522,2.246870,19.710000,3.323857,2016-03-31,0,0,0
2016-07-22,SCCO,25.487798,773.707070,19720.089355,5371.300000,5952.100000,376.000000,5576.100000,25296.189355,643.112000,1852.804000,30.663538,3.671381,13.652922,13.072522,2.248004,19.690000,3.328429,2016-03-31,0,0,0
2016-07-25,SCCO,25.419856,773.707070,19667.522432,5371.300000,5952.100000,376.000000,5576.100000,25243.622432,643.112000,1852.804000,30.581800,3.661594,13.624551,13.072522,2.231674,19.710000,3.346857,2016-03-31,0,0,0
2016-07-26,SCCO,25.769269,773.707070,19937.865514,5371.300000,5952.100000,376.000000,5576.100000,25513.965514,643.112000,1852.804000,31.002167,3.711926,13.770461,13.072522,2.205366,19.690000,3.363286,2016-03-31,0,0,0
2016-07-27,SCCO,25.662505,773.707070,19855.261663,5371.300000,5952.100000,376.000000,5576.100000,25431.361663,643.112000,1852.804000,30.873723,3.696547,13.725878,13.072522,2.208768,20.035000,3.358000,2016-03-31,0,0,0
2016-08-01,SCCO,24.672498,773.707070,19089.286276,5371.300000,5952.100000,376.000000,5576.100000,24665.386276,643.112000,1852.804000,29.682678,3.553942,13.312464,13.072522,2.225778,20.595000,3.348857,2016-03-31,0,0,0
2016-08-02,SCCO,25.089855,773.719070,19412.498893,5555.000000,5952.900000,452.500000,5500.400000,24912.898893,569.599000,1773.955000,34.080992,3.494599,14.043704,13.072522,2.216026,20.690000,3.346143,2016-06-30,0,0,0
2016-08-03,SCCO,25.866330,773.719070,20013.272828,5555.000000,5952.900000,452.500000,5500.400000,25513.672828,569.599000,1773.955000,35.135723,3.602749,14.382368,13.072522,2.197428,20.445000,3.354714,2016-06-30,0,0,0
2016-08-04,SCCO,25.846917,773.719070,19998.252599,5555.000000,5952.900000,452.500000,5500.400000,25498.652599,569.599000,1773.955000,35.109353,3.600045,14.373900,13.072522,2.171347,20.445000,3.340143,2016-06-30,0,0,0
2016-08-05,SCCO,25.448974,773.719070,19690.356282,5555.000000,5952.900000,452.500000,5500.400000,25190.756282,569.599000,1773.955000,34.568804,3.544619,14.200336,13.072522,2.173841,19.765000,3.336857,2016-06-30,0,0,0
2016-08-08,SCCO,25.216031,773.719070,19510.124255,5555.000000,5952.900000,452.500000,5500.400000,25010.524255,569.599000,1773.955000,34.252385,3.512174,14.098737,13.072522,2.175429,19.825000,3.319429,2016-06-30,0,0,0
2016-08-09,SCCO,25.196618,773.719070,19495.104025,5555.000000,5952.900000,452.500000,5500.400000,24995.504025,569.599000,1773.955000,34.226015,3.509470,14.090269,13.072522,2.167718,19.845000,3.304429,2016-06-30,0,0,0
2016-08-10,SCCO,25.206325,773.719070,19502.614140,5555.000000,5952.900000,452.500000,5500.400000,25003.014140,569.599000,1773.955000,34.239200,3.510822,14.094503,13.072522,2.211036,20.245000,3.308286,2016-06-30,0,0,0
2016-08-11,SCCO,25.254855,773.719070,19540.163181,5555.000000,5952.900000,452.500000,5500.400000,25040.563181,569.599000,1773.955000,34.305122,3.517581,14.115670,13.072522,2.181779,20.120000,3.308571,2016-06-30,0,0,0
2016-08-12,SCCO,25.322797,773.719070,19592.730920,5555.000000,5952.900000,452.500000,5500.400000,25093.130920,569.599000,1773.955000,34.397411,3.527044,14.145303,13.072522,2.152749,20.160000,3.316143,2016-06-30,0,0,0
2016-08-15,SCCO,25.429561,773.719070,19675.336053,5555.000000,5952.900000,452.500000,5500.400000,25175.736053,569.599000,1773.955000,34.542434,3.541915,14.191868,13.072522,2.152749,19.875000,3.311286,2016-06-30,0,0,0
2016-08-16,SCCO,25.371326,773.719070,19630.278429,5555.000000,5952.900000,452.500000,5500.400000,25130.678429,569.599000,1773.955000,34.463330,3.533803,14.166469,13.072522,2.176336,19.885000,3.309286,2016-06-30,0,0,0
2016-08-17,SCCO,25.468385,773.719070,19705.374979,5555.000000,5952.900000,452.500000,5500.400000,25205.774979,569.599000,1773.955000,34.595171,3.547322,14.208802,13.072522,2.157059,19.595000,3.318714,2016-06-30,0,0,0
2016-08-18,SCCO,25.613975,773.719070,19818.020571,5555.000000,5952.900000,452.500000,5500.400000,25318.420571,569.599000,1773.955000,34.792934,3.567600,14.272301,13.072522,2.178377,19.760000,3.306143,2016-06-30,0,0,0
2016-08-19,SCCO,25.245149,773.719070,19532.653067,5555.000000,5952.900000,452.500000,5500.400000,25033.053067,569.599000,1773.955000,34.291937,3.516229,14.111436,13.072522,2.165450,19.380000,3.321714,2016-06-30,0,0,0
2016-08-22,SCCO,25.526622,773.719070,19750.434136,5555.000000,5952.900000,452.500000,5500.400000,25250.834136,569.599000,1773.955000,34.674278,3.555434,14.234202,13.072522,2.146399,18.970000,3.343143,2016-06-30,0,0,0
2016-08-23,SCCO,25.516915,773.719070,19742.924021,5555.000000,5952.900000,452.500000,5500.400000,25243.324021,569.599000,1773.955000,34.661093,3.554082,14.229969,13.072522,2.140502,18.905000,3.358571,2016-06-30,0,0,0
2016-08-24,SCCO,24.973382,773.719070,19322.382112,5555.000000,5952.900000,452.500000,5500.400000,24822.782112,569.599000,1773.955000,33.922781,3.478377,13.992904,13.072522,2.113060,18.585000,3.355714,2016-06-30,0,0,0
2016-08-25,SCCO,25.245149,773.719070,19532.653067,5555.000000,5952.900000,452.500000,5500.400000,25033.053067,569.599000,1773.955000,34.291937,3.516229,14.111436,13.072522,2.104442,18.540000,3.352000,2016-06-30,0,0,0
2016-08-26,SCCO,25.361621,773.719070,19622.769847,5555.000000,5952.900000,452.500000,5500.400000,25123.169847,569.599000,1773.955000,34.450148,3.532452,14.162236,13.072522,2.096504,18.725000,3.347286,2016-06-30,0,0,0
2016-08-29,SCCO,25.478091,773.719070,19712.885094,5555.000000,5952.900000,452.500000,5500.400000,25213.285094,569.599000,1773.955000,34.608356,3.548674,14.213035,13.072522,2.096504,18.785000,3.375000,2016-06-30,0,0,0
2016-08-31,SCCO,25.060737,773.719070,19389.970081,5555.000000,5952.900000,452.500000,5500.400000,24890.370081,569.599000,1773.955000,34.041440,3.490544,14.031004,13.072522,2.087659,18.720000,3.395571,2016-06-30,0,0,0
2016-09-01,SCCO,25.118970,773.719070,19435.026172,5555.000000,5952.900000,452.500000,5500.400000,24935.426172,569.599000,1773.955000,34.120541,3.498655,14.056403,13.072522,2.095597,18.845000,3.398571,2016-06-30,0,0,0
2016-09-02,SCCO,25.332502,773.719070,19600.239502,5555.000000,5952.900000,452.500000,5500.400000,25100.639502,569.599000,1773.955000,34.410593,3.528396,14.149536,13.072522,2.089700,19.250000,3.388857,2016-06-30,0,0,0
2016-09-06,SCCO,25.623681,773.719070,19825.530686,5555.000000,5952.900000,452.500000,5500.400000,25325.930686,569.599000,1773.955000,34.806119,3.568952,14.276535,13.072522,2.096958,19.820000,3.375857,2016-06-30,0,0,0
2016-09-07,SCCO,25.196618,773.719070,19495.104025,5555.000000,5952.900000,452.500000,5500.400000,24995.504025,569.599000,1773.955000,34.226015,3.509470,14.090269,13.072522,2.106029,19.790000,3.362286,2016-06-30,0,0,0
2016-09-08,SCCO,25.274266,773.719070,19555.181878,5555.000000,5952.900000,452.500000,5500.400000,25055.581878,569.599000,1773.955000,34.331489,3.520285,14.124136,13.072522,2.094463,19.700000,3.371143,2016-06-30,0,0,0
2016-09-09,SCCO,24.517204,773.719070,18969.428172,5555.000000,5952.900000,452.500000,5500.400000,24469.828172,569.599000,1773.955000,33.303128,3.414839,13.793940,13.072522,2.096731,19.410000,3.389714,2016-06-30,0,0,0
2016-09-12,SCCO,25.080148,773.719070,19404.988778,5555.000000,5952.900000,452.500000,5500.400000,24905.388778,569.599000,1773.955000,34.067807,3.493247,14.039470,13.072522,2.074278,18.845000,3.403571,2016-06-30,0,0,0
2016-09-13,SCCO,24.458967,773.719070,18924.369016,5555.000000,5952.900000,452.500000,5500.400000,24424.769016,569.599000,1773.955000,33.224021,3.406727,13.768539,13.072522,2.105349,18.955000,3.413857,2016-06-30,0,0,0
2016-09-14,SCCO,24.594850,773.719070,19029.504493,5555.000000,5952.900000,452.500000,5500.400000,24529.904493,569.599000,1773.955000,33.408599,3.425653,13.827805,13.072522,2.129389,19.060000,3.398571,2016-06-30,0,0,0
2016-09-15,SCCO,24.662792,773.719070,19082.072232,5555.000000,5952.900000,452.500000,5500.400000,24582.472232,569.599000,1773.955000,33.500888,3.435117,13.857438,13.072522,2.144131,19.110000,3.387714,2016-06-30,0,0,0
2016-09-16,SCCO,24.585144,773.719070,19021.994378,5555.000000,5952.900000,452.500000,5500.400000,24522.394378,569.599000,1773.955000,33.395414,3.424301,13.823572,13.072522,2.147079,18.795000,3.397143,2016-06-30,0,0,0
2016-09-19,SCCO,24.750146,773.719070,19149.660200,5555.000000,5952.900000,452.500000,5500.400000,24650.060200,569.599000,1773.955000,33.619547,3.447284,13.895539,13.072522,2.146172,19.265000,3.392429,2016-06-30,0,0,0
2016-09-20,SCCO,24.856910,773.719070,19232.265332,5555.000000,5952.900000,452.500000,5500.400000,24732.665332,569.599000,1773.955000,33.764570,3.462154,13.942104,13.072522,2.146626,19.255000,3.388857,2016-06-30,0,0,0
2016-09-21,SCCO,25.390739,773.719070,19645.298659,5555.000000,5952.900000,452.500000,5500.400000,25145.698659,569.599000,1773.955000,34.489700,3.536507,14.174936,13.072522,2.146853,19.750000,3.380429,2016-06-30,0,0,0
2016-09-22,SCCO,25.497502,773.719070,19727.903791,5555.000000,5952.900000,452.500000,5500.400000,25228.303791,569.599000,1773.955000,34.634723,3.551378,14.221502,13.072522,2.184274,20.055000,3.353571,2016-06-30,0,0,0
2016-09-23,SCCO,25.196618,773.719070,19495.104025,5555.000000,5952.900000,452.500000,5500.400000,24995.504025,569.599000,1773.955000,34.226015,3.509470,14.090269,13.072522,2.184047,19.800000,3.356857,2016-06-30,0,0,0
2016-09-26,SCCO,25.012206,773.719070,19352.421039,5555.000000,5952.900000,452.500000,5500.400000,24852.821039,569.599000,1773.955000,33.975518,3.483784,14.009837,13.072522,2.174522,19.565000,3.363714,2016-06-30,0,0,0
2016-09-27,SCCO,24.963676,773.719070,19314.871998,5555.000000,5952.900000,452.500000,5500.400000,24815.271998,569.599000,1773.955000,33.909596,3.477025,13.988671,13.072522,2.165904,19.085000,3.369429,2016-06-30,0,0,0
2016-09-28,SCCO,25.895448,773.719070,20035.801640,5555.000000,5952.900000,452.500000,5500.400000,25536.201640,569.599000,1773.955000,35.175275,3.606805,14.395067,13.072522,2.180645,19.090000,3.376286,2016-06-30,0,0,0
2016-09-29,SCCO,25.652799,773.719070,19848.059498,5555.000000,5952.900000,452.500000,5500.400000,25348.459498,569.599000,1773.955000,34.845671,3.573008,14.289235,13.072522,2.184728,19.140000,3.388143,2016-06-30,0,0,0
2016-09-30,SCCO,25.526622,773.719070,19750.434136,5555.000000,5952.900000,452.500000,5500.400000,25250.834136,569.599000,1773.955000,34.674278,3.555434,14.234202,13.072522,2.191758,19.340000,3.398000,2016-06-30,0,0,0
2016-10-03,SCCO,25.565444,773.719070,19780.471530,5555.000000,5952.900000,452.500000,5500.400000,25280.871530,569.599000,1773.955000,34.727012,3.560841,14.251135,13.072522,2.180419,18.950000,3.390571,2016-06-30,0,0,0
2016-10-04,SCCO,25.245149,773.719070,19532.653067,5555.000000,5952.900000,452.500000,5500.400000,25033.053067,569.599000,1773.955000,34.291937,3.516229,14.111436,13.072522,2.172934,18.082000,3.399857,2016-06-30,0,0,0
2016-10-05,SCCO,25.837211,773.719070,19990.742484,5555.000000,5952.900000,452.500000,5500.400000,25491.142484,569.599000,1773.955000,35.096169,3.598694,14.369667,13.072522,2.167038,18.082000,3.405714,2016-06-30,0,0,0
2016-10-06,SCCO,25.536326,773.719070,19757.942718,5555.000000,5952.900000,452.500000,5500.400000,25258.342718,569.599000,1773.955000,34.687460,3.556785,14.238435,13.072522,2.150935,17.355000,3.411143,2016-06-30,0,0,0
2016-10-07,SCCO,25.448974,773.719070,19690.356282,5555.000000,5952.900000,452.500000,5500.400000,25190.756282,569.599000,1773.955000,34.568804,3.544619,14.200336,13.072522,2.150935,17.230000,3.408429,2016-06-30,0,0,0
2016-10-10,SCCO,25.963387,773.719070,20088.367846,5555.000000,5952.900000,452.500000,5500.400000,25588.767846,569.599000,1773.955000,35.267562,3.616268,14.424700,13.072522,2.170893,17.680000,3.397571,2016-06-30,0,0,0
2016-10-11,SCCO,25.410150,773.719070,19660.317356,5555.000000,5952.900000,452.500000,5500.400000,25160.717356,569.599000,1773.955000,34.516067,3.539211,14.183402,13.072522,2.177924,17.545000,3.400429,2016-06-30,0,0,0
2016-10-12,SCCO,25.876035,773.719070,20020.781411,5555.000000,5952.900000,452.500000,5500.400000,25521.181411,569.599000,1773.955000,35.148905,3.604101,14.386600,13.072522,2.179511,17.455000,3.407429,2016-06-30,0,0,0
2016-10-13,SCCO,25.497502,773.719070,19727.903791,5555.000000,5952.900000,452.500000,5500.400000,25228.303791,569.599000,1773.955000,34.634723,3.551378,14.221502,13.072522,2.156605,17.460000,3.409286,2016-06-30,0,0,0
2016-10-14,SCCO,25.245149,773.719070,19532.653067,5555.000000,5952.900000,452.500000,5500.400000,25033.053067,569.599000,1773.955000,34.291937,3.516229,14.111436,13.072522,2.119410,17.400000,3.402429,2016-06-30,0,0,0
2016-10-17,SCCO,25.652799,773.719070,19848.059498,5555.000000,5952.900000,452.500000,5500.400000,25348.459498,569.599000,1773.955000,34.845671,3.573008,14.289235,13.072522,2.118957,17.435000,3.399429,2016-06-30,0,0,0
2016-10-18,SCCO,25.846917,773.719070,19998.252599,5555.000000,5952.900000,452.500000,5500.400000,25498.652599,569.599000,1773.955000,35.109353,3.600045,14.373900,13.072522,2.116235,17.685000,3.387143,2016-06-30,0,0,0
2016-10-19,SCCO,26.594275,773.719070,20576.497723,5555.000000,5952.900000,452.500000,5500.400000,26076.897723,569.599000,1773.955000,36.124533,3.704140,14.699864,13.072522,2.105803,17.690000,3.382429,2016-06-30,0,0,0
2016-10-20,SCCO,26.924277,773.719070,20831.826301,5555.000000,5952.900000,452.500000,5500.400000,26332.226301,569.599000,1773.955000,36.572793,3.750104,14.843796,13.072522,2.101720,17.530000,3.383286,2016-06-30,0,0,0
2016-10-21,SCCO,26.594275,773.719070,20576.497723,5555.000000,5952.900000,452.500000,5500.400000,26076.897723,569.599000,1773.955000,36.124533,3.704140,14.699864,13.072522,2.103308,17.445000,3.369143,2016-06-30,0,0,0
2016-10-24,SCCO,26.885453,773.719070,20801.787374,5555.000000,5952.900000,452.500000,5500.400000,26302.187374,569.599000,1773.955000,36.520056,3.744696,14.826863,13.072522,2.095824,17.445000,3.353429,2016-06-30,0,0,0
2016-10-25,SCCO,27.215454,773.719070,21057.115952,5555.000000,5952.900000,452.500000,5500.400000,26557.515952,569.599000,1773.955000,36.968316,3.790660,14.970795,13.072522,2.140956,17.765000,3.359143,2016-06-30,0,0,0
2016-10-26,SCCO,27.244572,773.719070,21079.644764,5555.000000,5952.900000,452.500000,5500.400000,26580.044764,569.599000,1773.955000,37.007868,3.794716,14.983494,13.072522,2.139822,17.675000,3.366429,2016-06-30,0,0,0
2016-10-27,SCCO,27.331924,773.719070,21147.231199,5555.000000,5952.900000,452.500000,5500.400000,26647.631199,569.599000,1773.955000,37.126524,3.806882,15.021594,13.072522,2.165450,17.645000,3.373000,2016-06-30,0,0,0
2016-10-28,SCCO,26.992218,773.719070,20884.394039,5555.000000,5952.900000,452.500000,5500.400000,26384.794039,569.599000,1773.955000,36.665082,3.759567,14.873429,13.072522,2.171347,17.670000,3.363000,2016-06-30,0,0,0
2016-10-31,SCCO,27.555162,773.719070,21319.954644,5555.000000,5952.900000,452.500000,5500.400000,26820.354644,569.599000,1773.955000,37.429761,3.837976,15.118960,13.072522,2.189717,17.830000,3.364571,2016-06-30,0,0,0
2016-11-02,SCCO,26.021624,773.719070,20133.427002,5555.000000,5952.900000,452.500000,5500.400000,25633.827002,569.599000,1773.955000,35.346668,3.624379,14.450100,13.072522,2.209448,18.675000,3.382143,2016-06-30,0,0,0
2016-11-03,SCCO,25.982800,773.719070,20103.388076,5555.000000,5952.900000,452.500000,5500.400000,25603.788076,569.599000,1773.955000,35.293931,3.618972,14.433167,13.072522,2.230767,18.290000,3.379429,2016-06-30,0,0,0
2016-11-04,SCCO,26.526331,773.719070,20523.928451,5555.000000,5952.900000,452.500000,5500.400000,26024.328451,569.599000,1773.955000,36.032241,3.694677,14.670230,13.072522,2.242107,18.420000,3.384571,2016-06-30,0,0,0
2016-11-07,SCCO,27.137806,773.719070,20997.038098,5555.000000,5952.900000,452.500000,5500.400000,26497.438098,569.599000,1773.955000,36.862842,3.779845,14.936928,13.072522,2.282477,18.110000,3.374286,2016-06-30,0,0,0
2016-11-08,SCCO,27.943399,773.719070,21620.340846,5555.000000,5952.900000,452.500000,5500.400000,27120.740846,569.599000,1773.955000,37.957126,3.892051,15.288291,13.072522,2.287920,18.405000,3.361000,2016-06-30,0,0,0
2016-11-09,SCCO,28.768405,773.016469,22238.451113,5696.300000,5953.500000,511.500000,5442.000000,27680.451113,668.400000,1892.359000,33.271172,3.904017,14.627484,13.072522,2.419915,18.705000,3.380857,2016-09-30,0,0,0
2016-11-10,SCCO,32.728427,773.016469,25299.613265,5696.300000,5953.500000,511.500000,5442.000000,30741.613265,668.400000,1892.359000,37.851007,4.441412,16.245128,13.072522,2.548736,18.560000,3.404857,2016-09-30,0,0,0
2016-11-11,SCCO,31.835481,773.016469,24609.351466,5696.300000,5953.500000,511.500000,5442.000000,30051.351466,668.400000,1892.359000,36.818300,4.320234,15.880365,13.072522,2.676195,17.715000,3.412571,2016-09-30,0,0,0
2016-11-14,SCCO,32.146072,773.016469,24849.443126,5696.300000,5953.500000,511.500000,5442.000000,30291.443126,668.400000,1892.359000,37.177503,4.362383,16.007239,13.072522,2.549189,16.860000,3.424286,2016-09-30,0,0,0
2016-11-15,SCCO,31.398714,773.016469,24271.723096,5696.300000,5953.500000,511.500000,5442.000000,29713.723096,668.400000,1892.359000,36.313170,4.260963,15.701948,13.072522,2.471171,17.065000,3.425429,2016-09-30,0,0,0
2016-11-16,SCCO,30.874594,773.016469,23866.569665,5696.300000,5953.500000,511.500000,5442.000000,29308.569665,668.400000,1892.359000,35.707016,4.189837,15.487849,13.072522,2.476161,16.965000,3.416429,2016-09-30,0,0,0
2016-11-21,SCCO,31.049301,773.016469,24001.621319,5696.300000,5953.500000,511.500000,5442.000000,29443.621319,668.400000,1892.359000,35.909068,4.213546,15.559215,13.072522,2.510861,16.590000,3.416714,2016-09-30,0,0,0
2016-11-22,SCCO,31.961658,773.016469,24706.888176,5696.300000,5953.500000,511.500000,5442.000000,30148.888176,668.400000,1892.359000,36.964225,4.337357,15.931907,13.072522,2.548282,16.665000,3.419571,2016-09-30,0,0,0
2016-11-23,SCCO,32.446956,773.016469,25082.031490,5696.300000,5953.500000,511.500000,5442.000000,30524.031490,668.400000,1892.359000,37.525481,4.403215,16.130148,13.072522,2.523788,16.370000,3.427429,2016-09-30,0,0,0
2016-11-25,SCCO,32.611957,773.016469,25209.579849,5696.300000,5953.500000,511.500000,5442.000000,30651.579849,668.400000,1892.359000,37.716307,4.425606,16.197550,13.072522,2.641042,16.520000,3.417286,2016-09-30,0,0,0
2016-11-28,SCCO,32.136366,773.016469,24841.939831,5696.300000,5953.500000,511.500000,5442.000000,30283.939831,668.400000,1892.359000,37.166277,4.361066,16.003274,13.072522,2.692298,16.595000,3.416714,2016-09-30,0,0,0
2016-11-29,SCCO,31.369597,773.016469,24249.214742,5696.300000,5953.500000,511.500000,5442.000000,29691.214742,668.400000,1892.359000,36.279495,4.257012,15.690054,13.072522,2.620857,16.605000,3.422429,2016-09-30,0,0,0
2016-11-30,SCCO,31.864599,773.016469,24631.859820,5696.300000,5953.500000,511.500000,5442.000000,30073.859820,668.400000,1892.359000,36.851975,4.324186,15.892259,13.072522,2.603620,16.510000,3.412714,2016-09-30,0,0,0
2016-12-01,SCCO,32.058717,773.016469,24781.916533,5696.300000,5953.500000,511.500000,5442.000000,30223.916533,668.400000,1892.359000,37.076476,4.350529,15.971555,13.072522,2.618589,16.510000,3.417857,2016-09-30,0,0,0
2016-12-02,SCCO,32.136366,773.016469,24841.939831,5696.300000,5953.500000,511.500000,5442.000000,30283.939831,668.400000,1892.359000,37.166277,4.361066,16.003274,13.072522,2.601806,16.510000,3.414714,2016-09-30,0,0,0
2016-12-05,SCCO,32.844899,773.016469,25389.648211,5696.300000,5953.500000,511.500000,5442.000000,30831.648211,668.400000,1892.359000,37.985709,4.457218,16.292706,13.072522,2.654196,16.735000,3.420429,2016-09-30,0,0,0
2016-12-06,SCCO,33.155488,773.016469,25629.738340,5696.300000,5953.500000,511.500000,5442.000000,31071.738340,668.400000,1892.359000,38.344911,4.499366,16.419579,13.072522,2.656237,16.805000,3.416857,2016-09-30,0,0,0
2016-12-07,SCCO,33.417550,773.016469,25832.316587,5696.300000,5953.500000,511.500000,5442.000000,31274.316587,668.400000,1892.359000,38.647990,4.534929,16.526630,13.072522,2.677783,17.215000,3.408286,2016-09-30,0,0,0
2016-12-09,SCCO,33.951377,773.016469,26244.973313,5696.300000,5953.500000,511.500000,5442.000000,31686.973313,668.400000,1892.359000,39.265370,4.607372,16.744694,13.072522,2.641722,16.975000,3.403143,2016-09-30,0,0,0
2016-12-12,SCCO,33.524314,773.016469,25914.846707,5696.300000,5953.500000,511.500000,5442.000000,31356.846707,668.400000,1892.359000,38.771464,4.549417,16.570242,13.072522,2.611331,17.190000,3.404286,2016-09-30,0,0,0
2016-12-13,SCCO,32.359602,773.016469,25014.504898,5696.300000,5953.500000,511.500000,5442.000000,30456.504898,668.400000,1892.359000,37.424454,4.391360,16.094465,13.072522,2.615187,16.875000,3.399571,2016-09-30,0,0,0
2016-12-14,SCCO,32.204307,773.016469,24894.459833,5696.300000,5953.500000,511.500000,5442.000000,30336.459833,668.400000,1892.359000,37.244853,4.370286,16.031028,13.072522,2.601352,17.210000,3.394429,2016-09-30,0,0,0
2016-12-15,SCCO,32.223720,773.016469,24909.466423,5696.300000,5953.500000,511.500000,5442.000000,30351.466423,668.400000,1892.359000,37.267305,4.372920,16.038958,13.072522,2.577539,15.935000,3.406857,2016-09-30,0,0,0
2016-12-16,SCCO,31.447245,773.016469,24309.238040,5696.300000,5953.500000,511.500000,5442.000000,29751.238040,668.400000,1892.359000,36.369297,4.267549,15.721773,13.072522,2.562343,16.225000,3.403429,2016-09-30,0,0,0
2016-12-19,SCCO,30.738711,773.016469,23761.529659,5696.300000,5953.500000,511.500000,5442.000000,29203.529659,668.400000,1892.359000,35.549865,4.171397,15.432341,13.072522,2.522427,16.065000,3.407286,2016-09-30,0,0,0
2016-12-20,SCCO,31.456951,773.016469,24316.741335,5696.300000,5953.500000,511.500000,5442.000000,29758.741335,668.400000,1892.359000,36.380523,4.268866,15.725738,13.072522,2.488181,15.920000,3.403571,2016-09-30,0,0,0
2016-12-21,SCCO,31.476362,773.016469,24331.746394,5696.300000,5953.500000,511.500000,5442.000000,29773.746394,668.400000,1892.359000,36.402972,4.271500,15.733667,13.072522,2.494078,15.960000,3.397000,2016-09-30,0,0,0
2016-12-22,SCCO,31.078419,773.016469,24024.129673,5696.300000,5953.500000,511.500000,5442.000000,29466.129673,668.400000,1892.359000,35.942743,4.217497,15.571110,13.072522,2.461192,15.920000,3.399429,2016-09-30,0,0,0
2016-12-23,SCCO,31.146361,773.016469,24076.649676,5696.300000,5953.500000,511.500000,5442.000000,29518.649676,668.400000,1892.359000,36.021319,4.226717,15.598863,13.072522,2.486593,15.770000,3.386000,2016-09-30,0,0,0
2016-12-27,SCCO,31.330772,773.016469,24219.203094,5696.300000,5953.500000,511.500000,5442.000000,29661.203094,668.400000,1892.359000,36.234595,4.251743,15.674195,13.072522,2.486593,15.905000,3.383286,2016-09-30,0,0,0
2016-12-28,SCCO,31.301655,773.016469,24196.694740,5696.300000,5953.500000,511.500000,5442.000000,29638.694740,668.400000,1892.359000,36.200920,4.247792,15.662300,13.072522,2.488408,16.040000,3.364571,2016-09-30,0,0,0
2016-12-29,SCCO,31.088123,773.016469,24031.631437,5696.300000,5953.500000,511.500000,5442.000000,29473.631437,668.400000,1892.359000,35.953967,4.218814,15.575074,13.072522,2.501108,16.240000,3.356571,2016-09-30,0,0,0
2016-12-30,SCCO,31.000771,773.016469,23964.106375,5696.300000,5953.500000,511.500000,5442.000000,29406.106375,668.400000,1892.359000,35.852942,4.206960,15.539391,13.072522,2.495212,16.050000,3.357286,2016-09-30,0,0,0
2017-01-03,SCCO,31.427832,773.016469,24294.231450,5696.300000,5953.500000,511.500000,5442.000000,29736.231450,668.400000,1892.359000,36.346845,4.264914,15.713843,13.072522,2.488635,16.480000,3.378571,2016-09-30,0,0,0
2017-01-04,SCCO,32.485780,773.016469,25112.043139,5696.300000,5953.500000,511.500000,5442.000000,30554.043139,668.400000,1892.359000,37.570382,4.408483,16.146008,13.072522,2.553271,16.475000,3.389286,2016-09-30,0,0,0
2017-01-05,SCCO,32.505191,773.016469,25127.048198,5696.300000,5953.500000,511.500000,5442.000000,30569.048198,668.400000,1892.359000,37.592831,4.411117,16.153937,13.072522,2.522200,16.665000,3.371429,2016-09-30,0,0,0
2017-01-06,SCCO,32.602250,773.016469,25202.076554,5696.300000,5953.500000,511.500000,5442.000000,30644.076554,668.400000,1892.359000,37.705082,4.424289,16.193585,13.072522,2.526169,16.480000,3.375000,2016-09-30,0,0,0
2017-01-09,SCCO,32.320777,773.016469,24984.493249,5696.300000,5953.500000,511.500000,5442.000000,30426.493249,668.400000,1892.359000,37.379553,4.386092,16.078605,13.072522,2.526510,16.695000,3.384857,2016-09-30,0,0,0
2017-01-10,SCCO,33.174901,773.016469,25644.744930,5696.300000,5953.500000,511.500000,5442.000000,31086.744930,668.400000,1892.359000,38.367362,4.502000,16.427509,13.072522,2.601806,16.910000,3.390000,2016-09-30,0,0,0
2017-01-11,SCCO,32.738134,773.016469,25307.116560,5696.300000,5953.500000,511.500000,5442.000000,30749.116560,668.400000,1892.359000,37.862233,4.442729,16.249093,13.072522,2.580827,16.640000,3.390714,2016-09-30,0,0,0
2017-01-12,SCCO,33.834906,773.016469,26154.939898,5696.300000,5953.500000,511.500000,5442.000000,31596.939898,668.400000,1892.359000,39.130670,4.591566,16.697117,13.072522,2.637073,16.815000,3.365429,2016-09-30,0,0,0
2017-01-13,SCCO,34.310498,773.016469,26522.579917,5696.300000,5953.500000,511.500000,5442.000000,31964.579917,668.400000,1892.359000,39.680700,4.656107,16.891393,13.072522,2.668824,16.765000,3.365857,2016-09-30,0,0,0
2017-01-17,SCCO,34.116379,773.016469,26372.523203,5696.300000,5953.500000,511.500000,5442.000000,31814.523203,668.400000,1892.359000,39.456199,4.629764,16.812097,12.296205,2.599651,17.100000,3.352286,2016-09-30,0,0,0
2017-01-18,SCCO,34.834618,773.016469,26927.733348,5696.300000,5953.500000,511.500000,5442.000000,32369.733348,668.400000,1892.359000,40.286854,4.727232,17.105493,12.296205,2.603847,17.270000,3.349000,2016-09-30,0,0,0
2017-01-19,SCCO,34.795792,773.016469,26897.720168,5696.300000,5953.500000,511.500000,5442.000000,32339.720168,668.400000,1892.359000,40.241951,4.721963,17.089633,12.296205,2.591600,16.885000,3.333714,2016-09-30,0,0,0
2017-01-20,SCCO,34.951088,773.016469,27017.766763,5696.300000,5953.500000,511.500000,5442.000000,32459.766763,668.400000,1892.359000,40.421554,4.743038,17.153070,12.296205,2.599084,17.010000,3.305714,2016-09-30,0,0,0
2017-01-23,SCCO,35.640211,773.016469,27550.470085,5696.300000,5953.500000,511.500000,5442.000000,32992.470085,668.400000,1892.359000,41.218537,4.836555,17.434572,12.296205,2.618816,17.195000,3.289143,2016-09-30,0,0,0
2017-01-24,SCCO,36.824334,773.016469,28465.816953,5696.300000,5953.500000,511.500000,5442.000000,33907.816953,668.400000,1892.359000,42.587997,4.997247,17.918279,12.296205,2.687988,17.195000,3.284286,2016-09-30,0,0,0
2017-01-25,SCCO,37.503751,773.016469,28991.016980,5696.300000,5953.500000,511.500000,5442.000000,34433.016980,668.400000,1892.359000,43.373754,5.089447,18.195816,12.296205,2.686287,16.995000,3.282000,2016-09-30,0,0,0
2017-01-26,SCCO,36.707864,773.016469,28375.783538,5696.300000,5953.500000,511.500000,5442.000000,33817.783538,668.400000,1892.359000,42.453297,4.981441,17.870702,12.296205,2.648072,16.725000,3.303286,2016-09-30,0,0,0
2017-01-27,SCCO,37.309632,773.016469,28840.960267,5696.300000,5953.500000,511.500000,5442.000000,34282.960267,668.400000,1892.359000,43.149252,5.063104,18.116520,12.296205,2.668711,17.070000,3.292286,2016-09-30,0,0,0
2017-01-30,SCCO,37.231984,773.016469,28780.936969,5696.300000,5953.500000,511.500000,5442.000000,34222.936969,668.400000,1892.359000,43.059451,5.052567,18.084802,12.296205,2.635825,17.125000,3.290286,2016-09-30,0,0,0
2017-01-31,SCCO,37.231984,773.016469,28780.936969,5696.300000,5953.500000,511.500000,5442.000000,34222.936969,668.400000,1892.359000,43.059451,5.052567,18.084802,12.296205,2.718946,17.545000,3.283429,2016-09-30,0,0,0
2017-02-01,SCCO,37.464929,773.016469,28961.006862,5696.300000,5953.500000,511.500000,5442.000000,34403.006862,668.400000,1892.359000,43.328855,5.084179,18.179958,12.296205,2.692524,17.460000,3.270857,2016-09-30,0,0,0
2017-02-02,SCCO,37.950223,773.016469,29336.147114,5696.300000,5953.500000,511.500000,5442.000000,34778.147114,668.400000,1892.359000,43.890106,5.150035,18.378197,12.296205,2.662814,17.550000,3.258714,2016-09-30,0,0,0
2017-02-03,SCCO,37.309632,773.016469,28840.960267,5696.300000,5953.500000,511.500000,5442.000000,34282.960267,668.400000,1892.359000,43.149252,5.063104,18.116520,12.296205,2.614393,17.515000,3.250714,2016-09-30,0,0,0
2017-02-06,SCCO,36.756393,773.016469,28413.296950,5696.300000,5953.500000,511.500000,5442.000000,33855.296950,668.400000,1892.359000,42.509421,4.988027,17.890526,12.296205,2.647052,17.665000,3.278571,2016-09-30,0,0,0
2017-02-07,SCCO,36.834041,773.016469,28473.320248,5696.300000,5953.500000,511.500000,5442.000000,33915.320248,668.400000,1892.359000,42.599222,4.998564,17.922244,12.296205,2.621537,17.740000,3.294429,2016-09-30,0,0,0
2017-02-08,SCCO,37.561986,773.016469,29036.033688,5696.300000,5953.500000,511.500000,5442.000000,34478.033688,668.400000,1892.359000,43.441104,5.097350,18.219605,12.296205,2.666216,17.830000,3.289286,2016-09-30,0,0,0
2017-02-09,SCCO,36.319627,773.016469,28075.670112,5696.300000,5953.500000,511.500000,5442.000000,33517.670112,668.400000,1892.359000,42.004294,4.928756,17.712110,12.296205,2.634805,17.700000,3.274429,2016-09-30,0,0,0
2017-02-10,SCCO,36.843747,773.016469,28480.823543,5696.300000,5953.500000,511.500000,5442.000000,33922.823543,668.400000,1892.359000,42.610448,4.999881,17.926209,12.296205,2.758976,17.985000,3.259714,2016-09-30,0,0,0
2017-02-13,SCCO,37.503751,773.016469,28991.016980,5696.300000,5953.500000,511.500000,5442.000000,34433.016980,668.400000,1892.359000,43.373754,5.089447,18.195816,12.296205,2.768501,17.850000,3.265286,2016-09-30,0,0,0
2017-02-14,SCCO,37.494044,773.016469,28983.513685,5696.300000,5953.500000,511.500000,5442.000000,34425.513685,668.400000,1892.359000,43.362528,5.088130,18.191851,12.296205,2.723482,17.895000,3.262286,2016-09-30,0,0,0
2017-02-15,SCCO,37.173749,773.016469,28735.920262,5696.300000,5953.500000,511.500000,5442.000000,34177.920262,668.400000,1892.359000,42.992101,5.044664,18.061013,12.296205,2.743327,17.960000,3.254714,2016-09-30,0,0,0
2017-02-16,SCCO,36.863156,773.016469,28495.827071,5696.300000,5953.500000,511.500000,5442.000000,33937.827071,668.400000,1892.359000,42.632895,5.002515,17.934138,12.296205,2.713843,18.090000,3.248571,2016-09-30,0,0,0
2017-02-17,SCCO,36.203153,773.016469,27985.633634,5696.300000,5953.500000,511.500000,5442.000000,33427.633634,668.400000,1892.359000,41.869590,4.912949,17.664531,12.296205,2.696607,18.060000,3.263286,2016-09-30,0,0,0
2017-02-21,SCCO,36.901983,773.016469,28525.840251,5696.300000,5953.500000,511.500000,5442.000000,33967.840251,668.400000,1892.359000,42.677798,5.007784,17.949998,12.296205,2.742193,18.045000,3.251143,2016-09-30,0,0,0
2017-02-22,SCCO,36.358449,773.016469,28105.680229,5696.300000,5953.500000,511.500000,5442.000000,33547.680229,668.400000,1892.359000,42.049192,4.934024,17.727968,12.296205,2.733234,17.955000,3.243571,2016-09-30,0,0,0
2017-02-23,SCCO,35.766388,773.016469,27648.006795,5696.300000,5953.500000,511.500000,5442.000000,33090.006795,668.400000,1892.359000,41.364463,4.853678,17.486115,12.296205,2.651134,18.135000,3.241857,2016-09-30,0,0,0
2017-02-24,SCCO,35.222855,773.016469,27227.846774,5696.300000,5953.500000,511.500000,5442.000000,32669.846774,668.400000,1892.359000,40.735857,4.779918,17.264085,12.296205,2.682999,18.375000,3.252714,2016-09-30,0,0,0
2017-02-27,SCCO,35.737268,773.016469,27625.496910,5696.300000,5953.500000,511.500000,5442.000000,33067.496910,668.400000,1892.359000,41.330785,4.849726,17.474220,12.296205,2.687081,18.475000,3.253286,2016-09-30,0,0,0
2017-02-28,SCCO,35.581976,773.016469,27505.453377,5696.300000,5953.500000,511.500000,5442.000000,32947.453377,668.400000,1892.359000,41.151187,4.828653,17.410784,12.296205,2.706359,18.445000,3.262143,2016-09-30,0,0,0
2017-03-01,SCCO,36.814628,773.016469,28458.313658,5696.300000,5953.500000,511.500000,5442.000000,33900.313658,668.400000,1892.359000,42.576771,4.995930,17.914314,12.296205,2.722915,18.430000,3.264571,2016-09-30,0,0,0
2017-03-02,SCCO,35.776094,773.016469,27655.510090,5832.300000,5954.200000,546.000000,5408.200000,33063.710090,778.700000,2211.300000,35.514974,4.741785,14.952159,12.296205,2.684360,18.030000,3.273857,2016-12-31,0,0,0
2017-03-03,SCCO,36.144918,773.016469,27940.616926,5832.300000,5954.200000,546.000000,5408.200000,33348.816926,778.700000,2211.300000,35.881106,4.790669,15.081091,12.296205,2.678803,17.700000,3.284571,2016-12-31,0,0,0
2017-03-06,SCCO,35.737268,773.016469,27625.496910,5832.300000,5954.200000,546.000000,5408.200000,33033.696910,778.700000,2211.300000,35.476431,4.736639,14.938587,12.296205,2.650680,17.785000,3.289857,2016-12-31,0,0,0
2017-03-07,SCCO,35.387854,773.016469,27355.393602,5832.300000,5954.200000,546.000000,5408.200000,32763.593602,778.700000,2211.300000,35.129567,4.690327,14.816440,12.296205,2.610311,17.545000,3.293286,2016-12-31,0,0,0
2017-03-08,SCCO,34.999617,773.016469,27055.280176,5832.300000,5954.200000,546.000000,5408.200000,32463.480176,778.700000,2211.300000,34.744164,4.638870,14.680722,12.296205,2.606909,17.290000,3.295143,2016-12-31,0,0,0
2017-03-09,SCCO,34.116379,773.016469,26372.523203,5832.300000,5954.200000,546.000000,5408.200000,31780.723203,778.700000,2211.300000,33.867373,4.521805,14.371964,12.296205,2.573003,17.100000,3.297286,2016-12-31,0,0,0
2017-03-10,SCCO,34.349320,773.016469,26552.590034,5832.300000,5954.200000,546.000000,5408.200000,31960.790034,778.700000,2211.300000,34.098613,4.552679,14.453394,12.296205,2.592847,16.930000,3.283714,2016-12-31,0,0,0
2017-03-13,SCCO,34.591967,773.016469,26740.160160,5832.300000,5954.200000,546.000000,5408.200000,32148.360160,778.700000,2211.300000,34.339489,4.584840,14.538217,12.296205,2.620176,17.010000,3.288000,2016-12-31,0,0,0
2017-03-14,SCCO,34.038731,773.016469,26312.499906,5832.300000,5954.200000,546.000000,5408.200000,31720.699906,778.700000,2211.300000,33.790291,4.511513,14.344820,12.296205,2.630042,17.015000,3.286286,2016-12-31,0,0,0
2017-03-15,SCCO,34.989914,773.016469,27047.779943,5832.300000,5954.200000,546.000000,5408.200000,32455.979943,778.700000,2211.300000,34.734532,4.637584,14.677330,12.296205,2.650340,16.875000,3.267714,2016-12-31,0,0,0
2017-03-16,SCCO,34.941382,773.016469,27010.263468,5832.300000,5954.200000,546.000000,5408.200000,32418.463468,778.700000,2211.300000,34.686353,4.631151,14.660364,12.296205,2.671772,17.345000,3.251429,2016-12-31,0,0,0
2017-03-17,SCCO,35.067558,773.016469,27107.800178,5832.300000,5954.200000,546.000000,5408.200000,32516.000178,778.700000,2211.300000,34.811609,4.647875,14.704473,12.296205,2.683679,17.350000,3.249571,2016-12-31,0,0,0
2017-03-20,SCCO,35.329618,773.016469,27310.376894,5832.300000,5954.200000,546.000000,5408.200000,32718.576894,778.700000,2211.300000,35.071757,4.682608,14.796082,12.296205,2.655783,17.430000,3.252286,2016-12-31,0,0,0
2017-03-21,SCCO,34.834618,773.016469,26927.733348,5832.300000,5954.200000,546.000000,5408.200000,32335.933348,778.700000,2211.300000,34.580369,4.617001,14.623042,12.296205,2.607022,17.560000,3.245000,2016-12-31,0,0,0
2017-03-22,SCCO,35.416973,773.016469,27377.903487,5832.300000,5954.200000,546.000000,5408.200000,32786.103487,778.700000,2211.300000,35.158474,4.694186,14.826619,12.296205,2.621764,17.575000,3.252429,2016-12-31,0,0,0
2017-03-23,SCCO,35.339325,773.016469,27317.880189,5832.300000,5954.200000,546.000000,5408.200000,32726.080189,778.700000,2211.300000,35.081392,4.683895,14.799476,12.296205,2.629702,17.610000,3.246143,2016-12-31,0,0,0
2017-03-24,SCCO,35.475208,773.016469,27422.920195,5832.300000,5954.200000,546.000000,5408.200000,32831.120195,778.700000,2211.300000,35.216284,4.701905,14.846977,12.296205,2.620403,17.735000,3.243000,2016-12-31,0,0,0
2017-03-27,SCCO,34.737557,773.016469,26852.703460,5832.300000,5954.200000,546.000000,5408.200000,32260.903460,778.700000,2211.300000,34.484016,4.604136,14.589112,12.296205,2.602033,18.065000,3.248714,2016-12-31,0,0,0
2017-03-28,SCCO,34.970501,773.016469,27032.773353,5832.300000,5954.200000,546.000000,5408.200000,32440.973353,778.700000,2211.300000,34.715261,4.635011,14.670544,12.296205,2.653175,18.200000,3.245857,2016-12-31,0,0,0
2017-03-29,SCCO,35.086971,773.016469,27122.806769,5832.300000,5954.200000,546.000000,5408.200000,32531.006769,778.700000,2211.300000,34.830881,4.650448,14.711259,12.296205,2.668938,18.210000,3.242429,2016-12-31,0,0,0
2017-03-30,SCCO,35.135500,773.016469,27160.320181,5832.300000,5954.200000,546.000000,5408.200000,32568.520181,778.700000,2211.300000,34.879055,4.656880,14.728223,12.296205,2.693432,18.255000,3.245286,2016-12-31,0,0,0
2017-03-31,SCCO,34.834618,773.016469,26927.733348,5832.300000,5954.200000,546.000000,5408.200000,32335.933348,778.700000,2211.300000,34.580369,4.617001,14.623042,12.296205,2.638093,18.205000,3.249714,2016-12-31,0,0,0
2017-04-03,SCCO,34.960795,773.016469,27025.270058,5832.300000,5954.200000,546.000000,5408.200000,32433.470058,778.700000,2211.300000,34.705625,4.633724,14.667151,12.296205,2.598517,18.250000,3.248429,2016-12-31,0,0,0
2017-04-04,SCCO,35.077265,773.016469,27115.303474,5832.300000,5954.200000,546.000000,5408.200000,32523.503474,778.700000,2211.300000,34.821245,4.649161,14.707866,12.296205,2.609404,18.325000,3.252571,2016-12-31,0,0,0
2017-04-05,SCCO,35.086971,773.016469,27122.806769,5832.300000,5954.200000,546.000000,5408.200000,32531.006769,778.700000,2211.300000,34.830881,4.650448,14.711259,12.296205,2.660433,18.245000,3.248714,2016-12-31,0,0,0
2017-04-06,SCCO,35.290796,773.016469,27280.366777,5832.300000,5954.200000,546.000000,5408.200000,32688.566777,778.700000,2211.300000,35.033218,4.677463,14.782511,12.296205,2.642856,18.245000,3.248429,2016-12-31,0,0,0
2017-04-07,SCCO,35.164620,773.016469,27182.830066,5832.300000,5954.200000,546.000000,5408.200000,32591.030066,778.700000,2211.300000,34.907962,4.660739,14.738403,12.296205,2.630269,18.380000,3.247286,2016-12-31,0,0,0
2017-04-10,SCCO,35.125794,773.016469,27152.816886,5832.300000,5954.200000,546.000000,5408.200000,32561.016886,778.700000,2211.300000,34.869419,4.655593,14.724830,12.296205,2.591940,17.930000,3.247000,2016-12-31,0,0,0
2017-04-11,SCCO,35.407267,773.016469,27370.400192,5832.300000,5954.200000,546.000000,5408.200000,32778.600192,778.700000,2211.300000,35.148838,4.692900,14.823226,12.296205,2.603507,18.270000,3.251429,2016-12-31,0,0,0
2017-04-12,SCCO,34.300791,773.016469,26515.076621,5832.300000,5954.200000,546.000000,5408.200000,31923.276621,778.700000,2211.300000,34.050439,4.546247,14.436430,12.296205,2.540684,18.315000,3.254286,2016-12-31,0,0,0
2017-04-17,SCCO,34.397849,773.016469,26590.103447,5832.300000,5954.200000,546.000000,5408.200000,31998.303447,778.700000,2211.300000,34.146788,4.559111,14.470358,12.296205,2.567333,18.515000,3.251286,2016-12-31,0,0,0
2017-04-18,SCCO,33.931964,773.016469,26229.966723,5832.300000,5954.200000,546.000000,5408.200000,31638.166723,778.700000,2211.300000,33.684303,4.497362,14.307496,12.296205,2.512448,18.265000,3.252714,2016-12-31,0,0,0
2017-04-19,SCCO,33.873729,773.016469,26184.950015,5832.300000,5954.200000,546.000000,5408.200000,31593.150015,778.700000,2211.300000,33.626493,4.489644,14.287139,12.296205,2.505304,18.135000,3.250571,2016-12-31,0,0,0
2017-04-20,SCCO,34.349320,773.016469,26552.590034,5832.300000,5954.200000,546.000000,5408.200000,31960.790034,778.700000,2211.300000,34.098613,4.552679,14.453394,12.296205,2.538530,17.900000,3.244286,2016-12-31,0,0,0
2017-04-21,SCCO,34.242552,773.016469,26470.056851,5832.300000,5954.200000,546.000000,5408.200000,31878.256851,778.700000,2211.300000,33.992625,4.538528,14.416071,12.296205,2.537396,17.860000,3.243429,2016-12-31,0,0,0
2017-04-24,SCCO,34.475497,773.016469,26650.126744,5832.300000,5954.200000,546.000000,5408.200000,32058.326744,778.700000,2211.300000,34.223869,4.569403,14.497502,12.296205,2.551230,17.875000,3.242571,2016-12-31,0,0,0
2017-04-25,SCCO,34.650206,773.016469,26785.179930,5832.300000,5954.200000,546.000000,5408.200000,32193.379930,778.700000,2211.300000,34.397303,4.592559,14.558576,12.296205,2.575271,17.705000,3.247000,2016-12-31,0,0,0
2017-04-26,SCCO,34.999617,773.016469,27055.280176,5832.300000,5954.200000,546.000000,5408.200000,32463.480176,778.700000,2211.300000,34.744164,4.638870,14.680722,12.296205,2.580487,17.445000,3.250429,2016-12-31,0,0,0
2017-04-27,SCCO,34.359026,773.016469,26560.093329,5832.300000,5954.200000,546.000000,5408.200000,31968.293329,778.700000,2211.300000,34.108249,4.553966,14.456787,12.296205,2.571302,17.300000,3.248143,2016-12-31,0,0,0
2017-04-28,SCCO,34.329907,773.016469,26537.583444,5832.300000,5954.200000,546.000000,5408.200000,31945.783444,778.700000,2211.300000,34.079342,4.550106,14.446608,12.296205,2.590239,17.200000,3.244714,2016-12-31,0,0,0
2017-05-02,SCCO,34.232850,773.016469,26462.556619,5832.300000,5954.200000,546.000000,5408.200000,31870.756619,778.700000,2211.300000,33.982993,4.537242,14.412679,12.296205,2.617455,16.835000,3.248714,2016-12-31,0,0,0
2017-05-03,SCCO,32.883724,773.016469,25419.659860,5832.300000,5954.200000,546.000000,5408.200000,30827.859860,778.700000,2211.300000,32.643714,4.358428,13.941057,12.296205,2.525035,16.530000,3.250857,2016-12-31,0,0,0
2017-05-04,SCCO,32.039306,773.016469,24766.911474,5832.300000,5954.200000,546.000000,5408.200000,30175.111474,778.700000,2211.300000,31.805460,4.246508,13.645870,12.296205,2.502923,16.260000,3.271429,2016-12-31,0,0,0
2017-05-05,SCCO,32.699310,773.016469,25277.104911,5832.300000,5954.200000,546.000000,5408.200000,30685.304911,778.700000,2211.300000,32.460646,4.333986,13.876591,12.296205,2.523334,16.300000,3.274286,2016-12-31,0,0,0
2017-05-08,SCCO,32.718723,773.016469,25292.111501,5832.300000,5954.200000,546.000000,5408.200000,30700.311501,778.700000,2211.300000,32.479917,4.336559,13.883377,12.296205,2.477408,16.240000,3.286143,2016-12-31,0,0,0
2017-05-09,SCCO,32.835193,773.016469,25382.144916,6084.700000,5954.900000,698.700000,5256.200000,30638.344916,908.300000,2453.600000,27.944671,4.171470,12.487099,12.296205,2.488521,16.115000,3.290143,2017-03-31,0,0,0
2017-05-10,SCCO,33.165195,773.016469,25637.241635,6084.700000,5954.900000,698.700000,5256.200000,30893.441635,908.300000,2453.600000,28.225522,4.213395,12.591067,12.296205,2.483532,16.225000,3.288286,2017-03-31,0,0,0
2017-05-11,SCCO,33.893142,773.016469,26199.956605,6084.700000,5954.900000,698.700000,5256.200000,31456.156605,908.300000,2453.600000,28.845047,4.305875,12.820409,12.296205,2.504397,16.230000,3.288857,2017-03-31,0,0,0
2017-05-12,SCCO,33.582553,773.016469,25959.866477,6084.700000,5954.900000,698.700000,5256.200000,31216.066477,908.300000,2453.600000,28.580718,4.266417,12.722557,12.296205,2.512335,16.415000,3.278857,2017-03-31,0,0,0
2017-05-15,SCCO,33.660197,773.016469,26019.886712,6084.700000,5954.900000,698.700000,5256.200000,31276.086712,908.300000,2453.600000,28.646798,4.276281,12.747019,12.296205,2.537056,16.655000,3.262714,2017-03-31,0,0,0
2017-05-16,SCCO,33.582553,773.016469,25959.866477,6084.700000,5954.900000,698.700000,5256.200000,31216.066477,908.300000,2453.600000,28.580718,4.266417,12.722557,12.296205,2.537736,16.725000,3.260000,2017-03-31,0,0,0
2017-05-17,SCCO,32.670192,773.016469,25254.596557,6084.700000,5954.900000,698.700000,5256.200000,30510.796557,908.300000,2453.600000,27.804246,4.150508,12.435114,12.296205,2.536715,16.875000,3.272714,2017-03-31,0,0,0
2017-05-18,SCCO,32.670192,773.016469,25254.596557,6084.700000,5954.900000,698.700000,5256.200000,30510.796557,908.300000,2453.600000,27.804246,4.150508,12.435114,12.296205,2.522881,16.690000,3.284714,2017-03-31,0,0,0
2017-05-19,SCCO,33.563140,773.016469,25944.859887,6084.700000,5954.900000,698.700000,5256.200000,31201.059887,908.300000,2453.600000,28.564197,4.263951,12.716441,12.296205,2.569714,16.750000,3.268714,2017-03-31,0,0,0
2017-05-22,SCCO,34.067847,773.016469,26335.006728,6084.700000,5954.900000,698.700000,5256.200000,31591.206728,908.300000,2453.600000,28.993732,4.328070,12.875451,12.296205,2.580487,17.150000,3.273286,2017-03-31,0,0,0
2017-05-23,SCCO,33.980492,773.016469,26267.480136,6084.700000,5954.900000,698.700000,5256.200000,31523.680136,908.300000,2453.600000,28.919388,4.316972,12.847930,12.296205,2.583209,17.090000,3.283143,2017-03-31,0,0,0
2017-05-24,SCCO,33.786374,773.016469,26117.423423,6084.700000,5954.900000,698.700000,5256.200000,31373.623423,908.300000,2453.600000,28.754182,4.292311,12.786772,12.296205,2.568467,17.070000,3.276857,2017-03-31,0,0,0
2017-05-25,SCCO,33.873729,773.016469,26184.950015,6084.700000,5954.900000,698.700000,5256.200000,31441.150015,908.300000,2453.600000,28.828526,4.303409,12.814293,12.296205,2.588198,17.185000,3.265714,2017-03-31,0,0,0
2017-05-26,SCCO,33.864022,773.016469,26177.446720,6084.700000,5954.900000,698.700000,5256.200000,31433.646720,908.300000,2453.600000,28.820265,4.302175,12.811235,12.296205,2.557354,17.295000,3.273000,2017-03-31,0,0,0
2017-05-30,SCCO,34.077553,773.016469,26342.510023,6084.700000,5954.900000,698.700000,5256.200000,31598.710023,908.300000,2453.600000,29.001993,4.329303,12.878509,12.296205,2.555199,17.385000,3.286429,2017-03-31,0,0,0
2017-05-31,SCCO,33.931964,773.016469,26229.966723,6084.700000,5954.900000,698.700000,5256.200000,31486.166723,908.300000,2453.600000,28.878087,4.310807,12.832640,12.296205,2.566312,17.350000,3.273429,2017-03-31,0,0,0
2017-06-01,SCCO,33.699023,773.016469,26049.899892,6084.700000,5954.900000,698.700000,5256.200000,31306.099892,908.300000,2453.600000,28.679841,4.281214,12.759252,12.296205,2.574137,17.195000,3.271571,2017-03-31,0,0,0
2017-06-02,SCCO,33.514607,773.016469,25907.343412,6084.700000,5954.900000,698.700000,5256.200000,31163.543412,908.300000,2453.600000,28.522893,4.257785,12.701151,12.296205,2.558261,17.515000,3.272429,2017-03-31,0,0,0
2017-06-05,SCCO,33.669904,773.016469,26027.390007,6084.700000,5954.900000,698.700000,5256.200000,31283.590007,908.300000,2453.600000,28.655059,4.277514,12.750077,12.296205,2.539097,17.545000,3.272000,2017-03-31,0,0,0
2017-06-06,SCCO,33.970790,773.016469,26259.979903,6084.700000,5954.900000,698.700000,5256.200000,31516.179903,908.300000,2453.600000,28.911131,4.315739,12.844873,12.296205,2.533767,17.710000,3.266714,2017-03-31,0,0,0
2017-06-07,SCCO,34.029025,773.016469,26304.996611,6084.700000,5954.900000,698.700000,5256.200000,31561.196611,908.300000,2453.600000,28.960692,4.323138,12.863220,12.296205,2.536375,17.625000,3.268571,2017-03-31,0,0,0
2017-06-08,SCCO,34.951088,773.016469,27017.766763,6084.700000,5954.900000,698.700000,5256.200000,32273.966763,908.300000,2453.600000,29.745422,4.440279,13.153720,12.296205,2.587178,17.450000,3.272429,2017-03-31,0,0,0
2017-06-09,SCCO,35.203442,773.016469,27212.840184,6084.700000,5954.900000,698.700000,5256.200000,32469.040184,908.300000,2453.600000,29.960190,4.472339,13.233225,12.296205,2.621537,17.215000,3.269857,2017-03-31,0,0,0
2017-06-12,SCCO,34.824911,773.016469,26920.230053,6084.700000,5954.900000,698.700000,5256.200000,32176.430053,908.300000,2453.600000,29.638038,4.424249,13.113967,12.296205,2.604981,16.935000,3.277286,2017-03-31,0,0,0
2017-06-13,SCCO,35.096678,773.016469,27130.310064,6084.700000,5954.900000,698.700000,5256.200000,32386.510064,908.300000,2453.600000,29.869327,4.458775,13.199588,12.296205,2.578899,16.800000,3.277286,2017-03-31,0,0,0
2017-06-14,SCCO,34.300791,773.016469,26515.076621,6084.700000,5954.900000,698.700000,5256.200000,31771.276621,908.300000,2453.600000,29.191981,4.357664,12.948841,12.296205,2.571188,17.175000,3.270429,2017-03-31,0,0,0
2017-06-15,SCCO,33.339902,773.016469,25772.293289,6084.700000,5954.900000,698.700000,5256.200000,31028.493289,908.300000,2453.600000,28.374208,4.235590,12.646109,12.296205,2.556560,16.735000,3.278857,2017-03-31,0,0,0
2017-06-16,SCCO,33.427257,773.016469,25839.819882,6084.700000,5954.900000,698.700000,5256.200000,31096.019882,908.300000,2453.600000,28.448552,4.246688,12.673631,12.296205,2.557807,16.675000,3.276000,2017-03-31,0,0,0
2017-06-19,SCCO,33.699023,773.016469,26049.899892,6084.700000,5954.900000,698.700000,5256.200000,31306.099892,908.300000,2453.600000,28.679841,4.281214,12.759252,12.296205,2.586724,16.555000,3.269429,2017-03-31,0,0,0
2017-06-20,SCCO,32.679899,773.016469,25262.099852,6084.700000,5954.900000,698.700000,5256.200000,30518.299852,908.300000,2453.600000,27.812507,4.151741,12.438172,12.296205,2.553952,16.445000,3.274857,2017-03-31,0,0,0
2017-06-21,SCCO,33.009900,773.016469,25517.196571,6084.700000,5954.900000,698.700000,5256.200000,30773.396571,908.300000,2453.600000,28.093357,4.193666,12.542141,12.296205,2.593414,16.395000,3.271429,2017-03-31,0,0,0
2017-06-22,SCCO,33.378728,773.016469,25802.306469,6084.700000,5954.900000,698.700000,5256.200000,31058.506469,908.300000,2453.600000,28.407251,4.240522,12.658341,12.296205,2.596136,16.570000,3.267714,2017-03-31,0,0,0
2017-06-23,SCCO,33.854315,773.016469,26169.943425,6084.700000,5954.900000,698.700000,5256.200000,31426.143425,908.300000,2453.600000,28.812004,4.300942,12.808177,12.296205,2.621991,16.690000,3.256571,2017-03-31,0,0,0
2017-06-26,SCCO,33.999905,773.016469,26282.486726,6084.700000,5954.900000,698.700000,5256.200000,31538.686726,908.300000,2453.600000,28.935910,4.319438,12.854046,12.296205,2.617795,16.580000,3.253143,2017-03-31,0,0,0
2017-06-27,SCCO,33.349608,773.016469,25779.796584,6084.700000,5954.900000,698.700000,5256.200000,31035.996584,908.300000,2453.600000,28.382469,4.236823,12.649167,12.296205,2.648072,16.595000,3.256429,2017-03-31,0,0,0
2017-06-28,SCCO,33.563140,773.016469,25944.859887,6084.700000,5954.900000,698.700000,5256.200000,31201.059887,908.300000,2453.600000,28.564197,4.263951,12.716441,12.296205,2.661000,16.805000,3.252286,2017-03-31,0,0,0
2017-07-03,SCCO,34.058140,773.016469,26327.503433,6084.700000,5954.900000,698.700000,5256.200000,31583.703433,908.300000,2453.600000,28.985471,4.326837,12.872393,12.296205,2.679257,16.110000,3.254143,2017-03-31,0,0,0
2017-07-05,SCCO,34.213437,773.016469,26447.550029,6084.700000,5954.900000,698.700000,5256.200000,31703.750029,908.300000,2453.600000,29.117637,4.346566,12.921320,12.296205,2.637186,15.960000,3.261714,2017-03-31,0,0,0
2017-07-06,SCCO,33.728139,773.016469,26072.406715,6084.700000,5954.900000,698.700000,5256.200000,31328.606715,908.300000,2453.600000,28.704620,4.284912,12.768425,12.296205,2.641722,15.940000,3.256857,2017-03-31,0,0,0
2017-07-07,SCCO,33.951377,773.016469,26244.973313,6084.700000,5954.900000,698.700000,5256.200000,31501.173313,908.300000,2453.600000,28.894609,4.313273,12.838757,12.296205,2.632650,15.390000,3.250857,2017-03-31,0,0,0
2017-07-10,SCCO,34.737557,773.016469,26852.703460,6084.700000,5954.900000,698.700000,5256.200000,32108.903460,908.300000,2453.600000,29.563694,4.413152,13.086446,12.296205,2.629021,15.560000,3.255714,2017-03-31,0,0,0
2017-07-11,SCCO,34.921969,773.016469,26995.256878,6084.700000,5954.900000,698.700000,5256.200000,32251.456878,908.300000,2453.600000,29.720640,4.436580,13.144546,12.296205,2.652268,15.705000,3.255286,2017-03-31,0,0,0
2017-07-12,SCCO,35.329618,773.016469,27310.376894,6084.700000,5954.900000,698.700000,5256.200000,32566.576894,908.300000,2453.600000,30.067573,4.488369,13.272977,12.296205,2.666896,15.905000,3.252000,2017-03-31,0,0,0
2017-07-13,SCCO,35.494621,773.016469,27437.926785,6084.700000,5954.900000,698.700000,5256.200000,32694.126785,908.300000,2453.600000,30.208000,4.509331,13.324962,12.296205,2.655103,15.710000,3.250143,2017-03-31,0,0,0
2017-07-14,SCCO,35.999328,773.016469,27828.073626,6084.700000,5954.900000,698.700000,5256.200000,33084.273626,908.300000,2453.600000,30.637536,4.573450,13.483972,12.296205,2.678576,15.890000,3.245143,2017-03-31,0,0,0
2017-07-17,SCCO,36.814628,773.016469,28458.313658,6084.700000,5954.900000,698.700000,5256.200000,33714.513658,908.300000,2453.600000,31.331403,4.677028,13.740835,12.296205,2.708400,16.080000,3.251571,2017-03-31,0,0,0
2017-07-18,SCCO,36.698158,773.016469,28368.280243,6084.700000,5954.900000,698.700000,5256.200000,33624.480243,908.300000,2453.600000,31.232280,4.662232,13.704141,12.296205,2.709534,16.265000,3.246286,2017-03-31,0,0,0
2017-07-19,SCCO,36.853454,773.016469,28488.326838,6084.700000,5954.900000,698.700000,5256.200000,33744.526838,908.300000,2453.600000,31.364447,4.681961,13.753068,12.296205,2.689576,16.275000,3.243286,2017-03-31,0,0,0
2017-07-20,SCCO,36.620509,773.016469,28308.256945,6084.700000,5954.900000,698.700000,5256.200000,33564.456945,908.300000,2453.600000,31.166197,4.652367,13.679678,12.296205,2.687648,16.335000,3.241143,2017-03-31,0,0,0
2017-07-21,SCCO,36.717571,773.016469,28383.286833,6084.700000,5954.900000,698.700000,5256.200000,33639.486833,908.300000,2453.600000,31.248802,4.664698,13.710257,12.296205,2.708400,16.430000,3.247429,2017-03-31,0,0,0
2017-07-24,SCCO,37.018453,773.016469,28615.873666,6084.700000,5954.900000,698.700000,5256.200000,33872.073666,908.300000,2453.600000,31.504870,4.702923,13.805051,12.296205,2.719173,16.485000,3.247286,2017-03-31,0,0,0
2017-07-25,SCCO,38.192874,773.016469,29523.720302,6084.700000,5954.900000,698.700000,5256.200000,34779.920302,908.300000,2453.600000,32.504371,4.852124,14.175057,12.296205,2.811025,16.480000,3.247286,2017-03-31,0,0,0
2017-07-26,SCCO,38.551991,773.016469,29801.323843,6084.700000,5954.900000,698.700000,5256.200000,35057.523843,908.300000,2453.600000,32.810001,4.897747,14.288199,12.296205,2.856611,16.425000,3.248429,2017-03-31,0,0,0
2017-07-31,SCCO,38.183167,773.016469,29516.217007,6084.700000,5954.900000,698.700000,5256.200000,34772.417007,908.300000,2453.600000,32.496110,4.850891,14.171999,12.296205,2.874075,16.820000,3.241429,2017-03-31,0,0,0
2017-08-01,SCCO,38.357872,773.016469,29651.267130,6084.700000,5954.900000,698.700000,5256.200000,34907.467130,908.300000,2453.600000,32.644795,4.873086,14.227041,12.296205,2.863642,16.735000,3.239571,2017-03-31,0,0,0
2017-08-02,SCCO,38.231696,773.016469,29553.730419,6084.700000,5954.900000,698.700000,5256.200000,34809.930419,908.300000,2453.600000,32.537411,4.857056,14.187288,12.296205,2.867724,16.720000,3.241429,2017-03-31,0,0,0
2017-08-03,SCCO,38.280224,773.027269,29591.657258,6292.300000,5955.600000,688.700000,5266.900000,34858.557258,986.300000,2601.100000,30.002694,4.702836,13.401468,12.296205,2.869312,16.615000,3.239286,2017-06-30,0,0,0
2017-08-04,SCCO,37.581399,773.027269,29051.446157,6292.300000,5955.600000,688.700000,5266.900000,34318.346157,986.300000,2601.100000,29.454979,4.616984,13.193782,12.296205,2.879291,16.280000,3.242714,2017-06-30,0,0,0
2017-08-07,SCCO,37.707576,773.027269,29148.984230,6292.300000,5955.600000,688.700000,5266.900000,34415.884230,986.300000,2601.100000,29.553872,4.632485,13.231281,12.296205,2.895847,16.250000,3.243714,2017-06-30,0,0,0
2017-08-08,SCCO,38.124932,773.027269,29471.612048,6292.300000,5955.600000,688.700000,5266.900000,34738.512048,986.300000,2601.100000,29.880981,4.683758,13.355316,12.296205,2.926351,16.355000,3.243143,2017-06-30,0,0,0
2017-08-09,SCCO,38.095812,773.027269,29449.101849,6292.300000,5955.600000,688.700000,5266.900000,34716.001849,986.300000,2601.100000,29.858159,4.680181,13.346662,12.296205,2.915125,16.860000,3.248286,2017-06-30,0,0,0
2017-08-10,SCCO,37.416396,773.027269,28923.894484,6292.300000,5955.600000,688.700000,5266.900000,34190.794484,986.300000,2601.100000,29.325656,4.596713,13.144744,12.296205,2.900156,17.085000,3.249571,2017-06-30,0,0,0
2017-08-11,SCCO,37.251397,773.027269,28796.345874,6292.300000,5955.600000,688.700000,5266.900000,34063.245874,986.300000,2601.100000,29.196336,4.576442,13.095708,12.296205,2.895280,17.060000,3.249286,2017-06-30,0,0,0
2017-08-14,SCCO,37.959929,773.027269,29344.060376,6292.300000,5955.600000,688.700000,5266.900000,34610.960376,986.300000,2601.100000,29.751658,4.663487,13.306278,12.296205,2.888249,17.110000,3.244571,2017-06-30,0,0,0
2017-08-15,SCCO,37.474631,773.027269,28968.911821,6292.300000,5955.600000,688.700000,5266.900000,34235.811821,986.300000,2601.100000,29.371299,4.603867,13.162051,12.296205,2.877590,16.670000,3.246714,2017-06-30,0,0,0
2017-08-16,SCCO,38.736403,773.027269,29944.295614,6292.300000,5955.600000,688.700000,5266.900000,35211.195614,986.300000,2601.100000,30.360231,4.758879,13.537040,12.296205,2.946763,16.970000,3.243429,2017-06-30,0,0,0
2017-08-17,SCCO,37.872575,773.027269,29276.532840,6292.300000,5955.600000,688.700000,5266.900000,34543.432840,986.300000,2601.100000,29.683193,4.652755,13.280317,12.296205,2.928506,17.050000,3.242714,2017-06-30,0,0,0
2017-08-18,SCCO,37.969636,773.027269,29351.563776,6292.300000,5955.600000,688.700000,5266.900000,34618.463776,986.300000,2601.100000,29.759266,4.664680,13.309163,12.296205,2.926691,17.055000,3.242714,2017-06-30,0,0,0
2017-08-21,SCCO,38.881993,773.027269,30056.840487,6292.300000,5955.600000,688.700000,5266.900000,35323.740487,986.300000,2601.100000,30.474339,4.776765,13.580309,12.296205,2.971597,17.025000,3.239714,2017-06-30,0,0,0
2017-08-22,SCCO,39.619644,773.027269,30627.065188,6292.300000,5955.600000,688.700000,5266.900000,35893.965188,986.300000,2601.100000,31.052484,4.867388,13.799533,12.296205,2.969783,17.020000,3.238429,2017-06-30,0,0,0
2017-08-23,SCCO,39.493467,773.027269,30529.527115,6292.300000,5955.600000,688.700000,5266.900000,35796.427115,986.300000,2601.100000,30.953591,4.851887,13.762034,12.296205,2.965247,17.025000,3.238857,2017-06-30,0,0,0
2017-08-24,SCCO,39.901117,773.027269,30844.651533,6292.300000,5955.600000,688.700000,5266.900000,36111.551533,986.300000,2601.100000,31.273093,4.901968,13.883185,12.296205,3.022399,16.990000,3.236857,2017-06-30,0,0,0
2017-08-25,SCCO,39.522587,773.027269,30552.037314,6292.300000,5955.600000,688.700000,5266.900000,35818.937314,986.300000,2601.100000,30.976414,4.855464,13.770688,12.296205,3.015709,17.075000,3.237286,2017-06-30,0,0,0
2017-08-28,SCCO,40.541711,773.027269,31339.848361,6292.300000,5955.600000,688.700000,5266.900000,36606.748361,986.300000,2601.100000,31.775168,4.980667,14.073564,12.296205,3.015709,17.380000,3.236286,2017-06-30,0,0,0
2017-08-29,SCCO,40.192297,773.027269,31069.741279,6292.300000,5955.600000,688.700000,5266.900000,36336.641279,986.300000,2601.100000,31.501309,4.937740,13.969721,12.296205,3.071728,17.560000,3.240571,2017-06-30,0,0,0
2017-08-31,SCCO,39.503174,773.027269,30537.030515,6292.300000,5955.600000,688.700000,5266.900000,35803.930515,986.300000,2601.100000,30.961199,4.853079,13.764919,12.296205,3.066058,17.570000,3.241286,2017-06-30,0,0,0
2017-09-01,SCCO,40.085529,773.027269,30987.206943,6292.300000,5955.600000,688.700000,5266.900000,36254.106943,986.300000,2601.100000,31.417628,4.924623,13.937990,12.296205,3.086469,17.710000,3.238857,2017-06-30,0,0,0
2017-09-05,SCCO,39.493467,773.027269,30529.527115,6292.300000,5955.600000,688.700000,5266.900000,35796.427115,986.300000,2601.100000,30.953591,4.851887,13.762034,12.296205,3.115953,17.930000,3.236714,2017-06-30,0,0,0
2017-09-06,SCCO,40.027294,773.027269,30942.189606,6292.300000,5955.600000,688.700000,5266.900000,36209.089606,986.300000,2601.100000,31.371986,4.917469,13.920683,12.296205,3.118674,17.995000,3.237000,2017-06-30,0,0,0
2017-09-07,SCCO,39.842882,773.027269,30799.634197,6292.300000,5955.600000,688.700000,5266.900000,36066.534197,986.300000,2601.100000,31.227450,4.894813,13.865878,12.296205,3.117881,18.080000,3.235286,2017-06-30,0,0,0
2017-09-08,SCCO,38.425814,773.027269,29704.202131,6292.300000,5955.600000,688.700000,5266.900000,34971.102131,986.300000,2601.100000,30.116802,4.720722,13.444736,12.296205,3.026482,18.060000,3.234000,2017-06-30,0,0,0
2017-09-11,SCCO,38.949934,773.027269,30109.361223,6292.300000,5955.600000,688.700000,5266.900000,35376.261223,986.300000,2601.100000,30.527589,4.785112,13.600500,12.296205,3.052336,17.885000,3.232143,2017-06-30,0,0,0
2017-09-12,SCCO,38.823757,773.027269,30011.823150,6292.300000,5955.600000,688.700000,5266.900000,35278.723150,986.300000,2601.100000,30.428696,4.769611,13.563001,12.296205,3.006070,17.840000,3.233857,2017-06-30,0,0,0
2017-09-13,SCCO,38.163754,773.027269,29501.622585,6292.300000,5955.600000,688.700000,5266.900000,34768.522585,986.300000,2601.100000,29.911409,4.688528,13.366853,12.296205,2.953453,17.725000,3.239571,2017-06-30,0,0,0
2017-09-14,SCCO,38.066697,773.027269,29426.594712,6292.300000,5955.600000,688.700000,5266.900000,34693.494712,986.300000,2601.100000,29.835339,4.676604,13.338009,12.296205,2.928279,17.715000,3.239571,2017-06-30,0,0,0
2017-09-15,SCCO,38.192874,773.027269,29524.132785,6292.300000,5955.600000,688.700000,5266.900000,34791.032785,986.300000,2601.100000,29.934232,4.692105,13.375508,12.296205,2.930660,17.680000,3.248143,2017-06-30,0,0,0
2017-09-18,SCCO,38.707287,773.027269,29921.788477,6292.300000,5955.600000,688.700000,5266.900000,35188.688477,986.300000,2601.100000,30.337411,4.755302,13.528387,12.296205,2.936897,17.200000,3.249000,2017-06-30,0,0,0
2017-09-19,SCCO,39.357584,773.027269,30424.485642,6292.300000,5955.600000,688.700000,5266.900000,35691.385642,986.300000,2601.100000,30.847091,4.835193,13.721651,12.296205,2.943021,17.280000,3.244714,2017-06-30,0,0,0
2017-09-20,SCCO,38.581110,773.027269,29824.250404,6292.300000,5955.600000,688.700000,5266.900000,35091.150404,986.300000,2601.100000,30.238518,4.739801,13.490889,12.296205,2.940186,17.295000,3.244714,2017-06-30,0,0,0
2017-09-21,SCCO,38.454934,773.027269,29726.712331,6292.300000,5955.600000,688.700000,5266.900000,34993.612331,986.300000,2601.100000,30.139625,4.724300,13.453390,12.296205,2.921135,17.025000,3.249857,2017-06-30,0,0,0
2017-09-22,SCCO,37.959929,773.027269,29344.060376,6292.300000,5955.600000,688.700000,5266.900000,34610.960376,986.300000,2601.100000,29.751658,4.663487,13.306278,12.296205,2.910135,16.970000,3.247429,2017-06-30,0,0,0
2017-09-25,SCCO,37.882281,773.027269,29284.036240,6292.300000,5955.600000,688.700000,5266.900000,34550.936240,986.300000,2601.100000,29.690800,4.653948,13.283202,12.296205,2.904919,17.030000,3.256143,2017-06-30,0,0,0
2017-09-26,SCCO,37.542573,773.027269,29021.432557,6292.300000,5955.600000,688.700000,5266.900000,34288.332557,986.300000,2601.100000,29.424549,4.612214,13.182243,12.296205,2.881672,16.880000,3.268857,2017-06-30,0,0,0
2017-09-27,SCCO,37.756104,773.027269,29186.498167,6292.300000,5955.600000,688.700000,5266.900000,34453.398167,986.300000,2601.100000,29.591907,4.638447,13.245703,12.296205,2.898455,16.795000,3.275857,2017-06-30,0,0,0
2017-09-28,SCCO,38.454934,773.027269,29726.712331,6292.300000,5955.600000,688.700000,5266.900000,34993.612331,986.300000,2601.100000,30.139625,4.724300,13.453390,12.296205,2.936330,16.770000,3.269143,2017-06-30,0,0,0
2017-09-29,SCCO,38.590817,773.027269,29831.753804,6292.300000,5955.600000,688.700000,5266.900000,35098.653804,986.300000,2601.100000,30.246126,4.740994,13.493773,12.296205,2.917620,16.765000,3.266143,2017-06-30,0,0,0
2017-10-02,SCCO,38.590817,773.027269,29831.753804,6292.300000,5955.600000,688.700000,5266.900000,35098.653804,986.300000,2601.100000,30.246126,4.740994,13.493773,12.296205,2.923970,16.655000,3.271000,2017-06-30,0,0,0
2017-10-03,SCCO,39.629350,773.027269,30634.568588,6292.300000,5955.600000,688.700000,5266.900000,35901.468588,986.300000,2601.100000,31.060092,4.868580,13.802418,12.296205,2.934176,16.640000,3.268000,2017-06-30,0,0,0
2017-10-04,SCCO,39.901117,773.027269,30844.651533,6292.300000,5955.600000,688.700000,5266.900000,36111.551533,986.300000,2601.100000,31.273093,4.901968,13.883185,12.296205,2.935310,16.625000,3.258714,2017-06-30,0,0,0
2017-10-05,SCCO,40.599946,773.027269,31384.865698,6292.300000,5955.600000,688.700000,5266.900000,36651.765698,986.300000,2601.100000,31.820811,4.987821,14.090871,12.296205,3.020131,16.670000,3.256714,2017-06-30,0,0,0
2017-10-06,SCCO,40.415531,773.027269,31242.307225,6292.300000,5955.600000,688.700000,5266.900000,36509.207225,986.300000,2601.100000,31.676272,4.965165,14.036064,12.296205,3.001194,16.825000,3.269714,2017-06-30,0,0,0
2017-10-09,SCCO,39.745825,773.027269,30724.606323,6292.300000,5955.600000,688.700000,5266.900000,35991.506323,986.300000,2601.100000,31.151380,4.882890,13.837033,12.296205,3.000627,16.905000,3.272143,2017-06-30,0,0,0
2017-10-10,SCCO,40.328180,773.027269,31174.782752,6292.300000,5955.600000,688.700000,5266.900000,36441.682752,986.300000,2601.100000,31.607810,4.954434,14.010104,12.296205,3.041904,17.180000,3.266286,2017-06-30,0,0,0
2017-10-11,SCCO,40.502885,773.027269,31309.834762,6292.300000,5955.600000,688.700000,5266.900000,36576.734762,986.300000,2601.100000,31.744738,4.975897,14.062026,12.296205,3.064470,17.120000,3.262000,2017-06-30,0,0,0
2017-10-12,SCCO,41.211417,773.027269,31857.549263,6292.300000,5955.600000,688.700000,5266.900000,37124.449263,986.300000,2601.100000,32.300060,5.062942,14.272596,12.296205,3.112211,17.195000,3.256143,2017-06-30,0,0,0
2017-10-13,SCCO,41.890834,773.027269,32382.756628,6292.300000,5955.600000,688.700000,5266.900000,37649.656628,986.300000,2601.100000,32.832563,5.146410,14.474513,12.296205,3.111190,17.330000,3.249714,2017-06-30,0,0,0
2017-10-16,SCCO,42.414958,773.027269,32787.918782,6292.300000,5955.600000,688.700000,5266.900000,38054.818782,986.300000,2601.100000,33.243353,5.210800,14.630279,12.296205,3.230485,17.400000,3.246429,2017-06-30,0,0,0
2017-10-17,SCCO,42.201426,773.027269,32622.853173,6292.300000,5955.600000,688.700000,5266.900000,37889.753173,986.300000,2601.100000,33.075994,5.184567,14.566819,12.296205,3.173332,16.985000,3.246000,2017-06-30,0,0,0
2017-10-18,SCCO,42.152898,773.027269,32585.339236,6292.300000,5955.600000,688.700000,5266.900000,37852.239236,986.300000,2601.100000,33.037959,5.178605,14.552397,12.296205,3.152013,17.005000,3.242714,2017-06-30,0,0,0
2017-10-19,SCCO,42.017010,773.027269,32480.294701,6292.300000,5955.600000,688.700000,5266.900000,37747.194701,986.300000,2601.100000,32.931456,5.161911,14.512012,12.296205,3.145210,17.235000,3.236714,2017-06-30,0,0,0
2017-10-20,SCCO,41.861718,773.027269,32360.249491,6292.300000,5955.600000,688.700000,5266.900000,37627.149491,986.300000,2601.100000,32.809743,5.142833,14.465860,12.296205,3.139540,17.005000,3.239286,2017-06-30,0,0,0
2017-10-23,SCCO,42.143191,773.027269,32577.835836,6292.300000,5955.600000,688.700000,5266.900000,37844.735836,986.300000,2601.100000,33.030352,5.177413,14.549512,12.296205,3.163920,16.985000,3.239286,2017-06-30,0,0,0
2017-10-24,SCCO,43.065254,773.027269,33290.615947,6292.300000,5955.600000,688.700000,5266.900000,38557.515947,986.300000,2601.100000,33.753032,5.290691,14.823542,12.296205,3.179569,16.935000,3.240000,2017-06-30,0,0,0
2017-10-25,SCCO,42.366425,773.027269,32750.401783,6292.300000,5955.600000,688.700000,5266.900000,38017.301783,986.300000,2601.100000,33.205315,5.204838,14.615856,12.296205,3.167776,16.920000,3.234714,2017-06-30,0,0,0
2017-10-26,SCCO,41.949073,773.027269,32427.777027,6292.300000,5955.600000,688.700000,5266.900000,37694.677027,986.300000,2601.100000,32.878208,5.153565,14.491822,12.296205,3.157457,16.915000,3.238571,2017-06-30,0,0,0
2017-10-27,SCCO,41.230830,773.027269,31872.556063,6292.300000,5955.600000,688.700000,5266.900000,37139.456063,986.300000,2601.100000,32.315275,5.065327,14.278365,12.296205,3.084655,16.720000,3.247714,2017-06-30,0,0,0
2017-10-30,SCCO,41.512303,773.027269,32090.142409,6292.300000,5955.600000,688.700000,5266.900000,37357.042409,986.300000,2601.100000,32.535884,5.099907,14.362017,12.296205,3.102118,16.785000,3.250714,2017-06-30,0,0,0
2017-10-31,SCCO,41.687009,773.027269,32225.194418,6292.300000,5955.600000,688.700000,5266.900000,37492.094418,986.300000,2601.100000,32.672812,5.121370,14.413938,12.296205,3.092026,16.675000,3.249286,2017-06-30,0,0,0
2017-11-02,SCCO,41.677306,773.027269,32217.694081,6292.300000,5955.600000,688.700000,5266.900000,37484.594081,986.300000,2601.100000,32.665207,5.120178,14.411055,12.296205,3.128880,17.125000,3.243571,2017-06-30,0,0,0
2017-11-03,SCCO,41.628773,773.027269,32180.177082,6292.300000,5955.600000,688.700000,5266.900000,37447.077082,986.300000,2601.100000,32.627169,5.114215,14.396631,12.296205,3.113685,16.830000,3.245286,2017-06-30,0,0,0
2017-11-06,SCCO,43.152605,773.027269,33358.140421,6292.300000,5955.600000,688.700000,5266.900000,38625.040421,986.300000,2601.100000,33.821495,5.301422,14.849502,12.296205,3.146570,17.190000,3.240143,2017-06-30,0,0,0
2017-11-07,SCCO,42.725546,773.028469,33028.063535,6589.500000,5956.300000,798.500000,5157.800000,38185.863535,1190.900000,2926.100000,27.733700,5.012226,13.050088,12.296205,3.081140,16.960000,3.241571,2017-09-30,0,0,0
2017-11-08,SCCO,43.084663,773.028469,33305.671386,6589.500000,5956.300000,798.500000,5157.800000,38463.471386,1190.900000,2926.100000,27.966808,5.054355,13.144961,12.296205,3.095995,17.190000,3.242857,2017-09-30,0,0,0
2017-11-09,SCCO,42.793488,773.028469,33080.584353,6589.500000,5956.300000,798.500000,5157.800000,38238.384353,1190.900000,2926.100000,27.777802,5.020196,13.068037,12.296205,3.074449,16.985000,3.245429,2017-09-30,0,0,0
2017-11-10,SCCO,42.618778,773.028469,32945.529071,6589.500000,5956.300000,798.500000,5157.800000,38103.329071,1190.900000,2926.100000,27.664396,4.999701,13.021882,12.296205,3.063449,16.870000,3.243571,2017-09-30,0,0,0
2017-11-13,SCCO,42.638191,773.028469,32960.535894,6589.500000,5956.300000,798.500000,5157.800000,38118.335894,1190.900000,2926.100000,27.676997,5.001978,13.027011,12.296205,3.111984,17.010000,3.242714,2017-09-30,0,0,0
2017-11-14,SCCO,41.638480,773.028469,32187.730448,6589.500000,5956.300000,798.500000,5157.800000,37345.530448,1190.900000,2926.100000,27.028072,4.884700,12.762903,12.296205,3.048141,17.020000,3.242429,2017-09-30,0,0,0
2017-11-15,SCCO,41.143476,773.028469,31805.077899,6589.500000,5956.300000,798.500000,5157.800000,36962.877899,1190.900000,2926.100000,26.706758,4.826630,12.632131,12.296205,3.055512,17.015000,3.251143,2017-09-30,0,0,0
2017-11-16,SCCO,41.211417,773.028469,31857.598717,6589.500000,5956.300000,798.500000,5157.800000,37015.398717,1190.900000,2926.100000,26.750860,4.834600,12.650080,12.296205,3.040316,17.095000,3.250857,2017-09-30,0,0,0
2017-11-17,SCCO,41.687009,773.028469,32225.244443,6589.500000,5956.300000,798.500000,5157.800000,37383.044443,1190.900000,2926.100000,27.059572,4.890393,12.775723,12.296205,3.058800,17.155000,3.244429,2017-09-30,0,0,0
2017-11-20,SCCO,41.861718,773.028469,32360.299725,6589.500000,5956.300000,798.500000,5157.800000,37518.099725,1190.900000,2926.100000,27.172978,4.910888,12.821879,12.296205,3.083181,16.930000,3.244143,2017-09-30,0,0,0
2017-11-21,SCCO,42.453780,773.028469,32817.980264,6589.500000,5956.300000,798.500000,5157.800000,37975.780264,1190.900000,2926.100000,27.557293,4.980345,12.978292,12.296205,3.119582,17.015000,3.235571,2017-09-30,0,0,0
2017-11-22,SCCO,42.521721,773.028469,32870.501082,6589.500000,5956.300000,798.500000,5157.800000,38028.301082,1190.900000,2926.100000,27.601395,4.988315,12.996241,12.296205,3.140220,17.145000,3.240143,2017-09-30,0,0,0
2017-11-24,SCCO,42.832310,773.028469,33110.594937,6589.500000,5956.300000,798.500000,5157.800000,38268.394937,1190.900000,2926.100000,27.803002,5.024751,13.078294,12.296205,3.166075,17.010000,3.237857,2017-09-30,0,0,0
2017-11-27,SCCO,41.890834,773.028469,32382.806897,6589.500000,5956.300000,798.500000,5157.800000,37540.606897,1190.900000,2926.100000,27.191877,4.914304,12.829571,12.296205,3.136818,17.070000,3.237143,2017-09-30,0,0,0
2017-11-28,SCCO,41.793776,773.028469,32307.778907,6589.500000,5956.300000,798.500000,5157.800000,37465.578907,1190.900000,2926.100000,27.128876,4.902918,12.803930,12.296205,3.073655,16.865000,3.236000,2017-09-30,0,0,0
2017-11-29,SCCO,41.250243,773.028469,31887.612363,6589.500000,5956.300000,798.500000,5157.800000,37045.412363,1190.900000,2926.100000,26.776062,4.839155,12.660337,12.296205,3.053017,16.605000,3.233857,2017-09-30,0,0,0
2017-11-30,SCCO,40.813478,773.028469,31549.980283,6589.500000,5956.300000,798.500000,5157.800000,36707.780283,1190.900000,2926.100000,26.492552,4.787917,12.544951,12.296205,3.054945,16.335000,3.234000,2017-09-30,0,0,0
2017-12-01,SCCO,41.502597,773.028469,32082.688812,6589.500000,5956.300000,798.500000,5157.800000,37240.488812,1190.900000,2926.100000,26.939868,4.868759,12.727005,12.296205,3.088284,16.410000,3.234143,2017-09-30,0,0,0
2017-12-04,SCCO,41.852011,773.028469,32352.796313,6589.500000,5956.300000,798.500000,5157.800000,37510.596313,1190.900000,2926.100000,27.166678,4.909750,12.819315,12.296205,3.084768,16.270000,3.234714,2017-09-30,0,0,0
2017-12-05,SCCO,41.172595,773.028469,31827.588133,6589.500000,5956.300000,798.500000,5157.800000,36985.388133,1190.900000,2926.100000,26.725660,4.830046,12.639824,12.296205,2.954247,16.065000,3.236143,2017-09-30,0,0,0
2017-12-06,SCCO,40.949357,773.028469,31655.018856,6589.500000,5956.300000,798.500000,5157.800000,36812.818856,1190.900000,2926.100000,26.580753,4.803857,12.580848,12.296205,2.956288,15.935000,3.236857,2017-09-30,0,0,0
2017-12-07,SCCO,41.007596,773.028469,31700.039326,6589.500000,5956.300000,798.500000,5157.800000,36857.839326,1190.900000,2926.100000,26.618557,4.810690,12.596234,12.296205,2.961958,15.755000,3.236714,2017-09-30,0,0,0
2017-12-11,SCCO,41.085244,773.028469,31760.063555,6589.500000,5956.300000,798.500000,5157.800000,36917.863555,1190.900000,2926.100000,26.668959,4.819799,12.616747,12.296205,3.009359,15.750000,3.235714,2017-09-30,0,0,0
2017-12-12,SCCO,41.036712,773.028469,31722.546497,6589.500000,5956.300000,798.500000,5157.800000,36880.346497,1190.900000,2926.100000,26.637456,4.814105,12.603926,12.296205,3.005730,15.635000,3.234571,2017-09-30,0,0,0
2017-12-13,SCCO,41.958775,773.028469,32435.327715,6589.500000,5956.300000,798.500000,5157.800000,37593.127715,1190.900000,2926.100000,27.235979,4.922274,12.847520,12.296205,3.035327,15.740000,3.233000,2017-09-30,0,0,0
2017-12-14,SCCO,41.648187,773.028469,32195.233859,6589.500000,5956.300000,798.500000,5157.800000,37353.033859,1190.900000,2926.100000,27.034372,4.885839,12.765467,12.296205,3.066738,15.840000,3.244714,2017-09-30,0,0,0
2017-12-15,SCCO,42.046130,773.028469,32502.855356,6589.500000,5956.300000,798.500000,5157.800000,37660.655356,1190.900000,2926.100000,27.292682,4.932522,12.870598,12.296205,3.109376,16.020000,3.268857,2017-09-30,0,0,0
2017-12-18,SCCO,43.288492,773.028469,33463.236902,6589.500000,5956.300000,798.500000,5157.800000,38621.036902,1190.900000,2926.100000,28.099116,5.078266,13.198810,12.296205,3.118107,16.135000,3.292429,2017-09-30,0,0,0
2017-12-19,SCCO,43.686436,773.028469,33770.858399,6589.500000,5956.300000,798.500000,5157.800000,38928.658399,1190.900000,2926.100000,28.357426,5.124950,13.303940,12.296205,3.132396,16.085000,3.273857,2017-09-30,0,0,0
2017-12-20,SCCO,44.773498,773.028469,34611.188424,6589.500000,5956.300000,798.500000,5157.800000,39768.988424,1190.900000,2926.100000,29.063052,5.252476,13.591124,12.296205,3.174126,16.210000,3.277286,2017-09-30,0,0,0
2017-12-21,SCCO,45.093797,773.028469,34858.788753,6589.500000,5956.300000,798.500000,5157.800000,40016.588753,1190.900000,2926.100000,29.270962,5.290051,13.675742,12.296205,3.194651,16.200000,3.270714,2017-09-30,0,0,0
2017-12-22,SCCO,44.851146,773.028469,34671.212653,6589.500000,5956.300000,798.500000,5157.800000,39829.012653,1190.900000,2926.100000,29.113454,5.261585,13.611638,12.296205,3.213702,16.415000,3.240286,2017-09-30,0,0,0
2017-12-26,SCCO,45.200561,773.028469,34941.320155,6589.500000,5956.300000,798.500000,5157.800000,40099.120155,1190.900000,2926.100000,29.340264,5.302575,13.703947,12.296205,3.213702,16.530000,3.239857,2017-09-30,0,0,0
2017-12-27,SCCO,45.705268,773.028469,35331.473053,6589.500000,5956.300000,798.500000,5157.800000,40489.273053,1190.900000,2926.100000,29.667876,5.361784,13.837283,12.296205,3.266886,16.690000,3.241857,2017-09-30,0,0,0
2017-12-28,SCCO,46.229392,773.028469,35736.635836,6589.500000,5956.300000,798.500000,5157.800000,40894.435836,1190.900000,2926.100000,30.008091,5.423270,13.975748,12.296205,3.290246,16.840000,3.242714,2017-09-30,0,0,0
2017-12-29,SCCO,46.054682,773.028469,35601.580554,6589.500000,5956.300000,798.500000,5157.800000,40759.380554,1190.900000,2926.100000,29.894685,5.402774,13.929592,12.296205,3.269040,17.010000,3.240571,2017-09-30,0,0,0
2018-01-03,SCCO,47.549398,773.028469,36757.038550,6589.500000,5956.300000,798.500000,5157.800000,41914.838550,1190.900000,2926.100000,30.864924,5.578123,14.324472,12.296205,3.220959,17.185000,3.228143,2017-09-30,0,0,0
2018-01-04,SCCO,47.306747,773.028469,36569.462450,6589.500000,5956.300000,798.500000,5157.800000,41727.262450,1190.900000,2926.100000,30.707417,5.549657,14.260368,12.296205,3.241258,17.205000,3.209429,2017-09-30,0,0,0
2018-01-05,SCCO,47.675575,773.028469,36854.576774,6589.500000,5956.300000,798.500000,5157.800000,42012.376774,1190.900000,2926.100000,30.946827,5.592925,14.357806,12.296205,3.210754,17.250000,3.212571,2017-09-30,0,0,0
2018-01-08,SCCO,47.898813,773.028469,37027.146051,6589.500000,5956.300000,798.500000,5157.800000,42184.946051,1190.900000,2926.100000,31.091734,5.619113,14.416782,12.296205,3.211434,17.035000,3.217143,2017-09-30,0,0,0
2018-01-09,SCCO,47.617340,773.028469,36809.559368,6589.500000,5956.300000,798.500000,5157.800000,41967.359368,1190.900000,2926.100000,30.909026,5.586093,14.342421,12.296205,3.202135,16.955000,3.219571,2017-09-30,0,0,0
2018-01-10,SCCO,48.005577,773.028469,37109.677452,6589.500000,5956.300000,798.500000,5157.800000,42267.477452,1190.900000,2926.100000,31.161036,5.631638,14.444987,12.296205,3.226289,16.970000,3.220286,2017-09-30,0,0,0
2018-01-11,SCCO,48.626758,773.028469,37589.868226,6589.500000,5956.300000,798.500000,5157.800000,42747.668226,1190.900000,2926.100000,31.564252,5.704510,14.609093,12.296205,3.221753,16.975000,3.219429,2017-09-30,0,0,0
2018-01-12,SCCO,48.461755,773.028469,37462.316355,6589.500000,5956.300000,798.500000,5157.800000,42620.116355,1190.900000,2926.100000,31.457147,5.685153,14.565502,12.296205,3.208826,17.080000,3.216571,2017-09-30,0,0,0
2018-01-16,SCCO,47.889106,773.028469,37019.642639,6589.500000,5956.300000,798.500000,5157.800000,42177.442639,1190.900000,2926.100000,31.085433,5.617974,14.414218,8.200000,3.191363,17.130000,3.211571,2017-09-30,0,0,0
2018-01-17,SCCO,48.364698,773.028469,37387.288365,6589.500000,5956.300000,798.500000,5157.800000,42545.088365,1190.900000,2926.100000,31.394146,5.673767,14.539861,8.200000,3.172538,17.070000,3.211571,2017-09-30,0,0,0
2018-01-18,SCCO,48.063812,773.028469,37154.694859,6589.500000,5956.300000,798.500000,5157.800000,42312.494859,1190.900000,2926.100000,31.198837,5.638470,14.460372,8.200000,3.189662,17.020000,3.212857,2017-09-30,0,0,0
2018-01-19,SCCO,48.859698,773.028469,37769.937852,6589.500000,5956.300000,798.500000,5157.800000,42927.737852,1190.900000,2926.100000,31.715457,5.731837,14.670633,8.200000,3.174806,16.990000,3.216429,2017-09-30,0,0,0
2018-01-22,SCCO,48.617051,773.028469,37582.364814,6589.500000,5956.300000,798.500000,5157.800000,42740.164814,1190.900000,2926.100000,31.557952,5.703371,14.606529,8.200000,3.186486,16.980000,3.214429,2017-09-30,0,0,0
2018-01-23,SCCO,47.714401,773.028469,36884.590420,6589.500000,5956.300000,798.500000,5157.800000,42042.390420,1190.900000,2926.100000,30.972030,5.597479,14.368063,8.200000,3.121850,16.895000,3.218714,2017-09-30,0,0,0
2018-01-24,SCCO,48.519990,773.028469,37507.333762,6589.500000,5956.300000,798.500000,5157.800000,42665.133762,1190.900000,2926.100000,31.494948,5.691985,14.580887,8.200000,3.225495,17.390000,3.213286,2017-09-30,0,0,0
2018-01-25,SCCO,48.578229,773.028469,37552.354231,6589.500000,5956.300000,798.500000,5157.800000,42710.154231,1190.900000,2926.100000,31.532752,5.698817,14.596273,8.200000,3.220846,17.565000,3.210000,2017-09-30,0,0,0
2018-01-26,SCCO,49.141171,773.028469,37987.524535,6589.500000,5956.300000,798.500000,5157.800000,43145.324535,1190.900000,2926.100000,31.898165,5.764857,14.744993,8.200000,3.194424,17.395000,3.214571,2017-09-30,0,0,0
2018-01-29,SCCO,48.287050,773.028469,37327.264136,6589.500000,5956.300000,798.500000,5157.800000,42485.064136,1190.900000,2926.100000,31.343744,5.664658,14.519348,8.200000,3.193744,17.095000,3.218000,2017-09-30,0,0,0
2018-01-30,SCCO,46.617628,773.028469,36036.753921,6589.500000,5956.300000,798.500000,5157.800000,41194.553921,1190.900000,2926.100000,30.260101,5.468815,14.078314,8.200000,3.179456,17.095000,3.216714,2017-09-30,0,0,0
2018-01-31,SCCO,47.122335,773.028469,36426.906819,6589.500000,5956.300000,798.500000,5157.800000,41584.706819,1190.900000,2926.100000,30.587713,5.528023,14.211649,8.200000,3.210867,17.235000,3.216000,2017-09-30,0,0,0
2018-02-01,SCCO,47.704695,773.028469,36877.087009,6589.500000,5956.300000,798.500000,5157.800000,42034.887009,1190.900000,2926.100000,30.965729,5.596341,14.365499,8.200000,3.210300,17.125000,3.212571,2017-09-30,0,0,0
2018-02-02,SCCO,46.006154,773.028469,35564.066559,6589.500000,5956.300000,798.500000,5157.800000,40721.866559,1190.900000,2926.100000,29.863185,5.397081,13.916772,8.200000,3.176848,16.680000,3.218143,2017-09-30,0,0,0
2018-02-05,SCCO,45.472327,773.028469,35151.403427,6589.500000,5956.300000,798.500000,5157.800000,40309.203427,1190.900000,2926.100000,29.516671,5.334457,13.775744,8.200000,3.233547,16.775000,3.226000,2017-09-30,0,0,0
2018-02-06,SCCO,46.607922,773.028469,36029.250509,6589.500000,5956.300000,798.500000,5157.800000,41187.050509,1190.900000,2926.100000,30.253800,5.467676,14.075749,8.200000,3.189775,16.630000,3.250571,2017-09-30,0,0,0
2018-02-07,SCCO,45.831444,773.028469,35429.011277,6589.500000,5956.300000,798.500000,5157.800000,40586.811277,1190.900000,2926.100000,29.749779,5.376586,13.870617,8.200000,3.100871,16.380000,3.248571,2017-09-30,0,0,0
2018-02-08,SCCO,44.132907,773.028469,34115.993890,6589.500000,5956.300000,798.500000,5157.800000,39273.793890,1190.900000,2926.100000,28.647236,5.177327,13.421891,8.200000,3.086129,16.355000,3.255286,2017-09-30,0,0,0
2018-02-09,SCCO,45.132619,773.028469,34888.799337,6589.500000,5956.300000,798.500000,5157.800000,40046.599337,1190.900000,2926.100000,29.296162,5.294605,13.685998,8.200000,3.044399,16.250000,3.272857,2017-09-30,0,0,0
2018-02-12,SCCO,45.491740,773.028469,35166.410250,6589.500000,5956.300000,798.500000,5157.800000,40324.210250,1190.900000,2926.100000,29.529272,5.336734,13.780872,8.200000,3.078985,16.515000,3.266571,2017-09-30,0,0,0
2018-02-13,SCCO,46.879688,773.028469,36239.333781,6589.500000,5956.300000,798.500000,5157.800000,41397.133781,1190.900000,2926.100000,30.430207,5.499557,14.147546,8.200000,3.150086,16.545000,3.271000,2017-09-30,0,0,0
2018-02-14,SCCO,49.539115,773.028469,38295.146031,6589.500000,5956.300000,798.500000,5157.800000,43452.946031,1190.900000,2926.100000,32.156475,5.811540,14.850123,8.200000,3.229918,16.715000,3.269571,2017-09-30,0,0,0
2018-02-15,SCCO,49.315881,773.028469,38122.579817,6589.500000,5956.300000,798.500000,5157.800000,43280.379817,1190.900000,2926.100000,32.011571,5.785352,14.791149,8.200000,3.240010,16.710000,3.247571,2017-09-30,0,0,0
2018-02-16,SCCO,49.014995,773.028469,37889.986311,6589.500000,5956.300000,798.500000,5157.800000,43047.786311,1190.900000,2926.100000,31.816262,5.750055,14.711659,8.200000,3.261783,16.735000,3.244857,2017-09-30,0,0,0
2018-02-20,SCCO,48.985875,773.028469,37867.476076,6589.500000,5956.300000,798.500000,5157.800000,43025.276076,1190.900000,2926.100000,31.797360,5.746639,14.703966,8.200000,3.196806,16.510000,3.253143,2017-09-30,0,0,0
2018-02-21,SCCO,48.374400,773.028469,37394.788714,6589.500000,5956.300000,798.500000,5157.800000,42552.588714,1190.900000,2926.100000,31.400444,5.674905,14.542425,8.200000,3.210527,16.615000,3.248857,2017-09-30,0,0,0
2018-02-22,SCCO,49.189700,773.028469,38025.038530,6589.500000,5956.300000,798.500000,5157.800000,43182.838530,1190.900000,2926.100000,31.929665,5.770550,14.757814,8.200000,3.232526,16.640000,3.250714,2017-09-30,0,0,0
2018-02-23,SCCO,50.635887,773.028469,39142.982531,6589.500000,5956.300000,798.500000,5157.800000,44300.782531,1190.900000,2926.100000,32.868404,5.940205,15.139873,8.200000,3.203383,16.540000,3.249000,2017-09-30,0,0,0
2018-02-26,SCCO,52.198541,773.028469,40350.958282,6589.500000,5956.300000,798.500000,5157.800000,45508.758282,1190.900000,2926.100000,33.882743,6.123524,15.552701,8.200000,3.210413,16.570000,3.250143,2017-09-30,0,0,0
2018-02-27,SCCO,51.849130,773.028469,40080.853843,6589.500000,5956.300000,798.500000,5157.800000,45238.653843,1190.900000,2926.100000,33.655936,6.082533,15.460392,8.200000,3.168683,16.340000,3.250857,2017-09-30,0,0,0
2018-02-28,SCCO,51.179421,773.028469,39563.149075,6589.500000,5956.300000,798.500000,5157.800000,44720.949075,1190.900000,2926.100000,33.221218,6.003968,15.283466,8.200000,3.127293,16.435000,3.261286,2017-09-30,0,0,0
2018-03-01,SCCO,51.538538,773.028469,39840.756925,6589.500000,5956.300000,798.500000,5157.800000,44998.556925,1190.900000,2926.100000,33.454326,6.046097,15.378339,8.200000,3.123664,16.320000,3.266429,2017-09-30,0,0,0
2018-03-02,SCCO,51.392948,773.028469,39728.211877,6107.700000,5957.100000,1004.800000,4952.300000,44680.511877,732.400000,3290.000000,54.243872,6.504611,13.580703,8.200000,3.113231,16.435000,3.258429,2017-12-31,0,0,0
2018-03-05,SCCO,51.693834,773.028469,39960.805384,6107.700000,5957.100000,1004.800000,4952.300000,44913.105384,732.400000,3290.000000,54.561449,6.542693,13.651400,8.200000,3.118107,16.429000,3.251857,2017-12-31,0,0,0
2018-03-06,SCCO,53.140017,773.028469,41078.746322,6107.700000,5957.100000,1004.800000,4952.300000,46031.046322,732.400000,3290.000000,56.087857,6.725731,13.991199,8.200000,3.159611,16.842000,3.251714,2017-12-31,0,0,0
2018-03-07,SCCO,53.198257,773.028469,41123.766791,6107.700000,5957.100000,1004.800000,4952.300000,46076.066791,732.400000,3290.000000,56.149327,6.733102,14.004884,8.200000,3.134210,16.465000,3.255571,2017-12-31,0,0,0
2018-03-08,SCCO,52.373250,773.028469,40486.013564,6107.700000,5957.100000,1004.800000,4952.300000,45438.313564,732.400000,3290.000000,55.278555,6.628684,13.811038,8.200000,3.084315,16.488000,3.256143,2017-12-31,0,0,0
2018-03-09,SCCO,52.955606,773.028469,40936.190691,6107.700000,5957.100000,1004.800000,4952.300000,45888.490691,732.400000,3290.000000,55.893215,6.702391,13.947870,8.200000,3.146797,16.665000,3.260143,2017-12-31,0,0,0
2018-03-12,SCCO,52.790607,773.028469,40808.641883,6107.700000,5957.100000,1004.800000,4952.300000,45760.941883,732.400000,3290.000000,55.719063,6.681507,13.909101,8.200000,3.118901,16.499000,3.259000,2017-12-31,0,0,0
2018-03-13,SCCO,52.615897,773.028469,40673.586601,6107.700000,5957.100000,1004.800000,4952.300000,45625.886601,732.400000,3290.000000,55.534662,6.659395,13.868051,8.200000,3.136705,16.607000,3.261000,2017-12-31,0,0,0
2018-03-14,SCCO,53.091489,773.028469,41041.232327,6107.700000,5957.100000,1004.800000,4952.300000,45993.532327,732.400000,3290.000000,56.036636,6.719589,13.979797,8.200000,3.153714,16.560000,3.260000,2017-12-31,0,0,0
2018-03-15,SCCO,52.897370,773.028469,40891.173284,6107.700000,5957.100000,1004.800000,4952.300000,45843.473284,732.400000,3290.000000,55.831749,6.695020,13.934186,8.200000,3.124117,16.415000,3.262000,2017-12-31,0,0,0
2018-03-16,SCCO,53.052667,773.028469,41011.221743,6107.700000,5957.100000,1004.800000,4952.300000,45963.521743,732.400000,3290.000000,55.995660,6.714675,13.970675,8.200000,3.113571,16.281000,3.269000,2017-12-31,0,0,0
2018-03-19,SCCO,52.839135,773.028469,40846.155878,6107.700000,5957.100000,1004.800000,4952.300000,45798.455878,732.400000,3290.000000,55.770284,6.687649,13.920503,8.200000,3.093273,16.340000,3.273714,2017-12-31,0,0,0
2018-03-20,SCCO,53.499139,773.028469,41356.357235,6107.700000,5957.100000,1004.800000,4952.300000,46308.657235,732.400000,3290.000000,56.466900,6.771183,14.075580,8.200000,3.050182,16.179000,3.268000,2017-12-31,0,0,0
2018-03-21,SCCO,54.207671,773.028469,41904.072587,6107.700000,5957.100000,1004.800000,4952.300000,46856.372587,732.400000,3290.000000,57.214736,6.860860,14.242059,8.200000,3.066511,16.483000,3.260857,2017-12-31,0,0,0
2018-03-22,SCCO,52.712959,773.028469,40748.617654,6107.700000,5957.100000,1004.800000,4952.300000,45700.917654,732.400000,3290.000000,55.637108,6.671680,13.890856,8.200000,3.017523,16.400000,3.241714,2017-12-31,0,0,0
2018-03-23,SCCO,51.887952,773.028469,40110.864426,6107.700000,5957.100000,1004.800000,4952.300000,45063.164426,732.400000,3290.000000,54.766336,6.567262,13.697010,8.200000,3.001761,16.593000,3.235714,2017-12-31,0,0,0
2018-03-26,SCCO,52.421779,773.028469,40523.527559,6107.700000,5957.100000,1004.800000,4952.300000,45475.827559,732.400000,3290.000000,55.329775,6.634826,13.822440,8.200000,2.973752,16.752000,3.216143,2017-12-31,0,0,0
2018-03-27,SCCO,51.810304,773.028469,40050.840197,6107.700000,5957.100000,1004.800000,4952.300000,45003.140197,732.400000,3290.000000,54.684380,6.557434,13.678766,8.200000,2.996658,16.551000,3.222286,2017-12-31,0,0,0
2018-03-28,SCCO,50.888241,773.028469,39338.058980,6107.700000,5957.100000,1004.800000,4952.300000,44290.358980,732.400000,3290.000000,53.711167,6.440732,13.462115,8.200000,3.008905,16.306000,3.228286,2017-12-31,0,0,0
2018-04-02,SCCO,52.635310,773.028469,40688.593424,6107.700000,5957.100000,1004.800000,4952.300000,45640.893424,732.400000,3290.000000,55.555152,6.661852,13.872612,8.200000,3.029657,16.605000,3.227571,2017-12-31,0,0,0
2018-04-03,SCCO,53.227372,773.028469,41146.273963,6107.700000,5957.100000,1004.800000,4952.300000,46098.573963,732.400000,3290.000000,56.180057,6.736787,14.011725,8.200000,3.067305,16.422000,3.227000,2017-12-31,0,0,0
2018-04-04,SCCO,53.867962,773.028469,41641.468497,6107.700000,5957.100000,1004.800000,4952.300000,46593.768497,732.400000,3290.000000,56.856183,6.817864,14.162240,8.200000,3.034873,16.301000,3.227143,2017-12-31,0,0,0
2018-04-05,SCCO,54.440615,773.028469,42084.145275,6107.700000,5957.100000,1004.800000,4952.300000,47036.445275,732.400000,3290.000000,57.460603,6.890343,14.296792,8.200000,3.075696,16.395000,3.227429,2017-12-31,0,0,0
2018-04-06,SCCO,53.110902,773.028469,41056.239150,6107.700000,5957.100000,1004.800000,4952.300000,46008.539150,732.400000,3290.000000,56.057126,6.722046,13.984358,8.200000,3.052450,16.405000,3.234000,2017-12-31,0,0,0
2018-04-09,SCCO,52.771194,773.028469,40793.635060,6107.700000,5957.100000,1004.800000,4952.300000,45745.935060,732.400000,3290.000000,55.698573,6.679050,13.904540,8.200000,3.080006,16.472000,3.239714,2017-12-31,0,0,0
2018-04-10,SCCO,54.527970,773.028469,42151.672916,6107.700000,5957.100000,1004.800000,4952.300000,47103.972916,732.400000,3290.000000,57.552803,6.901399,14.317317,8.200000,3.133530,16.608000,3.238429,2017-12-31,0,0,0
2018-04-11,SCCO,54.227084,773.028469,41919.079410,6107.700000,5957.100000,1004.800000,4952.300000,46871.379410,732.400000,3290.000000,57.235226,6.863317,14.246620,8.200000,3.135344,16.807000,3.236429,2017-12-31,0,0,0
2018-04-12,SCCO,54.440615,773.028469,42084.145275,6107.700000,5957.100000,1004.800000,4952.300000,47036.445275,732.400000,3290.000000,57.460603,6.890343,14.296792,8.200000,3.078645,16.530000,3.227286,2017-12-31,0,0,0
2018-04-16,SCCO,54.178555,773.028469,41881.565415,6107.700000,5957.100000,1004.800000,4952.300000,46833.865415,732.400000,3290.000000,57.184005,6.857175,14.235217,8.200000,3.119015,16.725000,3.223571,2017-12-31,0,0,0
2018-04-17,SCCO,54.935616,773.028469,42466.794761,6107.700000,5957.100000,1004.800000,4952.300000,47419.094761,732.400000,3290.000000,57.983062,6.952993,14.413099,8.200000,3.097129,16.767000,3.220143,2017-12-31,0,0,0
2018-04-18,SCCO,55.653858,773.028469,43022.016587,6107.700000,5957.100000,1004.800000,4952.300000,47974.316587,732.400000,3290.000000,58.741148,7.043898,14.581859,8.200000,3.166188,17.235000,3.216714,2017-12-31,0,0,0
2018-04-19,SCCO,55.401504,773.028469,42826.940138,6107.700000,5957.100000,1004.800000,4952.300000,47779.240138,732.400000,3290.000000,58.474795,7.011959,14.522565,8.200000,3.148611,17.205000,3.220286,2017-12-31,0,0,0
2018-04-20,SCCO,54.508557,773.028469,42136.666093,6107.700000,5957.100000,1004.800000,4952.300000,47088.966093,732.400000,3290.000000,57.532313,6.898942,14.312756,8.200000,3.152921,17.202000,3.224143,2017-12-31,0,0,0
2018-04-23,SCCO,53.741786,773.028469,41543.930272,6107.700000,5957.100000,1004.800000,4952.300000,46496.230272,732.400000,3290.000000,56.723007,6.801894,14.132593,8.200000,3.129107,16.651000,3.231286,2017-12-31,0,0,0
2018-04-24,SCCO,53.042960,773.028469,41003.718332,6107.700000,5957.100000,1004.800000,4952.300000,45956.018332,732.400000,3290.000000,55.985416,6.713447,13.968395,8.200000,3.161539,16.728000,3.231857,2017-12-31,0,0,0
2018-04-25,SCCO,51.460890,773.028469,39780.732695,6107.700000,5957.100000,1004.800000,4952.300000,44733.032695,732.400000,3290.000000,54.315583,6.513210,13.596666,8.200000,3.161425,16.574000,3.241286,2017-12-31,0,0,0
2018-04-26,SCCO,51.752069,773.028469,40005.822790,6107.700000,5957.100000,1004.800000,4952.300000,44958.122790,732.400000,3290.000000,54.622915,6.550063,13.665083,8.200000,3.142715,16.491000,3.236714,2017-12-31,0,0,0
2018-04-27,SCCO,51.703541,773.028469,39968.308795,6107.700000,5957.100000,1004.800000,4952.300000,44920.608795,732.400000,3290.000000,54.571694,6.543921,13.653680,8.200000,3.065717,16.480000,3.239286,2017-12-31,0,0,0
2018-04-30,SCCO,51.257069,773.028469,39623.173304,6107.700000,5957.100000,1004.800000,4952.300000,44575.473304,732.400000,3290.000000,54.100455,6.487413,13.548776,8.200000,3.070820,16.351000,3.250143,2017-12-31,0,0,0
2018-05-02,SCCO,50.218531,773.028469,38820.354211,6107.700000,5957.100000,1004.800000,4952.300000,43772.654211,732.400000,3290.000000,53.004307,6.355969,13.304758,8.200000,3.077397,16.425000,3.269000,2017-12-31,0,0,0
2018-05-03,SCCO,50.286473,773.028469,38872.875029,6346.800000,5957.800000,1068.200000,4889.600000,43762.475029,889.000000,3501.500000,43.726519,6.124799,12.498208,8.200000,3.080686,16.439000,3.276143,2018-03-31,0,0,0
2018-05-04,SCCO,51.402654,773.028469,39735.715289,6346.800000,5957.800000,1068.200000,4889.600000,44625.315289,889.000000,3501.500000,44.697093,6.260748,12.744628,8.200000,3.079892,16.457000,3.272429,2018-03-31,0,0,0
2018-05-07,SCCO,50.548533,773.028469,39075.454890,6346.800000,5957.800000,1068.200000,4889.600000,43965.054890,889.000000,3501.500000,43.954392,6.156718,12.556063,8.200000,3.079892,16.505000,3.278429,2018-03-31,0,0,0
2018-05-08,SCCO,49.568234,773.028469,38317.656266,6346.800000,5957.800000,1068.200000,4889.600000,43207.256266,889.000000,3501.500000,43.101976,6.037319,12.339642,8.200000,3.042584,16.420000,3.288714,2018-03-31,0,0,0
2018-05-09,SCCO,50.092354,773.028469,38722.815987,6346.800000,5957.800000,1068.200000,4889.600000,43612.415987,889.000000,3501.500000,43.557723,6.101156,12.455352,8.200000,3.072748,16.557000,3.293143,2018-03-31,0,0,0
2018-05-10,SCCO,50.791184,773.028469,39263.030990,6346.800000,5957.800000,1068.200000,4889.600000,44152.630990,889.000000,3501.500000,44.165389,6.186272,12.609633,8.200000,3.122530,16.727000,3.273143,2018-03-31,0,0,0
2018-05-11,SCCO,50.247647,773.028469,38842.861383,6346.800000,5957.800000,1068.200000,4889.600000,43732.461383,889.000000,3501.500000,43.692757,6.120070,12.489636,8.200000,3.133643,16.762000,3.259000,2018-03-31,0,0,0
2018-05-14,SCCO,50.257353,773.028469,38850.364795,6346.800000,5957.800000,1068.200000,4889.600000,43739.964795,889.000000,3501.500000,43.701198,6.121252,12.491779,8.200000,3.109943,16.665000,3.259714,2018-03-31,0,0,0
2018-05-15,SCCO,50.257353,773.028469,38850.364795,6346.800000,5957.800000,1068.200000,4889.600000,43739.964795,889.000000,3501.500000,43.701198,6.121252,12.491779,8.200000,3.070594,16.294000,3.272714,2018-03-31,0,0,0
2018-05-16,SCCO,50.500004,773.028469,39037.940895,6346.800000,5957.800000,1068.200000,4889.600000,43927.540895,889.000000,3501.500000,43.912194,6.150807,12.545349,8.200000,3.082160,16.323000,3.267286,2018-03-31,0,0,0
2018-05-17,SCCO,50.461178,773.028469,39007.927249,6346.800000,5957.800000,1068.200000,4889.600000,43897.527249,889.000000,3501.500000,43.878433,6.146078,12.536778,8.200000,3.110283,16.476000,3.274429,2018-03-31,0,0,0
2018-05-18,SCCO,49.840001,773.028469,38527.739538,6346.800000,5957.800000,1068.200000,4889.600000,43417.339538,889.000000,3501.500000,43.338290,6.070420,12.399640,8.200000,3.095881,16.434000,3.289429,2018-03-31,0,0,0
2018-05-21,SCCO,50.131176,773.028469,38752.826570,6346.800000,5957.800000,1068.200000,4889.600000,43642.426570,889.000000,3501.500000,43.591481,6.105884,12.463923,8.200000,3.104500,16.487000,3.286429,2018-03-31,0,0,0
2018-05-22,SCCO,50.257353,773.028469,38850.364795,6346.800000,5957.800000,1068.200000,4889.600000,43739.964795,889.000000,3501.500000,43.701198,6.121252,12.491779,8.200000,3.152580,16.603000,3.273857,2018-03-31,0,0,0
2018-05-23,SCCO,49.645882,773.028469,38377.680495,6346.800000,5957.800000,1068.200000,4889.600000,43267.280495,889.000000,3501.500000,43.169494,6.046776,12.356784,8.200000,3.103252,16.406000,3.272143,2018-03-31,0,0,0
2018-05-24,SCCO,49.840001,773.028469,38527.739538,6346.800000,5957.800000,1068.200000,4889.600000,43417.339538,889.000000,3501.500000,43.338290,6.070420,12.399640,8.200000,3.110623,16.645000,3.267143,2018-03-31,0,0,0
2018-05-25,SCCO,48.578229,773.028469,37552.354231,6346.800000,5957.800000,1068.200000,4889.600000,42441.954231,889.000000,3501.500000,42.241118,5.916738,12.121078,8.200000,3.114025,16.555000,3.270143,2018-03-31,0,0,0
2018-05-29,SCCO,46.899101,773.028469,36254.340604,6346.800000,5957.800000,1068.200000,4889.600000,41143.940604,889.000000,3501.500000,40.781036,5.712224,11.750376,8.200000,3.105067,16.420000,3.280714,2018-03-31,0,0,0
2018-05-30,SCCO,47.889106,773.028469,37019.642639,6346.800000,5957.800000,1068.200000,4889.600000,41909.242639,889.000000,3501.500000,41.641893,5.832804,11.968940,8.200000,3.098263,16.533000,3.270286,2018-03-31,0,0,0
2018-05-31,SCCO,47.452337,773.028469,36682.007497,6346.800000,5957.800000,1068.200000,4889.600000,41571.607497,889.000000,3501.500000,41.262101,5.779607,11.872514,8.200000,3.104726,16.510000,3.274286,2018-03-31,0,0,0
2018-06-01,SCCO,47.811458,773.028469,36959.618410,6346.800000,5957.800000,1068.200000,4889.600000,41849.218410,889.000000,3501.500000,41.574374,5.823347,11.951797,8.200000,3.121963,16.471000,3.272571,2018-03-31,0,0,0
2018-06-04,SCCO,48.170580,773.028469,37237.229323,6346.800000,5957.800000,1068.200000,4889.600000,42126.829323,889.000000,3501.500000,41.886647,5.867087,12.031081,8.200000,3.163013,16.457000,3.272571,2018-03-31,0,0,0
2018-06-05,SCCO,49.762353,773.028469,38467.715308,6346.800000,5957.800000,1068.200000,4889.600000,43357.315308,889.000000,3501.500000,43.270771,6.060962,12.382498,8.200000,3.218351,16.501000,3.272000,2018-03-31,0,0,0
2018-06-06,SCCO,51.043537,773.028469,39458.107439,6346.800000,5957.800000,1068.200000,4889.600000,44347.707439,889.000000,3501.500000,44.384823,6.217008,12.665346,8.200000,3.270968,16.745000,3.261143,2018-03-31,0,0,0
2018-06-07,SCCO,50.072941,773.028469,38707.809164,6346.800000,5957.800000,1068.200000,4889.600000,43597.409164,889.000000,3501.500000,43.540843,6.098791,12.451066,8.200000,3.325059,16.866000,3.262571,2018-03-31,0,0,0
2018-06-08,SCCO,49.946765,773.028469,38610.270939,6346.800000,5957.800000,1068.200000,4889.600000,43499.870939,889.000000,3501.500000,43.431126,6.083423,12.423210,8.200000,3.322111,16.771000,3.263429,2018-03-31,0,0,0
2018-06-11,SCCO,49.810881,773.028469,38505.229303,6346.800000,5957.800000,1068.200000,4889.600000,43394.829303,889.000000,3501.500000,43.312969,6.066873,12.393211,8.200000,3.291039,16.940000,3.266429,2018-03-31,0,0,0
2018-06-12,SCCO,49.636176,773.028469,38370.177084,6346.800000,5957.800000,1068.200000,4889.600000,43259.777084,889.000000,3501.500000,43.161054,6.045594,12.354641,8.200000,3.270174,16.915000,3.270857,2018-03-31,0,0,0
2018-06-13,SCCO,49.024701,773.028469,37897.489722,6346.800000,5957.800000,1068.200000,4889.600000,42787.089722,889.000000,3501.500000,42.629347,5.971118,12.219646,8.200000,3.288998,16.980000,3.267143,2018-03-31,0,0,0
2018-06-14,SCCO,48.791757,773.028469,37717.417034,6346.800000,5957.800000,1068.200000,4889.600000,42607.017034,889.000000,3501.500000,42.426791,5.942745,12.168218,8.200000,3.253618,17.225000,3.269857,2018-03-31,0,0,0
2018-06-15,SCCO,47.141748,773.028469,36441.913642,6346.800000,5957.800000,1068.200000,4889.600000,41331.513642,889.000000,3501.500000,40.992029,5.741778,11.803945,8.200000,3.183765,16.590000,3.282143,2018-03-31,0,0,0
2018-06-18,SCCO,47.170868,773.028469,36464.423876,6346.800000,5957.800000,1068.200000,4889.600000,41354.023876,889.000000,3501.500000,41.017350,5.745324,11.810374,8.200000,3.161992,16.472000,3.281143,2018-03-31,0,0,0
2018-06-19,SCCO,45.870270,773.028469,35459.024923,6346.800000,5957.800000,1068.200000,4889.600000,40348.624923,889.000000,3501.500000,39.886417,5.586914,11.523240,8.200000,3.098943,16.380000,3.284714,2018-03-31,0,0,0
2018-06-20,SCCO,45.656739,773.028469,35293.959058,6346.800000,5957.800000,1068.200000,4889.600000,40183.559058,889.000000,3501.500000,39.700741,5.560906,11.476099,8.200000,3.067985,16.350000,3.282000,2018-03-31,0,0,0
2018-06-21,SCCO,45.297618,773.028469,35016.348145,6346.800000,5957.800000,1068.200000,4889.600000,39905.948145,889.000000,3501.500000,39.388468,5.517166,11.396815,8.200000,3.079325,16.320000,3.278286,2018-03-31,0,0,0
2018-06-22,SCCO,45.346150,773.028469,35053.865202,6346.800000,5957.800000,1068.200000,4889.600000,39943.465202,889.000000,3501.500000,39.430670,5.523077,11.407530,8.200000,3.080573,16.415000,3.269000,2018-03-31,0,0,0
2018-06-25,SCCO,45.190854,773.028469,34933.816743,6346.800000,5957.800000,1068.200000,4889.600000,39823.416743,889.000000,3501.500000,39.295632,5.504162,11.373245,8.200000,3.061068,16.330000,3.274286,2018-03-31,0,0,0
2018-06-26,SCCO,45.579091,773.028469,35233.934828,6346.800000,5957.800000,1068.200000,4889.600000,40123.534828,889.000000,3501.500000,39.633223,5.551449,11.458956,8.200000,3.046100,16.300000,3.270857,2018-03-31,0,0,0
2018-06-27,SCCO,44.657028,773.028469,34521.153611,6346.800000,5957.800000,1068.200000,4889.600000,39410.753611,889.000000,3501.500000,38.831444,5.439143,11.255392,8.200000,3.036121,16.190000,3.272143,2018-03-31,0,0,0
2018-06-28,SCCO,44.550264,773.028469,34438.622209,6346.800000,5957.800000,1068.200000,4889.600000,39328.222209,889.000000,3501.500000,38.738608,5.426140,11.231821,8.200000,3.006637,16.002000,3.273714,2018-03-31,0,0,0
2018-07-02,SCCO,44.103788,773.028469,34093.483656,6346.800000,5957.800000,1068.200000,4889.600000,38983.083656,889.000000,3501.500000,38.350375,5.371760,11.133253,8.200000,2.959577,15.873000,3.288429,2018-03-31,0,0,0
2018-07-03,SCCO,43.288492,773.028469,33463.236902,6346.800000,5957.800000,1068.200000,4889.600000,38352.836902,889.000000,3501.500000,37.641436,5.272458,10.953259,8.200000,2.942567,16.040000,3.286857,2018-03-31,0,0,0
2018-07-05,SCCO,44.074672,773.028469,34070.976484,6346.800000,5957.800000,1068.200000,4889.600000,38960.576484,889.000000,3501.500000,38.325058,5.368213,11.126825,8.200000,2.877590,16.060000,3.290286,2018-03-31,0,0,0
2018-07-06,SCCO,44.443496,773.028469,34356.087745,6346.800000,5957.800000,1068.200000,4889.600000,39245.687745,889.000000,3501.500000,38.645768,5.413135,11.208250,8.200000,2.847880,16.000000,3.286429,2018-03-31,0,0,0
2018-07-09,SCCO,45.122912,773.028469,34881.295925,6346.800000,5957.800000,1068.200000,4889.600000,39770.895925,889.000000,3501.500000,39.236553,5.495887,11.358245,8.200000,2.895167,16.110000,3.282429,2018-03-31,0,0,0
2018-07-10,SCCO,44.948207,773.028469,34746.243706,6346.800000,5957.800000,1068.200000,4889.600000,39635.843706,889.000000,3501.500000,39.084639,5.474608,11.319675,8.200000,2.867157,16.100000,3.272429,2018-03-31,0,0,0
2018-07-11,SCCO,43.210844,773.028469,33403.212673,6346.800000,5957.800000,1068.200000,4889.600000,38292.812673,889.000000,3501.500000,37.573918,5.263001,10.936117,8.200000,2.780521,15.855000,3.280000,2018-03-31,0,0,0
2018-07-12,SCCO,43.472904,773.028469,33605.792533,6346.800000,5957.800000,1068.200000,4889.600000,38495.392533,889.000000,3501.500000,37.801791,5.294919,10.993972,8.200000,2.816922,15.997000,3.274143,2018-03-31,0,0,0
2018-07-13,SCCO,43.764080,773.028469,33830.879566,6346.800000,5957.800000,1068.200000,4889.600000,38720.479566,889.000000,3501.500000,38.054983,5.330384,11.058255,8.200000,2.819870,15.858000,3.271714,2018-03-31,0,0,0
2018-07-16,SCCO,43.404963,773.028469,33553.271715,6346.800000,5957.800000,1068.200000,4889.600000,38442.871715,889.000000,3501.500000,37.742713,5.286644,10.978972,8.200000,2.796397,15.772000,3.269571,2018-03-31,0,0,0
2018-07-17,SCCO,43.783493,773.028469,33845.886389,6346.800000,5957.800000,1068.200000,4889.600000,38735.486389,889.000000,3501.500000,38.071863,5.332748,11.062541,8.200000,2.774171,15.622000,3.269714,2018-03-31,0,0,0
2018-07-18,SCCO,44.278497,773.028469,34228.538938,6346.800000,5957.800000,1068.200000,4889.600000,39118.138938,889.000000,3501.500000,38.502294,5.393039,11.171823,8.200000,2.777573,15.494000,3.273714,2018-03-31,0,0,0
2018-07-19,SCCO,42.298483,773.028469,32697.931805,6346.800000,5957.800000,1068.200000,4889.600000,37587.531805,889.000000,3501.500000,36.780576,5.151877,10.734694,8.200000,2.739471,15.291000,3.277000,2018-03-31,0,0,0
2018-07-20,SCCO,42.482899,773.028469,32840.490498,6346.800000,5957.800000,1068.200000,4889.600000,37730.090498,889.000000,3501.500000,36.940934,5.174338,10.775408,8.200000,2.777119,15.500000,3.274429,2018-03-31,0,0,0
2018-07-23,SCCO,43.133196,773.028469,33343.188443,6346.800000,5957.800000,1068.200000,4889.600000,38232.788443,889.000000,3501.500000,37.506399,5.253543,10.918974,8.200000,2.765439,15.420000,3.280571,2018-03-31,0,0,0
2018-07-24,SCCO,45.132619,773.028469,34888.799337,6346.800000,5957.800000,1068.200000,4889.600000,39778.399337,889.000000,3501.500000,39.244994,5.497069,11.360388,8.200000,2.841643,15.502000,3.274714,2018-03-31,0,0,0
2018-07-25,SCCO,46.093504,773.028469,35631.591137,6346.800000,5957.800000,1068.200000,4889.600000,40521.191137,889.000000,3501.500000,40.080530,5.614103,11.572524,8.200000,2.840395,15.565000,3.273571,2018-03-31,0,0,0
2018-07-26,SCCO,46.287627,773.028469,35781.653242,6346.800000,5957.800000,1068.200000,4889.600000,40671.253242,889.000000,3501.500000,40.249329,5.637747,11.615380,8.200000,2.842437,15.478000,3.274714,2018-03-31,0,0,0
2018-07-30,SCCO,46.656451,773.028469,36066.764504,6346.800000,5957.800000,1068.200000,4889.600000,40956.364504,889.000000,3501.500000,40.570039,5.682669,11.696806,8.200000,2.822932,15.521000,3.270143,2018-03-31,0,0,0
2018-07-31,SCCO,47.908519,773.044469,37035.415999,6525.700000,5958.500000,1032.500000,4926.000000,41961.415999,999.600000,3754.600000,37.050236,5.675317,11.176002,8.200000,2.848220,15.585000,3.273571,2018-06-30,0,0,0
2018-08-01,SCCO,46.374981,773.044469,35849.922883,6525.700000,5958.500000,1032.500000,4926.000000,40775.922883,999.600000,3754.600000,35.864269,5.493652,10.860258,8.200000,2.788232,15.440000,3.274429,2018-06-30,0,0,0
2018-08-02,SCCO,45.501447,773.044469,35174.641684,6525.700000,5958.500000,1032.500000,4926.000000,40100.641684,999.600000,3754.600000,35.188717,5.390171,10.680403,8.200000,2.771676,15.400000,3.273286,2018-06-30,0,0,0
2018-08-03,SCCO,46.171153,773.044469,35692.354105,6525.700000,5958.500000,1032.500000,4926.000000,40618.354105,999.600000,3754.600000,35.706637,5.469506,10.818291,8.200000,2.802407,15.518000,3.269143,2018-06-30,0,0,0
2018-08-06,SCCO,45.200561,773.044469,34942.043364,6525.700000,5958.500000,1032.500000,4926.000000,39868.043364,999.600000,3754.600000,34.956026,5.354528,10.618453,8.200000,2.768501,15.365000,3.270143,2018-06-30,0,0,0
2018-08-07,SCCO,44.540557,773.044469,34431.831447,6525.700000,5958.500000,1032.500000,4926.000000,39357.831447,999.600000,3754.600000,34.445610,5.276343,10.482563,8.200000,2.786305,15.408000,3.268571,2018-06-30,0,0,0
2018-08-08,SCCO,44.336732,773.044469,34274.265732,6525.700000,5958.500000,1032.500000,4926.000000,39200.265732,999.600000,3754.600000,34.287981,5.252198,10.440597,8.200000,2.786872,15.377000,3.269571,2018-06-30,0,0,0
2018-08-09,SCCO,44.346439,773.044469,34281.769299,6525.700000,5958.500000,1032.500000,4926.000000,39207.769299,999.600000,3754.600000,34.295487,5.253347,10.442596,8.200000,2.811592,15.451000,3.271429,2018-06-30,0,0,0
2018-08-10,SCCO,43.977611,773.044469,33996.649073,6525.700000,5958.500000,1032.500000,4926.000000,38922.649073,999.600000,3754.600000,34.010253,5.209656,10.366657,8.200000,2.794242,15.335000,3.278714,2018-06-30,0,0,0
2018-08-13,SCCO,43.230253,773.044469,33418.908117,6525.700000,5958.500000,1032.500000,4926.000000,38344.908117,999.600000,3754.600000,33.432281,5.121122,10.212781,8.200000,2.777460,15.093000,3.287857,2018-06-30,0,0,0
2018-08-14,SCCO,42.686724,773.044469,32998.735940,6525.700000,5958.500000,1032.500000,4926.000000,37924.735940,999.600000,3754.600000,33.011941,5.056735,10.100873,8.200000,2.725637,15.077000,3.292571,2018-06-30,0,0,0
2018-08-15,SCCO,40.988183,773.044469,31685.688313,6525.700000,5958.500000,1032.500000,4926.000000,36611.688313,999.600000,3754.600000,31.698368,4.855523,9.751155,8.200000,2.612238,14.460000,3.321000,2018-06-30,0,0,0
2018-08-16,SCCO,41.648187,773.044469,32195.900230,6525.700000,5958.500000,1032.500000,4926.000000,37121.900230,999.600000,3754.600000,32.208784,4.933708,9.887045,8.200000,2.676649,14.793000,3.310857,2018-06-30,0,0,0
2018-08-17,SCCO,42.347016,773.044469,32736.126414,6525.700000,5958.500000,1032.500000,4926.000000,37662.126414,999.600000,3754.600000,32.749226,5.016493,10.030929,8.200000,2.671432,14.685000,3.321000,2018-06-30,0,0,0
2018-08-20,SCCO,42.492606,773.044469,32848.673791,6525.700000,5958.500000,1032.500000,4926.000000,37774.673791,999.600000,3754.600000,32.861819,5.033739,10.060905,8.200000,2.704091,14.685000,3.315286,2018-06-30,0,0,0
2018-08-21,SCCO,42.696427,773.044469,33006.236444,6525.700000,5958.500000,1032.500000,4926.000000,37932.236444,999.600000,3754.600000,33.019444,5.057884,10.102870,8.200000,2.729719,14.772000,3.298000,2018-06-30,0,0,0
2018-08-22,SCCO,43.074961,773.044469,33298.860236,6525.700000,5958.500000,1032.500000,4926.000000,38224.860236,999.600000,3754.600000,33.312185,5.102726,10.180808,8.200000,2.712482,14.765000,3.286143,2018-06-30,0,0,0
2018-08-23,SCCO,42.007308,773.044469,32473.516889,6525.700000,5958.500000,1032.500000,4926.000000,37399.516889,999.600000,3754.600000,32.486511,4.976250,9.960986,8.200000,2.706586,14.603000,3.297000,2018-06-30,0,0,0
2018-08-24,SCCO,43.065254,773.044469,33291.356669,6525.700000,5958.500000,1032.500000,4926.000000,38217.356669,999.600000,3754.600000,33.304679,5.101576,10.178809,8.200000,2.763058,14.875000,3.293714,2018-06-30,0,0,0
2018-08-27,SCCO,44.045553,773.044469,34049.170978,6525.700000,5958.500000,1032.500000,4926.000000,38975.170978,999.600000,3754.600000,34.062796,5.217704,10.380645,8.200000,2.763058,14.889000,3.289429,2018-06-30,0,0,0
2018-08-28,SCCO,44.356145,773.044469,34289.272865,6525.700000,5958.500000,1032.500000,4926.000000,39215.272865,999.600000,3754.600000,34.302994,5.254497,10.444594,8.200000,2.782789,14.879000,3.294143,2018-06-30,0,0,0
2018-08-29,SCCO,44.035846,773.044469,34041.667411,6525.700000,5958.500000,1032.500000,4926.000000,38967.667411,999.600000,3754.600000,34.055290,5.216554,10.378647,8.200000,2.754666,14.733000,3.298000,2018-06-30,0,0,0
2018-09-04,SCCO,41.104653,773.044469,31775.724990,6525.700000,5958.500000,1032.500000,4926.000000,36701.724990,999.600000,3754.600000,31.788440,4.869321,9.775136,8.200000,2.629021,14.116000,3.316429,2018-06-30,0,0,0
2018-09-05,SCCO,40.968770,773.044469,31670.681180,6525.700000,5958.500000,1032.500000,4926.000000,36596.681180,999.600000,3754.600000,31.683355,4.853224,9.747158,8.200000,2.655443,14.220000,3.318429,2018-06-30,0,0,0
2018-09-06,SCCO,40.231119,773.044469,31100.443791,6525.700000,5958.500000,1032.500000,4926.000000,36026.443791,999.600000,3754.600000,31.112889,4.765840,9.595281,8.200000,2.678009,14.185000,3.320143,2018-06-30,0,0,0
2018-09-07,SCCO,39.250820,773.044469,30342.629483,6525.700000,5958.500000,1032.500000,4926.000000,35268.629483,999.600000,3754.600000,30.354771,4.649713,9.393445,8.200000,2.682999,14.220000,3.325571,2018-06-30,0,0,0
2018-09-10,SCCO,38.862583,773.044469,30042.505186,6525.700000,5958.500000,1032.500000,4926.000000,34968.505186,999.600000,3754.600000,30.054527,4.603721,9.313510,8.200000,2.672339,14.193000,3.329571,2018-06-30,0,0,0
2018-09-11,SCCO,38.629639,773.044469,29862.428770,6525.700000,5958.500000,1032.500000,4926.000000,34788.428770,999.600000,3754.600000,29.874379,4.576127,9.265549,8.200000,2.650680,14.112000,3.336714,2018-06-30,0,0,0
2018-09-12,SCCO,39.901117,773.044469,30845.337833,6525.700000,5958.500000,1032.500000,4926.000000,35771.337833,999.600000,3754.600000,30.857681,4.726748,9.527337,8.200000,2.713049,14.225000,3.331143,2018-06-30,0,0,0
2018-09-13,SCCO,39.969059,773.044469,30897.859738,6525.700000,5958.500000,1032.500000,4926.000000,35823.859738,999.600000,3754.600000,30.910224,4.734796,9.541325,8.200000,2.727678,14.240000,3.321571,2018-06-30,0,0,0
2018-09-14,SCCO,40.143764,773.044469,31032.914752,6525.700000,5958.500000,1032.500000,4926.000000,35958.914752,999.600000,3754.600000,31.045333,4.755492,9.577296,8.200000,2.699215,14.149000,3.315000,2018-06-30,0,0,0
2018-09-17,SCCO,39.891411,773.044469,30837.834266,6525.700000,5958.500000,1032.500000,4926.000000,35763.834266,999.600000,3754.600000,30.850174,4.725598,9.525338,8.200000,2.685267,14.217000,3.315000,2018-06-30,0,0,0
2018-09-18,SCCO,40.580533,773.044469,31370.556883,6525.700000,5958.500000,1032.500000,4926.000000,36296.556883,999.600000,3754.600000,31.383110,4.807232,9.667223,8.200000,2.750584,14.201000,3.306143,2018-06-30,0,0,0
2018-09-19,SCCO,41.124066,773.044469,31790.732124,6525.700000,5958.500000,1032.500000,4926.000000,36716.732124,999.600000,3754.600000,31.803454,4.871620,9.779133,8.200000,2.765326,14.281000,3.303143,2018-06-30,0,0,0
2018-09-20,SCCO,41.987895,773.044469,32458.509756,6525.700000,5958.500000,1032.500000,4926.000000,37384.509756,999.600000,3754.600000,32.471498,4.973951,9.956989,8.200000,2.755574,14.240000,3.298857,2018-06-30,0,0,0
2018-09-21,SCCO,42.958487,773.044469,33208.820497,6525.700000,5958.500000,1032.500000,4926.000000,38134.820497,999.600000,3754.600000,33.222109,5.088928,10.156826,8.200000,2.893693,14.337000,3.293714,2018-06-30,0,0,0
2018-09-24,SCCO,42.152898,773.044469,32586.064266,6525.700000,5958.500000,1032.500000,4926.000000,37512.064266,999.600000,3754.600000,32.599104,4.993497,9.990962,8.200000,2.882580,14.368000,3.299571,2018-06-30,0,0,0
2018-09-25,SCCO,42.512015,773.044469,32863.677862,6525.700000,5958.500000,1032.500000,4926.000000,37789.677862,999.600000,3754.600000,32.876829,5.036039,10.064901,8.200000,2.864322,14.511000,3.307286,2018-06-30,0,0,0
2018-09-26,SCCO,42.259661,773.044469,32668.597376,6525.700000,5958.500000,1032.500000,4926.000000,37594.597376,999.600000,3754.600000,32.681670,5.006145,10.012943,8.200000,2.844024,14.400000,3.305000,2018-06-30,0,0,0
2018-09-27,SCCO,42.065543,773.044469,32518.535227,6525.700000,5958.500000,1032.500000,4926.000000,37444.535227,999.600000,3754.600000,32.531548,4.983149,9.972976,8.200000,2.804108,14.262000,3.302000,2018-06-30,0,0,0
2018-09-28,SCCO,41.871424,773.044469,32368.473079,6525.700000,5958.500000,1032.500000,4926.000000,37294.473079,999.600000,3754.600000,32.381426,4.960153,9.933008,8.200000,2.841076,14.685000,3.300714,2018-06-30,0,0,0
2018-10-01,SCCO,41.919953,773.044469,32405.987850,6525.700000,5958.500000,1032.500000,4926.000000,37331.987850,999.600000,3754.600000,32.418955,4.965902,9.943000,8.200000,2.838808,14.475000,3.309000,2018-06-30,0,0,0
2018-10-02,SCCO,42.337309,773.044469,32728.622848,6525.700000,5958.500000,1032.500000,4926.000000,37654.622848,999.600000,3754.600000,32.741720,5.015343,10.028931,8.200000,2.852189,14.766000,3.313571,2018-06-30,0,0,0
2018-10-03,SCCO,42.463486,773.044469,32826.163091,6525.700000,5958.500000,1032.500000,4926.000000,37752.163091,999.600000,3754.600000,32.839299,5.030290,10.054909,8.200000,2.840622,14.712000,3.314286,2018-06-30,0,0,0
2018-10-04,SCCO,41.405540,773.044469,32008.323311,6525.700000,5958.500000,1032.500000,4926.000000,36934.323311,999.600000,3754.600000,32.021132,4.904964,9.837086,8.200000,2.852302,14.630000,3.332429,2018-06-30,0,0,0
2018-10-05,SCCO,41.027005,773.044469,31715.699518,6525.700000,5958.500000,1032.500000,4926.000000,36641.699518,999.600000,3754.600000,31.728391,4.860122,9.759149,8.200000,2.797304,14.607000,3.323286,2018-06-30,0,0,0
2018-10-09,SCCO,40.978477,773.044469,31678.184747,6525.700000,5958.500000,1032.500000,4926.000000,36604.184747,999.600000,3754.600000,31.690861,4.854373,9.749157,8.200000,2.857745,14.413000,3.330714,2018-06-30,0,0,0
2018-10-10,SCCO,40.134061,773.044469,31025.414248,6525.700000,5958.500000,1032.500000,4926.000000,35951.414248,999.600000,3754.600000,31.037829,4.754343,9.575298,8.200000,2.835406,14.320000,3.330429,2018-06-30,0,0,0
2018-10-11,SCCO,41.434655,773.044469,32030.830948,6525.700000,5958.500000,1032.500000,4926.000000,36956.830948,999.600000,3754.600000,32.043648,4.908413,9.843081,8.200000,2.838694,14.600000,3.328857,2018-06-30,0,0,0
2018-10-12,SCCO,40.532005,773.044469,31333.042112,6525.700000,5958.500000,1032.500000,4926.000000,36259.042112,999.600000,3754.600000,31.345580,4.801484,9.657232,8.200000,2.866250,14.603000,3.333143,2018-06-30,0,0,0
2018-10-15,SCCO,40.900829,773.044469,31618.159275,6525.700000,5958.500000,1032.500000,4926.000000,36544.159275,999.600000,3754.600000,31.630812,4.845175,9.733170,8.200000,2.858993,14.740000,3.337857,2018-06-30,0,0,0
2018-10-16,SCCO,40.667888,773.044469,31438.085922,6525.700000,5958.500000,1032.500000,4926.000000,36364.085922,999.600000,3754.600000,31.450666,4.817581,9.685209,8.200000,2.813293,14.725000,3.333429,2018-06-30,0,0,0
2018-10-17,SCCO,40.629062,773.044469,31408.071655,6525.700000,5958.500000,1032.500000,4926.000000,36334.071655,999.600000,3754.600000,31.420640,4.812981,9.677215,8.200000,2.819530,14.697000,3.335714,2018-06-30,0,0,0
2018-10-18,SCCO,38.823757,773.044469,30012.490919,6525.700000,5958.500000,1032.500000,4926.000000,34938.490919,999.600000,3754.600000,30.024501,4.599122,9.305516,8.200000,2.792995,14.645000,3.338286,2018-06-30,0,0,0
2018-10-19,SCCO,37.154336,773.044469,28721.953993,6525.700000,5958.500000,1032.500000,4926.000000,33647.953993,999.600000,3754.600000,28.733447,4.401360,8.961795,8.200000,2.824973,14.633000,3.330429,2018-06-30,0,0,0
2018-10-22,SCCO,37.134923,773.044469,28706.946859,6525.700000,5958.500000,1032.500000,4926.000000,33632.946859,999.600000,3754.600000,28.718434,4.399060,8.957798,8.200000,2.831664,14.576000,3.333143,2018-06-30,0,0,0
2018-10-23,SCCO,36.096389,773.044469,27904.114213,6525.700000,5958.500000,1032.500000,4926.000000,32830.114213,999.600000,3754.600000,27.915280,4.276034,8.743971,8.200000,2.809778,14.770000,3.337571,2018-06-30,0,0,0
2018-10-24,SCCO,34.854027,773.044469,26943.712788,6525.700000,5958.500000,1032.500000,4926.000000,31869.712788,999.600000,3754.600000,26.954495,4.128862,8.488178,8.200000,2.806830,14.705000,3.340714,2018-06-30,0,0,0
2018-10-25,SCCO,35.882858,773.044469,27739.044931,6525.700000,5958.500000,1032.500000,4926.000000,32665.044931,999.600000,3754.600000,27.750145,4.250739,8.700007,8.200000,2.836313,14.635000,3.342000,2018-06-30,0,0,0
2018-10-26,SCCO,36.300214,773.044469,28061.679928,6525.700000,5958.500000,1032.500000,4926.000000,32987.679928,999.600000,3754.600000,28.072909,4.300179,8.785937,8.200000,2.815448,14.749000,3.347000,2018-06-30,0,0,0
2018-10-29,SCCO,34.815205,773.044469,26913.701584,6525.700000,5958.500000,1032.500000,4926.000000,31839.701584,999.600000,3754.600000,26.924471,4.124263,8.480185,8.200000,2.802520,14.625000,3.352286,2018-06-30,0,0,0
2018-10-30,SCCO,35.717859,773.044469,27611.493483,6525.700000,5958.500000,1032.500000,4926.000000,32537.493483,999.600000,3754.600000,27.622542,4.231193,8.666035,8.200000,2.756254,14.469000,3.360571,2018-06-30,0,0,0
2018-10-31,SCCO,37.212571,773.044469,28766.972331,6525.700000,5958.500000,1032.500000,4926.000000,33692.972331,999.600000,3754.600000,28.778484,4.408258,8.973785,8.200000,2.738110,14.340000,3.368000,2018-06-30,0,0,0
2018-11-05,SCCO,38.445227,773.044469,29719.870189,6586.100000,5959.300000,967.300000,4992.000000,34711.870189,967.500000,3760.000000,30.718212,4.512514,9.231880,8.200000,2.815221,14.640000,3.362714,2018-09-30,0,0,0
2018-11-06,SCCO,38.551991,773.044469,29802.403299,6586.100000,5959.300000,967.300000,4992.000000,34794.403299,967.500000,3760.000000,30.803518,4.525046,9.253831,8.200000,2.805015,14.536000,3.371143,2018-09-30,0,0,0
2018-11-07,SCCO,38.551991,773.044469,29802.403299,6586.100000,5959.300000,967.300000,4992.000000,34794.403299,967.500000,3760.000000,30.803518,4.525046,9.253831,8.200000,2.799119,14.604000,3.364429,2018-09-30,0,0,0
2018-11-08,SCCO,37.901694,773.044469,29299.694948,6586.100000,5959.300000,967.300000,4992.000000,34291.694948,967.500000,3760.000000,30.283922,4.448717,9.120132,8.200000,2.799799,14.459000,3.369143,2018-09-30,0,0,0
2018-11-09,SCCO,36.814628,773.044469,28459.344468,6586.100000,5959.300000,967.300000,4992.000000,33451.344468,967.500000,3760.000000,29.415343,4.321122,8.896634,8.200000,2.757161,14.146000,3.371857,2018-09-30,0,0,0
2018-11-12,SCCO,35.795503,773.044469,27671.515892,6586.100000,5959.300000,967.300000,4992.000000,32663.515892,967.500000,3760.000000,28.601050,4.201503,8.687105,8.200000,2.755007,14.065000,3.374000,2018-09-30,0,0,0
2018-11-13,SCCO,35.494621,773.044469,27438.920634,6586.100000,5959.300000,967.300000,4992.000000,32430.920634,967.500000,3760.000000,28.360641,4.166186,8.625245,8.200000,2.761697,14.065000,3.378000,2018-09-30,0,0,0
2018-11-14,SCCO,35.950800,773.044469,27791.566836,6586.100000,5959.300000,967.300000,4992.000000,32783.566836,967.500000,3760.000000,28.725134,4.219730,8.719034,8.200000,2.770315,14.067000,3.379429,2018-09-30,0,0,0
2018-11-15,SCCO,36.630216,773.044469,28316.785886,6586.100000,5959.300000,967.300000,4992.000000,33308.785886,967.500000,3760.000000,29.267996,4.299477,8.858720,8.200000,2.811366,14.274000,3.385286,2018-09-30,0,0,0
2018-11-16,SCCO,36.698158,773.044469,28369.307791,6586.100000,5959.300000,967.300000,4992.000000,33361.307791,967.500000,3760.000000,29.322282,4.307452,8.872688,8.200000,2.822932,14.360000,3.376571,2018-09-30,0,0,0
2018-11-19,SCCO,36.174038,773.044469,27964.139685,6586.100000,5959.300000,967.300000,4992.000000,32956.139685,967.500000,3760.000000,28.903504,4.245933,8.764931,8.200000,2.854230,14.400000,3.377429,2018-09-30,0,0,0
2018-11-20,SCCO,34.553145,773.044469,26711.117530,6586.100000,5959.300000,967.300000,4992.000000,31703.117530,967.500000,3760.000000,27.608390,4.055681,8.431680,8.200000,2.814994,14.364000,3.382714,2018-09-30,0,0,0
2018-11-21,SCCO,34.834618,773.044469,26928.708717,6586.100000,5959.300000,967.300000,4992.000000,31920.708717,967.500000,3760.000000,27.833291,4.088718,8.489550,8.200000,2.843571,14.521000,3.377714,2018-09-30,0,0,0
2018-11-23,SCCO,31.175478,773.044469,24100.030943,6586.100000,5959.300000,967.300000,4992.000000,29092.030943,967.500000,3760.000000,24.909593,3.659226,7.737242,8.200000,2.828829,14.300000,3.378429,2018-09-30,0,0,0
2018-11-26,SCCO,31.000771,773.044469,23964.974397,6586.100000,5959.300000,967.300000,4992.000000,28956.974397,967.500000,3760.000000,24.769999,3.638720,7.701323,8.200000,2.821798,14.251000,3.380286,2018-09-30,0,0,0
2018-11-27,SCCO,32.019893,773.044469,24752.801441,6586.100000,5959.300000,967.300000,4992.000000,29744.801441,967.500000,3760.000000,25.584291,3.758340,7.910851,8.200000,2.791974,14.140000,3.382286,2018-09-30,0,0,0
2018-11-28,SCCO,32.854604,773.044469,25398.069904,6586.100000,5959.300000,967.300000,4992.000000,30390.069904,967.500000,3760.000000,26.251235,3.856314,8.082465,8.200000,2.832231,14.183000,3.378286,2018-09-30,0,0,0
2018-11-29,SCCO,32.553722,773.044469,25165.474646,6586.100000,5959.300000,967.300000,4992.000000,30157.474646,967.500000,3760.000000,26.010827,3.820998,8.020605,8.200000,2.833818,14.350000,3.378571,2018-09-30,0,0,0
2018-11-30,SCCO,32.495487,773.044469,25120.456308,6586.100000,5959.300000,967.300000,4992.000000,30112.456308,967.500000,3760.000000,25.964296,3.814163,8.008632,8.200000,2.824520,14.177000,3.383286,2018-09-30,0,0,0
2018-12-03,SCCO,32.709016,773.044469,25285.524058,6586.100000,5959.300000,967.300000,4992.000000,30277.524058,967.500000,3760.000000,26.134909,3.839226,8.052533,8.200000,2.863302,14.465000,3.376857,2018-09-30,0,0,0
2018-12-04,SCCO,31.845188,773.044469,24617.746426,6586.100000,5959.300000,967.300000,4992.000000,29609.746426,967.500000,3760.000000,25.444699,3.737834,7.874933,8.200000,2.817943,14.569000,3.385000,2018-09-30,0,0,0
2018-12-06,SCCO,31.456951,773.044469,24317.622130,6586.100000,5959.300000,967.300000,4992.000000,29309.622130,967.500000,3760.000000,25.134493,3.692264,7.795112,8.200000,2.757615,14.465000,3.380429,2018-09-30,0,0,0
2018-12-07,SCCO,31.719011,773.044469,24520.206183,6586.100000,5959.300000,967.300000,4992.000000,29512.206183,967.500000,3760.000000,25.343882,3.723024,7.848991,8.200000,2.789140,14.588000,3.368714,2018-09-30,0,0,0
2018-12-10,SCCO,31.311361,773.044469,24205.074753,6586.100000,5959.300000,967.300000,4992.000000,29197.074753,967.500000,3760.000000,25.018165,3.675176,7.765179,8.200000,2.761697,14.590000,3.374429,2018-09-30,0,0,0
2018-12-11,SCCO,31.204596,773.044469,24122.540112,6586.100000,5959.300000,967.300000,4992.000000,29114.540112,967.500000,3760.000000,24.932858,3.662644,7.743229,8.200000,2.798892,14.585000,3.367429,2018-09-30,0,0,0
2018-12-12,SCCO,31.049301,773.044469,24002.490699,6586.100000,5959.300000,967.300000,4992.000000,28994.490699,967.500000,3760.000000,24.808776,3.644416,7.711301,8.200000,2.787212,14.770000,3.357429,2018-09-30,0,0,0
2018-12-13,SCCO,31.136654,773.044469,24070.018207,6586.100000,5959.300000,967.300000,4992.000000,29062.018207,967.500000,3760.000000,24.878572,3.654669,7.729260,8.200000,2.793449,14.780000,3.362429,2018-09-30,0,0,0
2018-12-14,SCCO,30.767828,773.044469,23784.899512,6586.100000,5959.300000,967.300000,4992.000000,28776.899512,967.500000,3760.000000,24.583875,3.611378,7.653431,8.200000,2.779501,14.617000,3.353571,2018-09-30,0,0,0
2018-12-17,SCCO,30.243708,773.044469,23379.731406,6586.100000,5959.300000,967.300000,4992.000000,28371.731406,967.500000,3760.000000,24.165097,3.549860,7.545673,8.200000,2.764872,14.647000,3.343429,2018-09-30,0,0,0
2018-12-18,SCCO,30.311650,773.044469,23432.253311,6586.100000,5959.300000,967.300000,4992.000000,28424.253311,967.500000,3760.000000,24.219383,3.557834,7.559642,8.200000,2.696493,14.662000,3.344857,2018-09-30,0,0,0
2018-12-19,SCCO,29.379878,773.044469,22711.952242,6586.100000,5959.300000,967.300000,4992.000000,27703.952242,967.500000,3760.000000,23.474886,3.448468,7.368072,8.200000,2.717245,14.802000,3.350429,2018-09-30,0,0,0
2018-12-20,SCCO,28.904289,773.044469,22344.300438,6586.100000,5959.300000,967.300000,4992.000000,27336.300438,967.500000,3760.000000,23.094884,3.392645,7.270293,8.200000,2.711348,14.735000,3.343429,2018-09-30,0,0,0
2018-12-21,SCCO,29.311936,773.044469,22659.430337,6586.100000,5959.300000,967.300000,4992.000000,27651.430337,967.500000,3760.000000,23.420600,3.440493,7.354104,8.200000,2.706812,14.667000,3.358143,2018-09-30,0,0,0
2018-12-26,SCCO,29.913705,773.044469,23124.623916,6586.100000,5959.300000,967.300000,4992.000000,28116.623916,967.500000,3760.000000,23.901420,3.511126,7.477826,8.200000,2.690597,15.152000,3.368571,2018-09-30,0,0,0
2018-12-27,SCCO,30.127236,773.044469,23289.693198,6586.100000,5959.300000,967.300000,4992.000000,28281.693198,967.500000,3760.000000,24.072034,3.536189,7.521727,8.200000,2.707493,15.236000,3.374571,2018-09-30,0,0,0
2018-12-28,SCCO,29.690469,773.044469,22952.052599,6586.100000,5959.300000,967.300000,4992.000000,27944.052599,967.500000,3760.000000,23.723052,3.484923,7.431929,8.200000,2.715658,15.334000,3.368429,2018-09-30,0,0,0
2018-12-31,SCCO,29.865176,773.044469,23087.109145,6586.100000,5959.300000,967.300000,4992.000000,28079.109145,967.500000,3760.000000,23.862645,3.505429,7.467848,8.200000,2.698421,15.512000,3.374571,2018-09-30,0,0,0
2019-01-02,SCCO,29.302232,773.044469,22651.928302,6586.100000,5959.300000,967.300000,4992.000000,27643.928302,967.500000,3760.000000,23.412846,3.439354,7.352109,8.200000,2.639454,15.550000,3.371571,2018-09-30,0,0,0
2019-01-03,SCCO,28.351049,773.044469,21916.621631,6586.100000,5959.300000,967.300000,4992.000000,26908.621631,967.500000,3760.000000,22.652839,3.327709,7.156548,8.200000,2.591713,15.683000,3.370143,2018-09-30,0,0,0
2019-01-04,SCCO,30.224295,773.044469,23364.724272,6586.100000,5959.300000,967.300000,4992.000000,28356.724272,967.500000,3760.000000,24.149586,3.547581,7.541682,8.200000,2.674948,15.758000,3.355286,2018-09-30,0,0,0
2019-01-07,SCCO,30.399003,773.044469,23499.780818,6586.100000,5959.300000,967.300000,4992.000000,28491.780818,967.500000,3760.000000,24.289179,3.568087,7.577601,8.200000,2.678123,15.702000,3.349857,2018-09-30,0,0,0
2019-01-08,SCCO,30.787239,773.044469,23799.905115,6586.100000,5959.300000,967.300000,4992.000000,28791.905115,967.500000,3760.000000,24.599385,3.613657,7.657422,8.200000,2.670072,15.631000,3.349143,2018-09-30,0,0,0
2019-01-09,SCCO,30.981358,773.044469,23949.967263,6586.100000,5959.300000,967.300000,4992.000000,28941.967263,967.500000,3760.000000,24.754488,3.636441,7.697332,8.200000,2.692865,15.660000,3.334286,2018-09-30,0,0,0
2019-01-10,SCCO,30.971653,773.044469,23942.465228,6586.100000,5959.300000,967.300000,4992.000000,28934.465228,967.500000,3760.000000,24.746734,3.635302,7.695336,8.200000,2.679710,15.661000,3.343000,2018-09-30,0,0,0
2019-01-11,SCCO,30.777535,773.044469,23792.403079,6586.100000,5959.300000,967.300000,4992.000000,28784.403079,967.500000,3760.000000,24.591631,3.612518,7.655426,8.200000,2.685267,15.650000,3.342571,2018-09-30,0,0,0
2019-01-14,SCCO,31.282244,773.044469,24182.565584,6586.100000,5959.300000,967.300000,4992.000000,29174.565584,967.500000,3760.000000,24.994900,3.671758,7.759193,8.200000,2.661226,15.640000,3.345143,2018-09-30,0,0,0
2019-01-15,SCCO,29.797234,773.044469,23034.587240,6586.100000,5959.300000,967.300000,4992.000000,28026.587240,967.500000,3760.000000,23.808359,3.497455,7.453880,10.374043,2.669845,15.577000,3.338429,2018-09-30,0,0,0
2019-01-16,SCCO,30.457238,773.044469,23544.799156,6586.100000,5959.300000,967.300000,4992.000000,28536.799156,967.500000,3760.000000,24.335710,3.574923,7.589574,10.374043,2.693545,15.600000,3.332000,2018-09-30,0,0,0
2019-01-17,SCCO,31.068712,773.044469,24017.496302,6586.100000,5959.300000,967.300000,4992.000000,29009.496302,967.500000,3760.000000,24.824286,3.646695,7.715292,10.374043,2.705565,15.517000,3.332143,2018-09-30,0,0,0
2019-01-18,SCCO,31.340479,773.044469,24227.583922,6586.100000,5959.300000,967.300000,4992.000000,29219.583922,967.500000,3760.000000,25.041430,3.678593,7.771166,10.374043,2.734935,15.423000,3.318857,2018-09-30,0,0,0
2019-01-22,SCCO,30.874594,773.044469,23867.434153,6586.100000,5959.300000,967.300000,4992.000000,28859.434153,967.500000,3760.000000,24.669183,3.623910,7.675381,10.374043,2.678123,15.327000,3.336857,2018-09-30,0,0,0
2019-01-23,SCCO,30.282532,773.044469,23409.744142,6586.100000,5959.300000,967.300000,4992.000000,28401.744142,967.500000,3760.000000,24.196118,3.554417,7.553655,10.374043,2.684927,15.371000,3.338000,2018-09-30,0,0,0
2019-01-24,SCCO,30.146647,773.044469,23304.698800,6586.100000,5959.300000,967.300000,4992.000000,28296.698800,967.500000,3760.000000,24.087544,3.538467,7.525718,10.374043,2.673473,15.334000,3.347857,2018-09-30,0,0,0
2019-01-25,SCCO,31.291948,773.044469,24190.067619,6586.100000,5959.300000,967.300000,4992.000000,29182.067619,967.500000,3760.000000,25.002654,3.672897,7.761188,10.374043,2.738564,15.700000,3.342714,2018-09-30,0,0,0
2019-01-28,SCCO,30.835770,773.044469,23837.421418,6586.100000,5959.300000,967.300000,4992.000000,28829.421418,967.500000,3760.000000,24.638162,3.619353,7.667399,10.374043,2.712029,15.764000,3.356000,2018-09-30,0,0,0
2019-01-29,SCCO,31.757833,773.044469,24550.217388,6586.100000,5959.300000,967.300000,4992.000000,29542.217388,967.500000,3760.000000,25.374902,3.727580,7.856973,10.374043,2.736296,15.862000,3.359429,2018-09-30,0,0,0
2019-01-30,SCCO,32.718723,773.044469,25293.027625,6586.100000,5959.300000,967.300000,4992.000000,30285.027625,967.500000,3760.000000,26.142664,3.840365,8.054529,10.374043,2.776099,15.935000,3.353429,2018-09-30,0,0,0
2019-01-31,SCCO,32.631368,773.044469,25225.498587,6586.100000,5959.300000,967.300000,4992.000000,30217.498587,967.500000,3760.000000,26.072867,3.830112,8.036569,10.374043,2.790160,16.084000,3.331571,2018-09-30,0,0,0
2019-02-01,SCCO,32.485780,773.044469,25112.952741,6586.100000,5959.300000,967.300000,4992.000000,30104.952741,967.500000,3760.000000,25.956540,3.813023,8.006636,10.374043,2.774058,15.950000,3.329000,2018-09-30,0,0,0
2019-02-04,SCCO,32.776958,773.044469,25338.045963,6586.100000,5959.300000,967.300000,4992.000000,30330.045963,967.500000,3760.000000,26.189195,3.847200,8.066502,10.374043,2.789820,15.906000,3.331143,2018-09-30,0,0,0
2019-02-05,SCCO,32.941959,773.044469,25465.598943,6586.100000,5959.300000,967.300000,4992.000000,30457.598943,967.500000,3760.000000,26.321032,3.866567,8.100425,10.374043,2.819984,15.834000,3.328571,2018-09-30,0,0,0
2019-02-06,SCCO,33.291373,773.044469,25735.712035,6586.100000,5959.300000,967.300000,4992.000000,30727.712035,967.500000,3760.000000,26.600219,3.907580,8.172264,10.374043,2.839715,15.749000,3.326429,2018-09-30,0,0,0
2019-02-07,SCCO,31.951954,773.044469,24700.281067,6586.100000,5959.300000,967.300000,4992.000000,29692.281067,967.500000,3760.000000,25.530006,3.750365,7.896883,10.374043,2.824973,15.698000,3.324286,2018-09-30,0,0,0
2019-02-08,SCCO,31.583128,773.044469,24415.162373,6586.100000,5959.300000,967.300000,4992.000000,29407.162373,967.500000,3760.000000,25.235310,3.707074,7.821054,10.374043,2.808077,15.787000,3.323286,2018-09-30,0,0,0
2019-02-11,SCCO,30.253413,773.044469,23387.233441,6586.100000,5959.300000,967.300000,4992.000000,28379.233441,967.500000,3760.000000,24.172851,3.550999,7.547668,10.374043,2.783129,15.724000,3.330571,2018-09-30,0,0,0
2019-02-12,SCCO,29.311936,773.044469,22659.430337,6586.100000,5959.300000,967.300000,4992.000000,27651.430337,967.500000,3760.000000,23.420600,3.440493,7.354104,10.374043,2.763171,15.697000,3.332143,2018-09-30,0,0,0
2019-02-13,SCCO,29.719586,773.044469,22974.561768,6586.100000,5959.300000,967.300000,4992.000000,27966.561768,967.500000,3760.000000,23.746317,3.488341,7.437915,10.374043,2.777573,15.706000,3.338000,2018-09-30,0,0,0
2019-02-14,SCCO,30.515475,773.044469,23589.819026,6586.100000,5959.300000,967.300000,4992.000000,28581.819026,967.500000,3760.000000,24.382242,3.581758,7.601548,10.374043,2.783810,15.590000,3.340714,2018-09-30,0,0,0
2019-02-15,SCCO,31.544304,773.044469,24385.149637,6586.100000,5959.300000,967.300000,4992.000000,29377.149637,967.500000,3760.000000,25.204289,3.702517,7.813072,10.374043,2.809098,15.659000,3.329429,2018-09-30,0,0,0
2019-02-19,SCCO,33.398137,773.044469,25818.245144,6586.100000,5959.300000,967.300000,4992.000000,30810.245144,967.500000,3760.000000,26.685525,3.920111,8.194214,10.374043,2.877590,15.980000,3.316571,2018-09-30,0,0,0
2019-02-20,SCCO,34.776383,773.044469,26883.690379,6586.100000,5959.300000,967.300000,4992.000000,31875.690379,967.500000,3760.000000,27.786760,4.081883,8.477577,10.374043,2.915692,16.140000,3.318714,2018-09-30,0,0,0
2019-02-21,SCCO,34.805498,773.044469,26906.198017,6586.100000,5959.300000,967.300000,4992.000000,31898.198017,967.500000,3760.000000,27.810024,4.085301,8.483563,10.374043,2.900496,15.888000,3.320857,2018-09-30,0,0,0
2019-02-22,SCCO,35.125794,773.044469,27153.800408,6586.100000,5959.300000,967.300000,4992.000000,32145.800408,967.500000,3760.000000,28.065944,4.122895,8.549415,10.374043,2.956969,15.949000,3.307857,2018-09-30,0,0,0
2019-02-25,SCCO,35.795503,773.044469,27671.515892,6586.100000,5959.300000,967.300000,4992.000000,32663.515892,967.500000,3760.000000,28.601050,4.201503,8.687105,10.374043,2.959463,15.913000,3.304429,2018-09-30,0,0,0
2019-02-26,SCCO,35.708153,773.044469,27603.989916,6586.100000,5959.300000,967.300000,4992.000000,32595.989916,967.500000,3760.000000,28.531256,4.191250,8.669146,10.374043,2.958103,15.895000,3.309429,2018-09-30,0,0,0
2019-02-27,SCCO,35.640211,773.044469,27551.468011,6586.100000,5959.300000,967.300000,4992.000000,32543.468011,967.500000,3760.000000,28.476970,4.183275,8.655178,10.374043,2.969216,15.747000,3.303286,2018-09-30,0,0,0
2019-02-28,SCCO,34.562851,773.044469,26718.621097,6586.100000,5959.300000,967.300000,4992.000000,31710.621097,967.500000,3760.000000,27.616146,4.056820,8.433676,10.374043,2.973525,15.655000,3.303286,2018-09-30,0,0,0
2019-03-01,SCCO,34.718148,773.044469,26838.672041,6586.100000,5959.300000,967.300000,4992.000000,31830.672041,967.500000,3760.000000,27.740229,4.075048,8.465604,10.374043,2.959690,15.318000,3.306286,2018-09-30,0,0,0
2019-03-04,SCCO,34.679322,773.044469,26808.657773,6567.400000,5960.100000,844.600000,5115.500000,31924.157773,1548.200000,3555.500000,17.316017,4.082081,8.978810,10.374043,2.931114,15.131000,3.311143,2018-12-31,0,0,0
2019-03-05,SCCO,35.184033,773.044469,27198.821809,6567.400000,5960.100000,844.600000,5115.500000,32314.321809,1548.200000,3555.500000,17.568029,4.141490,9.088545,10.374043,2.970123,15.125000,3.311571,2018-12-31,0,0,0
2019-03-06,SCCO,35.067558,773.044469,27108.782070,6567.400000,5960.100000,844.600000,5115.500000,32224.282070,1548.200000,3555.500000,17.509871,4.127780,9.063221,10.374043,2.948124,15.074000,3.309143,2018-12-31,0,0,0
2019-03-07,SCCO,34.718148,773.044469,26838.672041,6567.400000,5960.100000,844.600000,5115.500000,31954.172041,1548.200000,3555.500000,17.335404,4.086651,8.987251,10.374043,2.930207,15.045000,3.310429,2018-12-31,0,0,0
2019-03-08,SCCO,34.786085,773.044469,26891.190883,6567.400000,5960.100000,844.600000,5115.500000,32006.690883,1548.200000,3555.500000,17.369326,4.094648,9.002022,10.374043,2.913424,15.358000,3.314143,2018-12-31,0,0,0
2019-03-11,SCCO,35.941093,773.044469,27784.063269,6567.400000,5960.100000,844.600000,5115.500000,32899.563269,1548.200000,3555.500000,17.946043,4.230603,9.253147,10.374043,2.918867,15.304000,3.307900,2018-12-31,0,0,0
2019-03-12,SCCO,36.717571,773.044469,28384.314925,6567.400000,5960.100000,844.600000,5115.500000,33499.814925,1548.200000,3555.500000,18.333752,4.322002,9.421970,10.374043,2.947443,15.391000,3.301429,2018-12-31,0,0,0
2019-03-13,SCCO,37.125220,773.044469,28699.446355,6567.400000,5960.100000,844.600000,5115.500000,33814.946355,1548.200000,3555.500000,18.537299,4.369986,9.510602,10.374043,2.949031,15.488000,3.292714,2018-12-31,0,0,0
2019-03-14,SCCO,35.989622,773.044469,27821.578040,6567.400000,5960.100000,844.600000,5115.500000,32937.078040,1548.200000,3555.500000,17.970274,4.236315,9.263698,10.374043,2.910249,15.215000,3.297429,2018-12-31,0,0,0
2019-03-15,SCCO,36.513746,773.044469,28226.749210,6567.400000,5960.100000,844.600000,5115.500000,33342.249210,1548.200000,3555.500000,18.231979,4.298010,9.377654,10.374043,2.923743,15.319000,3.298143,2018-12-31,0,0,0
2019-03-18,SCCO,36.950511,773.044469,28564.388278,6567.400000,5960.100000,844.600000,5115.500000,33679.888278,1548.200000,3555.500000,18.450063,4.349421,9.472617,10.374043,2.929300,15.359000,3.299857,2018-12-31,0,0,0
2019-03-19,SCCO,37.697869,773.044469,29142.129233,6567.400000,5960.100000,844.600000,5115.500000,34257.629233,1548.200000,3555.500000,18.823233,4.437392,9.635109,10.374043,2.934289,15.400000,3.301429,2018-12-31,0,0,0
2019-03-20,SCCO,37.979342,773.044469,29359.720420,6567.400000,5960.100000,844.600000,5115.500000,34475.220420,1548.200000,3555.500000,18.963778,4.470524,9.696307,10.374043,2.940866,15.315000,3.295286,2018-12-31,0,0,0
2019-03-21,SCCO,38.280224,773.044469,29592.315678,6567.400000,5960.100000,844.600000,5115.500000,34707.815678,1548.200000,3555.500000,19.114013,4.505941,9.761726,10.374043,2.917960,15.500000,3.293143,2018-12-31,0,0,0
2019-03-22,SCCO,36.484626,773.044469,28204.238509,6567.400000,5960.100000,844.600000,5115.500000,33319.738509,1548.200000,3555.500000,18.217439,4.294582,9.371323,10.374043,2.864209,15.420000,3.303000,2018-12-31,0,0,0
2019-03-25,SCCO,36.814628,773.044469,28459.344468,6567.400000,5960.100000,844.600000,5115.500000,33574.844468,1548.200000,3555.500000,18.382214,4.333426,9.443073,10.374043,2.874415,15.574000,3.303714,2018-12-31,0,0,0
2019-03-26,SCCO,37.989049,773.044469,29367.223987,6567.400000,5960.100000,844.600000,5115.500000,34482.723987,1548.200000,3555.500000,18.968624,4.471667,9.698418,10.374043,2.874642,15.454000,3.305000,2018-12-31,0,0,0
2019-03-27,SCCO,37.717282,773.044469,29157.136367,6567.400000,5960.100000,844.600000,5115.500000,34272.636367,1548.200000,3555.500000,18.832926,4.439677,9.639330,10.374043,2.873961,15.327000,3.317286,2018-12-31,0,0,0
2019-03-28,SCCO,37.872575,773.044469,29277.184248,6567.400000,5960.100000,844.600000,5115.500000,34392.684248,1548.200000,3555.500000,18.910467,4.457957,9.673094,10.374043,2.884848,15.080000,3.317857,2018-12-31,0,0,0
2019-03-29,SCCO,38.513169,773.044469,29772.392094,6567.400000,5960.100000,844.600000,5115.500000,34887.892094,1548.200000,3555.500000,19.230327,4.533361,9.812373,10.374043,2.942227,15.167000,3.320000,2018-12-31,0,0,0
2019-04-01,SCCO,39.056702,773.044469,30192.567334,6567.400000,5960.100000,844.600000,5115.500000,35308.067334,1548.200000,3555.500000,19.501723,4.597339,9.930549,10.374043,2.932475,15.161000,3.308857,2018-12-31,0,0,0
2019-04-02,SCCO,38.716994,773.044469,29929.957809,6567.400000,5960.100000,844.600000,5115.500000,35045.457809,1548.200000,3555.500000,19.332100,4.557353,9.856689,10.374043,2.909115,15.079000,3.311571,2018-12-31,0,0,0
2019-04-03,SCCO,39.231407,773.044469,30327.622349,6567.400000,5960.100000,844.600000,5115.500000,35443.122349,1548.200000,3555.500000,19.588956,4.617904,9.968534,10.374043,2.941093,15.121000,3.300143,2018-12-31,0,0,0
2019-04-04,SCCO,39.794353,773.044469,30762.804723,6567.400000,5960.100000,844.600000,5115.500000,35878.304723,1548.200000,3555.500000,19.870046,4.684168,10.090931,10.374043,2.919661,15.098000,3.297571,2018-12-31,0,0,0
2019-04-05,SCCO,39.823469,773.044469,30785.312361,6567.400000,5960.100000,844.600000,5115.500000,35900.812361,1548.200000,3555.500000,19.884584,4.687595,10.097261,10.374043,2.896301,15.145000,3.297429,2018-12-31,0,0,0
2019-04-08,SCCO,40.464063,773.044469,31280.520207,6567.400000,5960.100000,844.600000,5115.500000,36396.020207,1548.200000,3555.500000,20.204444,4.762999,10.236541,10.374043,2.930093,15.240000,3.291143,2018-12-31,0,0,0
2019-04-09,SCCO,39.551702,773.044469,30575.224741,6567.400000,5960.100000,844.600000,5115.500000,35690.724741,1548.200000,3555.500000,19.748886,4.655606,10.038173,10.374043,2.937578,15.307000,3.292857,2018-12-31,0,0,0
2019-04-10,SCCO,39.862295,773.044469,30815.326628,6567.400000,5960.100000,844.600000,5115.500000,35930.826628,1548.200000,3555.500000,19.903970,4.692165,10.105703,10.374043,2.924990,15.265000,3.295143,2018-12-31,0,0,0
2019-04-11,SCCO,39.163466,773.044469,30275.100444,6567.400000,5960.100000,844.600000,5115.500000,35390.600444,1548.200000,3555.500000,19.555032,4.609907,9.953762,10.374043,2.898682,15.030000,3.299286,2018-12-31,0,0,0
2019-04-12,SCCO,39.794353,773.044469,30762.804723,6567.400000,5960.100000,844.600000,5115.500000,35878.304723,1548.200000,3555.500000,19.870046,4.684168,10.090931,10.374043,2.931794,15.018000,3.295143,2018-12-31,0,0,0
2019-04-15,SCCO,39.425526,773.044469,30477.684497,6567.400000,5960.100000,844.600000,5115.500000,35593.184497,1548.200000,3555.500000,19.685883,4.640753,10.010740,10.374043,2.926578,15.007000,3.298571,2018-12-31,0,0,0
2019-04-16,SCCO,40.056413,773.044469,30965.388776,6567.400000,5960.100000,844.600000,5115.500000,36080.888776,1548.200000,3555.500000,20.000897,4.715015,10.147909,10.374043,2.934289,14.994000,3.295857,2018-12-31,0,0,0
2019-04-17,SCCO,40.609649,773.044469,31393.064521,6567.400000,5960.100000,844.600000,5115.500000,36508.564521,1548.200000,3555.500000,20.277138,4.780136,10.268194,10.374043,2.965133,14.970000,3.295714,2018-12-31,0,0,0
2019-04-22,SCCO,39.114937,773.044469,30237.585673,6567.400000,5960.100000,844.600000,5115.500000,35353.085673,1548.200000,3555.500000,19.530801,4.604194,9.943211,10.374043,2.930547,15.011000,3.305143,2018-12-31,0,0,0
2019-04-23,SCCO,39.008169,773.044469,30155.049500,6567.400000,5960.100000,844.600000,5115.500000,35270.549500,1548.200000,3555.500000,19.477490,4.591627,9.919997,10.374043,2.900383,14.823000,3.311429,2018-12-31,0,0,0
2019-04-24,SCCO,38.192874,773.044469,29524.789702,6567.400000,5960.100000,844.600000,5115.500000,34640.289702,1548.200000,3555.500000,19.070398,4.495659,9.742734,10.374043,2.923289,14.990000,3.323000,2018-12-31,0,0,0
2019-04-25,SCCO,36.882570,773.044469,28511.866373,6567.400000,5960.100000,844.600000,5115.500000,33627.366373,1548.200000,3555.500000,18.416139,4.341424,9.457845,10.374043,2.884167,14.960000,3.331714,2018-12-31,0,0,0
2019-04-26,SCCO,37.785224,773.044469,29209.658272,6567.400000,5960.100000,844.600000,5115.500000,34325.158272,1548.200000,3555.500000,18.866851,4.447675,9.654102,10.374043,2.902424,15.074000,3.319286,2018-12-31,0,0,0
2019-04-29,SCCO,37.726989,773.044469,29164.639934,6567.400000,5960.100000,844.600000,5115.500000,34280.139934,1548.200000,3555.500000,18.837773,4.440820,9.641440,10.374043,2.904125,14.908000,3.316429,2018-12-31,0,0,0
2019-04-30,SCCO,37.290219,773.044469,28826.997803,6646.500000,5960.900000,737.000000,5223.900000,34050.897803,1465.500000,3495.500000,19.670418,4.337170,9.741353,10.374043,2.915125,14.951000,3.308571,2019-03-31,0,0,0
2019-05-02,SCCO,35.319916,773.044469,27303.865619,6646.500000,5960.900000,737.000000,5223.900000,32527.765619,1465.500000,3495.500000,18.631092,4.108007,9.305612,10.374043,2.796851,14.634000,3.315286,2019-03-31,0,0,0
2019-05-03,SCCO,36.639923,773.044469,28324.289453,6646.500000,5960.900000,737.000000,5223.900000,33548.189453,1465.500000,3495.500000,19.327390,4.261535,9.597537,10.374043,2.825540,14.938000,3.301429,2019-03-31,0,0,0
2019-05-06,SCCO,35.378151,773.044469,27348.883958,6646.500000,5960.900000,737.000000,5223.900000,32572.783958,1465.500000,3495.500000,18.661811,4.114780,9.318491,10.374043,2.825540,14.910000,3.312000,2019-03-31,0,0,0
2019-05-07,SCCO,35.436386,773.044469,27393.902296,6646.500000,5960.900000,737.000000,5223.900000,32617.802296,1465.500000,3495.500000,18.692530,4.121553,9.331370,10.374043,2.798098,14.902000,3.315000,2019-03-31,0,0,0
2019-05-08,SCCO,35.242268,773.044469,27243.840147,6646.500000,5960.900000,737.000000,5223.900000,32467.740147,1465.500000,3495.500000,18.590133,4.098975,9.288439,10.374043,2.780408,14.857000,3.315571,2019-03-31,0,0,0
2019-05-09,SCCO,34.388142,773.044469,26583.563020,6646.500000,5960.900000,737.000000,5223.900000,31807.463020,1465.500000,3495.500000,18.139586,3.999633,9.099546,10.374043,2.761924,14.782000,3.323143,2019-03-31,0,0,0
2019-05-10,SCCO,34.601673,773.044469,26748.632302,6646.500000,5960.900000,737.000000,5223.900000,31972.532302,1465.500000,3495.500000,18.252223,4.024469,9.146769,10.374043,2.770542,14.806000,3.315429,2019-03-31,0,0,0
2019-05-13,SCCO,33.650495,773.044469,26013.328694,6646.500000,5960.900000,737.000000,5223.900000,31237.228694,1465.500000,3495.500000,17.750480,3.913839,8.936412,10.374043,2.715431,14.780000,3.332714,2019-03-31,0,0,0
2019-05-14,SCCO,33.990199,773.044469,26275.935156,6646.500000,5960.900000,737.000000,5223.900000,31499.835156,1465.500000,3495.500000,17.929673,3.953349,9.011539,10.374043,2.720193,14.807000,3.323143,2019-03-31,0,0,0
2019-05-15,SCCO,34.038731,773.044469,26313.452990,6646.500000,5960.900000,737.000000,5223.900000,31537.352990,1465.500000,3495.500000,17.955273,3.958994,9.022272,10.374043,2.745935,14.812000,3.322857,2019-03-31,0,0,0
2019-05-16,SCCO,34.058140,773.044469,26328.457061,6646.500000,5960.900000,737.000000,5223.900000,31552.357061,1465.500000,3495.500000,17.965511,3.961251,9.026565,10.374043,2.753759,14.560000,3.316714,2019-03-31,0,0,0
2019-05-17,SCCO,33.699023,773.044469,26050.843465,6646.500000,5960.900000,737.000000,5223.900000,31274.743465,1465.500000,3495.500000,17.776079,3.919483,8.947144,10.374043,2.736523,14.445000,3.317000,2019-03-31,0,0,0
2019-05-20,SCCO,33.301080,773.044469,25743.215602,6646.500000,5960.900000,737.000000,5223.900000,30967.115602,1465.500000,3495.500000,17.566166,3.873199,8.859138,10.374043,2.723255,14.464000,3.341429,2019-03-31,0,0,0
2019-05-21,SCCO,33.543727,773.044469,25930.792521,6646.500000,5960.900000,737.000000,5223.900000,31154.692521,1465.500000,3495.500000,17.694161,3.901421,8.912800,10.374043,2.705679,14.451000,3.345429,2019-03-31,0,0,0
2019-05-22,SCCO,32.495487,773.044469,25120.456308,6646.500000,5960.900000,737.000000,5223.900000,30344.356308,1465.500000,3495.500000,17.141219,3.779501,8.680977,10.374043,2.673473,14.494000,3.345571,2019-03-31,0,0,0
2019-05-23,SCCO,32.291662,773.044469,24962.890593,6646.500000,5960.900000,737.000000,5223.900000,30186.790593,1465.500000,3495.500000,17.033702,3.755795,8.635901,10.374043,2.676649,14.654000,3.350857,2019-03-31,0,0,0
2019-05-24,SCCO,32.495487,773.044469,25120.456308,6646.500000,5960.900000,737.000000,5223.900000,30344.356308,1465.500000,3495.500000,17.141219,3.779501,8.680977,10.374043,2.690710,14.583000,3.344857,2019-03-31,0,0,0
2019-05-28,SCCO,32.854604,773.044469,25398.069904,6646.500000,5960.900000,737.000000,5223.900000,30621.969904,1465.500000,3495.500000,17.330652,3.821270,8.760398,10.374043,2.694792,14.360000,3.355429,2019-03-31,0,0,0
2019-05-29,SCCO,33.155488,773.044469,25630.666693,6646.500000,5960.900000,737.000000,5223.900000,30854.566693,1465.500000,3495.500000,17.489367,3.856265,8.826939,10.374043,2.655330,14.465000,3.357571,2019-03-31,0,0,0
2019-05-30,SCCO,32.941959,773.044469,25465.598943,6646.500000,5960.900000,737.000000,5223.900000,30689.498943,1465.500000,3495.500000,17.376731,3.831430,8.779716,10.374043,2.640815,14.526000,3.363571,2019-03-31,0,0,0
2019-05-31,SCCO,32.738134,773.044469,25308.033228,6646.500000,5960.900000,737.000000,5223.900000,30531.933228,1465.500000,3495.500000,17.269214,3.807723,8.734640,10.374043,2.633557,14.591000,3.374000,2019-03-31,0,0,0
2019-06-03,SCCO,33.679610,773.044469,26035.836331,6646.500000,5960.900000,737.000000,5223.900000,31259.736331,1465.500000,3495.500000,17.765839,3.917225,8.942851,10.374043,2.638093,14.746000,3.372429,2019-03-31,0,0,0
2019-06-04,SCCO,34.397849,773.044469,26591.066586,6646.500000,5960.900000,737.000000,5223.900000,31814.966586,1465.500000,3495.500000,18.144706,4.000762,9.101693,10.374043,2.655443,14.773000,3.349286,2019-03-31,0,0,0
2019-06-05,SCCO,34.048434,773.044469,26320.953494,6646.500000,5960.900000,737.000000,5223.900000,31544.853494,1465.500000,3495.500000,17.960391,3.960122,9.024418,10.374043,2.623125,14.814000,3.350286,2019-03-31,0,0,0
2019-06-06,SCCO,34.203730,773.044469,26441.004438,6646.500000,5960.900000,737.000000,5223.900000,31664.904438,1465.500000,3495.500000,18.042309,3.978185,9.058763,10.374043,2.626413,14.904000,3.334857,2019-03-31,0,0,0
2019-06-07,SCCO,34.989914,773.044469,27048.759661,6646.500000,5960.900000,737.000000,5223.900000,32272.659661,1465.500000,3495.500000,18.457018,4.069625,9.232630,10.374043,2.620743,15.038000,3.333714,2019-03-31,0,0,0
2019-06-10,SCCO,35.290796,773.044469,27281.354919,6646.500000,5960.900000,737.000000,5223.900000,32505.254919,1465.500000,3495.500000,18.615732,4.104620,9.299172,10.374043,2.658165,14.719000,3.334286,2019-03-31,0,0,0
2019-06-11,SCCO,36.115802,773.044469,27919.121346,6646.500000,5960.900000,737.000000,5223.900000,33143.021346,1465.500000,3495.500000,19.050919,4.200575,9.481625,10.374043,2.656917,14.762000,3.329857,2019-03-31,0,0,0
2019-06-12,SCCO,35.834329,773.044469,27701.530159,6646.500000,5960.900000,737.000000,5223.900000,32925.430159,1465.500000,3495.500000,18.902443,4.167837,9.419376,10.374043,2.641268,14.818000,3.332000,2019-03-31,0,0,0
2019-06-13,SCCO,36.329330,773.044469,28084.187566,6646.500000,5960.900000,737.000000,5223.900000,33308.087566,1465.500000,3495.500000,19.163553,4.225410,9.528848,10.374043,2.644670,14.893000,3.331429,2019-03-31,0,0,0
2019-06-14,SCCO,35.902271,773.044469,27754.052064,6646.500000,5960.900000,737.000000,5223.900000,32977.952064,1465.500000,3495.500000,18.938282,4.175739,9.434402,10.374043,2.629815,14.928000,3.339000,2019-03-31,0,0,0
2019-06-17,SCCO,36.164331,773.044469,27956.636118,6646.500000,5960.900000,737.000000,5223.900000,33180.536118,1465.500000,3495.500000,19.076517,4.206219,9.492358,10.374043,2.639000,14.880000,3.348714,2019-03-31,0,0,0
2019-06-18,SCCO,37.474631,773.044469,28969.556385,6646.500000,5960.900000,737.000000,5223.900000,34193.456385,1465.500000,3495.500000,19.767695,4.358618,9.782136,10.374043,2.687535,14.991000,3.336857,2019-03-31,0,0,0
2019-06-19,SCCO,37.105807,773.044469,28684.439222,6646.500000,5960.900000,737.000000,5223.900000,33908.339222,1465.500000,3495.500000,19.573142,4.315721,9.700569,10.374043,2.674834,14.990000,3.333714,2019-03-31,0,0,0
2019-06-20,SCCO,37.853165,773.044469,29262.180177,6646.500000,5960.900000,737.000000,5223.900000,34486.080177,1465.500000,3495.500000,19.967370,4.402645,9.865850,10.374043,2.703637,15.407000,3.311286,2019-03-31,0,0,0
2019-06-21,SCCO,38.095812,773.044469,29449.757097,6646.500000,5960.900000,737.000000,5223.900000,34673.657097,1465.500000,3495.500000,20.095365,4.430867,9.919513,10.374043,2.702277,15.320000,3.302857,2019-03-31,0,0,0
2019-06-24,SCCO,38.289931,773.044469,29599.819245,6646.500000,5960.900000,737.000000,5223.900000,34823.719245,1465.500000,3495.500000,20.197761,4.453445,9.962443,10.374043,2.694906,15.421000,3.300286,2019-03-31,0,0,0
2019-06-25,SCCO,37.678456,773.044469,29127.122100,6646.500000,5960.900000,737.000000,5223.900000,34351.022100,1465.500000,3495.500000,19.875211,4.382325,9.827213,10.374043,2.733121,15.465000,3.298143,2019-03-31,0,0,0
2019-06-26,SCCO,37.872575,773.044469,29277.184248,6646.500000,5960.900000,737.000000,5223.900000,34501.084248,1465.500000,3495.500000,19.977608,4.404902,9.870143,10.374043,2.708400,15.345000,3.298857,2019-03-31,0,0,0
2019-06-27,SCCO,37.833752,773.044469,29247.173043,6646.500000,5960.900000,737.000000,5223.900000,34471.073043,1465.500000,3495.500000,19.957129,4.400387,9.861557,10.374043,2.710895,15.188000,3.292143,2019-03-31,0,0,0
2019-06-28,SCCO,37.707576,773.044469,29149.632800,6646.500000,5960.900000,737.000000,5223.900000,34373.532800,1465.500000,3495.500000,19.890572,4.385712,9.833653,10.374043,2.713390,15.320000,3.289571,2019-03-31,0,0,0
2019-07-01,SCCO,37.358161,773.044469,28879.519708,6646.500000,5960.900000,737.000000,5223.900000,34103.419708,1465.500000,3495.500000,19.706257,4.345072,9.756378,10.374043,2.693318,15.220000,3.290000,2019-03-31,0,0,0
2019-07-02,SCCO,36.931102,773.044469,28549.384207,6646.500000,5960.900000,737.000000,5223.900000,33773.284207,1465.500000,3495.500000,19.480985,4.295401,9.661932,10.374043,2.661907,15.240000,3.291429,2019-03-31,0,0,0
2019-07-03,SCCO,37.358161,773.044469,28879.519708,6646.500000,5960.900000,737.000000,5223.900000,34103.419708,1465.500000,3495.500000,19.706257,4.345072,9.756378,10.374043,2.680164,15.325000,3.295714,2019-03-31,0,0,0
2019-07-05,SCCO,37.037866,773.044469,28631.917317,6646.500000,5960.900000,737.000000,5223.900000,33855.817317,1465.500000,3495.500000,19.537303,4.307819,9.685544,10.374043,2.671772,15.007000,3.296143,2019-03-31,0,0,0
2019-07-08,SCCO,36.872863,773.044469,28504.362806,6646.500000,5960.900000,737.000000,5223.900000,33728.262806,1465.500000,3495.500000,19.450265,4.288628,9.649052,10.374043,2.664061,15.042000,3.289000,2019-03-31,0,0,0
2019-07-09,SCCO,36.154625,773.044469,27949.132551,6646.500000,5960.900000,737.000000,5223.900000,33173.032551,1465.500000,3495.500000,19.071397,4.205090,9.490211,10.374043,2.634691,15.107000,3.291857,2019-03-31,0,0,0
2019-07-10,SCCO,36.154625,773.044469,27949.132551,6646.500000,5960.900000,737.000000,5223.900000,33173.032551,1465.500000,3495.500000,19.071397,4.205090,9.490211,10.374043,2.689122,15.208000,3.286857,2019-03-31,0,0,0
2019-07-11,SCCO,35.766388,773.044469,27649.008254,6646.500000,5960.900000,737.000000,5223.900000,32872.908254,1465.500000,3495.500000,18.866604,4.159935,9.404351,10.374043,2.697967,15.201000,3.284857,2019-03-31,0,0,0
2019-07-12,SCCO,35.785801,773.044469,27664.015388,6646.500000,5960.900000,737.000000,5223.900000,32887.915388,1465.500000,3495.500000,18.876844,4.162193,9.408644,10.374043,2.689236,15.172000,3.283571,2019-03-31,0,0,0
2019-07-15,SCCO,36.300214,773.044469,28061.679928,6646.500000,5960.900000,737.000000,5223.900000,33285.579928,1465.500000,3495.500000,19.148195,4.222024,9.522409,10.374043,2.710668,15.338000,3.285857,2019-03-31,0,0,0
2019-07-16,SCCO,36.232273,773.044469,28009.158023,6646.500000,5960.900000,737.000000,5223.900000,33233.058023,1465.500000,3495.500000,19.112356,4.214121,9.507383,10.374043,2.721554,15.596000,3.287429,2019-03-31,0,0,0
2019-07-17,SCCO,35.795503,773.044469,27671.515892,6646.500000,5960.900000,737.000000,5223.900000,32895.415892,1465.500000,3495.500000,18.881962,4.163321,9.410790,10.374043,2.707039,15.927000,3.286429,2019-03-31,0,0,0
2019-07-18,SCCO,35.679033,773.044469,27581.479216,6646.500000,5960.900000,737.000000,5223.900000,32805.379216,1465.500000,3495.500000,18.820525,4.149775,9.385032,10.374043,2.708173,16.206000,3.288000,2019-03-31,0,0,0
2019-07-19,SCCO,36.523448,773.044469,28234.249714,6646.500000,5960.900000,737.000000,5223.900000,33458.149714,1465.500000,3495.500000,19.265950,4.247988,9.571778,10.374043,2.746615,16.125000,3.284571,2019-03-31,0,0,0
2019-07-22,SCCO,36.523448,773.044469,28234.249714,6646.500000,5960.900000,737.000000,5223.900000,33458.149714,1465.500000,3495.500000,19.265950,4.247988,9.571778,10.374043,2.720193,16.399000,3.285714,2019-03-31,0,0,0
2019-07-23,SCCO,36.300214,773.044469,28061.679928,6646.500000,5960.900000,737.000000,5223.900000,33285.579928,1465.500000,3495.500000,19.148195,4.222024,9.522409,10.374043,2.697060,16.460000,3.292714,2019-03-31,0,0,0
2019-07-24,SCCO,36.552568,773.044469,28256.760414,6646.500000,5960.900000,737.000000,5223.900000,33480.660414,1465.500000,3495.500000,19.281310,4.251374,9.578218,10.374043,2.711915,16.585000,3.294000,2019-03-31,0,0,0
2019-07-25,SCCO,36.319627,773.044469,28076.687061,6646.500000,5960.900000,737.000000,5223.900000,33300.587061,1465.500000,3495.500000,19.158435,4.224282,9.526702,10.374043,2.715431,16.486000,3.299143,2019-03-31,0,0,0
2019-07-26,SCCO,36.261388,773.044469,28031.665661,6646.500000,5960.900000,737.000000,5223.900000,33255.565661,1465.500000,3495.500000,19.127715,4.217508,9.513822,10.374043,2.694792,16.406000,3.299429,2019-03-31,0,0,0
2019-07-31,SCCO,34.737557,773.058869,26854.176333,6740.300000,5961.700000,752.200000,5209.500000,32063.676333,1458.800000,3457.700000,18.408402,3.984122,9.273123,10.374043,2.677216,16.411000,3.310857,2019-06-30,0,0,0
2019-08-01,SCCO,33.534020,773.058869,25923.771844,6740.300000,5961.700000,752.200000,5209.500000,31133.271844,1458.800000,3457.700000,17.770614,3.846086,9.004041,10.374043,2.664855,16.154000,3.319714,2019-06-30,0,0,0
2019-08-02,SCCO,32.136366,773.058869,24843.302413,6740.300000,5961.700000,752.200000,5209.500000,30052.802413,1458.800000,3457.700000,17.029958,3.685786,8.691559,10.374043,2.587178,16.306000,3.347000,2019-06-30,0,0,0
2019-08-05,SCCO,31.311361,773.058869,24205.525636,6740.300000,5961.700000,752.200000,5209.500000,29415.025636,1458.800000,3457.700000,16.592765,3.591164,8.507108,10.374043,2.567446,16.366000,3.384571,2019-06-30,0,0,0
2019-08-06,SCCO,31.408421,773.058869,24280.558108,6740.300000,5961.700000,752.200000,5209.500000,29490.058108,1458.800000,3457.700000,16.644199,3.602296,8.528808,10.374043,2.565632,16.437000,3.382429,2019-06-30,0,0,0
2019-08-07,SCCO,31.262831,773.058869,24168.008635,6740.300000,5961.700000,752.200000,5209.500000,29377.508635,1458.800000,3457.700000,16.567047,3.585598,8.496257,10.374043,2.576405,17.095000,3.385000,2019-06-30,0,0,0
2019-08-08,SCCO,32.301366,773.058869,24970.857768,6740.300000,5961.700000,752.200000,5209.500000,30180.357768,1458.800000,3457.700000,17.117396,3.704710,8.728449,10.374043,2.619836,16.966000,3.381286,2019-06-30,0,0,0
2019-08-09,SCCO,31.039595,773.058869,23995.434103,6740.300000,5961.700000,752.200000,5209.500000,29204.934103,1458.800000,3457.700000,16.448748,3.559995,8.446347,10.374043,2.599991,17.015000,3.381857,2019-06-30,0,0,0
2019-08-12,SCCO,30.146647,773.058869,23305.132912,6740.300000,5961.700000,752.200000,5209.500000,28514.632912,1458.800000,3457.700000,15.975550,3.457581,8.246705,10.374043,2.592621,17.083000,3.389143,2019-06-30,0,0,0
2019-08-13,SCCO,30.845476,773.058869,23845.369159,6740.300000,5961.700000,752.200000,5209.500000,29054.869159,1458.800000,3457.700000,16.345880,3.537731,8.402947,10.374043,2.632877,17.021000,3.378857,2019-06-30,0,0,0
2019-08-14,SCCO,29.719586,773.058869,22974.989730,6740.300000,5961.700000,752.200000,5209.500000,28184.489730,1458.800000,3457.700000,15.749239,3.408600,8.151225,10.374043,2.603167,17.265000,3.394286,2019-06-30,0,0,0
2019-08-15,SCCO,28.943113,773.058869,22374.729955,6740.300000,5961.700000,752.200000,5209.500000,27584.229955,1458.800000,3457.700000,15.337764,3.319545,7.977624,10.374043,2.597837,17.240000,3.393286,2019-06-30,0,0,0
2019-08-16,SCCO,29.030465,773.058869,22442.258720,6740.300000,5961.700000,752.200000,5209.500000,27651.758720,1458.800000,3457.700000,15.384055,3.329564,7.997154,10.374043,2.594322,17.122000,3.384286,2019-06-30,0,0,0
2019-08-19,SCCO,29.408998,773.058869,22734.886432,6740.300000,5961.700000,752.200000,5209.500000,27944.386432,1458.800000,3457.700000,15.584649,3.372978,8.081785,10.374043,2.606115,16.991000,3.385714,2019-06-30,0,0,0
2019-08-20,SCCO,29.273112,773.058869,22629.839134,6740.300000,5961.700000,752.200000,5209.500000,27839.339134,1458.800000,3457.700000,15.512640,3.357393,8.051404,10.374043,2.577652,17.128000,3.381000,2019-06-30,0,0,0
2019-08-21,SCCO,29.040170,773.058869,22449.760896,6740.300000,5961.700000,752.200000,5209.500000,27659.260896,1458.800000,3457.700000,15.389197,3.330677,7.999324,10.374043,2.588538,17.138000,3.378000,2019-06-30,0,0,0
2019-08-22,SCCO,29.282819,773.058869,22637.342841,6740.300000,5961.700000,752.200000,5209.500000,27846.842841,1458.800000,3457.700000,15.517784,3.358507,8.053574,10.374043,2.567560,17.116000,3.379143,2019-06-30,0,0,0
2019-08-23,SCCO,28.681053,773.058869,22172.142128,6740.300000,5961.700000,752.200000,5209.500000,27381.642128,1458.800000,3457.700000,15.198891,3.289489,7.919033,10.374043,2.546014,17.433000,3.375429,2019-06-30,0,0,0
2019-08-26,SCCO,28.661640,773.058869,22157.134715,6740.300000,5961.700000,752.200000,5209.500000,27366.634715,1458.800000,3457.700000,15.188603,3.287262,7.914693,10.374043,2.546014,17.715000,3.379429,2019-06-30,0,0,0
2019-08-27,SCCO,28.943113,773.058869,22374.729955,6740.300000,5961.700000,752.200000,5209.500000,27584.229955,1458.800000,3457.700000,15.337764,3.319545,7.977624,10.374043,2.568127,18.167000,3.388857,2019-06-30,0,0,0
2019-08-28,SCCO,29.496350,773.058869,22802.415198,6740.300000,5961.700000,752.200000,5209.500000,28011.915198,1458.800000,3457.700000,15.630940,3.382997,8.101315,10.374043,2.573230,18.297000,3.389714,2019-06-30,0,0,0
2019-09-03,SCCO,30.340767,773.058869,23455.199387,6740.300000,5961.700000,752.200000,5209.500000,28664.699387,1458.800000,3457.700000,16.078420,3.479845,8.290106,10.374043,2.533087,19.178000,3.405714,2019-06-30,0,0,0
2019-09-04,SCCO,30.670769,773.058869,23710.310097,6740.300000,5961.700000,752.200000,5209.500000,28919.810097,1458.800000,3457.700000,16.253297,3.517694,8.363886,10.374043,2.596476,19.400000,3.389286,2019-06-30,0,0,0
2019-09-05,SCCO,31.981071,773.058869,24723.250764,6740.300000,5961.700000,752.200000,5209.500000,29932.750764,1458.800000,3457.700000,16.947663,3.667975,8.656839,10.374043,2.642176,18.729000,3.364429,2019-06-30,0,0,0
2019-09-06,SCCO,32.136366,773.058869,24843.302413,6740.300000,5961.700000,752.200000,5209.500000,30052.802413,1458.800000,3457.700000,17.029958,3.685786,8.691559,10.374043,2.635032,18.773000,3.343286,2019-06-30,0,0,0
2019-09-09,SCCO,32.611957,773.058869,25210.962596,6740.300000,5961.700000,752.200000,5209.500000,30420.462596,1458.800000,3457.700000,17.281987,3.740332,8.797890,10.374043,2.626300,18.024000,3.345857,2019-06-30,0,0,0
2019-09-10,SCCO,33.495198,773.058869,25893.760081,6740.300000,5961.700000,752.200000,5209.500000,31103.260081,1458.800000,3457.700000,17.750041,3.841633,8.995361,10.374043,2.629248,18.132000,3.346714,2019-06-30,0,0,0
2019-09-11,SCCO,33.543727,773.058869,25931.275551,6740.300000,5961.700000,752.200000,5209.500000,31140.775551,1458.800000,3457.700000,17.775758,3.847199,9.006211,10.374043,2.603053,18.068000,3.344571,2019-06-30,0,0,0
2019-09-12,SCCO,34.291085,773.058869,26509.027268,6740.300000,5961.700000,752.200000,5209.500000,31718.527268,1458.800000,3457.700000,18.171804,3.932915,9.173302,10.374043,2.632310,18.105000,3.329571,2019-06-30,0,0,0
2019-09-13,SCCO,34.650206,773.058869,26786.649099,6740.300000,5961.700000,752.200000,5209.500000,31996.149099,1458.800000,3457.700000,18.362112,3.974103,9.253593,10.374043,2.698534,17.647000,3.317714,2019-06-30,0,0,0
2019-09-16,SCCO,34.106673,773.058869,26366.466031,6740.300000,5961.700000,752.200000,5209.500000,31575.966031,1458.800000,3457.700000,18.074079,3.911764,9.132072,10.374043,2.650794,17.950000,3.327000,2019-06-30,0,0,0
2019-09-17,SCCO,33.893142,773.058869,26201.393675,6740.300000,5961.700000,752.200000,5209.500000,31410.893675,1458.800000,3457.700000,17.960922,3.887274,9.084332,10.374043,2.626073,18.023000,3.344857,2019-06-30,0,0,0
2019-09-18,SCCO,33.660197,773.058869,26021.313905,6740.300000,5961.700000,752.200000,5209.500000,31230.813905,1458.800000,3457.700000,17.837479,3.860557,9.032251,10.374043,2.621651,17.930000,3.345000,2019-06-30,0,0,0
2019-09-19,SCCO,33.650495,773.058869,26013.813261,6740.300000,5961.700000,752.200000,5209.500000,31223.313261,1458.800000,3457.700000,17.832337,3.859444,9.030082,10.374043,2.613372,17.808000,3.354429,2019-06-30,0,0,0
2019-09-20,SCCO,33.475785,773.058869,25878.752668,6740.300000,5961.700000,752.200000,5209.500000,31088.252668,1458.800000,3457.700000,17.739754,3.839407,8.991021,10.374043,2.617228,17.797000,3.361286,2019-06-30,0,0,0
2019-09-23,SCCO,33.553433,773.058869,25938.779258,6740.300000,5961.700000,752.200000,5209.500000,31148.279258,1458.800000,3457.700000,17.780902,3.848312,9.008381,10.374043,2.608270,18.564000,3.363571,2019-06-30,0,0,0
2019-09-24,SCCO,32.602250,773.058869,25203.458890,6740.300000,5961.700000,752.200000,5209.500000,30412.958890,1458.800000,3457.700000,17.276843,3.739219,8.795719,10.374043,2.609630,18.545000,3.345714,2019-06-30,0,0,0
2019-09-25,SCCO,33.194312,773.058869,25661.157427,6740.300000,5961.700000,752.200000,5209.500000,30870.657427,1458.800000,3457.700000,17.590593,3.807124,8.928090,10.374043,2.611331,18.076000,3.351857,2019-06-30,0,0,0
2019-09-26,SCCO,32.912841,773.058869,25443.563718,6740.300000,5961.700000,752.200000,5209.500000,30653.063718,1458.800000,3457.700000,17.441434,3.774841,8.865160,10.374043,2.582415,17.911000,3.365857,2019-06-30,0,0,0
2019-09-27,SCCO,33.097255,773.058869,25586.126487,6740.300000,5961.700000,752.200000,5209.500000,30795.626487,1458.800000,3457.700000,17.539160,3.795992,8.906391,10.374043,2.601919,17.465000,3.387286,2019-06-30,0,0,0
2019-09-30,SCCO,33.126371,773.058869,25608.634544,6740.300000,5961.700000,752.200000,5209.500000,30818.134544,1458.800000,3457.700000,17.554589,3.799332,8.912900,10.374043,2.583322,17.067000,3.383143,2019-06-30,0,0,0
2019-10-01,SCCO,32.126659,773.058869,24835.798706,6740.300000,5961.700000,752.200000,5209.500000,30045.298706,1458.800000,3457.700000,17.024814,3.684673,8.689389,10.374043,2.565178,17.305000,3.392286,2019-06-30,0,0,0
2019-10-02,SCCO,31.573421,773.058869,24408.113464,6740.300000,5961.700000,752.200000,5209.500000,29617.613464,1458.800000,3457.700000,16.731638,3.621221,8.565698,10.374043,2.559622,17.580000,3.387000,2019-06-30,0,0,0
2019-10-03,SCCO,31.767540,773.058869,24558.178407,6740.300000,5961.700000,752.200000,5209.500000,29767.678407,1458.800000,3457.700000,16.834507,3.643484,8.609098,10.374043,2.552931,17.667000,3.376714,2019-06-30,0,0,0
2019-10-04,SCCO,32.029600,773.058869,24760.766234,6740.300000,5961.700000,752.200000,5209.500000,29970.266234,1458.800000,3457.700000,16.973380,3.673541,8.667688,10.374043,2.543746,17.498000,3.377429,2019-06-30,0,0,0
2019-10-07,SCCO,32.029600,773.058869,24760.766234,6740.300000,5961.700000,752.200000,5209.500000,29970.266234,1458.800000,3457.700000,16.973380,3.673541,8.667688,10.374043,2.578718,17.515000,3.388000,2019-06-30,0,0,0
2019-10-09,SCCO,31.476362,773.058869,24333.080992,6740.300000,5961.700000,752.200000,5209.500000,29542.580992,1458.800000,3457.700000,16.680204,3.610089,8.543998,10.374043,2.563364,17.771000,3.376429,2019-06-30,0,0,0
2019-10-10,SCCO,32.301366,773.058869,24970.857768,6740.300000,5961.700000,752.200000,5209.500000,30180.357768,1458.800000,3457.700000,17.117396,3.704710,8.728449,10.374043,2.607929,17.568000,3.361857,2019-06-30,0,0,0
2019-10-11,SCCO,33.475785,773.058869,25878.752668,6740.300000,5961.700000,752.200000,5209.500000,31088.252668,1458.800000,3457.700000,17.739754,3.839407,8.991021,10.374043,2.614280,17.507000,3.357571,2019-06-30,0,0,0
2019-10-14,SCCO,33.883435,773.058869,26193.889968,6740.300000,5961.700000,752.200000,5209.500000,31403.389968,1458.800000,3457.700000,17.955779,3.886161,9.082162,10.374043,2.624599,17.665000,3.366857,2019-06-30,0,0,0
2019-10-15,SCCO,33.194312,773.058869,25661.157427,6740.300000,5961.700000,752.200000,5209.500000,30870.657427,1458.800000,3457.700000,17.590593,3.807124,8.928090,10.374043,2.603507,17.421000,3.371571,2019-06-30,0,0,0
2019-10-16,SCCO,33.087548,773.058869,25578.622780,6740.300000,5961.700000,752.200000,5209.500000,30788.122780,1458.800000,3457.700000,17.534016,3.794879,8.904220,10.374043,2.585363,17.405000,3.369429,2019-06-30,0,0,0
2019-10-17,SCCO,32.573133,773.058869,25180.949301,6740.300000,5961.700000,752.200000,5209.500000,30390.449301,1458.800000,3457.700000,17.261413,3.735880,8.789209,10.374043,2.591146,17.616000,3.354000,2019-06-30,0,0,0
2019-10-18,SCCO,32.883724,773.058869,25421.054130,6740.300000,5961.700000,752.200000,5209.500000,30630.554130,1458.800000,3457.700000,17.426004,3.771502,8.858650,10.374043,2.623918,17.564000,3.346000,2019-06-30,0,0,0
2019-10-21,SCCO,33.922257,773.058869,26223.901732,6740.300000,5961.700000,752.200000,5209.500000,31433.401732,1458.800000,3457.700000,17.976352,3.890613,9.090841,10.374043,2.632764,17.605000,3.345000,2019-06-30,0,0,0
2019-10-22,SCCO,34.300791,773.058869,26516.530975,6740.300000,5961.700000,752.200000,5209.500000,31726.030975,1458.800000,3457.700000,18.176947,3.934028,9.175472,10.374043,2.626527,17.470000,3.342714,2019-06-30,0,0,0
2019-10-23,SCCO,35.019030,773.058869,27071.771573,6740.300000,5961.700000,752.200000,5209.500000,32281.271573,1458.800000,3457.700000,18.557562,4.016405,9.336053,10.374043,2.657825,17.586000,3.346143,2019-06-30,0,0,0
2019-10-24,SCCO,34.388142,773.058869,26584.058209,6740.300000,5961.700000,752.200000,5209.500000,31793.558209,1458.800000,3457.700000,18.223237,3.944047,9.195002,10.374043,2.659639,17.779000,3.349000,2019-06-30,0,0,0
2019-10-25,SCCO,34.912266,773.058869,26989.236926,6740.300000,5961.700000,752.200000,5209.500000,32198.736926,1458.800000,3457.700000,18.500985,4.004160,9.312184,10.374043,2.679370,18.001000,3.346143,2019-06-30,0,0,0
2019-10-28,SCCO,35.339325,773.058869,27319.378577,6740.300000,5961.700000,752.200000,5209.500000,32528.878577,1458.800000,3457.700000,18.727295,4.053140,9.407664,10.374043,2.670412,17.831000,3.332143,2019-06-30,0,0,0
2019-10-29,SCCO,35.649918,773.058869,27559.484937,6821.300000,6940.100000,1935.200000,5004.900000,32564.384937,1479.400000,3504.500000,18.628826,4.040210,9.292163,10.374043,2.679030,17.902000,3.337143,2019-09-30,0,0,0
2019-10-30,SCCO,35.446093,773.058869,27401.916286,6821.300000,6940.100000,1935.200000,5004.900000,32406.816286,1479.400000,3504.500000,18.522317,4.017111,9.247201,10.374043,2.668144,17.885000,3.348286,2019-09-30,0,0,0
2019-11-04,SCCO,37.008746,773.058869,28609.939542,6821.300000,6940.100000,1935.200000,5004.900000,33614.839542,1479.400000,3504.500000,19.338880,4.194206,9.591907,10.374043,2.655216,18.035000,3.334714,2019-09-30,0,0,0
2019-11-05,SCCO,36.853454,773.058869,28489.889425,6821.300000,6940.100000,1935.200000,5004.900000,33494.789425,1479.400000,3504.500000,19.257732,4.176607,9.557651,10.374043,2.682545,17.580000,3.337286,2019-09-30,0,0,0
2019-11-06,SCCO,35.853742,773.058869,27717.053587,6821.300000,6940.100000,1935.200000,5004.900000,32721.953587,1479.400000,3504.500000,18.735334,4.063310,9.337125,10.374043,2.670979,17.648000,3.339857,2019-09-30,0,0,0
2019-11-07,SCCO,36.901983,773.058869,28527.404895,6821.300000,6940.100000,1935.200000,5004.900000,33532.304895,1479.400000,3504.500000,19.283091,4.182107,9.568356,10.374043,2.706359,17.035000,3.345714,2019-09-30,0,0,0
2019-11-08,SCCO,36.678745,773.058869,28354.828832,6821.300000,6940.100000,1935.200000,5004.900000,33359.728832,1479.400000,3504.500000,19.166438,4.156807,9.519112,10.374043,2.681071,16.902000,3.355286,2019-09-30,0,0,0
2019-11-11,SCCO,36.960218,773.058869,28572.424072,6821.300000,6940.100000,1935.200000,5004.900000,33577.324072,1479.400000,3504.500000,19.313522,4.188707,9.581202,10.374043,2.657711,16.824000,3.363857,2019-09-30,0,0,0
2019-11-12,SCCO,36.669038,773.058869,28347.325125,6821.300000,6940.100000,1935.200000,5004.900000,33352.225125,1479.400000,3504.500000,19.161366,4.155707,9.516971,10.374043,2.650680,16.765000,3.376571,2019-09-30,0,0,0
2019-11-13,SCCO,36.241979,773.058869,28017.183474,6821.300000,6940.100000,1935.200000,5004.900000,33022.083474,1479.400000,3504.500000,18.938207,4.107309,9.422766,10.374043,2.635598,16.929000,3.393429,2019-09-30,0,0,0
2019-11-14,SCCO,36.067270,773.058869,27882.122881,6821.300000,6940.100000,1935.200000,5004.900000,32887.022881,1479.400000,3504.500000,18.846913,4.087509,9.384227,10.374043,2.625279,17.050000,3.391286,2019-09-30,0,0,0
2019-11-15,SCCO,36.610803,773.058869,28302.305948,6821.300000,6940.100000,1935.200000,5004.900000,33307.205948,1479.400000,3504.500000,19.130935,4.149107,9.504125,10.374043,2.642402,16.980000,3.370286,2019-09-30,0,0,0
2019-11-18,SCCO,36.203153,773.058869,27987.168648,6821.300000,6940.100000,1935.200000,5004.900000,32992.068648,1479.400000,3504.500000,18.917919,4.102908,9.414201,10.374043,2.637640,17.030000,3.370857,2019-09-30,0,0,0
2019-11-19,SCCO,36.484626,773.058869,28204.763888,6821.300000,6940.100000,1935.200000,5004.900000,33209.663888,1479.400000,3504.500000,19.065002,4.134808,9.476292,10.374043,2.656804,17.079000,3.378714,2019-09-30,0,0,0
2019-11-20,SCCO,35.882858,773.058869,27739.561644,6821.300000,6940.100000,1935.200000,5004.900000,32744.461644,1479.400000,3504.500000,18.750549,4.066609,9.343547,10.374043,2.655783,17.102000,3.387000,2019-09-30,0,0,0
2019-11-21,SCCO,36.009035,773.058869,27837.103704,6821.300000,6940.100000,1935.200000,5004.900000,32842.003704,1479.400000,3504.500000,18.816482,4.080909,9.371381,10.374043,2.635258,17.169000,3.378714,2019-09-30,0,0,0
2019-11-22,SCCO,36.785512,773.058869,28437.366541,6821.300000,6940.100000,1935.200000,5004.900000,33442.266541,1479.400000,3504.500000,19.222230,4.168907,9.542664,10.374043,2.647959,17.050000,3.384143,2019-09-30,0,0,0
2019-11-25,SCCO,37.076688,773.058869,28662.462425,6821.300000,6940.100000,1935.200000,5004.900000,33667.362425,1479.400000,3504.500000,19.374383,4.201906,9.606895,10.374043,2.654082,16.954000,3.387714,2019-09-30,0,0,0
2019-11-26,SCCO,36.960218,773.058869,28572.424072,6821.300000,6940.100000,1935.200000,5004.900000,33577.324072,1479.400000,3504.500000,19.313522,4.188707,9.581202,10.374043,2.679710,17.070000,3.384000,2019-09-30,0,0,0
2019-11-27,SCCO,37.387281,773.058869,28902.568785,6821.300000,6940.100000,1935.200000,5004.900000,33907.468785,1479.400000,3504.500000,19.536683,4.237106,9.675408,10.374043,2.687762,17.000000,3.392714,2019-09-30,0,0,0
2019-11-29,SCCO,36.911689,773.058869,28534.908602,6821.300000,6940.100000,1935.200000,5004.900000,33539.808602,1479.400000,3504.500000,19.288163,4.183207,9.570498,10.374043,2.650454,17.017000,3.400143,2019-09-30,0,0,0
2019-12-02,SCCO,36.834041,773.058869,28474.882012,6821.300000,6940.100000,1935.200000,5004.900000,33479.782012,1479.400000,3504.500000,19.247588,4.174407,9.553369,10.374043,2.658958,16.948000,3.400714,2019-09-30,0,0,0
2019-12-03,SCCO,35.902271,773.058869,27754.569057,6821.300000,6940.100000,1935.200000,5004.900000,32759.469057,1479.400000,3504.500000,18.760693,4.068809,9.347830,10.374043,2.626186,17.165000,3.389857,2019-09-30,0,0,0
2019-12-04,SCCO,36.591394,773.058869,28287.301598,6821.300000,6940.100000,1935.200000,5004.900000,33292.201598,1479.400000,3504.500000,19.120793,4.146908,9.499844,10.374043,2.656917,16.856000,3.383000,2019-09-30,0,0,0
2019-12-05,SCCO,37.261104,773.058869,28805.026725,6821.300000,6940.100000,1935.200000,5004.900000,33809.926725,1479.400000,3504.500000,19.470749,4.222806,9.647575,10.374043,2.657598,16.990000,3.377286,2019-09-30,0,0,0
2019-12-06,SCCO,37.668750,773.058869,29120.160963,6821.300000,6940.100000,1935.200000,5004.900000,34125.060963,1479.400000,3504.500000,19.683764,4.269005,9.737498,10.374043,2.704318,16.590000,3.378286,2019-09-30,0,0,0
2019-12-09,SCCO,38.221989,773.058869,29547.847737,6821.300000,6940.100000,1935.200000,5004.900000,34552.747737,1479.400000,3504.500000,19.972859,4.331703,9.859537,10.374043,2.742760,16.613000,3.379143,2019-09-30,0,0,0
2019-12-10,SCCO,38.474343,773.058869,29742.931857,6821.300000,6940.100000,1935.200000,5004.900000,34747.831857,1479.400000,3504.500000,20.104726,4.360303,9.915204,10.374043,2.753192,16.675000,3.391286,2019-09-30,0,0,0
2019-12-11,SCCO,39.367290,773.058869,30433.233048,6821.300000,6940.100000,1935.200000,5004.900000,35438.133048,1479.400000,3504.500000,20.571335,4.461500,10.112179,10.374043,2.779274,16.821000,3.392714,2019-09-30,0,0,0
2019-12-12,SCCO,40.007885,773.058869,30928.450119,6821.300000,6940.100000,1935.200000,5004.900000,35933.350119,1479.400000,3504.500000,20.906077,4.534099,10.253488,10.374043,2.780748,16.875000,3.391000,2019-09-30,0,0,0
2019-12-13,SCCO,40.269945,773.058869,31131.037946,6821.300000,6940.100000,1935.200000,5004.900000,36135.937946,1479.400000,3504.500000,21.043016,4.563798,10.311296,10.374043,2.769522,16.952000,3.369286,2019-09-30,0,0,0
2019-12-16,SCCO,40.017587,773.058869,30935.950762,6821.300000,6940.100000,1935.200000,5004.900000,35940.850762,1479.400000,3504.500000,20.911147,4.535199,10.255629,10.374043,2.809098,17.017000,3.358714,2019-09-30,0,0,0
2019-12-17,SCCO,40.774652,773.058869,31521.206186,6821.300000,6940.100000,1935.200000,5004.900000,36526.106186,1479.400000,3504.500000,21.306750,4.620997,10.422630,10.374043,2.799799,17.032000,3.345429,2019-09-30,0,0,0
2019-12-18,SCCO,41.376420,773.058869,31986.408431,6821.300000,6940.100000,1935.200000,5004.900000,36991.308431,1479.400000,3504.500000,21.621203,4.689195,10.555374,10.374043,2.787439,16.997000,3.337429,2019-09-30,0,0,0
2019-12-19,SCCO,41.589951,773.058869,32151.480787,6821.300000,6940.100000,1935.200000,5004.900000,37156.380787,1479.400000,3504.500000,21.732784,4.713395,10.602477,10.374043,2.807964,17.068000,3.338857,2019-09-30,0,0,0
2019-12-20,SCCO,41.046418,773.058869,31731.297720,6821.300000,6940.100000,1935.200000,5004.900000,36736.197720,1479.400000,3504.500000,21.448761,4.651796,10.482579,10.374043,2.788232,17.167000,3.323571,2019-09-30,0,0,0
2019-12-23,SCCO,41.415242,773.058869,32016.420194,6821.300000,6940.100000,1935.200000,5004.900000,37021.320194,1479.400000,3504.500000,21.641490,4.693595,10.563938,10.374043,2.794809,17.420000,3.316143,2019-09-30,0,0,0
2019-12-24,SCCO,41.337598,773.058869,31956.396667,6821.300000,6940.100000,1935.200000,5004.900000,36961.296667,1479.400000,3504.500000,21.600917,4.684796,10.546810,10.374043,2.806943,17.740000,3.316286,2019-09-30,0,0,0
2019-12-26,SCCO,41.919953,773.058869,32406.591498,6821.300000,6940.100000,1935.200000,5004.900000,37411.491498,1479.400000,3504.500000,21.905226,4.750794,10.675272,10.374043,2.806943,17.740000,3.320000,2019-09-30,0,0,0
2019-12-27,SCCO,41.318185,773.058869,31941.389254,6821.300000,6940.100000,1935.200000,5004.900000,36946.289254,1479.400000,3504.500000,21.590773,4.682596,10.542528,10.374043,2.806830,17.947000,3.322000,2019-09-30,0,0,0
2019-12-30,SCCO,41.240537,773.058869,31881.362664,6821.300000,6940.100000,1935.200000,5004.900000,36886.262664,1479.400000,3504.500000,21.550198,4.673796,10.525400,10.374043,2.810458,17.966000,3.317000,2019-09-30,0,0,0
2019-12-31,SCCO,41.230830,773.058869,31873.858957,6821.300000,6940.100000,1935.200000,5004.900000,36878.758957,1479.400000,3504.500000,21.545126,4.672696,10.523258,10.374043,2.789140,17.920000,3.314571,2019-09-30,0,0,0
2020-01-02,SCCO,41.454068,773.058869,32046.435021,6821.300000,6940.100000,1935.200000,5004.900000,37051.335021,1479.400000,3504.500000,21.661778,4.697995,10.572503,10.374043,2.795717,17.984000,3.303143,2019-09-30,0,0,0
2020-01-03,SCCO,40.328180,773.058869,31176.057122,6821.300000,6940.100000,1935.200000,5004.900000,36180.957122,1479.400000,3504.500000,21.073447,4.570398,10.324142,10.374043,2.768728,18.111000,3.312000,2019-09-30,0,0,0
2020-01-06,SCCO,40.396122,773.058869,31228.580006,6821.300000,6940.100000,1935.200000,5004.900000,36233.480006,1479.400000,3504.500000,21.108950,4.578098,10.339130,10.374043,2.773491,18.119000,3.324000,2019-09-30,0,0,0
2020-01-07,SCCO,40.454357,773.058869,31273.599183,6821.300000,6940.100000,1935.200000,5004.900000,36278.499183,1479.400000,3504.500000,21.139380,4.584698,10.351976,10.374043,2.779387,18.319000,3.326571,2019-09-30,0,0,0
2020-01-08,SCCO,40.687297,773.058869,31453.675890,6821.300000,6940.100000,1935.200000,5004.900000,36458.575890,1479.400000,3504.500000,21.261103,4.611097,10.403360,10.374043,2.790659,18.177000,3.319143,2019-09-30,0,0,0
2020-01-09,SCCO,40.997890,773.058869,31693.782250,6821.300000,6940.100000,1935.200000,5004.900000,36698.682250,1479.400000,3504.500000,21.423403,4.646296,10.471874,10.374043,2.790727,17.906000,3.319857,2019-09-30,0,0,0
2020-01-10,SCCO,41.725835,773.058869,32256.526554,6821.300000,6940.100000,1935.200000,5004.900000,37261.426554,1479.400000,3504.500000,21.803790,4.728795,10.632452,10.374043,2.799686,18.136000,3.324571,2019-09-30,0,0,0
2020-01-13,SCCO,43.104076,773.058869,33321.988573,6821.300000,6940.100000,1935.200000,5004.900000,38326.888573,1479.400000,3504.500000,22.523988,4.884991,10.936478,10.374043,2.841870,18.015000,3.337857,2019-09-30,0,0,0
2020-01-14,SCCO,42.987606,773.058869,33231.950219,6821.300000,6940.100000,1935.200000,5004.900000,38236.850219,1479.400000,3504.500000,22.463127,4.871791,10.910786,10.374043,2.844024,17.746000,3.328000,2019-09-30,0,0,0
2020-01-15,SCCO,42.531428,773.058869,32879.297448,6821.300000,6940.100000,1935.200000,5004.900000,37884.197448,1479.400000,3504.500000,22.224752,4.820093,10.810158,12.380258,2.836086,17.978000,3.324714,2019-09-30,0,0,0
2020-01-16,SCCO,42.220839,773.058869,32639.194151,6821.300000,6940.100000,1935.200000,5004.900000,37644.094151,1479.400000,3504.500000,22.062454,4.784894,10.741645,12.380258,2.835406,17.973000,3.324000,2019-09-30,0,0,0
2020-01-17,SCCO,42.638191,773.058869,32961.832095,6821.300000,6940.100000,1935.200000,5004.900000,37966.732095,1479.400000,3504.500000,22.280541,4.832192,10.833709,12.380258,2.833705,18.046000,3.322714,2019-09-30,0,0,0
2020-01-21,SCCO,41.017299,773.058869,31708.786600,6821.300000,6940.100000,1935.200000,5004.900000,36713.686600,1479.400000,3504.500000,21.433545,4.648496,10.476155,12.380258,2.779841,17.854000,3.318571,2019-09-30,0,0,0
2020-01-22,SCCO,40.619355,773.058869,31401.153006,6821.300000,6940.100000,1935.200000,5004.900000,36406.053006,1479.400000,3504.500000,21.225600,4.603397,10.388373,12.380258,2.755007,17.829000,3.314857,2019-09-30,0,0,0
2020-01-23,SCCO,39.794353,773.058869,30763.377762,6821.300000,6940.100000,1935.200000,5004.900000,35768.277762,1479.400000,3504.500000,20.794496,4.509900,10.206385,12.380258,2.701596,17.825000,3.321143,2019-09-30,0,0,0
2020-01-24,SCCO,38.678168,773.058869,29900.500507,6821.300000,6940.100000,1935.200000,5004.900000,34905.400507,1479.400000,3504.500000,20.211235,4.383402,9.960166,12.380258,2.676082,18.061000,3.322571,2019-09-30,0,0,0
2020-01-27,SCCO,36.853454,773.058869,28489.889425,6821.300000,6940.100000,1935.200000,5004.900000,33494.789425,1479.400000,3504.500000,19.257732,4.176607,9.557651,12.380258,2.592507,18.203000,3.337714,2019-09-30,0,0,0
2020-01-28,SCCO,37.726989,773.058869,29165.183202,6821.300000,6940.100000,1935.200000,5004.900000,34170.083202,1479.400000,3504.500000,19.714197,4.275605,9.750345,12.380258,2.574137,17.541000,3.334429,2019-09-30,0,0,0
2020-01-29,SCCO,37.474631,773.058869,28970.096019,6821.300000,6940.100000,1935.200000,5004.900000,33974.996019,1479.400000,3504.500000,19.582328,4.247005,9.694677,12.380258,2.545901,17.470000,3.346714,2019-09-30,0,0,0
2020-01-30,SCCO,37.726989,773.058869,29165.183202,6821.300000,6940.100000,1935.200000,5004.900000,34170.083202,1479.400000,3504.500000,19.714197,4.275605,9.750345,12.380258,2.525716,17.998000,3.363000,2019-09-30,0,0,0
2020-01-31,SCCO,36.571981,773.058869,28272.294185,6821.300000,6940.100000,1935.200000,5004.900000,33277.194185,1479.400000,3504.500000,19.110649,4.144708,9.495561,12.380258,2.518005,18.021000,3.377429,2019-09-30,0,0,0
2020-02-03,SCCO,37.076688,773.058869,28662.462425,6821.300000,6940.100000,1935.200000,5004.900000,33667.362425,1479.400000,3504.500000,19.374383,4.201906,9.606895,12.380258,2.496346,17.672000,3.374571,2019-09-30,0,0,0
2020-02-04,SCCO,38.833464,773.058869,30020.553687,6821.300000,6940.100000,1935.200000,5004.900000,35025.453687,1479.400000,3504.500000,20.292385,4.401002,9.994423,12.380258,2.537623,17.575000,3.360857,2019-09-30,0,0,0
2020-02-05,SCCO,38.959641,773.058869,30118.095748,6821.300000,6940.100000,1935.200000,5004.900000,35122.995748,1479.400000,3504.500000,20.358318,4.415301,10.022256,12.380258,2.587064,17.621000,3.360286,2019-09-30,0,0,0
2020-02-06,SCCO,38.425814,773.058869,29705.416387,6821.300000,6940.100000,1935.200000,5004.900000,34710.316387,1479.400000,3504.500000,20.079368,4.354803,9.904499,12.380258,2.595569,17.844000,3.374143,2019-09-30,0,0,0
2020-02-07,SCCO,37.503751,773.058869,28992.607139,6821.300000,6940.100000,1935.200000,5004.900000,33997.507139,1479.400000,3504.500000,19.597544,4.250305,9.701101,12.380258,2.562003,17.696000,3.388286,2019-09-30,0,0,0
2020-02-10,SCCO,37.212571,773.058869,28767.508192,6821.300000,6940.100000,1935.200000,5004.900000,33772.408192,1479.400000,3504.500000,19.445389,4.217306,9.636869,12.380258,2.563591,17.808000,3.397143,2019-09-30,0,0,0
2020-02-11,SCCO,37.794930,773.058869,29217.706086,6821.300000,6940.100000,1935.200000,5004.900000,34222.606086,1479.400000,3504.500000,19.749700,4.283305,9.765332,12.380258,2.598744,17.610000,3.389000,2019-09-30,0,0,0
2020-02-12,SCCO,38.348166,773.058869,29645.389797,6821.300000,6940.100000,1935.200000,5004.900000,34650.289797,1479.400000,3504.500000,20.038793,4.346003,9.887370,12.380258,2.606795,17.560000,3.381857,2019-09-30,0,0,0
2020-02-13,SCCO,38.299637,773.058869,29607.874327,6821.300000,6940.100000,1935.200000,5004.900000,34612.774327,1479.400000,3504.500000,20.013434,4.340503,9.876666,12.380258,2.618249,17.670000,3.384571,2019-09-30,0,0,0
2020-02-14,SCCO,38.105519,773.058869,29457.809383,6821.300000,6940.100000,1935.200000,5004.900000,34462.709383,1479.400000,3504.500000,19.911998,4.318504,9.833845,12.380258,2.608496,17.755000,3.382429,2019-09-30,0,0,0
2020-02-18,SCCO,37.037866,773.058869,28632.450662,6821.300000,6940.100000,1935.200000,5004.900000,33637.350662,1479.400000,3504.500000,19.354097,4.197506,9.598331,12.380258,2.606455,18.180000,3.385286,2019-09-30,0,0,0
2020-02-19,SCCO,37.688163,773.058869,29135.168376,6821.300000,6940.100000,1935.200000,5004.900000,34140.068376,1479.400000,3504.500000,19.693909,4.271205,9.741780,12.380258,2.606228,18.282000,3.383857,2019-09-30,0,0,0
2020-02-20,SCCO,37.173749,773.058869,28737.496429,6821.300000,6940.100000,1935.200000,5004.900000,33742.396429,1479.400000,3504.500000,19.425102,4.212906,9.628305,12.380258,2.589105,18.411000,3.391571,2019-09-30,0,0,0
2020-02-21,SCCO,36.736980,773.058869,28399.848008,6821.300000,6940.100000,1935.200000,5004.900000,33404.748008,1479.400000,3504.500000,19.196869,4.163407,9.531958,12.380258,2.606342,18.524000,3.392714,2019-09-30,0,0,0
2020-02-24,SCCO,35.077265,773.058869,27116.790750,6821.300000,6940.100000,1935.200000,5004.900000,32121.690750,1479.400000,3504.500000,18.329587,3.975311,9.165841,12.380258,2.569941,18.805000,3.404571,2019-09-30,0,0,0
2020-02-25,SCCO,34.019318,773.058869,26298.935735,6821.300000,6940.100000,1935.200000,5004.900000,31303.835735,1479.400000,3504.500000,17.776758,3.855414,8.932468,12.380258,2.568580,18.230000,3.406714,2019-09-30,0,0,0
2020-02-26,SCCO,33.999905,773.058869,26283.928322,6821.300000,6940.100000,1935.200000,5004.900000,31288.828322,1479.400000,3504.500000,17.766614,3.853214,8.928186,12.380258,2.560642,17.932000,3.412714,2019-09-30,0,0,0
2020-02-27,SCCO,32.582839,773.058869,25188.453008,6821.300000,6940.100000,1935.200000,5004.900000,30193.353008,1479.400000,3504.500000,17.026127,3.692618,8.615595,12.380258,2.539324,17.844000,3.431143,2019-09-30,0,0,0
2020-02-28,SCCO,32.660486,773.058869,25248.478067,6821.300000,6940.100000,1935.200000,5004.900000,30253.378067,1479.400000,3504.500000,17.066701,3.701417,8.632723,12.380258,2.547942,16.788000,3.456000,2019-09-30,0,0,0
2020-03-02,SCCO,34.116379,773.058869,26373.969738,6810.300000,6940.800000,1925.100000,5015.700000,31389.669738,1491.900000,3517.400000,17.678108,3.872659,8.924111,12.380258,2.576745,16.808000,3.445000,2019-12-31,0,0,0
2020-03-03,SCCO,33.650495,773.058869,26013.813261,6810.300000,6940.800000,1925.100000,5015.700000,31029.513261,1491.900000,3517.400000,17.436700,3.819775,8.821719,12.380258,2.561323,17.268000,3.430000,2019-12-31,0,0,0
2020-03-04,SCCO,34.756970,773.058869,26869.183746,6810.300000,6940.800000,1925.100000,5015.700000,31884.883746,1491.900000,3517.400000,18.010043,3.945374,9.064901,12.380258,2.568920,17.157000,3.422571,2019-12-31,0,0,0
2020-03-05,SCCO,34.320200,773.058869,26531.535325,6810.300000,6940.800000,1925.100000,5015.700000,31547.235325,1491.900000,3517.400000,17.783722,3.895795,8.968908,12.380258,2.565178,17.355000,3.446714,2019-12-31,0,0,0
2020-03-06,SCCO,34.223143,773.058869,26456.504385,6810.300000,6940.800000,1925.100000,5015.700000,31472.204385,1491.900000,3517.400000,17.733430,3.884778,8.947576,12.380258,2.535128,17.165000,3.476857,2019-12-31,0,0,0
2020-03-09,SCCO,31.068712,773.058869,24017.943691,6810.300000,6940.800000,1925.100000,5015.700000,29033.643691,1491.900000,3517.400000,16.098897,3.526709,8.254291,12.380258,2.504510,16.910000,3.505714,2019-12-31,0,0,0
2020-03-10,SCCO,34.203730,773.058869,26441.496972,6810.300000,6940.800000,1925.100000,5015.700000,31457.196972,1491.900000,3517.400000,17.723371,3.882574,8.943310,12.380258,2.520046,16.861000,3.498000,2019-12-31,0,0,0
2020-03-11,SCCO,30.602827,773.058869,23657.787214,6810.300000,6940.800000,1925.100000,5015.700000,28673.487214,1491.900000,3517.400000,15.857489,3.473825,8.151898,12.380258,2.504170,16.888000,3.511286,2019-12-31,0,0,0
2020-03-12,SCCO,25.798386,773.058869,19943.671437,6810.300000,6940.800000,1925.100000,5015.700000,24959.371437,1491.900000,3517.400000,13.367968,2.928457,7.095972,12.380258,2.460625,15.585000,3.547714,2019-12-31,0,0,0
2020-03-13,SCCO,28.428697,773.058869,21977.056476,6810.300000,6940.800000,1925.100000,5015.700000,26992.756476,1491.900000,3517.400000,14.730918,3.227032,7.674065,12.380258,2.471058,14.782000,3.529571,2019-12-31,0,0,0
2020-03-16,SCCO,26.817511,773.058869,20731.514688,6810.300000,6940.800000,1925.100000,5015.700000,25747.214688,1491.900000,3517.400000,13.896048,3.044141,7.319956,12.380258,2.393153,12.915000,3.556429,2019-12-31,0,0,0
2020-03-17,SCCO,27.069864,773.058869,20926.598808,6810.300000,6940.800000,1925.100000,5015.700000,25942.298808,1491.900000,3517.400000,14.026811,3.072787,7.375419,12.380258,2.326248,12.527000,3.551429,2019-12-31,0,0,0
2020-03-18,SCCO,25.138383,773.058869,19433.450016,6810.300000,6940.800000,1925.100000,5015.700000,24449.150016,1491.900000,3517.400000,13.025974,2.853538,6.950915,12.380258,2.145265,12.126000,3.573167,2019-12-31,0,0,0
2020-03-19,SCCO,26.332213,773.058869,20356.350797,6810.300000,6940.800000,1925.100000,5015.700000,25372.050797,1491.900000,3517.400000,13.644581,2.989053,7.213297,12.380258,2.186429,12.162000,3.563500,2019-12-31,0,0,0
2020-03-20,SCCO,24.662792,773.058869,19065.789832,6810.300000,6940.800000,1925.100000,5015.700000,24081.489832,1491.900000,3517.400000,12.779536,2.799552,6.846389,12.380258,2.179625,12.543000,3.528833,2019-12-31,0,0,0
2020-03-23,SCCO,22.838076,773.058869,17655.177218,6810.300000,6940.800000,1925.100000,5015.700000,22670.877218,1491.900000,3517.400000,11.834022,2.592423,6.445351,12.380258,2.097865,12.879000,3.539667,2019-12-31,0,0,0
2020-03-24,SCCO,25.788682,773.058869,19936.169261,6810.300000,6940.800000,1925.100000,5015.700000,24951.869261,1491.900000,3517.400000,13.362939,2.927356,7.093839,12.380258,2.182233,14.018000,3.521667,2019-12-31,0,0,0
2020-03-25,SCCO,26.691334,773.058869,20633.972627,6810.300000,6940.800000,1925.100000,5015.700000,25649.672627,1491.900000,3517.400000,13.830667,3.029818,7.292225,12.380258,2.198177,14.357000,3.493833,2019-12-31,0,0,0
2020-03-26,SCCO,27.574575,773.058869,21316.770112,6810.300000,6940.800000,1925.100000,5015.700000,26332.470112,1491.900000,3517.400000,14.288337,3.130078,7.486345,12.380258,2.172140,14.465000,3.426167,2019-12-31,0,0,0
2020-03-27,SCCO,25.808093,773.058869,19951.175143,6810.300000,6940.800000,1925.100000,5015.700000,24966.875143,1491.900000,3517.400000,13.372998,2.929559,7.098105,12.380258,2.169306,14.392000,3.425500,2019-12-31,0,0,0
2020-03-30,SCCO,26.807804,773.058869,20724.010981,6810.300000,6940.800000,1925.100000,5015.700000,25739.710981,1491.900000,3517.400000,13.891019,3.043039,7.317823,12.380258,2.159326,14.040000,3.441333,2019-12-31,0,0,0
2020-03-31,SCCO,27.331924,773.058869,21129.186635,6810.300000,6940.800000,1925.100000,5015.700000,26144.886635,1491.900000,3517.400000,14.162602,3.102534,7.433015,12.380258,2.240179,14.248000,3.440167,2019-12-31,0,0,0
2020-04-01,SCCO,25.759564,773.058869,19913.659673,6810.300000,6940.800000,1925.100000,5015.700000,24929.359673,1491.900000,3517.400000,13.347852,2.924050,7.087439,12.380258,2.170553,14.021000,3.467333,2019-12-31,0,0,0
2020-04-02,SCCO,26.536038,773.058869,20513.919447,6810.300000,6940.800000,1925.100000,5015.700000,25529.619447,1491.900000,3517.400000,13.750197,3.012190,7.258094,12.380258,2.213304,14.402000,3.455667,2019-12-31,0,0,0
2020-04-03,SCCO,26.011918,773.058869,20108.743793,6810.300000,6940.800000,1925.100000,5015.700000,25124.443793,1491.900000,3517.400000,13.478614,2.952696,7.142902,12.380258,2.188130,14.385000,3.458500,2019-12-31,0,0,0
2020-04-06,SCCO,27.564869,773.058869,21309.266405,6810.300000,6940.800000,1925.100000,5015.700000,26324.966405,1491.900000,3517.400000,14.283307,3.128976,7.484212,12.380258,2.208995,14.745000,3.412833,2019-12-31,0,0,0
2020-04-07,SCCO,28.671346,773.058869,22164.638422,6810.300000,6940.800000,1925.100000,5015.700000,27180.338422,1491.900000,3517.400000,14.856652,3.254576,7.727395,12.380258,2.276467,15.190000,3.372833,2019-12-31,0,0,0
2020-04-08,SCCO,29.292525,773.058869,22644.846547,6810.300000,6940.800000,1925.100000,5015.700000,27660.546547,1491.900000,3517.400000,15.178528,3.325088,7.863918,12.380258,2.258074,14.964000,3.357333,2019-12-31,0,0,0
2020-04-13,SCCO,29.971942,773.058869,23170.075381,6810.300000,6940.800000,1925.100000,5015.700000,28185.775381,1491.900000,3517.400000,15.530582,3.402211,8.013241,12.380258,2.264787,15.415000,3.381833,2019-12-31,0,0,0
2020-04-14,SCCO,30.088414,773.058869,23260.115266,6810.300000,6940.800000,1925.100000,5015.700000,28275.815266,1491.900000,3517.400000,15.590935,3.415432,8.038840,12.380258,2.328743,15.729000,3.395333,2019-12-31,0,0,0
2020-04-15,SCCO,28.021047,773.058869,21661.919176,6810.300000,6940.800000,1925.100000,5015.700000,26677.619176,1491.900000,3517.400000,14.519686,3.180758,7.584471,12.380258,2.305156,15.408000,3.419333,2019-12-31,0,0,0
2020-04-16,SCCO,27.526045,773.058869,21279.253110,6810.300000,6940.800000,1925.100000,5015.700000,26294.953110,1491.900000,3517.400000,14.263190,3.124569,7.475679,12.380258,2.321599,15.388000,3.413000,2019-12-31,0,0,0
2020-04-17,SCCO,29.370174,773.058869,22704.873137,6810.300000,6940.800000,1925.100000,5015.700000,27720.573137,1491.900000,3517.400000,15.218763,3.333902,7.880984,12.380258,2.355959,15.140000,3.406500,2019-12-31,0,0,0
2020-04-20,SCCO,28.719875,773.058869,22202.153892,6810.300000,6940.800000,1925.100000,5015.700000,27217.853892,1491.900000,3517.400000,14.881798,3.260085,7.738060,12.380258,2.340196,15.414000,3.409833,2019-12-31,0,0,0
2020-04-21,SCCO,28.166635,773.058869,21774.467118,6810.300000,6940.800000,1925.100000,5015.700000,26790.167118,1491.900000,3517.400000,14.595125,3.197285,7.616469,12.380258,2.268189,14.851000,3.396000,2019-12-31,0,0,0
2020-04-22,SCCO,29.243997,773.058869,22607.331077,6810.300000,6940.800000,1925.100000,5015.700000,27623.031077,1491.900000,3517.400000,15.153382,3.319579,7.853253,12.380258,2.317517,15.032000,3.376000,2019-12-31,0,0,0
2020-04-23,SCCO,29.971942,773.058869,23170.075381,6810.300000,6940.800000,1925.100000,5015.700000,28185.775381,1491.900000,3517.400000,15.530582,3.402211,8.013241,12.380258,2.329424,15.289000,3.369667,2019-12-31,0,0,0
2020-04-24,SCCO,29.845763,773.058869,23072.531790,6810.300000,6940.800000,1925.100000,5015.700000,28088.231790,1491.900000,3517.400000,15.465200,3.387888,7.985510,12.380258,2.321821,15.079000,3.386333,2019-12-31,0,0,0
2020-04-27,SCCO,31.612246,773.058869,24438.126759,6810.300000,6940.800000,1925.100000,5015.700000,29453.826759,1491.900000,3517.400000,16.380539,3.588407,8.373750,12.380258,2.345526,15.218000,3.401500,2019-12-31,0,0,0
2020-04-28,SCCO,32.379015,773.058869,25030.884358,6810.300000,6940.800000,1925.100000,5015.700000,30046.584358,1491.900000,3517.400000,16.777857,3.675445,8.542271,12.380258,2.356412,15.064000,3.386333,2019-12-31,0,0,0
2020-04-29,SCCO,33.621375,773.058869,25991.302141,6810.300000,6940.800000,1925.100000,5015.700000,31007.002141,1491.900000,3517.400000,17.421611,3.816469,8.815319,12.380258,2.373649,15.219000,3.371667,2019-12-31,0,0,0
2020-04-30,SCCO,31.486067,773.058869,24340.583167,6810.300000,6940.800000,1925.100000,5015.700000,29356.283167,1491.900000,3517.400000,16.315157,3.574084,8.346018,12.380258,2.340650,15.014000,3.381167,2019-12-31,0,0,0
2020-05-04,SCCO,31.389010,773.058869,24265.552226,6810.300000,6940.800000,1925.100000,5015.700000,29281.252226,1491.900000,3517.400000,16.264865,3.563067,8.324686,12.380258,2.310713,14.898000,3.390000,2019-12-31,0,0,0
2020-05-05,SCCO,31.389010,773.058869,24265.552226,6716.200000,6941.800000,2051.600000,4890.200000,29155.752226,1318.900000,3368.300000,18.398326,3.612988,8.655925,12.380258,2.325795,14.945000,3.392167,2020-03-31,0,0,0
2020-05-06,SCCO,31.466656,773.058869,24325.577285,6716.200000,6941.800000,2051.600000,4890.200000,29215.777285,1318.900000,3368.300000,18.443838,3.621926,8.673746,12.380258,2.343939,14.974000,3.409167,2020-03-31,0,0,0
2020-05-07,SCCO,31.942247,773.058869,24693.237469,6716.200000,6941.800000,2051.600000,4890.200000,29583.437469,1318.900000,3368.300000,18.722600,3.676668,8.782899,12.380258,2.378298,15.267000,3.406167,2020-03-31,0,0,0
2020-05-08,SCCO,33.436963,773.058869,25848.740904,6716.200000,6941.800000,2051.600000,4890.200000,30738.940904,1318.900000,3368.300000,19.598712,3.848715,9.125951,12.380258,2.378298,15.267000,3.398167,2020-03-31,0,0,0
2020-05-11,SCCO,32.874017,773.058869,25413.550423,6716.200000,6941.800000,2051.600000,4890.200000,30303.750423,1318.900000,3368.300000,19.268747,3.783918,8.996749,12.380258,2.369453,15.415000,3.421333,2020-03-31,0,0,0
2020-05-12,SCCO,32.107248,773.058869,24820.792824,6716.200000,6941.800000,2051.600000,4890.200000,29710.992824,1318.900000,3368.300000,18.819314,3.695660,8.820768,12.380258,2.371154,15.560000,3.426500,2020-03-31,0,0,0
2020-05-13,SCCO,31.641363,773.058869,24460.636347,6716.200000,6941.800000,2051.600000,4890.200000,29350.836347,1318.900000,3368.300000,18.546240,3.642035,8.713843,12.380258,2.354553,15.500000,3.439833,2020-03-31,0,0,0
2020-05-14,SCCO,31.971365,773.058869,24715.747057,6716.200000,6941.800000,2051.600000,4890.200000,29605.947057,1318.900000,3368.300000,18.739667,3.680020,8.789581,12.380258,2.346774,15.783000,3.454667,2020-03-31,0,0,0
2020-05-15,SCCO,31.845188,773.058869,24618.204997,6716.200000,6941.800000,2051.600000,4890.200000,29508.404997,1318.900000,3368.300000,18.665710,3.665496,8.760623,12.380258,2.338722,16.614000,3.444167,2020-03-31,0,0,0
2020-05-18,SCCO,34.582260,773.058869,26734.123153,6716.200000,6941.800000,2051.600000,4890.200000,31624.323153,1318.900000,3368.300000,20.270015,3.980543,9.388808,12.380258,2.400411,17.091000,3.421333,2020-03-31,0,0,0
2020-05-19,SCCO,34.854027,773.058869,26944.214686,6716.200000,6941.800000,2051.600000,4890.200000,31834.414686,1318.900000,3368.300000,20.429308,4.011824,9.451182,12.380258,2.416060,17.390000,3.430167,2020-03-31,0,0,0
2020-05-20,SCCO,34.980208,773.058869,27041.759809,6716.200000,6941.800000,2051.600000,4890.200000,31931.959809,1318.900000,3368.300000,20.503268,4.026348,9.480141,12.380258,2.457337,17.500000,3.405333,2020-03-31,0,0,0
2020-05-21,SCCO,34.436675,773.058869,26621.576742,6716.200000,6941.800000,2051.600000,4890.200000,31511.776742,1318.900000,3368.300000,20.184682,3.963786,9.355395,12.380258,2.432956,17.098000,3.406000,2020-03-31,0,0,0
2020-05-22,SCCO,34.145495,773.058869,26396.477795,6716.200000,6941.800000,2051.600000,4890.200000,31286.677795,1318.900000,3368.300000,20.014010,3.930270,9.288566,12.380258,2.385805,17.094000,3.428833,2020-03-31,0,0,0
2020-05-26,SCCO,34.912266,773.058869,26989.236926,6716.200000,6941.800000,2051.600000,4890.200000,31879.436926,1318.900000,3368.300000,20.463444,4.018528,9.464548,12.380258,2.416400,17.179000,3.426333,2020-03-31,0,0,0
2020-05-27,SCCO,35.232561,773.058869,27236.843930,6716.200000,6941.800000,2051.600000,4890.200000,32127.043930,1318.900000,3368.300000,20.651182,4.055395,9.538059,12.380258,2.370814,17.133000,3.453000,2020-03-31,0,0,0
2020-05-28,SCCO,35.708153,773.058869,27604.504113,6716.200000,6941.800000,2051.600000,4890.200000,32494.704113,1318.900000,3368.300000,20.929945,4.110137,9.647212,12.380258,2.406534,17.477000,3.441500,2020-03-31,0,0,0
2020-05-29,SCCO,35.232561,773.058869,27236.843930,6716.200000,6941.800000,2051.600000,4890.200000,32127.043930,1318.900000,3368.300000,20.651182,4.055395,9.538059,12.380258,2.427740,17.844000,3.432333,2020-03-31,0,0,0
2020-06-01,SCCO,35.766388,773.058869,27649.523290,6716.200000,6941.800000,2051.600000,4890.200000,32539.723290,1318.900000,3368.300000,20.964079,4.116840,9.660578,12.380258,2.475821,18.307000,3.419500,2020-03-31,0,0,0
2020-06-02,SCCO,36.406978,773.058869,28144.737298,6716.200000,6941.800000,2051.600000,4890.200000,33034.937298,1318.900000,3368.300000,21.339554,4.190575,9.807599,12.380258,2.497820,17.909000,3.401333,2020-03-31,0,0,0
2020-06-03,SCCO,37.164043,773.058869,28729.992722,6716.200000,6941.800000,2051.600000,4890.200000,33620.192722,1318.900000,3368.300000,21.783299,4.277715,9.981353,12.380258,2.494418,17.705000,3.392000,2020-03-31,0,0,0
2020-06-04,SCCO,36.960218,773.058869,28572.424072,6716.200000,6941.800000,2051.600000,4890.200000,33462.624072,1318.900000,3368.300000,21.663829,4.254254,9.934574,12.380258,2.500315,17.770000,3.428000,2020-03-31,0,0,0
2020-06-05,SCCO,37.804637,773.058869,29225.209792,6716.200000,6941.800000,2051.600000,4890.200000,34115.409792,1318.900000,3368.300000,22.158776,4.351450,10.128376,12.380258,2.571574,17.336000,3.431167,2020-03-31,0,0,0
2020-06-08,SCCO,37.649341,773.058869,29105.156612,6716.200000,6941.800000,2051.600000,4890.200000,33995.356612,1318.900000,3368.300000,22.067751,4.333575,10.092734,12.380258,2.576631,17.530000,3.441667,2020-03-31,0,0,0
2020-06-09,SCCO,37.785224,773.058869,29210.202379,6716.200000,6941.800000,2051.600000,4890.200000,34100.402379,1318.900000,3368.300000,22.147397,4.349216,10.123921,12.380258,2.609744,17.699000,3.448167,2020-03-31,0,0,0
2020-06-10,SCCO,38.289931,773.058869,29600.370620,6716.200000,6941.800000,2051.600000,4890.200000,34490.570620,1318.900000,3368.300000,22.443226,4.407309,10.239756,12.380258,2.669391,17.820000,3.435167,2020-03-31,0,0,0
2020-06-11,SCCO,35.009323,773.058869,27064.267866,6716.200000,6941.800000,2051.600000,4890.200000,31954.467866,1318.900000,3368.300000,20.520334,4.029700,9.486824,12.380258,2.604301,17.831000,3.457667,2020-03-31,0,0,0
2020-06-12,SCCO,35.931387,773.058869,27777.077114,6716.200000,6941.800000,2051.600000,4890.200000,32667.277114,1318.900000,3368.300000,21.060791,4.135832,9.698446,12.380258,2.613372,17.551000,3.463667,2020-03-31,0,0,0
2020-06-15,SCCO,36.125509,773.058869,27927.145120,6716.200000,6941.800000,2051.600000,4890.200000,32817.345120,1318.900000,3368.300000,21.174574,4.158177,9.742999,12.380258,2.575838,17.272000,3.486000,2020-03-31,0,0,0
2020-06-16,SCCO,36.232273,773.058869,28009.679767,6716.200000,6941.800000,2051.600000,4890.200000,32899.879767,1318.900000,3368.300000,21.237152,4.170465,9.767503,12.380258,2.584796,17.422000,3.476333,2020-03-31,0,0,0
2020-06-17,SCCO,36.494333,773.058869,28212.267595,6716.200000,6941.800000,2051.600000,4890.200000,33102.467595,1318.900000,3368.300000,21.390756,4.200629,9.827648,12.380258,2.604074,17.509000,3.495833,2020-03-31,0,0,0
2020-06-18,SCCO,35.795503,773.058869,27672.031347,6716.200000,6941.800000,2051.600000,4890.200000,32562.231347,1318.900000,3368.300000,20.981144,4.120192,9.667260,12.380258,2.623351,17.367000,3.517333,2020-03-31,0,0,0
2020-06-19,SCCO,36.688451,773.058869,28362.332538,6716.200000,6941.800000,2051.600000,4890.200000,33252.532538,1318.900000,3368.300000,21.504536,4.222973,9.872200,12.380258,2.644103,17.725000,3.511333,2020-03-31,0,0,0
2020-06-22,SCCO,36.329330,773.058869,28084.710708,6716.200000,6941.800000,2051.600000,4890.200000,32974.910708,1318.900000,3368.300000,21.294041,4.181637,9.789778,12.380258,2.658505,17.862000,3.496500,2020-03-31,0,0,0
2020-06-23,SCCO,37.193162,773.058869,28752.503842,6716.200000,6941.800000,2051.600000,4890.200000,33642.703842,1318.900000,3368.300000,21.800367,4.281067,9.988037,12.380258,2.672566,17.924000,3.519667,2020-03-31,0,0,0
2020-06-24,SCCO,36.377862,773.058869,28122.229241,6716.200000,6941.800000,2051.600000,4890.200000,33012.429241,1318.900000,3368.300000,21.322488,4.187223,9.800917,12.380258,2.656464,17.575000,3.526500,2020-03-31,0,0,0
2020-06-25,SCCO,37.193162,773.058869,28752.503842,6716.200000,6941.800000,2051.600000,4890.200000,33642.703842,1318.900000,3368.300000,21.800367,4.281067,9.988037,12.380258,2.668711,17.738000,3.508833,2020-03-31,0,0,0
2020-06-26,SCCO,36.610803,773.058869,28302.305948,6716.200000,6941.800000,2051.600000,4890.200000,33192.505948,1318.900000,3368.300000,21.459023,4.214036,9.854379,12.380258,2.700349,17.802000,3.523667,2020-03-31,0,0,0
2020-06-30,SCCO,38.600523,773.058869,29840.476980,6716.200000,6941.800000,2051.600000,4890.200000,34730.676980,1318.900000,3368.300000,22.625276,4.443060,10.311040,12.380258,2.723595,18.194000,3.543833,2020-03-31,0,0,0
2020-07-01,SCCO,37.455222,773.058869,28955.091669,6716.200000,6941.800000,2051.600000,4890.200000,33845.291669,1318.900000,3368.300000,21.953970,4.311231,10.048182,12.380258,2.744574,17.985000,3.535833,2020-03-31,0,0,0
2020-07-02,SCCO,37.765811,773.058869,29195.194966,6716.200000,6941.800000,2051.600000,4890.200000,34085.394966,1318.900000,3368.300000,22.136019,4.346981,10.119465,12.380258,2.753759,18.040000,3.519333,2020-03-31,0,0,0
2020-07-06,SCCO,39.541996,773.058869,30568.290579,6716.200000,6941.800000,2051.600000,4890.200000,35458.490579,1318.900000,3368.300000,23.177110,4.551426,10.527118,12.380258,2.782903,18.260000,3.547833,2020-03-31,0,0,0
2020-07-07,SCCO,38.823757,773.058869,30013.049981,6716.200000,6941.800000,2051.600000,4890.200000,34903.249981,1318.900000,3368.300000,22.756123,4.468755,10.362275,12.380258,2.805355,18.330000,3.546000,2020-03-31,0,0,0
2020-07-08,SCCO,39.454645,773.058869,30500.763345,6716.200000,6941.800000,2051.600000,4890.200000,35390.963345,1318.900000,3368.300000,23.125910,4.541372,10.507070,12.380258,2.825994,18.678000,3.533333,2020-03-31,0,0,0
2020-07-09,SCCO,39.144053,773.058869,30260.656985,6716.200000,6941.800000,2051.600000,4890.200000,35150.856985,1318.900000,3368.300000,22.943860,4.505622,10.435786,12.380258,2.857791,18.641000,3.518500,2020-03-31,0,0,0
2020-07-10,SCCO,40.434944,773.058869,31258.591769,6716.200000,6941.800000,2051.600000,4890.200000,36148.791769,1318.900000,3368.300000,23.700502,4.654208,10.732058,12.380258,2.911405,18.710000,3.506667,2020-03-31,0,0,0
2020-07-13,SCCO,39.978765,773.058869,30905.938999,6716.200000,6941.800000,2051.600000,4890.200000,35796.138999,1318.900000,3368.300000,23.433118,4.601700,10.627361,12.380258,2.984638,19.236000,3.500000,2020-03-31,0,0,0
2020-07-14,SCCO,41.221124,773.058869,31866.355251,6716.200000,6941.800000,2051.600000,4890.200000,36756.555251,1318.900000,3368.300000,24.161313,4.744700,10.912495,12.380258,2.946309,19.186000,3.502667,2020-03-31,0,0,0
2020-07-15,SCCO,41.551125,773.058869,32121.465961,6716.200000,6941.800000,2051.600000,4890.200000,37011.665961,1318.900000,3368.300000,24.354740,4.782685,10.988233,12.380258,2.893352,19.313000,3.499167,2020-03-31,0,0,0
2020-07-16,SCCO,41.376420,773.058869,31986.408431,6716.200000,6941.800000,2051.600000,4890.200000,36876.608431,1318.900000,3368.300000,24.252338,4.762575,10.948137,12.380258,2.920114,19.358000,3.501333,2020-03-31,0,0,0
2020-07-17,SCCO,42.395544,773.058869,32774.251682,6716.200000,6941.800000,2051.600000,4890.200000,37664.451682,1318.900000,3368.300000,24.849687,4.879880,11.182036,12.380258,2.928392,19.370000,3.515333,2020-03-31,0,0,0
2020-07-20,SCCO,42.502308,773.058869,32856.786329,6716.200000,6941.800000,2051.600000,4890.200000,37746.986329,1318.900000,3368.300000,24.912265,4.892169,11.206539,12.380258,2.945742,19.762000,3.515667,2020-03-31,0,0,0
2020-07-21,SCCO,41.978188,773.058869,32451.610675,6716.200000,6941.800000,2051.600000,4890.200000,37341.810675,1318.900000,3368.300000,24.605058,4.831841,11.086248,12.380258,2.968513,21.020000,3.493833,2020-03-31,0,0,0
2020-07-22,SCCO,42.434367,773.058869,32804.263445,6716.200000,6941.800000,2051.600000,4890.200000,37694.463445,1318.900000,3368.300000,24.872442,4.884349,11.190946,12.380258,2.949711,22.437000,3.504833,2020-03-31,0,0,0
2020-07-23,SCCO,42.094658,773.058869,32541.649028,6716.200000,6941.800000,2051.600000,4890.200000,37431.849028,1318.900000,3368.300000,24.673326,4.845247,11.112980,12.380258,2.980102,22.934000,3.520500,2020-03-31,0,0,0
2020-07-24,SCCO,41.813189,773.058869,32324.056851,6716.200000,6941.800000,2051.600000,4890.200000,37214.256851,1318.900000,3368.300000,24.508345,4.812849,11.048380,12.380258,2.916712,22.664000,3.535333,2020-03-31,0,0,0
2020-07-27,SCCO,44.715263,773.058869,34567.530361,6716.200000,6941.800000,2051.600000,4890.200000,39457.730361,1318.900000,3368.300000,26.209364,5.146888,11.714435,12.380258,2.915011,24.247000,3.526667,2020-03-31,0,0,0
2020-07-29,SCCO,42.968193,773.058869,33216.942806,6716.200000,6941.800000,2051.600000,4890.200000,38107.142806,1318.900000,3368.300000,25.185338,4.945794,11.313465,12.380258,2.940186,24.165000,3.509667,2020-03-31,0,0,0
2020-07-30,SCCO,42.541134,773.058869,32886.801155,6716.200000,6941.800000,2051.600000,4890.200000,37777.001155,1318.900000,3368.300000,24.935022,4.896638,11.215450,12.380258,2.921929,23.236000,3.510667,2020-03-31,0,0,0
2020-07-31,SCCO,42.424660,773.073269,32797.370654,6821.500000,6542.600000,1808.800000,4733.800000,37531.170654,1175.400000,3226.900000,27.903157,4.807941,11.630720,12.380258,2.912970,24.095000,3.530000,2020-06-30,0,0,0
2020-08-03,SCCO,42.861429,773.073269,33135.025363,6821.500000,6542.600000,1808.800000,4733.800000,37868.825363,1175.400000,3226.900000,28.190425,4.857440,11.735358,12.380258,2.946082,24.248000,3.544500,2020-06-30,0,0,0
2020-08-04,SCCO,42.288777,773.073269,32692.322930,6821.500000,6542.600000,1808.800000,4733.800000,37426.122930,1175.400000,3226.900000,27.813785,4.792542,11.598166,12.380258,2.927032,25.408000,3.551667,2020-06-30,0,0,0
2020-08-05,SCCO,43.948496,773.073269,33975.407152,6821.500000,6542.600000,1808.800000,4733.800000,38709.207152,1175.400000,3226.900000,28.905400,4.980636,11.995788,12.380258,2.947783,26.808000,3.548167,2020-06-30,0,0,0
2020-08-06,SCCO,44.812324,773.073269,34643.209662,6821.500000,6542.600000,1808.800000,4733.800000,39377.009662,1175.400000,3226.900000,29.473549,5.078533,12.202736,12.380258,2.939165,28.138000,3.547500,2020-06-30,0,0,0
2020-08-07,SCCO,43.734964,773.073269,33810.331720,6821.500000,6542.600000,1808.800000,4733.800000,38544.131720,1175.400000,3226.900000,28.764958,4.956437,11.944632,12.380258,2.861261,27.850000,3.551833,2020-06-30,0,0,0
2020-08-10,SCCO,44.501731,773.073269,34403.098829,6821.500000,6542.600000,1808.800000,4733.800000,39136.898829,1175.400000,3226.900000,29.269269,5.043333,12.128327,12.380258,2.886200,28.989000,3.560667,2020-06-30,0,0,0
2020-08-11,SCCO,43.210844,773.073269,33405.148519,6821.500000,6542.600000,1808.800000,4733.800000,38138.948519,1175.400000,3226.900000,28.420239,4.897039,11.819067,12.380258,2.883260,27.051000,3.562667,2020-06-30,0,0,0
2020-08-12,SCCO,43.997024,773.073269,34012.923321,6821.500000,6542.600000,1808.800000,4733.800000,38746.723321,1175.400000,3226.900000,28.937318,4.986136,12.007414,12.380258,2.893466,25.862000,3.568333,2020-06-30,0,0,0
2020-08-13,SCCO,43.550552,773.073269,33667.767828,6821.500000,6542.600000,1808.800000,4733.800000,38401.567828,1175.400000,3226.900000,28.643668,4.935537,11.900452,12.380258,2.893919,26.686000,3.572833,2020-06-30,0,0,0
2020-08-14,SCCO,43.861141,773.073269,33907.875597,6821.500000,6542.600000,1808.800000,4733.800000,38641.675597,1175.400000,3226.900000,28.847946,4.970736,11.974860,12.380258,2.876910,26.661000,3.576000,2020-06-30,0,0,0
2020-08-17,SCCO,44.579379,773.073269,34463.126538,6821.500000,6542.600000,1808.800000,4733.800000,39196.926538,1175.400000,3226.900000,29.320339,5.052133,12.146929,12.380258,2.920908,27.370000,3.580000,2020-06-30,0,0,0
2020-08-18,SCCO,45.181148,773.073269,34928.337447,6821.500000,6542.600000,1808.800000,4733.800000,39662.137447,1175.400000,3226.900000,29.716129,5.120331,12.291096,12.380258,2.944948,27.821000,3.573500,2020-06-30,0,0,0
2020-08-19,SCCO,45.355857,773.073269,35063.400556,6821.500000,6542.600000,1808.800000,4733.800000,39797.200556,1175.400000,3226.900000,29.831037,5.140131,12.332951,12.380258,3.024100,27.452000,3.562667,2020-06-30,0,0,0
2020-08-20,SCCO,45.132619,773.073269,34890.821278,6821.500000,6542.600000,1808.800000,4733.800000,39624.621278,1175.400000,3226.900000,29.684211,5.114831,12.279470,12.380258,2.991215,27.158000,3.577000,2020-06-30,0,0,0
2020-08-21,SCCO,44.637614,773.073269,34508.146553,6821.500000,6542.600000,1808.800000,4733.800000,39241.946553,1175.400000,3226.900000,29.358641,5.058733,12.160881,12.380258,2.977607,26.757000,3.584833,2020-06-30,0,0,0
2020-08-24,SCCO,45.239383,773.073269,34973.357463,6821.500000,6542.600000,1808.800000,4733.800000,39707.157463,1175.400000,3226.900000,29.754430,5.126931,12.305047,12.380258,2.984411,26.646000,3.583667,2020-06-30,0,0,0
2020-08-25,SCCO,44.919088,773.073269,34725.745846,6821.500000,6542.600000,1808.800000,4733.800000,39459.545846,1175.400000,3226.900000,29.543769,5.090632,12.228314,12.380258,2.968535,26.393000,3.592000,2020-06-30,0,0,0
2020-08-26,SCCO,45.792622,773.073269,35401.052203,6821.500000,6542.600000,1808.800000,4733.800000,40134.852203,1175.400000,3226.900000,30.118302,5.189629,12.437588,12.380258,2.995297,27.013000,3.583667,2020-06-30,0,0,0
2020-08-27,SCCO,44.957914,773.073269,34755.761232,6821.500000,6542.600000,1808.800000,4733.800000,39489.561232,1175.400000,3226.900000,29.569305,5.095032,12.237615,12.380258,2.994844,27.093000,3.568167,2020-06-30,0,0,0
2020-08-28,SCCO,46.792334,773.073269,36173.902437,6821.500000,6542.600000,1808.800000,4733.800000,40907.702437,1175.400000,3226.900000,30.775823,5.302925,12.677090,12.380258,3.051996,27.552000,3.539500,2020-06-30,0,0,0
2020-08-31,SCCO,46.685570,773.073269,36091.366252,6821.500000,6542.600000,1808.800000,4733.800000,40825.166252,1175.400000,3226.900000,30.705603,5.290826,12.651513,12.380258,3.051996,28.105000,3.545833,2020-06-30,0,0,0
2020-09-01,SCCO,47.093220,773.073269,36406.509423,6821.500000,6542.600000,1808.800000,4733.800000,41140.309423,1175.400000,3226.900000,30.973719,5.337024,12.749174,12.380258,3.079212,28.431000,3.526333,2020-06-30,0,0,0
2020-09-02,SCCO,46.569100,773.073269,36001.326222,6821.500000,6542.600000,1808.800000,4733.800000,40735.126222,1175.400000,3226.900000,30.629000,5.277626,12.623610,12.380258,3.047687,27.458000,3.533333,2020-06-30,0,0,0
2020-09-03,SCCO,45.229680,773.073269,34965.856679,6821.500000,6542.600000,1808.800000,4733.800000,39699.656679,1175.400000,3226.900000,29.748049,5.125831,12.302723,12.380258,2.999606,26.750000,3.542500,2020-06-30,0,0,0
2020-09-04,SCCO,45.598504,773.073269,35250.984464,6821.500000,6542.600000,1808.800000,4733.800000,39984.784464,1175.400000,3226.900000,29.990628,5.167629,12.391083,12.380258,3.029090,26.430000,3.548833,2020-06-30,0,0,0
2020-09-08,SCCO,44.453203,773.073269,34365.582660,6821.500000,6542.600000,1808.800000,4733.800000,39099.382660,1175.400000,3226.900000,29.237351,5.037834,12.116701,12.380258,3.069686,26.485000,3.545667,2020-06-30,0,0,0
2020-09-09,SCCO,45.491740,773.073269,35168.448280,6821.500000,6542.600000,1808.800000,4733.800000,39902.248280,1175.400000,3226.900000,29.920409,5.155530,12.365505,12.380258,3.043151,26.790000,3.535500,2020-06-30,0,0,0
2020-09-10,SCCO,44.142614,773.073269,34125.474891,6821.500000,6542.600000,1808.800000,4733.800000,38859.274891,1175.400000,3226.900000,29.033074,5.002635,12.042293,12.380258,3.043832,27.123000,3.542167,2020-06-30,0,0,0
2020-09-11,SCCO,45.511149,773.073269,35183.452910,6821.500000,6542.600000,1808.800000,4733.800000,39917.252910,1175.400000,3226.900000,29.933174,5.157730,12.370155,12.380258,3.065150,26.938000,3.572500,2020-06-30,0,0,0
2020-09-14,SCCO,45.938212,773.073269,35513.603773,6821.500000,6542.600000,1808.800000,4733.800000,40247.403773,1175.400000,3226.900000,30.214058,5.206128,12.472467,12.380258,3.078985,27.191000,3.569333,2020-06-30,0,0,0
2020-09-15,SCCO,45.899386,773.073269,35483.588387,6821.500000,6542.600000,1808.800000,4733.800000,40217.388387,1175.400000,3226.900000,30.188522,5.201728,12.463165,12.380258,3.090552,27.119000,3.549500,2020-06-30,0,0,0
2020-09-16,SCCO,45.666446,773.073269,35303.508326,6821.500000,6542.600000,1808.800000,4733.800000,40037.308326,1175.400000,3226.900000,30.035314,5.175329,12.407359,12.380258,3.073542,27.347000,3.539333,2020-06-30,0,0,0
2020-09-17,SCCO,45.802329,773.073269,35408.556049,6821.500000,6542.600000,1808.800000,4733.800000,40142.356049,1175.400000,3226.900000,30.124686,5.190729,12.439913,12.380258,3.066738,26.886000,3.534333,2020-06-30,0,0,0
2020-09-18,SCCO,45.113206,773.073269,34875.813585,6821.500000,6542.600000,1808.800000,4733.800000,39609.613585,1175.400000,3226.900000,29.671443,5.112631,12.274819,12.380258,3.099623,26.940000,3.525833,2020-06-30,0,0,0
2020-09-21,SCCO,43.841728,773.073269,33892.867905,6821.500000,6542.600000,1808.800000,4733.800000,38626.667905,1175.400000,3226.900000,28.835178,4.968536,11.970209,12.380258,3.101211,24.517000,3.548167,2020-06-30,0,0,0
2020-09-22,SCCO,44.055259,773.073269,34057.943336,6821.500000,6542.600000,1808.800000,4733.800000,38791.743336,1175.400000,3226.900000,28.975620,4.992735,12.021365,12.380258,3.088964,24.320000,3.554667,2020-06-30,0,0,0
2020-09-23,SCCO,42.657605,773.073269,32977.453778,6821.500000,6542.600000,1808.800000,4733.800000,37711.253778,1175.400000,3226.900000,28.056367,4.834341,11.686527,12.380258,3.050636,23.080000,3.571333,2020-06-30,0,0,0
2020-09-24,SCCO,43.239960,773.073269,33427.656995,6821.500000,6542.600000,1808.800000,4733.800000,38161.456995,1175.400000,3226.900000,28.439388,4.900338,11.826043,12.380258,2.965814,22.722000,3.583333,2020-06-30,0,0,0
2020-09-25,SCCO,43.172018,773.073269,33375.133133,6821.500000,6542.600000,1808.800000,4733.800000,38108.933133,1175.400000,3226.900000,28.394702,4.892638,11.809766,12.380258,2.961505,22.910000,3.594833,2020-06-30,0,0,0
2020-09-28,SCCO,43.569961,773.073269,33682.772457,6821.500000,6542.600000,1808.800000,4733.800000,38416.572457,1175.400000,3226.900000,28.656434,4.937737,11.905102,12.380258,2.980782,23.346000,3.591167,2020-06-30,0,0,0
2020-09-29,SCCO,43.142902,773.073269,33352.624657,6821.500000,6542.600000,1808.800000,4733.800000,38086.424657,1175.400000,3226.900000,28.375553,4.889339,11.802790,12.380258,2.969216,23.993000,3.595667,2020-06-30,0,0,0
2020-09-30,SCCO,43.938789,773.073269,33967.903305,6821.500000,6542.600000,1808.800000,4733.800000,38701.703305,1175.400000,3226.900000,28.899016,4.979536,11.993462,12.380258,2.998246,23.811000,3.600167,2020-06-30,0,0,0
2020-10-01,SCCO,43.181725,773.073269,33382.636980,6821.500000,6542.600000,1808.800000,4733.800000,38116.436980,1175.400000,3226.900000,28.401086,4.893738,11.812091,12.380258,3.000060,24.122000,3.604667,2020-06-30,0,0,0
2020-10-02,SCCO,44.288204,773.073269,34238.026461,6821.500000,6542.600000,1808.800000,4733.800000,38971.826461,1175.400000,3226.900000,29.128830,5.019135,12.077172,12.380258,2.907300,23.825000,3.620000,2020-06-30,0,0,0
2020-10-05,SCCO,45.414092,773.073269,35108.420572,6821.500000,6542.600000,1808.800000,4733.800000,39842.220572,1175.400000,3226.900000,29.869339,5.146730,12.346903,12.380258,2.951752,24.360000,3.607667,2020-06-30,0,0,0
2020-10-06,SCCO,44.268791,773.073269,34223.018768,6821.500000,6542.600000,1808.800000,4733.800000,38956.818768,1175.400000,3226.900000,29.116062,5.016935,12.072521,12.380258,2.952433,23.830000,3.584167,2020-06-30,0,0,0
2020-10-07,SCCO,45.763507,773.073269,35378.543727,6821.500000,6542.600000,1808.800000,4733.800000,40112.343727,1175.400000,3226.900000,30.099152,5.186329,12.430613,12.380258,2.959690,23.714000,3.578333,2020-06-30,0,0,0
2020-10-08,SCCO,46.035273,773.073269,35588.639174,6821.500000,6542.600000,1808.800000,4733.800000,40322.439174,1175.400000,3226.900000,30.277896,5.217128,12.495720,12.380258,2.998926,23.881000,3.579667,2020-06-30,0,0,0
2020-10-09,SCCO,46.666157,773.073269,36076.358560,6821.500000,6542.600000,1808.800000,4733.800000,40810.158560,1175.400000,3226.900000,30.692835,5.288625,12.646862,12.380258,3.057439,24.660000,3.572667,2020-06-30,0,0,0
2020-10-12,SCCO,46.549687,773.073269,35986.318529,6821.500000,6542.600000,1808.800000,4733.800000,40720.118529,1175.400000,3226.900000,30.616232,5.275426,12.618959,12.380258,3.070367,25.072000,3.590000,2020-06-30,0,0,0
2020-10-13,SCCO,45.996447,773.073269,35558.623788,6821.500000,6542.600000,1808.800000,4733.800000,40292.423788,1175.400000,3226.900000,30.252360,5.212728,12.486418,12.380258,3.038842,24.200000,3.595333,2020-06-30,0,0,0
2020-10-14,SCCO,46.161450,773.073269,35686.183051,6821.500000,6542.600000,1808.800000,4733.800000,40419.983051,1175.400000,3226.900000,30.360884,5.231428,12.525948,12.380258,3.039976,24.252000,3.592000,2020-06-30,0,0,0
2020-10-15,SCCO,46.569100,773.073269,36001.326222,6821.500000,6542.600000,1808.800000,4733.800000,40735.126222,1175.400000,3226.900000,30.629000,5.277626,12.623610,12.380258,3.031585,24.100000,3.586833,2020-06-30,0,0,0
2020-10-16,SCCO,46.530274,773.073269,35971.310836,6821.500000,6542.600000,1808.800000,4733.800000,40705.110836,1175.400000,3226.900000,30.603463,5.273226,12.614308,12.380258,3.051769,24.260000,3.580333,2020-06-30,0,0,0
2020-10-19,SCCO,46.394390,773.073269,35866.263113,6821.500000,6542.600000,1808.800000,4733.800000,40600.063113,1175.400000,3226.900000,30.514091,5.257826,12.581754,12.380258,3.064016,24.606000,3.589500,2020-06-30,0,0,0
2020-10-20,SCCO,47.811458,773.073269,36961.760363,6821.500000,6542.600000,1808.800000,4733.800000,41695.560363,1175.400000,3226.900000,31.446112,5.418421,12.921243,12.380258,3.090778,24.795000,3.589500,2020-06-30,0,0,0
2020-10-21,SCCO,48.442346,773.073269,37449.482812,6821.500000,6542.600000,1808.800000,4733.800000,42183.282812,1175.400000,3226.900000,31.861054,5.489919,13.072386,12.380258,3.153828,25.070000,3.599333,2020-06-30,0,0,0
2020-10-22,SCCO,48.791757,773.073269,37719.602904,6821.500000,6542.600000,1808.800000,4733.800000,42453.402904,1175.400000,3226.900000,32.090865,5.529517,13.156095,12.380258,3.123437,24.540000,3.603333,2020-06-30,0,0,0
2020-10-23,SCCO,50.422356,773.073269,38980.175587,6821.500000,6542.600000,1808.800000,4733.800000,43713.975587,1175.400000,3226.900000,33.163328,5.714311,13.546740,12.380258,3.120489,24.580000,3.603833,2020-06-30,0,0,0
2020-10-26,SCCO,49.626469,773.073269,38364.896938,6821.500000,6542.600000,1808.800000,4733.800000,43098.696938,1175.400000,3226.900000,32.639865,5.624114,13.356068,12.380258,3.087150,24.425000,3.604333,2020-06-30,0,0,0
2020-10-27,SCCO,50.422356,773.073269,38980.175587,6821.500000,6542.600000,1808.800000,4733.800000,43713.975587,1175.400000,3226.900000,33.163328,5.714311,13.546740,12.380258,3.078758,24.467000,3.608500,2020-06-30,0,0,0
2020-10-28,SCCO,49.907942,773.073269,38582.496232,6821.500000,6542.600000,1808.800000,4733.800000,43316.296232,1175.400000,3226.900000,32.824993,5.656014,13.423501,12.380258,3.036574,23.512000,3.613667,2020-06-30,0,0,0
2020-10-29,SCCO,50.965889,773.073269,39400.366481,7019.200000,6543.400000,2145.400000,4398.000000,43798.366481,1292.200000,3452.700000,30.490920,5.613228,12.685251,12.380258,3.035440,23.250000,3.612500,2020-09-30,0,0,0
2020-10-30,SCCO,50.800886,773.073269,39272.807218,7019.200000,6543.400000,2145.400000,4398.000000,43670.807218,1292.200000,3452.700000,30.392205,5.595055,12.648306,12.380258,3.036574,23.549000,3.614000,2020-09-30,0,0,0
2020-11-02,SCCO,52.615897,773.073269,40675.943793,7019.200000,6543.400000,2145.400000,4398.000000,45073.943793,1292.200000,3452.700000,31.478056,5.794954,13.054695,12.380258,3.044739,23.975000,3.615667,2020-09-30,0,0,0
2020-11-03,SCCO,52.334424,773.073269,40458.344500,7019.200000,6543.400000,2145.400000,4398.000000,44856.344500,1292.200000,3452.700000,31.309661,5.763954,12.991672,12.380258,3.080573,24.210000,3.605167,2020-09-30,0,0,0
2020-11-04,SCCO,51.325010,773.073269,39677.993482,7019.200000,6543.400000,2145.400000,4398.000000,44075.993482,1292.200000,3452.700000,30.705768,5.652780,12.765660,12.380258,3.060841,23.985000,3.598833,2020-09-30,0,0,0
2020-11-05,SCCO,52.654723,773.073269,40705.959179,7019.200000,6543.400000,2145.400000,4398.000000,45103.959179,1292.200000,3452.700000,31.501284,5.799231,13.063388,12.380258,3.083521,25.027000,3.593333,2020-09-30,0,0,0
2020-11-06,SCCO,53.508845,773.073269,41366.257843,7019.200000,6543.400000,2145.400000,4398.000000,45764.257843,1292.200000,3452.700000,32.012272,5.893301,13.254629,12.380258,3.147251,25.510000,3.599167,2020-09-30,0,0,0
2020-11-09,SCCO,53.052667,773.073269,41013.598503,7019.200000,6543.400000,2145.400000,4398.000000,45411.598503,1292.200000,3452.700000,31.739358,5.843059,13.152489,12.380258,3.190569,23.750000,3.585333,2020-09-30,0,0,0
2020-11-10,SCCO,52.567369,773.073269,40638.427624,7019.200000,6543.400000,2145.400000,4398.000000,45036.427624,1292.200000,3452.700000,31.449023,5.789610,13.043829,12.380258,3.114138,24.366000,3.627500,2020-09-30,0,0,0
2020-11-11,SCCO,52.547956,773.073269,40623.419931,7019.200000,6543.400000,2145.400000,4398.000000,45021.419931,1292.200000,3452.700000,31.437409,5.787471,13.039482,12.380258,3.135457,24.235000,3.623667,2020-09-30,0,0,0
2020-11-12,SCCO,52.004423,773.073269,40203.229037,7019.200000,6543.400000,2145.400000,4398.000000,44601.229037,1292.200000,3452.700000,31.112234,5.727608,12.917783,12.380258,3.131602,24.335000,3.637667,2020-09-30,0,0,0
2020-11-13,SCCO,52.790607,773.073269,40811.006902,7019.200000,6543.400000,2145.400000,4398.000000,45209.006902,1292.200000,3452.700000,31.582578,5.814196,13.093813,12.380258,3.141581,24.685000,3.647500,2020-09-30,0,0,0
2020-11-16,SCCO,53.906788,773.073269,41673.897167,7019.200000,6543.400000,2145.400000,4398.000000,46071.897167,1292.200000,3452.700000,32.250346,5.937129,13.343730,12.380258,3.226403,24.806000,3.666667,2020-09-30,0,0,0
2020-11-17,SCCO,54.440615,773.073269,42086.584215,7019.200000,6543.400000,2145.400000,4398.000000,46484.584215,1292.200000,3452.700000,32.569714,5.995923,13.463256,12.380258,3.197826,24.535000,3.625833,2020-09-30,0,0,0
2020-11-18,SCCO,54.227084,773.073269,41921.508783,7019.200000,6543.400000,2145.400000,4398.000000,46319.508783,1292.200000,3452.700000,32.441966,5.972406,13.415446,12.380258,3.212795,24.549000,3.577833,2020-09-30,0,0,0
2020-11-19,SCCO,54.401789,773.073269,42056.568829,7019.200000,6543.400000,2145.400000,4398.000000,46454.568829,1292.200000,3452.700000,32.546486,5.991647,13.454563,12.380258,3.187847,23.915000,3.576167,2020-09-30,0,0,0
2020-11-20,SCCO,55.158853,773.073269,42641.835155,7019.200000,6543.400000,2145.400000,4398.000000,47039.835155,1292.200000,3452.700000,32.999408,6.075028,13.624073,12.380258,3.256113,24.325000,3.587333,2020-09-30,0,0,0
2020-11-23,SCCO,56.440038,773.073269,43632.284682,7019.200000,6543.400000,2145.400000,4398.000000,48030.284682,1292.200000,3452.700000,33.765891,6.216134,13.910935,12.380258,3.272896,23.587000,3.600500,2020-09-30,0,0,0
2020-11-24,SCCO,57.760045,773.073269,44652.746532,7019.200000,6543.400000,2145.400000,4398.000000,49050.746532,1292.200000,3452.700000,34.555600,6.361515,14.206490,12.380258,3.312131,23.195000,3.607833,2020-09-30,0,0,0
2020-11-25,SCCO,58.216227,773.073269,45005.408934,7019.200000,6543.400000,2145.400000,4398.000000,49403.408934,1292.200000,3452.700000,34.828516,6.411758,14.308631,12.380258,3.283328,23.375000,3.608833,2020-09-30,0,0,0
2020-11-27,SCCO,59.060642,773.073269,45658.203752,7019.200000,6543.400000,2145.400000,4398.000000,50056.203752,1292.200000,3452.700000,35.333697,6.504759,14.497699,12.380258,3.384706,22.645000,3.605500,2020-09-30,0,0,0
2020-11-30,SCCO,57.624161,773.073269,44547.698808,7019.200000,6543.400000,2145.400000,4398.000000,48945.698808,1292.200000,3452.700000,34.474306,6.346549,14.176065,12.380258,3.481095,22.565000,3.607833,2020-09-30,0,0,0
2020-12-01,SCCO,58.381226,773.073269,45132.965134,7019.200000,6543.400000,2145.400000,4398.000000,49530.965134,1292.200000,3452.700000,34.927229,6.429930,14.345575,12.380258,3.467260,23.775000,3.605667,2020-09-30,0,0,0
2020-12-02,SCCO,58.429754,773.073269,45170.481303,7019.200000,6543.400000,2145.400000,4398.000000,49568.481303,1292.200000,3452.700000,34.956262,6.435275,14.356440,12.380258,3.454786,23.960000,3.606333,2020-09-30,0,0,0
2020-12-03,SCCO,58.536522,773.073269,45253.020551,7019.200000,6543.400000,2145.400000,4398.000000,49651.020551,1292.200000,3452.700000,35.020137,6.447034,14.380346,12.380258,3.483136,23.993000,3.597000,2020-09-30,0,0,0
2020-12-04,SCCO,59.225645,773.073269,45785.763015,7019.200000,6543.400000,2145.400000,4398.000000,50183.763015,1292.200000,3452.700000,35.432412,6.522932,14.534643,12.380258,3.511485,24.115000,3.591167,2020-09-30,0,0,0
2020-12-07,SCCO,57.517398,773.073269,44465.162624,7019.200000,6543.400000,2145.400000,4398.000000,48863.162624,1292.200000,3452.700000,34.410434,6.334791,14.152160,12.380258,3.472930,24.667000,3.601833,2020-09-30,0,0,0
2020-12-09,SCCO,57.730929,773.073269,44630.238056,7019.200000,6543.400000,2145.400000,4398.000000,49028.238056,1292.200000,3452.700000,34.538181,6.358308,14.199970,12.380258,3.494702,24.085000,3.603500,2020-09-30,0,0,0
2020-12-10,SCCO,57.430043,773.073269,44397.631070,7019.200000,6543.400000,2145.400000,4398.000000,48795.631070,1292.200000,3452.700000,34.358173,6.325170,14.132601,12.380258,3.498104,24.008000,3.600167,2020-09-30,0,0,0
2020-12-11,SCCO,58.002696,773.073269,44840.333503,7019.200000,6543.400000,2145.400000,4398.000000,49238.333503,1292.200000,3452.700000,34.700769,6.388240,14.260820,12.380258,3.511259,24.015000,3.598333,2020-09-30,0,0,0
2020-12-14,SCCO,57.488278,773.073269,44442.651085,7019.200000,6543.400000,2145.400000,4398.000000,48840.651085,1292.200000,3452.700000,34.393013,6.331584,14.145640,12.380258,3.521238,23.905000,3.588333,2020-09-30,0,0,0
2020-12-15,SCCO,58.750054,773.073269,45418.095982,7019.200000,6543.400000,2145.400000,4398.000000,49816.095982,1292.200000,3452.700000,35.147884,6.470552,14.428157,12.380258,3.516702,24.499000,3.591333,2020-09-30,0,0,0
2020-12-16,SCCO,59.953590,773.073269,46348.517801,7019.200000,6543.400000,2145.400000,4398.000000,50746.517801,1292.200000,3452.700000,35.867913,6.603105,14.697633,12.380258,3.548453,24.953000,3.587333,2020-09-30,0,0,0
2020-12-17,SCCO,61.060065,773.073269,47203.904219,7019.200000,6543.400000,2145.400000,4398.000000,51601.904219,1292.200000,3452.700000,36.529875,6.724969,14.945377,12.380258,3.580205,25.878000,3.585833,2020-09-30,0,0,0
2020-12-18,SCCO,60.904769,773.073269,47083.848803,7019.200000,6543.400000,2145.400000,4398.000000,51481.848803,1292.200000,3452.700000,36.436967,6.707865,14.910606,12.380258,3.612410,25.867000,3.597000,2020-09-30,0,0,0
2020-12-21,SCCO,61.914187,773.073269,47864.202883,7019.200000,6543.400000,2145.400000,4398.000000,52262.202883,1292.200000,3452.700000,37.040863,6.819040,15.136619,12.380258,3.554838,26.200000,3.607833,2020-09-30,0,0,0
2020-12-22,SCCO,61.244477,773.073269,47346.468112,7019.200000,6543.400000,2145.400000,4398.000000,51744.468112,1292.200000,3452.700000,36.640201,6.745280,14.986668,12.380258,3.516702,25.296000,3.615500,2020-09-30,0,0,0
2020-12-23,SCCO,62.515955,773.073269,48329.413793,7019.200000,6543.400000,2145.400000,4398.000000,52727.413793,1292.200000,3452.700000,37.400877,6.885317,15.271357,12.380258,3.521918,25.661000,3.612500,2020-09-30,0,0,0
2020-12-24,SCCO,62.215073,773.073269,48096.809870,7019.200000,6543.400000,2145.400000,4398.000000,52494.809870,1292.200000,3452.700000,37.220871,6.852178,15.203988,12.380258,3.534850,25.785000,3.612700,2020-09-30,0,0,0
2020-12-28,SCCO,61.661833,773.073269,47669.115129,7019.200000,6543.400000,2145.400000,4398.000000,52067.115129,1292.200000,3452.700000,36.889889,6.791246,15.080116,12.380258,3.534845,25.785000,3.616167,2020-09-30,0,0,0
2020-12-29,SCCO,62.380076,773.073269,48224.369132,7019.200000,6543.400000,2145.400000,4398.000000,52622.369132,1292.200000,3452.700000,37.319586,6.870351,15.240933,12.380258,3.556164,26.296000,3.619500,2020-09-30,0,0,0
2020-12-30,SCCO,63.884494,773.073269,49387.394875,7019.200000,6543.400000,2145.400000,4398.000000,53785.394875,1292.200000,3452.700000,38.219621,7.036043,15.577778,12.380258,3.539608,26.410000,3.619833,2020-09-30,0,0,0
2020-12-31,SCCO,63.205078,773.073269,48862.156257,7019.200000,6543.400000,2145.400000,4398.000000,53260.156257,1292.200000,3452.700000,37.813153,6.961214,15.425654,12.380258,3.511485,26.385000,3.623000,2020-09-30,0,0,0
2021-01-04,SCCO,65.291856,773.073269,50475.388279,7019.200000,6543.400000,2145.400000,4398.000000,54873.388279,1292.200000,3452.700000,39.061591,7.191046,15.892892,12.380258,3.591771,27.200000,3.626667,2020-09-30,0,0,0
2021-01-05,SCCO,66.155684,773.073269,51143.190789,7019.200000,6543.400000,2145.400000,4398.000000,55541.190789,1292.200000,3452.700000,39.578386,7.286185,16.086307,12.380258,3.589730,27.491000,3.633667,2020-09-30,0,0,0
2021-01-06,SCCO,66.922451,773.073269,51735.957899,7019.200000,6543.400000,2145.400000,4398.000000,56133.957899,1292.200000,3452.700000,40.037113,7.370635,16.257989,12.380258,3.687479,26.918000,3.626833,2020-09-30,0,0,0
2021-01-07,SCCO,69.086877,773.073269,53409.217629,7019.200000,6543.400000,2145.400000,4398.000000,57807.217629,1292.200000,3452.700000,41.332006,7.609018,16.742612,12.380258,3.645295,27.120000,3.623000,2020-09-30,0,0,0
2021-01-08,SCCO,69.339230,773.073269,53604.305383,7019.200000,6543.400000,2145.400000,4398.000000,58002.305383,1292.200000,3452.700000,41.482979,7.636811,16.799115,12.380258,3.694963,25.592000,3.613833,2020-09-30,0,0,0
2021-01-11,SCCO,68.582170,773.073269,53019.042120,7019.200000,6543.400000,2145.400000,4398.000000,57417.042120,1292.200000,3452.700000,41.030059,7.553431,16.629606,12.380258,3.606740,25.242000,3.617333,2020-09-30,0,0,0
2021-01-12,SCCO,69.698355,773.073269,53881.935447,7019.200000,6543.400000,2145.400000,4398.000000,58279.935447,1292.200000,3452.700000,41.697830,7.676364,16.879525,12.380258,3.621028,25.375000,3.609000,2020-09-30,0,0,0
2021-01-13,SCCO,68.174520,773.073269,52703.898950,7019.200000,6543.400000,2145.400000,4398.000000,57101.898950,1292.200000,3452.700000,40.786178,7.508534,16.538332,12.380258,3.610822,25.494000,3.614000,2020-09-30,0,0,0
2021-01-14,SCCO,68.912167,773.073269,53274.154520,7019.200000,6543.400000,2145.400000,4398.000000,57672.154520,1292.200000,3452.700000,41.227484,7.589776,16.703494,12.380258,3.629873,25.604000,3.613500,2020-09-30,0,0,0
2021-01-15,SCCO,67.077747,773.073269,51856.013315,7019.200000,6543.400000,2145.400000,4398.000000,56254.013315,1292.200000,3452.700000,40.130021,7.387738,16.292760,9.025190,3.619440,24.809000,3.612667,2020-09-30,0,0,0
2021-01-19,SCCO,68.815110,773.073269,53199.122182,7019.200000,6543.400000,2145.400000,4398.000000,57597.122182,1292.200000,3452.700000,41.169418,7.579086,16.681763,9.025190,3.622615,25.280000,3.613333,2020-09-30,0,0,0
2021-01-20,SCCO,68.203639,773.073269,52726.410489,7019.200000,6543.400000,2145.400000,4398.000000,57124.410489,1292.200000,3452.700000,40.803599,7.511741,16.544852,9.025190,3.635316,25.700000,3.615333,2020-09-30,0,0,0
2021-01-21,SCCO,68.339523,773.073269,52831.458212,7019.200000,6543.400000,2145.400000,4398.000000,57229.458212,1292.200000,3452.700000,40.884893,7.526706,16.575277,9.025190,3.651872,25.769000,3.622000,2020-09-30,0,0,0
2021-01-22,SCCO,68.931580,773.073269,53289.162213,7019.200000,6543.400000,2145.400000,4398.000000,57687.162213,1292.200000,3452.700000,41.239098,7.591914,16.707841,9.025190,3.570679,25.500000,3.634167,2020-09-30,0,0,0
2021-01-25,SCCO,67.737751,773.073269,52366.244240,7019.200000,6543.400000,2145.400000,4398.000000,56764.244240,1292.200000,3452.700000,40.524876,7.460429,16.440538,9.025190,3.621708,25.400000,3.644000,2020-09-30,0,0,0
2021-01-26,SCCO,67.698924,773.073269,52336.228854,7019.200000,6543.400000,2145.400000,4398.000000,56734.228854,1292.200000,3452.700000,40.501647,7.456153,16.431844,9.025190,3.609234,25.469000,3.645167,2020-09-30,0,0,0
2021-01-27,SCCO,65.418032,773.073269,50572.932156,7019.200000,6543.400000,2145.400000,4398.000000,54970.932156,1292.200000,3452.700000,39.137078,7.204942,15.921143,9.025190,3.581112,25.260000,3.653000,2020-09-30,0,0,0
2021-01-28,SCCO,67.116573,773.073269,51886.028700,7019.200000,6543.400000,2145.400000,4398.000000,56284.028700,1292.200000,3452.700000,40.153249,7.392015,16.301454,9.025190,3.528268,26.205000,3.646667,2020-09-30,0,0,0
2021-01-29,SCCO,64.457143,773.073269,49830.094245,7019.200000,6543.400000,2145.400000,4398.000000,54228.094245,1292.200000,3452.700000,38.562215,7.099113,15.705997,9.025190,3.572947,27.165000,3.639333,2020-09-30,0,0,0
2021-02-01,SCCO,66.844807,773.073269,51675.933253,7019.200000,6543.400000,2145.400000,4398.000000,56073.933253,1292.200000,3452.700000,39.990662,7.362083,16.240604,9.025190,3.550267,28.650000,3.639500,2020-09-30,0,0,0
2021-02-02,SCCO,66.126564,773.073269,51120.679250,7019.200000,6543.400000,2145.400000,4398.000000,55518.679250,1292.200000,3452.700000,39.560965,7.282978,16.079787,9.025190,3.517836,26.750000,3.638833,2020-09-30,0,0,0
2021-02-03,SCCO,65.893624,773.073269,50940.599189,7019.200000,6543.400000,2145.400000,4398.000000,55338.599189,1292.200000,3452.700000,39.421606,7.257323,16.027630,9.025190,3.552762,26.949000,3.638500,2020-09-30,0,0,0
2021-02-04,SCCO,67.475691,773.073269,52163.652639,7019.200000,6543.400000,2145.400000,4398.000000,56561.652639,1292.200000,3452.700000,40.368095,7.431567,16.381861,9.025190,3.553216,26.175000,3.645667,2020-09-30,0,0,0
2021-02-05,SCCO,69.358643,773.073269,53619.313076,7019.200000,6543.400000,2145.400000,4398.000000,58017.313076,1292.200000,3452.700000,41.494593,7.638949,16.803462,9.025190,3.599936,26.961000,3.639333,2020-09-30,0,0,0
2021-02-08,SCCO,69.135409,773.073269,53446.736861,7019.200000,6543.400000,2145.400000,4398.000000,57844.736861,1292.200000,3452.700000,41.361041,7.614363,16.753479,9.025190,3.631914,27.555000,3.643000,2020-09-30,0,0,0
2021-02-09,SCCO,68.970406,773.073269,53319.177598,7019.200000,6543.400000,2145.400000,4398.000000,57717.177598,1292.200000,3452.700000,41.262326,7.596190,16.716534,9.025190,3.695190,27.330000,3.642667,2020-09-30,0,0,0
2021-02-10,SCCO,69.397469,773.073269,53649.328461,7019.200000,6543.400000,2145.400000,4398.000000,58047.328461,1292.200000,3452.700000,41.517821,7.643226,16.812155,9.025190,3.755518,27.035000,3.638167,2020-09-30,0,0,0
2021-02-11,SCCO,68.572463,773.073269,53011.538274,7019.200000,6543.400000,2145.400000,4398.000000,57409.538274,1292.200000,3452.700000,41.024252,7.552362,16.627433,9.025190,3.761188,27.055000,3.638833,2020-09-30,0,0,0
2021-02-12,SCCO,70.329239,773.073269,54369.654833,7019.200000,6543.400000,2145.400000,4398.000000,58767.654833,1292.200000,3452.700000,42.075263,7.745848,17.020782,9.025190,3.751436,27.320000,3.645500,2020-09-30,0,0,0
2021-02-16,SCCO,70.872772,773.073269,54789.845727,7019.200000,6543.400000,2145.400000,4398.000000,59187.845727,1292.200000,3452.700000,42.400438,7.805711,17.142481,9.025190,3.828093,27.184000,3.651000,2020-09-30,0,0,0
2021-02-17,SCCO,72.144246,773.073269,55772.788346,7019.200000,6543.400000,2145.400000,4398.000000,60170.788346,1292.200000,3452.700000,43.161112,7.945747,17.427170,9.025190,3.816299,27.279000,3.655000,2020-09-30,0,0,0
2021-02-18,SCCO,72.318956,773.073269,55907.851455,7019.200000,6543.400000,2145.400000,4398.000000,60305.851455,1292.200000,3452.700000,43.265633,7.964989,17.466288,9.025190,3.923574,27.084000,3.650667,2020-09-30,0,0,0
2021-02-19,SCCO,77.084569,773.073269,59592.019499,7019.200000,6543.400000,2145.400000,4398.000000,63990.019499,1292.200000,3452.700000,46.116715,8.489859,18.533327,9.025190,3.994561,27.461000,3.653667,2020-09-30,0,0,0
2021-02-22,SCCO,79.132524,773.073269,61175.239198,7019.200000,6543.400000,2145.400000,4398.000000,65573.239198,1292.200000,3452.700000,47.341928,8.715415,18.991873,9.025190,4.112949,27.946000,3.655500,2020-09-30,0,0,0
2021-02-23,SCCO,76.938987,773.073269,59479.474055,7019.200000,6543.400000,2145.400000,4398.000000,63877.474055,1292.200000,3452.700000,46.029619,8.473825,18.500731,9.025190,4.153999,27.630000,3.653667,2020-09-30,0,0,0
2021-02-24,SCCO,76.172212,773.073269,58886.700820,7019.200000,6543.400000,2145.400000,4398.000000,63284.700820,1292.200000,3452.700000,45.570887,8.389375,18.329047,9.025190,4.212059,27.846000,3.650500,2020-09-30,0,0,0
2021-02-25,SCCO,72.872195,773.073269,56335.546195,7019.200000,6543.400000,2145.400000,4398.000000,60733.546195,1292.200000,3452.700000,43.596615,8.025921,17.590160,9.025190,4.361064,27.790000,3.648833,2020-09-30,0,0,0
2021-02-26,SCCO,69.232467,773.073269,53521.769199,7019.200000,6543.400000,2145.400000,4398.000000,57919.769199,1292.200000,3452.700000,41.419106,7.625053,16.775210,9.025190,4.160576,26.235000,3.650833,2020-09-30,0,0,0
2021-03-01,SCCO,72.687779,773.073269,56192.979240,7224.800000,6544.200000,2183.600000,4360.600000,60553.579240,1577.800000,3896.300000,35.614767,7.777790,15.541303,9.025190,4.172143,26.855000,3.654500,2020-12-31,0,0,0
2021-03-02,SCCO,73.901022,773.073269,57130.904905,7224.800000,6544.200000,2183.600000,4360.600000,61491.504905,1577.800000,3896.300000,36.209218,7.907611,15.782025,9.025190,4.179173,26.645000,3.665167,2020-12-31,0,0,0
2021-03-03,SCCO,74.726028,773.073269,57768.695093,7224.800000,6544.200000,2183.600000,4360.600000,62129.295093,1577.800000,3896.300000,36.613446,7.995888,15.945716,9.025190,4.202987,26.365000,3.676333,2020-12-31,0,0,0
2021-03-04,SCCO,69.300404,773.073269,53574.289998,7224.800000,6544.200000,2183.600000,4360.600000,57934.889998,1577.800000,3896.300000,33.955058,7.415332,14.869207,9.025190,3.985489,26.165000,3.677500,2020-12-31,0,0,0
2021-03-05,SCCO,71.571602,773.073269,55330.092038,7224.800000,6544.200000,2183.600000,4360.600000,59690.692038,1577.800000,3896.300000,35.067874,7.658356,15.319840,9.025190,4.092084,24.965000,3.695500,2020-12-31,0,0,0
2021-03-08,SCCO,70.397177,773.073269,54422.175632,7224.800000,6544.200000,2183.600000,4360.600000,58782.775632,1577.800000,3896.300000,34.492442,7.532690,15.086820,9.025190,4.078929,25.153000,3.704667,2020-12-31,0,0,0
2021-03-09,SCCO,70.824240,773.073269,54752.326496,7224.800000,6544.200000,2183.600000,4360.600000,59112.926496,1577.800000,3896.300000,34.701690,7.578386,15.171554,9.025190,4.034704,25.937000,3.704000,2020-12-31,0,0,0
2021-03-10,SCCO,72.930426,773.073269,56380.563148,7224.800000,6544.200000,2183.600000,4360.600000,60741.163148,1577.800000,3896.300000,35.733656,7.803754,15.589447,9.025190,4.054662,26.035000,3.694167,2020-12-31,0,0,0
2021-03-11,SCCO,75.910152,773.073269,58684.109219,7224.800000,6544.200000,2183.600000,4360.600000,63044.709219,1577.800000,3896.300000,37.193630,8.122593,16.180661,9.025190,4.110681,26.095000,3.693000,2020-12-31,0,0,0
2021-03-12,SCCO,75.696624,773.073269,58519.036850,7224.800000,6544.200000,2183.600000,4360.600000,62879.636850,1577.800000,3896.300000,37.089008,8.099745,16.138294,9.025190,4.106145,25.760000,3.705667,2020-12-31,0,0,0
2021-03-15,SCCO,73.541905,773.073269,56853.280966,7224.800000,6544.200000,2183.600000,4360.600000,61213.880966,1577.800000,3896.300000,36.033262,7.869184,15.710772,9.025190,4.149236,26.115000,3.718000,2020-12-31,0,0,0
2021-03-16,SCCO,71.629833,773.073269,55375.108990,7224.800000,6544.200000,2183.600000,4360.600000,59735.708990,1577.800000,3896.300000,35.096406,7.664587,15.331394,9.025190,4.066682,25.955000,3.705667,2020-12-31,0,0,0
2021-03-17,SCCO,72.095722,773.073269,55735.275239,7224.800000,6544.200000,2183.600000,4360.600000,60095.875239,1577.800000,3896.300000,35.324677,7.714438,15.423832,9.025190,4.094578,25.975000,3.709000,2020-12-31,0,0,0
2021-03-18,SCCO,70.795120,773.073269,54729.814957,7224.800000,6544.200000,2183.600000,4360.600000,59090.414957,1577.800000,3896.300000,34.687422,7.575271,15.165776,9.025190,4.123155,25.975000,3.707500,2020-12-31,0,0,0
2021-03-19,SCCO,70.018647,773.073269,54129.544001,7224.800000,6544.200000,2183.600000,4360.600000,58490.144001,1577.800000,3896.300000,34.306974,7.492186,15.011715,9.025190,4.098661,26.235000,3.715333,2020-12-31,0,0,0
2021-03-22,SCCO,69.960415,773.073269,54084.527048,7224.800000,6544.200000,2183.600000,4360.600000,58445.127048,1577.800000,3896.300000,34.278443,7.485955,15.000161,9.025190,4.126557,25.695000,3.722667,2020-12-31,0,0,0
2021-03-23,SCCO,66.165390,773.073269,51150.694636,7224.800000,6544.200000,2183.600000,4360.600000,55511.294636,1577.800000,3896.300000,32.418998,7.079877,14.247182,9.025190,4.089816,25.275000,3.719833,2020-12-31,0,0,0
2021-03-24,SCCO,65.495681,773.073269,50632.959864,7224.800000,6544.200000,2183.600000,4360.600000,54993.559864,1577.800000,3896.300000,32.090861,7.008216,14.114303,9.025190,4.089589,25.245000,3.724333,2020-12-31,0,0,0
2021-03-25,SCCO,63.884494,773.073269,49387.394875,7224.800000,6544.200000,2183.600000,4360.600000,53747.994875,1577.800000,3896.300000,31.301429,6.835815,13.794624,9.025190,3.982995,24.925000,3.733667,2020-12-31,0,0,0
2021-03-26,SCCO,67.378633,773.073269,52088.620301,7224.800000,6544.200000,2183.600000,4360.600000,56449.220301,1577.800000,3896.300000,33.013449,7.209697,14.487904,9.025190,4.050126,25.065000,3.736333,2020-12-31,0,0,0
2021-03-29,SCCO,66.078036,773.073269,51083.163081,7224.800000,6544.200000,2183.600000,4360.600000,55443.763081,1577.800000,3896.300000,32.376197,7.070530,14.229850,9.025190,4.056250,24.695000,3.751167,2020-12-31,0,0,0
2021-03-30,SCCO,66.087742,773.073269,51090.666927,7224.800000,6544.200000,2183.600000,4360.600000,55451.266927,1577.800000,3896.300000,32.380953,7.071568,14.231776,9.025190,3.986397,24.165000,3.766167,2020-12-31,0,0,0
2021-03-31,SCCO,65.874211,773.073269,50925.591496,7224.800000,6544.200000,2183.600000,4360.600000,55286.191496,1577.800000,3896.300000,32.276329,7.048720,14.189408,9.025190,4.014519,24.345000,3.755500,2020-12-31,0,0,0
2021-04-05,SCCO,69.591584,773.073269,53799.393137,7224.800000,6544.200000,2183.600000,4360.600000,58159.993137,1577.800000,3896.300000,34.097727,7.446489,14.926980,9.025190,3.977098,24.895000,3.714167,2020-12-31,0,0,0
2021-04-06,SCCO,69.300404,773.073269,53574.289998,7224.800000,6544.200000,2183.600000,4360.600000,57934.889998,1577.800000,3896.300000,33.955058,7.415332,14.869207,9.025190,4.075301,25.278000,3.648500,2020-12-31,0,0,0
2021-04-07,SCCO,68.756879,773.073269,53154.105229,7224.800000,6544.200000,2183.600000,4360.600000,57514.705229,1577.800000,3896.300000,33.688747,7.357173,14.761365,9.025190,4.073940,25.183000,3.613833,2020-12-31,0,0,0
2021-04-08,SCCO,70.338946,773.073269,54377.158680,7224.800000,6544.200000,2183.600000,4360.600000,58737.758680,1577.800000,3896.300000,34.463911,7.526459,15.075266,9.025190,4.083012,25.488000,3.596667,2020-12-31,0,0,0
2021-04-09,SCCO,68.892762,773.073269,53259.152953,7224.800000,6544.200000,2183.600000,4360.600000,57619.752953,1577.800000,3896.300000,33.755326,7.371713,14.788326,9.025190,4.079156,25.265000,3.627833,2020-12-31,0,0,0
2021-04-12,SCCO,68.320110,773.073269,52816.450519,7224.800000,6544.200000,2183.600000,4360.600000,57177.050519,1577.800000,3896.300000,33.474744,7.310438,14.674704,9.025190,4.037426,24.808000,3.644667,2020-12-31,0,0,0
2021-04-13,SCCO,68.834523,773.073269,53214.129874,7224.800000,6544.200000,2183.600000,4360.600000,57574.729874,1577.800000,3896.300000,33.726790,7.365481,14.776770,9.025190,4.038786,25.385000,3.627000,2020-12-31,0,0,0
2021-04-14,SCCO,71.270716,773.073269,55097.485052,7224.800000,6544.200000,2183.600000,4360.600000,59458.085052,1577.800000,3896.300000,34.920449,7.626161,15.260140,9.025190,4.087321,25.425000,3.630833,2020-12-31,0,0,0
2021-04-15,SCCO,72.668366,773.073269,56177.971547,7224.800000,6544.200000,2183.600000,4360.600000,60538.571547,1577.800000,3896.300000,35.605255,7.775713,15.537451,9.025190,4.167380,25.955000,3.622667,2020-12-31,0,0,0
2021-04-16,SCCO,73.959261,773.073269,57175.927983,7224.800000,6544.200000,2183.600000,4360.600000,61536.527983,1577.800000,3896.300000,36.237754,7.913842,15.793581,9.025190,4.234738,26.075000,3.633000,2020-12-31,0,0,0
2021-04-19,SCCO,72.318956,773.073269,55907.851455,7224.800000,6544.200000,2183.600000,4360.600000,60268.451455,1577.800000,3896.300000,35.434055,7.738325,15.468124,9.025190,4.270572,25.805000,3.681000,2020-12-31,0,0,0
2021-04-20,SCCO,69.290706,773.073269,53566.792277,7224.800000,6544.200000,2183.600000,4360.600000,57927.392277,1577.800000,3896.300000,33.950306,7.414294,14.867282,9.025190,4.262181,25.935000,3.687500,2020-12-31,0,0,0
2021-04-21,SCCO,69.950709,773.073269,54077.023202,7224.800000,6544.200000,2183.600000,4360.600000,58437.623202,1577.800000,3896.300000,34.273687,7.484916,14.998235,9.025190,4.255830,26.480000,3.706667,2020-12-31,0,0,0
2021-04-22,SCCO,67.087454,773.073269,51863.517161,7224.800000,6544.200000,2183.600000,4360.600000,56224.117161,1577.800000,3896.300000,32.870780,7.178540,14.430130,9.025190,4.298015,26.205000,3.762500,2020-12-31,0,0,0
2021-04-23,SCCO,69.533353,773.073269,53754.376185,7224.800000,6544.200000,2183.600000,4360.600000,58114.976185,1577.800000,3896.300000,34.069195,7.440258,14.915426,9.025190,4.329766,26.025000,3.778333,2020-12-31,0,0,0
2021-04-26,SCCO,70.746595,773.073269,54692.301850,7224.800000,6544.200000,2183.600000,4360.600000,59052.901850,1577.800000,3896.300000,34.663647,7.570078,15.156149,9.025190,4.418500,26.145000,3.831000,2020-12-31,0,0,0
2021-04-27,SCCO,70.833946,773.073269,54759.830342,7224.800000,6544.200000,2183.600000,4360.600000,59120.430342,1577.800000,3896.300000,34.706446,7.579425,15.173480,9.025190,4.489884,26.395000,3.842333,2020-12-31,0,0,0
2021-04-28,SCCO,70.872772,773.073269,54789.845727,7224.800000,6544.200000,2183.600000,4360.600000,59150.445727,1577.800000,3896.300000,34.725469,7.583580,15.181184,9.025190,4.459947,26.060000,3.796667,2020-12-31,0,0,0
2021-04-29,SCCO,69.892470,773.073269,54032.000124,7224.800000,6544.200000,2183.600000,4360.600000,58392.600124,1577.800000,3896.300000,34.245152,7.478685,14.986680,9.025190,4.531388,25.945000,3.787667,2020-12-31,0,0,0
2021-04-30,SCCO,67.368927,773.073269,52081.116455,7224.800000,6544.200000,2183.600000,4360.600000,56441.716455,1577.800000,3896.300000,33.008693,7.208659,14.485978,9.025190,4.512790,25.925000,3.790167,2020-12-31,0,0,0
2021-05-03,SCCO,67.533930,773.073269,52208.675717,7525.100000,6545.000000,2267.300000,4277.700000,56486.375717,2128.700000,4722.300000,24.526084,6.937938,11.961624,9.025190,4.512790,26.875000,3.813833,2021-03-31,0,0,0
2021-05-04,SCCO,67.592161,773.073269,52253.692670,7525.100000,6545.000000,2267.300000,4277.700000,56531.392670,2128.700000,4722.300000,24.547232,6.943920,11.971157,9.025190,4.518234,26.235000,3.835333,2021-03-31,0,0,0
2021-05-05,SCCO,70.406883,773.073269,54429.679479,7525.100000,6545.000000,2267.300000,4277.700000,58707.379479,2128.700000,4722.300000,25.569446,7.233084,12.431946,9.025190,4.532068,26.465000,3.828000,2021-03-31,0,0,0
2021-05-06,SCCO,70.678650,773.073269,54639.774926,7525.100000,6545.000000,2267.300000,4277.700000,58917.474926,2128.700000,4722.300000,25.668142,7.261003,12.476436,9.025190,4.547490,27.405000,3.819333,2021-03-31,0,0,0
2021-05-07,SCCO,74.609558,773.073269,57678.655062,7525.100000,6545.000000,2267.300000,4277.700000,61956.355062,2128.700000,4722.300000,27.095718,7.664836,13.119953,9.025190,4.699671,27.435000,3.801333,2021-03-31,0,0,0
2021-05-10,SCCO,78.084284,773.073269,60364.872796,7525.100000,6545.000000,2267.300000,4277.700000,64642.572796,2128.700000,4722.300000,28.357623,8.021803,13.688790,9.025190,4.864551,27.535000,3.762000,2021-03-31,0,0,0
2021-05-11,SCCO,79.016054,773.073269,61085.199168,7525.100000,6545.000000,2267.300000,4277.700000,65362.899168,2128.700000,4722.300000,28.696011,8.117527,13.841327,9.025190,4.775420,27.525000,3.702833,2021-03-31,0,0,0
2021-05-12,SCCO,76.385747,773.073269,59051.779314,7525.100000,6545.000000,2267.300000,4277.700000,63329.479314,2128.700000,4722.300000,27.740771,7.847308,13.410728,9.025190,4.779503,27.315000,3.732000,2021-03-31,0,0,0
2021-05-13,SCCO,74.881325,773.073269,57888.750509,7525.100000,6545.000000,2267.300000,4277.700000,62166.450509,2128.700000,4722.300000,27.194415,7.692755,13.164443,9.025190,4.650909,27.005000,3.680333,2021-03-31,0,0,0
2021-05-14,SCCO,74.056319,773.073269,57250.960321,7525.100000,6545.000000,2267.300000,4277.700000,61528.660321,2128.700000,4722.300000,26.894800,7.608000,13.029384,9.025190,4.632085,27.405000,3.678667,2021-03-31,0,0,0
2021-05-17,SCCO,76.046035,773.073269,58789.156943,7525.100000,6545.000000,2267.300000,4277.700000,63066.856943,2128.700000,4722.300000,27.617399,7.812409,13.355114,9.025190,4.652497,28.180000,3.717000,2021-03-31,0,0,0
2021-05-18,SCCO,74.308672,773.073269,57446.048076,7525.100000,6545.000000,2267.300000,4277.700000,61723.748076,2128.700000,4722.300000,26.986446,7.633925,13.070696,9.025190,4.746844,28.100000,3.734667,2021-03-31,0,0,0
2021-05-19,SCCO,68.912167,773.073269,53274.154520,7525.100000,6545.000000,2267.300000,4277.700000,57551.854520,2128.700000,4722.300000,25.026615,7.079528,12.187251,9.025190,4.587860,28.005000,3.750167,2021-03-31,0,0,0
2021-05-20,SCCO,68.834523,773.073269,53214.129874,7525.100000,6545.000000,2267.300000,4277.700000,57491.829874,2128.700000,4722.300000,24.998417,7.071551,12.174540,9.025190,4.574933,27.955000,3.736000,2021-03-31,0,0,0
2021-05-21,SCCO,67.398046,773.073269,52103.627994,7525.100000,6545.000000,2267.300000,4277.700000,56381.327994,2128.700000,4722.300000,24.476736,6.923978,11.939379,9.025190,4.540913,27.415000,3.750000,2021-03-31,0,0,0
2021-05-24,SCCO,66.048920,773.073269,51060.654605,7525.100000,6545.000000,2267.300000,4277.700000,55338.354605,2128.700000,4722.300000,23.986778,6.785379,11.718517,9.025190,4.476050,27.785000,3.801333,2021-03-31,0,0,0
2021-05-25,SCCO,65.020089,773.073269,50265.292832,7525.100000,6545.000000,2267.300000,4277.700000,54542.992832,2128.700000,4722.300000,23.613141,6.679684,11.550091,9.025190,4.510069,27.905000,3.832667,2021-03-31,0,0,0
2021-05-26,SCCO,65.272443,773.073269,50460.380586,7525.100000,6545.000000,2267.300000,4277.700000,54738.080586,2128.700000,4722.300000,23.704787,6.705609,11.591403,9.025190,4.520048,27.865000,3.847667,2021-03-31,0,0,0
2021-05-27,SCCO,67.155399,773.073269,51916.044086,7525.100000,6545.000000,2267.300000,4277.700000,56193.744086,2128.700000,4722.300000,24.388615,6.899050,11.899656,9.025190,4.550665,27.815000,3.869333,2021-03-31,0,0,0
2021-05-28,SCCO,67.689226,773.073269,52328.731134,7525.100000,6545.000000,2267.300000,4277.700000,56606.431134,2128.700000,4722.300000,24.582483,6.953892,11.987047,9.025190,4.608272,27.845000,3.801000,2021-03-31,0,0,0
2021-06-01,SCCO,69.562472,773.073269,53776.887724,7525.100000,6545.000000,2267.300000,4277.700000,58054.587724,2128.700000,4722.300000,25.262784,7.146335,12.293710,9.025190,4.632312,28.015000,3.845000,2021-03-31,0,0,0
2021-06-02,SCCO,69.746880,773.073269,53919.448554,7525.100000,6545.000000,2267.300000,4277.700000,58197.148554,2128.700000,4722.300000,25.329755,7.165280,12.323899,9.025190,4.589221,28.095000,3.858333,2021-03-31,0,0,0
2021-06-03,SCCO,67.359220,773.073269,52073.612608,7525.100000,6545.000000,2267.300000,4277.700000,56351.312608,2128.700000,4722.300000,24.462636,6.919989,11.933023,9.025190,4.520955,27.315000,3.860667,2021-03-31,0,0,0
2021-06-04,SCCO,69.057757,773.073269,53386.706090,7525.100000,6545.000000,2267.300000,4277.700000,57664.406090,2128.700000,4722.300000,25.079488,7.094485,12.211085,9.025190,4.468792,27.845000,3.835667,2021-03-31,0,0,0
2021-06-07,SCCO,66.233332,773.073269,51203.218497,7525.100000,6545.000000,2267.300000,4277.700000,55480.918497,2128.700000,4722.300000,24.053750,6.804324,11.748707,9.025190,4.466980,27.915000,3.940000,2021-03-31,0,0,0
2021-06-08,SCCO,66.835100,773.073269,51668.429407,7525.100000,6545.000000,2267.300000,4277.700000,55946.129407,2128.700000,4722.300000,24.272293,6.866145,11.847221,9.025190,4.480812,27.635000,3.946333,2021-03-31,0,0,0
2021-06-09,SCCO,64.631852,773.073269,49965.157354,7525.100000,6545.000000,2267.300000,4277.700000,54242.857354,2128.700000,4722.300000,23.472146,6.639800,11.486534,9.025190,4.480132,27.875000,3.890833,2021-03-31,0,0,0
2021-06-10,SCCO,65.010383,773.073269,50257.788986,7525.100000,6545.000000,2267.300000,4277.700000,54535.488986,2128.700000,4722.300000,23.609616,6.678687,11.548502,9.025190,4.449061,27.935000,3.887000,2021-03-31,0,0,0
2021-06-11,SCCO,64.981267,773.073269,50235.280509,7525.100000,6545.000000,2267.300000,4277.700000,54512.980509,2128.700000,4722.300000,23.599042,6.675696,11.543735,9.025190,4.549078,28.055000,3.898833,2021-03-31,0,0,0
2021-06-14,SCCO,63.865081,773.073269,49372.387182,7525.100000,6545.000000,2267.300000,4277.700000,53650.087182,2128.700000,4722.300000,23.193680,6.561027,11.361008,9.025190,4.490564,27.965000,3.900333,2021-03-31,0,0,0
2021-06-15,SCCO,61.283303,773.073269,47376.483498,7525.100000,6545.000000,2267.300000,4277.700000,51654.183498,2128.700000,4722.300000,22.256064,6.295795,10.938353,9.025190,4.332941,27.455000,3.904667,2021-03-31,0,0,0
2021-06-16,SCCO,60.836827,773.073269,47031.324941,7525.100000,6545.000000,2267.300000,4277.700000,51309.024941,2128.700000,4722.300000,22.093919,6.249927,10.865262,9.025190,4.312756,27.785000,3.905333,2021-03-31,0,0,0
2021-06-17,SCCO,57.662987,773.073269,44577.714194,7525.100000,6545.000000,2267.300000,4277.700000,48855.414194,2128.700000,4722.300000,20.941285,5.923870,10.345682,9.025190,4.276242,25.985000,3.918500,2021-03-31,0,0,0
2021-06-18,SCCO,57.730929,773.073269,44630.238056,7525.100000,6545.000000,2267.300000,4277.700000,48907.938056,2128.700000,4722.300000,20.965960,5.930850,10.356805,9.025190,4.175771,26.035000,3.944333,2021-03-31,0,0,0
2021-06-21,SCCO,59.846822,773.073269,46265.978554,7525.100000,6545.000000,2267.300000,4277.700000,50543.678554,2128.700000,4722.300000,21.734382,6.148221,10.703191,9.025190,4.101609,26.015000,3.960000,2021-03-31,0,0,0
2021-06-22,SCCO,60.468004,773.073269,46746.197156,7525.100000,6545.000000,2267.300000,4277.700000,51023.897156,2128.700000,4722.300000,21.959974,6.212037,10.804883,9.025190,4.168741,25.765000,3.975833,2021-03-31,0,0,0
2021-06-23,SCCO,61.157126,773.073269,47278.939620,7525.100000,6545.000000,2267.300000,4277.700000,51556.639620,2128.700000,4722.300000,22.210241,6.282832,10.917697,9.025190,4.213646,26.160000,3.978333,2021-03-31,0,0,0
2021-06-24,SCCO,61.788010,773.073269,47766.659006,7525.100000,6545.000000,2267.300000,4277.700000,52044.359006,2128.700000,4722.300000,22.439357,6.347644,11.020977,9.025190,4.259459,26.065000,3.983000,2021-03-31,0,0,0
2021-06-25,SCCO,62.525662,773.073269,48336.917639,7525.100000,6545.000000,2267.300000,4277.700000,52614.617639,2128.700000,4722.300000,22.707247,6.423425,11.141736,9.025190,4.278510,26.061000,3.978500,2021-03-31,0,0,0
2021-06-28,SCCO,62.554781,773.073269,48359.429178,7525.100000,6545.000000,2267.300000,4277.700000,52637.129178,2128.700000,4722.300000,22.717823,6.426417,11.146503,9.025190,4.233604,26.143000,3.912667,2021-03-31,0,0,0
2021-06-30,SCCO,62.428604,773.073269,48261.885301,7525.100000,6545.000000,2267.300000,4277.700000,52539.585301,2128.700000,4722.300000,22.671999,6.413454,11.125847,9.025190,4.256964,25.985000,3.863333,2021-03-31,0,0,0
2021-07-01,SCCO,61.322125,773.073269,47406.495820,7525.100000,6545.000000,2267.300000,4277.700000,51684.195820,2128.700000,4722.300000,22.270163,6.299783,10.944708,9.025190,4.237460,26.035000,3.863167,2021-03-31,0,0,0
2021-07-02,SCCO,62.302428,773.073269,48164.341424,7525.100000,6545.000000,2267.300000,4277.700000,52442.041424,2128.700000,4722.300000,22.626176,6.400492,11.105191,9.025190,4.216821,26.415000,3.887833,2021-03-31,0,0,0
2021-07-06,SCCO,60.603887,773.073269,46851.244880,7525.100000,6545.000000,2267.300000,4277.700000,51128.944880,2128.700000,4722.300000,22.009323,6.225996,10.827128,9.025190,4.321828,26.155000,3.952333,2021-03-31,0,0,0
2021-07-07,SCCO,62.108309,773.073269,48014.273685,7525.100000,6545.000000,2267.300000,4277.700000,52291.973685,2128.700000,4722.300000,22.555679,6.380550,11.073412,9.025190,4.287128,26.095000,3.960333,2021-03-31,0,0,0
2021-07-08,SCCO,61.040652,773.073269,47188.896527,7525.100000,6545.000000,2267.300000,4277.700000,51466.596527,2128.700000,4722.300000,22.167941,6.270866,10.898629,9.025190,4.202307,25.935000,3.966167,2021-03-31,0,0,0
2021-07-09,SCCO,63.263313,773.073269,48907.176272,7525.100000,6545.000000,2267.300000,4277.700000,53184.876272,2128.700000,4722.300000,22.975138,6.499206,11.262494,9.025190,4.280778,26.135000,3.960000,2021-03-31,0,0,0
2021-07-12,SCCO,63.156549,773.073269,48824.640088,7525.100000,6545.000000,2267.300000,4277.700000,53102.340088,2128.700000,4722.300000,22.936365,6.488238,11.245016,9.025190,4.239728,26.205000,3.960667,2021-03-31,0,0,0
2021-07-13,SCCO,62.496546,773.073269,48314.409163,7525.100000,6545.000000,2267.300000,4277.700000,52592.109163,2128.700000,4722.300000,22.696674,6.420434,11.136969,9.025190,4.222945,26.165000,3.971500,2021-03-31,0,0,0
2021-07-14,SCCO,61.923893,773.073269,47871.706730,7525.100000,6545.000000,2267.300000,4277.700000,52149.406730,2128.700000,4722.300000,22.488705,6.361604,11.043222,9.025190,4.222491,26.135000,3.964833,2021-03-31,0,0,0
2021-07-15,SCCO,62.079190,773.073269,47991.762146,7525.100000,6545.000000,2267.300000,4277.700000,52269.462146,2128.700000,4722.300000,22.545104,6.377558,11.068645,9.025190,4.239728,26.285000,3.957167,2021-03-31,0,0,0
2021-07-16,SCCO,60.128295,773.073269,46483.577847,7525.100000,6545.000000,2267.300000,4277.700000,50761.277847,2128.700000,4722.300000,21.836603,6.177138,10.749270,9.025190,4.262181,25.725000,3.908833,2021-03-31,0,0,0
2021-07-19,SCCO,59.080055,773.073269,45673.211445,7525.100000,6545.000000,2267.300000,4277.700000,49950.911445,2128.700000,4722.300000,21.455917,6.069449,10.577666,9.025190,4.202307,25.215000,3.940833,2021-03-31,0,0,0
2021-07-20,SCCO,60.215650,773.073269,46551.109402,7525.100000,6545.000000,2267.300000,4277.700000,50828.809402,2128.700000,4722.300000,21.868328,6.186112,10.763571,9.025190,4.178039,24.905000,3.954500,2021-03-31,0,0,0
2021-07-21,SCCO,61.681246,773.073269,47684.122822,7525.100000,6545.000000,2267.300000,4277.700000,51961.822822,2128.700000,4722.300000,22.400584,6.336676,11.003499,9.025190,4.205482,25.225000,3.950000,2021-03-31,0,0,0
2021-07-22,SCCO,61.215362,773.073269,47323.959636,7525.100000,6545.000000,2267.300000,4277.700000,51601.659636,2128.700000,4722.300000,22.231390,6.288815,10.927230,9.025190,4.255830,25.345000,3.941167,2021-03-31,0,0,0
2021-07-23,SCCO,61.225068,773.073269,47331.463482,7525.100000,6545.000000,2267.300000,4277.700000,51609.163482,2128.700000,4722.300000,22.234915,6.289812,10.928819,9.025190,4.278964,25.225000,3.924333,2021-03-31,0,0,0
2021-07-26,SCCO,62.797428,773.073269,48547.013086,7525.100000,6545.000000,2267.300000,4277.700000,52824.713086,2128.700000,4722.300000,22.805944,6.451345,11.186226,9.025190,4.345415,25.235000,3.909833,2021-03-31,0,0,0
2021-07-27,SCCO,63.078901,773.073269,48764.612380,7525.100000,6545.000000,2267.300000,4277.700000,53042.312380,2128.700000,4722.300000,22.908166,6.480261,11.232305,9.025190,4.403928,24.535000,3.922333,2021-03-31,0,0,0
2021-07-30,SCCO,63.709789,773.081269,49252.844507,7917.500000,6545.900000,2394.300000,4151.600000,53404.444507,2804.200000,5821.900000,17.563956,6.220757,9.173027,9.025190,4.421392,25.575000,4.053833,2021-06-30,0,0,0
2021-08-02,SCCO,62.719780,773.081269,48487.487136,7917.500000,6545.900000,2394.300000,4151.600000,52639.087136,2804.200000,5821.900000,17.291023,6.124091,9.041565,9.025190,4.416629,25.425000,4.059000,2021-06-30,0,0,0
2021-08-03,SCCO,63.525373,773.081269,49110.276076,7917.500000,6545.900000,2394.300000,4151.600000,53261.876076,2804.200000,5821.900000,17.513115,6.202750,9.148538,9.025190,4.347002,25.495000,4.067833,2021-06-30,0,0,0
2021-08-04,SCCO,62.758606,773.081269,48517.502833,7917.500000,6545.900000,2394.300000,4151.600000,52669.102833,2804.200000,5821.900000,17.301727,6.127882,9.046721,9.025190,4.310488,25.435000,4.076333,2021-06-30,0,0,0
2021-08-05,SCCO,63.127430,773.081269,48802.633568,7917.500000,6545.900000,2394.300000,4151.600000,52954.233568,2804.200000,5821.900000,17.403407,6.163894,9.095696,9.025190,4.276922,25.245000,4.072667,2021-06-30,0,0,0
2021-08-06,SCCO,63.486551,773.081269,49080.263443,7917.500000,6545.900000,2394.300000,4151.600000,53231.863443,2804.200000,5821.900000,17.502412,6.198960,9.143383,9.025190,4.322508,24.325000,4.091333,2021-06-30,0,0,0
2021-08-09,SCCO,63.311842,773.081269,48945.198936,7917.500000,6545.900000,2394.300000,4151.600000,53096.798936,2804.200000,5821.900000,17.454247,6.181901,9.120184,9.025190,4.223625,23.435000,4.107333,2021-06-30,0,0,0
2021-08-10,SCCO,64.573617,773.081269,49920.653928,7917.500000,6545.900000,2394.300000,4151.600000,54072.253928,2804.200000,5821.900000,17.802102,6.305103,9.287733,9.025190,4.268077,23.425000,4.064833,2021-06-30,0,0,0
2021-08-11,SCCO,64.583324,773.081269,49928.157852,7917.500000,6545.900000,2394.300000,4151.600000,54079.757852,2804.200000,5821.900000,17.804778,6.306051,9.289022,9.025190,4.273294,23.555000,4.089667,2021-06-30,0,0,0
2021-08-12,SCCO,64.068906,773.081269,49530.471318,7917.500000,6545.900000,2394.300000,4151.600000,53682.071318,2804.200000,5821.900000,17.662960,6.255822,9.220713,9.025190,4.312983,23.255000,4.097167,2021-06-30,0,0,0
2021-08-13,SCCO,65.233621,773.081269,50430.890133,7917.500000,6545.900000,2394.300000,4151.600000,54582.490133,2804.200000,5821.900000,17.984056,6.369547,9.375374,9.025190,4.277149,23.820000,4.079667,2021-06-30,0,0,0
2021-08-16,SCCO,62.933311,773.081269,48652.564276,7917.500000,6545.900000,2394.300000,4151.600000,52804.164276,2804.200000,5821.900000,17.349891,6.144940,9.069919,9.025190,4.253336,23.815000,4.077500,2021-06-30,0,0,0
2021-08-17,SCCO,61.273597,773.081269,47369.469840,7917.500000,6545.900000,2394.300000,4151.600000,51521.069840,2804.200000,5821.900000,16.892329,5.982882,8.849528,9.025190,4.239501,23.685000,4.087167,2021-06-30,0,0,0
2021-08-18,SCCO,60.681535,773.081269,46911.758040,7917.500000,6545.900000,2394.300000,4151.600000,51063.358040,2804.200000,5821.900000,16.729106,5.925072,8.770910,9.025190,4.149690,23.485000,4.095000,2021-06-30,0,0,0
2021-08-19,SCCO,59.080055,773.081269,45673.684085,7917.500000,6545.900000,2394.300000,4151.600000,49825.284085,2804.200000,5821.900000,16.287599,5.768700,8.558251,9.025190,3.980500,23.305000,4.111667,2021-06-30,0,0,0
2021-08-20,SCCO,59.002407,773.081269,45613.655756,7917.500000,6545.900000,2394.300000,4151.600000,49765.255756,2804.200000,5821.900000,16.266192,5.761119,8.547941,9.025190,4.046951,23.200000,4.113167,2021-06-30,0,0,0
2021-08-23,SCCO,60.856240,773.081269,47046.819484,7917.500000,6545.900000,2394.300000,4151.600000,51198.419484,2804.200000,5821.900000,16.777270,5.942131,8.794108,9.025190,4.189833,23.675000,4.108667,2021-06-30,0,0,0
2021-08-24,SCCO,61.205655,773.081269,47316.945435,7917.500000,6545.900000,2394.300000,4151.600000,51468.545435,2804.200000,5821.900000,16.873599,5.976248,8.840507,9.025190,4.225893,23.875000,4.092500,2021-06-30,0,0,0
2021-08-25,SCCO,60.594180,773.081269,46844.225787,7917.500000,6545.900000,2394.300000,4151.600000,50995.825787,2804.200000,5821.900000,16.705023,5.916543,8.759310,9.025190,4.254016,23.785000,4.097167,2021-06-30,0,0,0
2021-08-26,SCCO,59.400350,773.081269,45921.298264,7917.500000,6545.900000,2394.300000,4151.600000,50072.898264,2804.200000,5821.900000,16.375900,5.799975,8.600783,9.025190,4.228842,23.585000,4.090000,2021-06-30,0,0,0
2021-08-27,SCCO,61.147420,773.081269,47271.924953,7917.500000,6545.900000,2394.300000,4151.600000,51423.524953,2804.200000,5821.900000,16.857544,5.970562,8.832774,9.025190,4.241996,23.995000,4.074333,2021-06-30,0,0,0
2021-08-31,SCCO,60.749477,773.081269,46964.282446,7917.500000,6545.900000,2394.300000,4151.600000,51115.882446,2804.200000,5821.900000,16.747836,5.931706,8.779931,9.025190,4.292118,23.905000,4.086000,2021-06-30,0,0,0
2021-09-01,SCCO,59.914764,773.081269,46318.981734,7917.500000,6545.900000,2394.300000,4151.600000,50470.581734,2804.200000,5821.900000,16.517717,5.850203,8.669091,9.025190,4.223852,24.245000,4.081167,2021-06-30,0,0,0
2021-09-02,SCCO,60.565061,773.081269,46821.714015,7917.500000,6545.900000,2394.300000,4151.600000,50973.314015,2804.200000,5821.900000,16.696995,5.913699,8.755443,9.025190,4.239728,23.885000,4.100000,2021-06-30,0,0,0
2021-09-03,SCCO,60.798005,773.081269,47001.799003,7917.500000,6545.900000,2394.300000,4151.600000,51153.399003,2804.200000,5821.900000,16.761215,5.936444,8.786375,9.025190,4.246078,24.735000,4.094167,2021-06-30,0,0,0
2021-09-07,SCCO,60.535945,773.081269,46799.205306,7917.500000,6545.900000,2394.300000,4151.600000,50950.805306,2804.200000,5821.900000,16.688968,5.910856,8.751577,9.025190,4.229749,24.365000,4.101333,2021-06-30,0,0,0
2021-09-08,SCCO,58.245343,773.081269,45028.383373,7917.500000,6545.900000,2394.300000,4151.600000,49179.983373,2804.200000,5821.900000,16.057479,5.687197,8.447411,9.025190,4.198451,23.995000,4.092000,2021-06-30,0,0,0
2021-09-09,SCCO,58.420052,773.081269,45163.447880,7917.500000,6545.900000,2394.300000,4151.600000,49315.047880,2804.200000,5821.900000,16.105644,5.704256,8.470611,9.025190,4.244037,24.080000,4.100000,2021-06-30,0,0,0
2021-09-10,SCCO,60.050647,773.081269,46424.030545,7917.500000,6545.900000,2394.300000,4151.600000,50575.630545,2804.200000,5821.900000,16.555178,5.863471,8.687135,9.025190,4.315931,23.915000,4.100000,2021-06-30,0,0,0
2021-09-13,SCCO,59.672117,773.081269,46131.395885,7917.500000,6545.900000,2394.300000,4151.600000,50282.995885,2804.200000,5821.900000,16.450822,5.826510,8.636870,9.025190,4.366734,23.795000,4.105000,2021-06-30,0,0,0
2021-09-14,SCCO,58.982994,773.081269,45598.647908,7917.500000,6545.900000,2394.300000,4151.600000,49750.247908,2804.200000,5821.900000,16.260840,5.759223,8.545363,9.025190,4.266943,23.855000,4.104333,2021-06-30,0,0,0
2021-09-15,SCCO,60.506826,773.081269,46776.693534,7917.500000,6545.900000,2394.300000,4151.600000,50928.293534,2804.200000,5821.900000,16.680941,5.908013,8.747710,9.025190,4.303911,23.785000,4.107333,2021-06-30,0,0,0
2021-09-16,SCCO,57.400927,773.081269,44375.581801,7917.500000,6545.900000,2394.300000,4151.600000,48527.181801,2804.200000,5821.900000,15.824685,5.604747,8.335283,9.025190,4.260140,22.825000,4.112500,2021-06-30,0,0,0
2021-09-17,SCCO,56.789453,773.081269,43902.862153,7917.500000,6545.900000,2394.300000,4151.600000,48054.462153,2804.200000,5821.900000,15.656109,5.545041,8.254086,9.025190,4.279871,22.495000,4.109000,2021-06-30,0,0,0
2021-09-20,SCCO,55.207386,773.081269,42679.796046,7917.500000,6545.900000,2394.300000,4151.600000,46831.396046,2804.200000,5821.900000,15.219954,5.390565,8.044006,9.025190,4.148329,22.305000,4.119000,2021-06-30,0,0,0
2021-09-21,SCCO,54.790030,773.081269,42357.145690,7917.500000,6545.900000,2394.300000,4151.600000,46508.745690,2804.200000,5821.900000,15.104895,5.349813,7.988585,9.025190,4.130412,22.665000,4.112667,2021-06-30,0,0,0
2021-09-22,SCCO,55.081205,773.081269,42582.248096,7917.500000,6545.900000,2394.300000,4151.600000,46733.848096,2804.200000,5821.900000,15.185168,5.378244,8.027250,9.025190,4.197997,22.975000,4.110333,2021-06-30,0,0,0
2021-09-23,SCCO,55.459740,773.081269,42874.885819,7917.500000,6545.900000,2394.300000,4151.600000,47026.485819,2804.200000,5821.900000,15.289525,5.415205,8.077515,9.025190,4.196637,22.715000,4.112333,2021-06-30,0,0,0
2021-09-24,SCCO,56.245920,773.081269,43482.666911,7917.500000,6545.900000,2394.300000,4151.600000,47634.266911,2804.200000,5821.900000,15.506264,5.491969,8.181911,9.025190,4.207069,22.495000,4.109333,2021-06-30,0,0,0
2021-09-27,SCCO,57.507691,773.081269,44458.118839,7917.500000,6545.900000,2394.300000,4151.600000,48609.718839,2804.200000,5821.900000,15.854118,5.615171,8.349460,9.025190,4.237006,22.685000,4.124833,2021-06-30,0,0,0
2021-09-28,SCCO,56.488567,773.081269,43670.252760,7917.500000,6545.900000,2394.300000,4151.600000,47821.852760,2804.200000,5821.900000,15.573159,5.515662,8.214132,9.025190,4.201626,22.445000,4.126500,2021-06-30,0,0,0
2021-09-29,SCCO,55.488855,773.081269,42897.394528,7917.500000,6545.900000,2394.300000,4151.600000,47048.994528,2804.200000,5821.900000,15.297552,5.418048,8.081381,9.025190,4.185297,21.545000,4.128167,2021-06-30,0,0,0
2021-09-30,SCCO,54.489144,773.081269,42124.536297,7917.500000,6545.900000,2394.300000,4151.600000,46276.136297,2804.200000,5821.900000,15.021944,5.320434,7.948631,9.025190,4.100929,22.075000,4.137500,2021-06-30,0,0,0
2021-10-01,SCCO,55.120031,773.081269,42612.263793,7917.500000,6545.900000,2394.300000,4151.600000,46763.863793,2804.200000,5821.900000,15.195872,5.382035,8.032406,9.025190,4.133587,22.565000,4.128667,2021-06-30,0,0,0
2021-10-04,SCCO,54.857971,773.081269,42409.670095,7917.500000,6545.900000,2394.300000,4151.600000,46561.270095,2804.200000,5821.900000,15.123625,5.356447,7.997607,9.025190,4.203667,22.645000,4.130167,2021-06-30,0,0,0
2021-10-05,SCCO,54.586205,773.081269,42199.572474,7917.500000,6545.900000,2394.300000,4151.600000,46351.172474,2804.200000,5821.900000,15.048703,5.329911,7.961520,9.025190,4.123835,22.585000,4.133000,2021-06-30,0,0,0
2021-10-06,SCCO,54.547379,773.081269,42169.556778,7917.500000,6545.900000,2394.300000,4151.600000,46321.156778,2804.200000,5821.900000,15.037999,5.326120,7.956364,9.025190,4.125876,22.535000,4.135333,2021-06-30,0,0,0
2021-10-07,SCCO,56.595334,773.081269,43752.792861,7917.500000,6545.900000,2394.300000,4151.600000,47904.392861,2804.200000,5821.900000,15.602594,5.526087,8.228309,9.025190,4.162617,22.665000,4.088167,2021-06-30,0,0,0
2021-10-11,SCCO,57.245631,773.081269,44255.525142,7917.500000,6545.900000,2394.300000,4151.600000,48407.125142,2804.200000,5821.900000,15.781872,5.589583,8.314661,9.025190,4.321375,22.705000,4.071667,2021-06-30,0,0,0
2021-10-12,SCCO,57.158276,773.081269,44187.992889,7917.500000,6545.900000,2394.300000,4151.600000,48339.592889,2804.200000,5821.900000,15.757789,5.581054,8.303061,9.025190,4.347683,22.595000,4.061500,2021-06-30,0,0,0
2021-10-13,SCCO,57.750338,773.081269,44645.704688,7917.500000,6545.900000,2394.300000,4151.600000,48797.304688,2804.200000,5821.900000,15.921013,5.638864,8.381680,9.025190,4.382156,23.195000,3.993167,2021-06-30,0,0,0
2021-10-14,SCCO,61.137713,773.081269,47264.421029,7917.500000,6545.900000,2394.300000,4151.600000,51416.021029,2804.200000,5821.900000,16.854868,5.969614,8.831485,9.025190,4.522770,23.455000,3.935833,2021-06-30,0,0,0
2021-10-15,SCCO,64.263025,773.081269,49680.540610,7917.500000,6545.900000,2394.300000,4151.600000,53832.140610,2804.200000,5821.900000,17.716476,6.274776,9.246490,9.025190,4.787667,23.328000,3.928833,2021-06-30,0,0,0
2021-10-18,SCCO,63.205078,773.081269,48862.661898,7917.500000,6545.900000,2394.300000,4151.600000,53014.261898,2804.200000,5821.900000,17.424813,6.171476,9.106007,9.025190,4.762720,23.250000,3.949667,2021-06-30,0,0,0
2021-10-19,SCCO,64.165967,773.081269,49605.507496,7917.500000,6545.900000,2394.300000,4151.600000,53757.107496,2804.200000,5821.900000,17.689718,6.265299,9.233602,9.025190,4.831666,23.875000,3.946500,2021-06-30,0,0,0
2021-10-20,SCCO,63.768024,773.081269,49297.864988,7917.500000,6545.900000,2394.300000,4151.600000,53449.464988,2804.200000,5821.900000,17.580010,6.226443,9.180760,9.025190,4.608952,24.318000,3.943500,2021-06-30,0,0,0
2021-10-21,SCCO,62.457720,773.081269,48284.893439,7917.500000,6545.900000,2394.300000,4151.600000,52436.493439,2804.200000,5821.900000,17.218777,6.098502,9.006766,9.025190,4.559057,24.175000,3.951667,2021-06-30,0,0,0
2021-10-22,SCCO,62.253895,773.081269,48127.320223,7917.500000,6545.900000,2394.300000,4151.600000,52278.920223,2804.200000,5821.900000,17.162585,6.078601,8.979701,9.025190,4.532295,24.265000,3.964167,2021-06-30,0,0,0
2021-10-25,SCCO,63.661256,773.081269,49215.324887,7917.500000,6545.900000,2394.300000,4151.600000,53366.924887,2804.200000,5821.900000,17.550576,6.216018,9.166582,9.025190,4.558603,24.545000,3.971000,2021-06-30,0,0,0
2021-10-26,SCCO,62.486840,773.081269,48307.405211,7917.500000,6545.900000,2394.300000,4151.600000,52459.005211,2804.200000,5821.900000,17.226805,6.101346,9.010633,9.025190,4.530481,24.035000,3.993500,2021-06-30,0,0,0
2021-10-27,SCCO,59.507114,773.081269,46003.835302,7917.500000,6545.900000,2394.300000,4151.600000,50155.435302,2804.200000,5821.900000,16.405333,5.810399,8.614960,9.025190,4.467658,24.115000,3.986667,2021-06-30,0,0,0
2021-10-28,SCCO,59.972999,773.081269,46364.002215,7917.500000,6545.900000,2394.300000,4151.600000,50515.602215,2804.200000,5821.900000,16.533772,5.855889,8.676824,9.025190,4.472421,24.105000,3.978333,2021-06-30,0,0,0
2021-10-29,SCCO,58.225934,773.081269,45013.378588,7917.500000,6545.900000,2394.300000,4151.600000,49164.978588,2804.200000,5821.900000,16.052128,5.685302,8.444834,9.025190,4.515512,23.925000,3.992333,2021-06-30,0,0,0
2021-11-02,SCCO,58.410345,773.081269,45155.943956,8096.000000,6546.700000,2583.700000,3963.000000,49118.943956,3167.300000,6393.200000,14.256920,5.577562,7.682998,9.025190,4.452916,23.455000,4.008667,2021-09-30,0,0,0
2021-11-03,SCCO,57.371808,773.081269,44353.070029,8096.000000,6546.700000,2583.700000,3963.000000,48316.070029,3167.300000,6393.200000,14.003432,5.478393,7.557416,9.025190,4.456545,23.265000,4.012500,2021-09-30,0,0,0
2021-11-04,SCCO,57.197103,773.081269,44218.008585,8096.000000,6546.700000,2583.700000,3963.000000,48181.008585,3167.300000,6393.200000,13.960790,5.461711,7.536290,9.025190,4.438401,23.855000,4.010667,2021-09-30,0,0,0
2021-11-05,SCCO,57.653281,773.081269,44570.671574,8096.000000,6546.700000,2583.700000,3963.000000,48533.671574,3167.300000,6393.200000,14.072134,5.505271,7.591452,9.025190,4.417990,24.045000,4.014833,2021-09-30,0,0,0
2021-11-08,SCCO,59.982706,773.081269,46371.506139,8096.000000,6546.700000,2583.700000,3963.000000,50334.506139,3167.300000,6393.200000,14.640705,5.727706,7.873132,9.025190,4.483761,24.435000,4.013500,2021-09-30,0,0,0
2021-11-09,SCCO,58.060931,773.081269,44885.818006,8096.000000,6546.700000,2583.700000,3963.000000,48848.818006,3167.300000,6393.200000,14.171635,5.544197,7.640746,9.025190,4.536831,24.195000,4.015667,2021-09-30,0,0,0
2021-11-10,SCCO,56.498273,773.081269,43677.756684,8096.000000,6546.700000,2583.700000,3963.000000,47640.756684,3167.300000,6393.200000,13.790218,5.394980,7.451786,9.025190,4.441123,24.965000,4.024500,2021-09-30,0,0,0
2021-11-11,SCCO,59.914764,773.081269,46318.981734,8096.000000,6546.700000,2583.700000,3963.000000,50281.981734,3167.300000,6393.200000,14.624122,5.721218,7.864916,9.025190,4.467885,25.205000,4.022167,2021-09-30,0,0,0
2021-11-12,SCCO,60.623300,773.081269,46866.737559,8096.000000,6546.700000,2583.700000,3963.000000,50829.737559,3167.300000,6393.200000,14.797063,5.788876,7.950594,9.025190,4.469926,25.255000,4.022500,2021-09-30,0,0,0
2021-11-15,SCCO,59.002407,773.081269,45613.655756,8096.000000,6546.700000,2583.700000,3963.000000,49576.655756,3167.300000,6393.200000,14.401432,5.634098,7.754592,9.025190,4.465617,25.065000,4.004500,2021-09-30,0,0,0
2021-11-16,SCCO,58.788876,773.081269,45448.578616,8096.000000,6546.700000,2583.700000,3963.000000,49411.578616,3167.300000,6393.200000,14.349313,5.613708,7.728771,9.025190,4.390774,24.965000,3.999333,2021-09-30,0,0,0
2021-11-17,SCCO,57.682400,773.081269,44593.183346,8096.000000,6546.700000,2583.700000,3963.000000,48556.183346,3167.300000,6393.200000,14.079242,5.508051,7.594973,9.025190,4.306860,25.105000,4.004000,2021-09-30,0,0,0
2021-11-18,SCCO,58.255049,773.081269,45035.887298,8096.000000,6546.700000,2583.700000,3963.000000,48998.887298,3167.300000,6393.200000,14.219015,5.562733,7.664219,9.025190,4.286448,24.925000,4.019667,2021-09-30,0,0,0
2021-11-19,SCCO,57.925047,773.081269,44780.769195,8096.000000,6546.700000,2583.700000,3963.000000,48743.769195,3167.300000,6393.200000,14.138468,5.531221,7.624315,9.025190,4.363785,24.895000,4.020167,2021-09-30,0,0,0
2021-11-22,SCCO,56.284746,773.081269,43512.682607,8096.000000,6546.700000,2583.700000,3963.000000,47475.682607,3167.300000,6393.200000,13.738100,5.374590,7.425965,9.025190,4.413454,24.425000,4.019333,2021-09-30,0,0,0
2021-11-23,SCCO,57.488278,773.081269,44443.110991,8096.000000,6546.700000,2583.700000,3963.000000,48406.110991,3167.300000,6393.200000,14.031860,5.489515,7.571500,9.025190,4.456772,23.365000,4.008333,2021-09-30,0,0,0
2021-11-24,SCCO,57.556220,773.081269,44495.635396,8096.000000,6546.700000,2583.700000,3963.000000,48458.635396,3167.300000,6393.200000,14.048444,5.496002,7.579715,9.025190,4.468792,23.515000,4.022000,2021-09-30,0,0,0
2021-11-26,SCCO,56.012979,773.081269,43302.584985,8096.000000,6546.700000,2583.700000,3963.000000,47265.584985,3167.300000,6393.200000,13.671766,5.348639,7.393103,9.025190,4.368095,23.090000,4.039667,2021-09-30,0,0,0
2021-11-29,SCCO,57.808577,773.081269,44690.728232,8096.000000,6546.700000,2583.700000,3963.000000,48653.728232,3167.300000,6393.200000,14.110040,5.520100,7.610231,9.025190,4.422979,22.835000,4.054167,2021-09-30,0,0,0
2021-11-30,SCCO,56.779746,773.081269,43895.358229,8096.000000,6546.700000,2583.700000,3963.000000,47858.358229,3167.300000,6393.200000,13.858920,5.421857,7.485822,9.025190,4.356755,22.820000,4.065667,2021-09-30,0,0,0
2021-12-01,SCCO,55.712093,773.081269,43069.975592,8096.000000,6546.700000,2583.700000,3963.000000,47032.975592,3167.300000,6393.200000,13.598325,5.319908,7.356719,9.025190,4.341333,22.483000,4.068667,2021-09-30,0,0,0
2021-12-02,SCCO,56.964158,773.081269,44037.923597,8096.000000,6546.700000,2583.700000,3963.000000,48000.923597,3167.300000,6393.200000,13.903932,5.439467,7.508122,9.025190,4.318199,22.385000,4.072000,2021-09-30,0,0,0
2021-12-03,SCCO,56.469158,773.081269,43655.247974,8096.000000,6546.700000,2583.700000,3963.000000,47618.247974,3167.300000,6393.200000,13.783111,5.392200,7.448265,9.025190,4.315024,22.425000,4.075500,2021-09-30,0,0,0
2021-12-06,SCCO,57.041806,773.081269,44097.951926,8096.000000,6546.700000,2583.700000,3963.000000,48060.951926,3167.300000,6393.200000,13.922884,5.446881,7.517511,9.025190,4.320921,22.365000,4.084000,2021-09-30,0,0,0
2021-12-07,SCCO,58.060931,773.081269,44885.818006,8096.000000,6546.700000,2583.700000,3963.000000,48848.818006,3167.300000,6393.200000,14.171635,5.544197,7.640746,9.025190,4.375806,22.595000,4.077833,2021-09-30,0,0,0
2021-12-09,SCCO,59.322702,773.081269,45861.269934,8096.000000,6546.700000,2583.700000,3963.000000,49824.269934,3167.300000,6393.200000,14.479610,5.664683,7.793323,9.025190,4.344508,22.010000,4.081667,2021-09-30,0,0,0
2021-12-10,SCCO,58.682112,773.081269,45366.041577,8096.000000,6546.700000,2583.700000,3963.000000,49329.041577,3167.300000,6393.200000,14.323254,5.603513,7.715861,9.025190,4.328632,22.185000,4.068167,2021-09-30,0,0,0
2021-12-13,SCCO,57.789164,773.081269,44675.720384,8096.000000,6546.700000,2583.700000,3963.000000,48638.720384,3167.300000,6393.200000,14.105301,5.518246,7.607883,9.025190,4.309128,22.325000,4.060500,2021-09-30,0,0,0
2021-12-14,SCCO,57.575633,773.081269,44510.643245,8096.000000,6546.700000,2583.700000,3963.000000,48473.643245,3167.300000,6393.200000,14.053182,5.497856,7.582063,9.025190,4.302324,21.930000,4.055833,2021-09-30,0,0,0
2021-12-15,SCCO,55.420913,773.081269,42844.870123,8096.000000,6546.700000,2583.700000,3963.000000,46807.870123,3167.300000,6393.200000,13.527254,5.292104,7.321509,9.025190,4.213873,21.615000,4.056000,2021-09-30,0,0,0
2021-12-16,SCCO,56.643863,773.081269,43790.309418,8096.000000,6546.700000,2583.700000,3963.000000,47753.309418,3167.300000,6393.200000,13.825754,5.408882,7.469391,9.025190,4.311849,22.525000,4.040167,2021-09-30,0,0,0
2021-12-17,SCCO,56.663276,773.081269,43805.317266,8096.000000,6546.700000,2583.700000,3963.000000,47768.317266,3167.300000,6393.200000,13.830492,5.410736,7.471738,9.025190,4.318199,22.525000,4.037333,2021-09-30,0,0,0
2021-12-20,SCCO,55.731506,773.081269,43084.983440,8096.000000,6546.700000,2583.700000,3963.000000,47047.983440,3167.300000,6393.200000,13.603064,5.321762,7.359066,9.025190,4.266490,22.347000,4.047000,2021-09-30,0,0,0
2021-12-21,SCCO,57.497985,773.081269,44450.614915,8096.000000,6546.700000,2583.700000,3963.000000,48413.614915,3167.300000,6393.200000,14.034229,5.490442,7.572673,9.025190,4.318653,22.527000,4.054167,2021-09-30,0,0,0
2021-12-22,SCCO,57.614459,773.081269,44540.658941,8096.000000,6546.700000,2583.700000,3963.000000,48503.658941,3167.300000,6393.200000,14.062659,5.501564,7.586758,9.025190,4.365827,22.760000,4.046000,2021-09-30,0,0,0
2021-12-23,SCCO,58.429754,773.081269,45170.948741,8096.000000,6546.700000,2583.700000,3963.000000,49133.948741,3167.300000,6393.200000,14.261658,5.579416,7.685345,9.025190,4.357208,22.905000,4.017167,2021-09-30,0,0,0
2021-12-27,SCCO,59.507114,773.081269,46003.835302,8096.000000,6546.700000,2583.700000,3963.000000,49966.835302,3167.300000,6393.200000,14.524622,5.682292,7.815622,9.025190,4.346322,23.075000,3.987833,2021-09-30,0,0,0
2021-12-28,SCCO,59.264467,773.081269,45816.249453,8096.000000,6546.700000,2583.700000,3963.000000,49779.249453,3167.300000,6393.200000,14.465396,5.659122,7.786281,9.025190,4.346322,23.125000,3.952667,2021-09-30,0,0,0
2021-12-29,SCCO,59.089758,773.081269,45681.184946,8096.000000,6546.700000,2583.700000,3963.000000,49644.184946,3167.300000,6393.200000,14.422753,5.642439,7.765154,9.025190,4.379434,22.825000,3.970667,2021-09-30,0,0,0
2021-12-30,SCCO,59.429466,773.081269,45943.806973,8096.000000,6546.700000,2583.700000,3963.000000,49906.806973,3167.300000,6393.200000,14.505669,5.674877,7.806233,9.025190,4.406650,23.085000,3.986667,2021-09-30,0,0,0
2021-12-31,SCCO,59.895355,773.081269,46303.976949,8096.000000,6546.700000,2583.700000,3963.000000,50266.976949,3167.300000,6393.200000,14.619385,5.719365,7.862569,9.025190,4.396217,23.275000,3.981400,2021-09-30,0,0,0
2022-01-03,SCCO,59.604175,773.081269,46078.871479,8096.000000,6546.700000,2583.700000,3963.000000,50041.871479,3167.300000,6393.200000,14.548313,5.691560,7.827359,9.025190,4.396217,22.855000,3.988833,2021-09-30,0,0,0
2022-01-04,SCCO,60.739770,773.081269,46956.778522,8096.000000,6546.700000,2583.700000,3963.000000,50919.778522,3167.300000,6393.200000,14.825491,5.799997,7.964678,9.025190,4.381702,23.005000,3.964000,2021-09-30,0,0,0
2022-01-05,SCCO,60.788299,773.081269,46994.295079,8096.000000,6546.700000,2583.700000,3963.000000,50957.295079,3167.300000,6393.200000,14.837336,5.804631,7.970546,9.025190,4.435226,23.125000,3.956333,2021-09-30,0,0,0
2022-01-06,SCCO,60.710651,773.081269,46934.266750,8096.000000,6546.700000,2583.700000,3963.000000,50897.266750,3167.300000,6393.200000,14.818384,5.797217,7.961157,9.025190,4.338611,22.175000,3.969667,2021-09-30,0,0,0
2022-01-07,SCCO,62.457720,773.081269,48284.893439,8096.000000,6546.700000,2583.700000,3963.000000,52247.893439,3167.300000,6393.200000,15.244812,5.964043,8.172417,9.025190,4.361291,22.296000,3.948167,2021-09-30,0,0,0
2022-01-10,SCCO,61.982129,773.081269,47917.222602,8096.000000,6546.700000,2583.700000,3963.000000,51880.222602,3167.300000,6393.200000,15.128729,5.918629,8.114907,9.025190,4.383970,22.395000,3.930167,2021-09-30,0,0,0
2022-01-11,SCCO,64.068906,773.081269,49530.471318,8096.000000,6546.700000,2583.700000,3963.000000,53493.471318,3167.300000,6393.200000,15.638074,6.117894,8.367245,9.025190,4.382609,22.695000,3.919333,2021-09-30,0,0,0
2022-01-12,SCCO,67.174804,773.081269,51931.583051,8096.000000,6546.700000,2583.700000,3963.000000,55894.583051,3167.300000,6393.200000,16.396168,6.414474,8.742818,9.025190,4.510976,23.135000,3.896000,2021-09-30,0,0,0
2022-01-13,SCCO,65.971272,773.081269,51001.154667,8096.000000,6546.700000,2583.700000,3963.000000,54964.154667,3167.300000,6393.200000,16.102407,6.299550,8.597284,9.025190,4.523223,23.185000,3.897833,2021-09-30,0,0,0
2022-01-14,SCCO,65.806269,773.081269,50873.594084,8096.000000,6546.700000,2583.700000,3963.000000,54836.594084,3167.300000,6393.200000,16.062133,6.283794,8.577331,9.025190,4.490564,22.945000,3.875833,2021-09-30,0,0,0
2022-01-18,SCCO,66.534214,773.081269,51436.354694,8096.000000,6546.700000,2583.700000,3963.000000,55399.354694,3167.300000,6393.200000,16.239811,6.353305,8.665356,6.884653,4.403021,23.492000,3.855833,2021-09-30,0,0,0
2022-01-19,SCCO,66.388628,773.081269,51323.805023,8096.000000,6546.700000,2583.700000,3963.000000,55286.805023,3167.300000,6393.200000,16.204277,6.339403,8.647752,6.884653,4.445659,24.115000,3.865333,2021-09-30,0,0,0
2022-01-20,SCCO,66.010094,773.081269,51031.167300,8096.000000,6546.700000,2583.700000,3963.000000,54994.167300,3167.300000,6393.200000,16.111883,6.303257,8.601978,6.884653,4.501904,24.625000,3.847667,2021-09-30,0,0,0
2022-01-21,SCCO,64.311557,773.081269,49718.060230,8096.000000,6546.700000,2583.700000,3963.000000,53681.060230,3167.300000,6393.200000,15.697301,6.141065,8.396587,6.884653,4.522316,24.335000,3.827667,2021-09-30,0,0,0
2022-01-24,SCCO,62.913902,773.081269,48637.559491,8096.000000,6546.700000,2583.700000,3963.000000,52600.559491,3167.300000,6393.200000,15.356158,6.007604,8.227579,6.884653,4.445205,23.735000,3.841833,2021-09-30,0,0,0
2022-01-25,SCCO,62.739193,773.081269,48502.494984,8096.000000,6546.700000,2583.700000,3963.000000,52465.494984,3167.300000,6393.200000,15.313515,5.990921,8.206453,6.884653,4.419804,23.815000,3.849667,2021-09-30,0,0,0
2022-01-26,SCCO,62.710074,773.081269,48479.983212,8096.000000,6546.700000,2583.700000,3963.000000,52442.983212,3167.300000,6393.200000,15.306407,5.988140,8.202932,6.884653,4.520048,23.789000,3.843333,2021-09-30,0,0,0
2022-01-27,SCCO,62.088896,773.081269,47999.762704,8096.000000,6546.700000,2583.700000,3963.000000,51962.762704,3167.300000,6393.200000,15.154789,5.928824,8.127817,6.884653,4.477864,22.720000,3.839000,2021-09-30,0,0,0
2022-01-28,SCCO,60.730064,773.081269,46949.274598,8096.000000,6546.700000,2583.700000,3963.000000,50912.274598,3167.300000,6393.200000,14.823122,5.799070,7.963504,6.884653,4.389867,22.245000,3.847500,2021-09-30,0,0,0
2022-01-31,SCCO,62.011248,773.081269,47939.734374,8096.000000,6546.700000,2583.700000,3963.000000,51902.734374,3167.300000,6393.200000,15.135836,5.921410,8.118428,6.884653,4.363559,22.480000,3.843167,2021-09-30,0,0,0
2022-02-01,SCCO,63.243900,773.081269,48892.674531,8096.000000,6546.700000,2583.700000,3963.000000,52855.674531,3167.300000,6393.200000,15.436705,6.039115,8.267483,6.884653,4.400300,22.711000,3.877667,2021-09-30,0,0,0
2022-02-02,SCCO,62.147131,773.081269,48044.783185,8096.000000,6546.700000,2583.700000,3963.000000,52007.783185,3167.300000,6393.200000,15.169003,5.934385,8.134859,6.884653,4.481493,22.755000,3.857000,2021-09-30,0,0,0
2022-02-03,SCCO,61.322125,773.081269,47406.986397,8096.000000,6546.700000,2583.700000,3963.000000,51369.986397,3167.300000,6393.200000,14.967634,5.855606,8.035098,6.884653,4.438401,22.455000,3.860833,2021-09-30,0,0,0
2022-02-04,SCCO,61.351245,773.081269,47429.498169,8096.000000,6546.700000,2583.700000,3963.000000,51392.498169,3167.300000,6393.200000,14.974741,5.858387,8.038619,6.884653,4.479225,22.485000,3.867833,2021-09-30,0,0,0
2022-02-07,SCCO,61.797717,773.081269,47774.657234,8096.000000,6546.700000,2583.700000,3963.000000,51737.657234,3167.300000,6393.200000,15.083717,5.901020,8.092607,6.884653,4.467885,22.965000,3.845833,2021-09-30,0,0,0
2022-02-08,SCCO,63.690376,773.081269,49237.836659,8096.000000,6546.700000,2583.700000,3963.000000,53200.836659,3167.300000,6393.200000,15.545681,6.081749,8.321472,6.884653,4.427062,23.235000,3.842167,2021-09-30,0,0,0
2022-02-09,SCCO,65.825682,773.081269,50888.601932,8096.000000,6546.700000,2583.700000,3963.000000,54851.601932,3167.300000,6393.200000,16.066871,6.285647,8.579679,6.884653,4.481946,23.285000,3.824667,2021-09-30,0,0,0
2022-02-10,SCCO,65.223914,773.081269,50423.386209,8096.000000,6546.700000,2583.700000,3963.000000,54386.386209,3167.300000,6393.200000,15.919991,6.228185,8.506911,6.884653,4.635941,23.285000,3.761667,2021-09-30,0,0,0
2022-02-11,SCCO,65.194794,773.081269,50400.874436,8096.000000,6546.700000,2583.700000,3963.000000,54363.874436,3167.300000,6393.200000,15.912883,6.225404,8.503390,6.884653,4.554067,23.275000,3.758500,2021-09-30,0,0,0
2022-02-14,SCCO,64.360086,773.081269,49755.576788,8096.000000,6546.700000,2583.700000,3963.000000,53718.576788,3167.300000,6393.200000,15.709146,6.145699,8.402455,6.884653,4.482400,23.785000,3.790500,2021-09-30,0,0,0
2022-02-15,SCCO,65.350091,773.081269,50520.931095,8096.000000,6546.700000,2583.700000,3963.000000,54483.931095,3167.300000,6393.200000,15.950788,6.240234,8.522169,6.884653,4.544996,23.325000,3.800500,2021-09-30,0,0,0
2022-02-16,SCCO,66.611866,773.081269,51496.386087,8096.000000,6546.700000,2583.700000,3963.000000,55459.386087,3167.300000,6393.200000,16.258765,6.360720,8.674746,6.884653,4.556562,23.515000,3.768167,2021-09-30,0,0,0
2022-02-17,SCCO,65.291856,773.081269,50475.910614,8096.000000,6546.700000,2583.700000,3963.000000,54438.910614,3167.300000,6393.200000,15.936574,6.234673,8.515127,6.884653,4.540460,23.795000,3.739333,2021-09-30,0,0,0
2022-02-18,SCCO,65.602444,773.081269,50716.020868,8096.000000,6546.700000,2583.700000,3963.000000,54679.020868,3167.300000,6393.200000,16.012383,6.264331,8.552684,6.884653,4.542728,23.950000,3.721500,2021-09-30,0,0,0
2022-02-22,SCCO,64.932734,773.081269,50198.280739,8096.000000,6546.700000,2583.700000,3963.000000,54161.280739,3167.300000,6393.200000,15.848919,6.200381,8.471701,6.884653,4.544996,24.285000,3.740167,2021-09-30,0,0,0
2022-02-23,SCCO,64.301851,773.081269,49710.556306,8096.000000,6546.700000,2583.700000,3963.000000,53673.556306,3167.300000,6393.200000,15.694931,6.140138,8.395413,6.884653,4.538192,24.515000,3.720500,2021-09-30,0,0,0
2022-02-24,SCCO,64.107732,773.081269,49560.487015,8096.000000,6546.700000,2583.700000,3963.000000,53523.487015,3167.300000,6393.200000,15.647551,6.121602,8.371940,6.884653,4.528213,24.705000,3.795667,2021-09-30,0,0,0
2022-02-25,SCCO,66.767155,773.081269,51616.436620,8096.000000,6546.700000,2583.700000,3963.000000,55579.436620,3167.300000,6393.200000,16.296668,6.375548,8.693524,6.884653,4.499636,23.915000,3.753500,2021-09-30,0,0,0
2022-02-28,SCCO,67.349514,773.081269,52066.647558,8096.000000,6546.700000,2583.700000,3963.000000,56029.647558,3167.300000,6393.200000,16.438811,6.431157,8.763944,6.884653,4.524130,24.235000,3.761667,2021-09-30,0,0,0
2022-03-01,SCCO,69.717760,773.081269,53897.494757,8096.000000,6546.700000,2583.700000,3963.000000,57860.494757,3167.300000,6393.200000,17.016858,6.657299,9.050318,6.884653,4.525037,25.140000,3.794667,2021-09-30,0,0,0
2022-03-02,SCCO,70.766009,773.081269,54707.875671,8096.000000,6546.700000,2583.700000,3963.000000,58670.875671,3167.300000,6393.200000,17.272717,6.757396,9.177075,6.884653,4.652724,25.075000,3.766333,2021-09-30,0,0,0
2022-03-03,SCCO,73.017785,773.081269,56448.681907,8096.000000,6546.700000,2583.700000,3963.000000,60411.681907,3167.300000,6393.200000,17.822335,6.972416,9.449365,6.884653,4.749112,25.005000,3.731667,2021-09-30,0,0,0
2022-03-04,SCCO,74.347498,773.081269,57476.658241,8096.000000,6546.700000,2583.700000,3963.000000,61439.658241,3167.300000,6393.200000,18.146894,7.099390,9.610157,6.884653,4.747298,25.565000,3.759667,2021-09-30,0,0,0
2022-03-07,SCCO,72.095722,773.081269,55735.852005,8096.000000,6546.700000,2583.700000,3963.000000,59698.852005,3167.300000,6393.200000,17.597276,6.884369,9.337867,6.884653,4.867046,25.453000,3.745500,2021-09-30,0,0,0
2022-03-08,SCCO,72.629548,773.086869,56148.950049,8149.200000,6547.600000,3002.000000,3545.600000,59694.550049,3411.200000,6871.100000,16.460175,6.890118,8.687772,6.884653,4.613488,26.866000,3.734667,2021-12-31,0,0,0
2022-03-09,SCCO,72.668366,773.086869,56178.959837,8149.200000,6547.600000,3002.000000,3545.600000,59724.559837,3411.200000,6871.100000,16.468973,6.893801,8.692140,6.884653,4.559511,26.015000,3.717500,2021-12-31,0,0,0
2022-03-10,SCCO,73.085723,773.086869,56501.612530,8149.200000,6547.600000,3002.000000,3545.600000,60047.212530,3411.200000,6871.100000,16.563559,6.933394,8.739097,6.884653,4.601241,25.915000,3.720833,2021-12-31,0,0,0
2022-03-11,SCCO,71.891893,773.086869,55578.678321,8149.200000,6547.600000,3002.000000,3545.600000,59124.278321,3411.200000,6871.100000,16.292999,6.820139,8.604776,6.884653,4.601695,25.995000,3.694000,2021-12-31,0,0,0
2022-03-14,SCCO,67.485397,773.086869,52172.074287,8149.200000,6547.600000,3002.000000,3545.600000,55717.674287,3411.200000,6871.100000,15.294346,6.402110,8.108989,6.884653,4.481493,25.215000,3.715333,2021-12-31,0,0,0
2022-03-15,SCCO,66.408037,773.086869,51339.181693,8149.200000,6547.600000,3002.000000,3545.600000,54884.781693,3411.200000,6871.100000,15.050182,6.299904,7.987772,6.884653,4.456999,24.934000,3.739000,2021-12-31,0,0,0
2022-03-16,SCCO,68.397754,773.086869,52877.405374,8149.200000,6547.600000,3002.000000,3545.600000,56423.005374,3411.200000,6871.100000,15.501116,6.488662,8.211641,6.884653,4.581510,24.735000,3.725333,2021-12-31,0,0,0
2022-03-17,SCCO,70.931003,773.086869,54835.827342,8149.200000,6547.600000,3002.000000,3545.600000,58381.427342,3411.200000,6871.100000,16.075231,6.728983,8.496664,6.884653,4.611220,25.525000,3.735667,2021-12-31,0,0,0
2022-03-18,SCCO,72.124833,773.086869,55758.761551,8149.200000,6547.600000,3002.000000,3545.600000,59304.361551,3411.200000,6871.100000,16.345791,6.842237,8.630985,6.884653,4.648868,25.055000,3.774500,2021-12-31,0,0,0
2022-03-21,SCCO,74.803673,773.086869,57829.737068,8149.200000,6547.600000,3002.000000,3545.600000,61375.337068,3411.200000,6871.100000,16.952901,7.096370,8.932389,6.884653,4.614395,25.235000,3.789000,2021-12-31,0,0,0
2022-03-22,SCCO,74.298966,773.086869,57439.554695,8149.200000,6547.600000,3002.000000,3545.600000,60985.154695,3411.200000,6871.100000,16.838519,7.048490,8.875603,6.884653,4.691052,24.795000,3.775833,2021-12-31,0,0,0
2022-03-23,SCCO,75.288975,773.086869,58204.917610,8149.200000,6547.600000,3002.000000,3545.600000,61750.517610,3411.200000,6871.100000,17.062886,7.142409,8.986992,6.884653,4.676991,24.915000,3.771333,2021-12-31,0,0,0
2022-03-24,SCCO,74.842499,773.086869,57859.752981,8149.200000,6547.600000,3002.000000,3545.600000,61405.352981,3411.200000,6871.100000,16.961701,7.100053,8.936757,6.884653,4.726886,25.650000,3.748500,2021-12-31,0,0,0
2022-03-25,SCCO,75.376325,773.086869,58272.447289,8149.200000,6547.600000,3002.000000,3545.600000,61818.047289,3411.200000,6871.100000,17.082683,7.150695,8.996820,6.884653,4.662930,25.445000,3.730500,2021-12-31,0,0,0
2022-03-28,SCCO,74.017493,773.086869,57221.951574,8149.200000,6547.600000,3002.000000,3545.600000,60767.551574,3411.200000,6871.100000,16.774728,7.021788,8.843934,6.884653,4.638889,25.055000,3.732500,2021-12-31,0,0,0
2022-03-29,SCCO,74.182495,773.086869,57349.513080,8149.200000,6547.600000,3002.000000,3545.600000,60895.113080,3411.200000,6871.100000,16.812123,7.037441,8.862498,6.884653,4.694681,24.625000,3.720667,2021-12-31,0,0,0
2022-03-30,SCCO,74.580439,773.086869,57657.157817,8149.200000,6547.600000,3002.000000,3545.600000,61202.757817,3411.200000,6871.100000,16.902309,7.075192,8.907272,6.884653,4.713052,25.015000,3.723500,2021-12-31,0,0,0
2022-03-31,SCCO,73.668082,773.086869,56951.826729,8149.200000,6547.600000,3002.000000,3545.600000,60497.426729,3411.200000,6871.100000,16.695540,6.988640,8.804620,6.884653,4.688784,24.985000,3.693000,2021-12-31,0,0,0
2022-04-01,SCCO,75.871326,773.086869,58655.125684,8149.200000,6547.600000,3002.000000,3545.600000,62200.725684,3411.200000,6871.100000,17.194866,7.197654,9.052514,6.884653,4.647961,24.775000,3.651333,2021-12-31,0,0,0
2022-04-04,SCCO,75.706331,773.086869,58527.570303,8149.200000,6547.600000,3002.000000,3545.600000,62073.170303,3411.200000,6871.100000,17.157473,7.182002,9.033949,6.884653,4.672682,24.530000,3.630500,2021-12-31,0,0,0
2022-04-05,SCCO,72.037483,773.086869,55691.231871,8149.200000,6547.600000,3002.000000,3545.600000,59236.831871,3411.200000,6871.100000,16.325994,6.833951,8.621157,6.884653,4.729154,24.355000,3.698333,2021-12-31,0,0,0
2022-04-06,SCCO,70.746595,773.086869,54693.264004,8149.200000,6547.600000,3002.000000,3545.600000,58238.864004,3411.200000,6871.100000,16.033438,6.711489,8.475916,6.884653,4.694908,24.485000,3.719333,2021-12-31,0,0,0
2022-04-07,SCCO,71.270716,773.086869,55098.454333,8149.200000,6547.600000,3002.000000,3545.600000,58644.054333,3411.200000,6871.100000,16.152220,6.761210,8.534886,6.884653,4.668373,24.507000,3.712667,2021-12-31,0,0,0
2022-04-08,SCCO,71.658952,773.086869,55398.595091,8149.200000,6547.600000,3002.000000,3545.600000,58944.195091,3411.200000,6871.100000,16.240207,6.798041,8.578567,6.884653,4.712825,24.705000,3.715167,2021-12-31,0,0,0
2022-04-11,SCCO,71.377479,773.086869,55180.991970,8149.200000,6547.600000,3002.000000,3545.600000,58726.591970,3411.200000,6871.100000,16.176417,6.771339,8.546898,6.884653,4.642745,24.975000,3.714500,2021-12-31,0,0,0
2022-04-12,SCCO,71.231889,773.086869,55068.438420,8149.200000,6547.600000,3002.000000,3545.600000,58614.038420,3411.200000,6871.100000,16.143421,6.757527,8.530517,6.884653,4.627096,25.545000,3.709500,2021-12-31,0,0,0
2022-04-13,SCCO,72.406306,773.086869,55976.364672,8149.200000,6547.600000,3002.000000,3545.600000,59521.964672,3411.200000,6871.100000,16.409582,6.868940,8.662654,6.884653,4.667692,25.795000,3.738833,2021-12-31,0,0,0
2022-04-18,SCCO,71.066887,773.086869,54940.876913,8149.200000,6547.600000,3002.000000,3545.600000,58486.476913,3411.200000,6871.100000,16.106026,6.741874,8.511953,6.884653,4.661569,26.065000,3.736000,2021-12-31,0,0,0
2022-04-19,SCCO,70.542767,773.086869,54535.686584,8149.200000,6547.600000,3002.000000,3545.600000,58081.286584,3411.200000,6871.100000,15.987244,6.692152,8.452982,6.884653,4.708742,26.065000,3.728833,2021-12-31,0,0,0
2022-04-20,SCCO,69.678942,773.086869,53867.875388,8149.200000,6547.600000,3002.000000,3545.600000,57413.475388,3411.200000,6871.100000,15.791474,6.610204,8.355791,6.884653,4.633446,25.115000,3.707667,2021-12-31,0,0,0
2022-04-21,SCCO,66.165390,773.086869,51151.594485,8149.200000,6547.600000,3002.000000,3545.600000,54697.194485,3411.200000,6871.100000,14.995191,6.276885,7.960471,6.884653,4.657486,24.535000,3.729833,2021-12-31,0,0,0
2022-04-22,SCCO,64.195083,773.086869,49628.375697,8149.200000,6547.600000,3002.000000,3545.600000,53173.975697,3411.200000,6871.100000,14.548656,6.089969,7.738786,6.884653,4.640477,24.295000,3.765333,2021-12-31,0,0,0
2022-04-25,SCCO,62.399485,773.086869,48240.222395,8149.200000,6547.600000,3002.000000,3545.600000,51785.822395,3411.200000,6871.100000,14.141716,5.919627,7.536759,6.884653,4.499183,23.595000,3.811500,2021-12-31,0,0,0
2022-04-26,SCCO,60.244766,773.086869,46574.437207,8149.200000,6547.600000,3002.000000,3545.600000,50120.037207,3411.200000,6871.100000,13.653388,5.715216,7.294325,6.884653,4.496234,23.545000,3.818167,2021-12-31,0,0,0
2022-04-27,SCCO,61.069772,773.086869,47212.238615,8149.200000,6547.600000,3002.000000,3545.600000,50757.838615,3411.200000,6871.100000,13.840361,5.793481,7.387149,6.884653,4.495100,23.370000,3.831667,2021-12-31,0,0,0
2022-04-28,SCCO,61.147420,773.086869,47272.267379,8149.200000,6547.600000,3002.000000,3545.600000,50817.867379,3411.200000,6871.100000,13.857958,5.800848,7.395885,6.884653,4.450648,22.985000,3.851667,2021-12-31,0,0,0
2022-04-29,SCCO,60.438884,773.086869,46724.507586,8149.200000,6547.600000,3002.000000,3545.600000,50270.107586,3411.200000,6871.100000,13.697381,5.733631,7.316166,6.884653,4.454504,23.105000,3.834500,2021-12-31,0,0,0
2022-05-02,SCCO,60.050647,773.086869,46424.366828,8149.200000,6547.600000,3002.000000,3545.600000,49969.966828,3411.200000,6871.100000,13.609395,5.696801,7.272484,6.884653,4.454504,22.695000,3.843500,2021-12-31,0,0,0
2022-05-03,SCCO,60.914475,773.086869,47092.181086,8149.200000,6547.600000,3002.000000,3545.600000,50637.781086,3411.200000,6871.100000,13.805166,5.778749,7.369676,6.884653,4.314117,22.682000,3.821167,2021-12-31,0,0,0
2022-05-04,SCCO,63.020666,773.086869,48720.449445,8149.200000,6547.600000,3002.000000,3545.600000,52266.049445,3411.200000,6871.100000,14.282496,5.978556,7.606650,6.884653,4.297334,22.682000,3.797833,2021-12-31,0,0,0
2022-05-05,SCCO,60.749477,773.086869,46964.622643,8149.200000,6547.600000,3002.000000,3545.600000,50510.222643,3411.200000,6871.100000,13.767772,5.763096,7.351112,6.884653,4.327725,22.455000,3.785000,2021-12-31,0,0,0
2022-05-06,SCCO,59.604175,773.090069,46079.395996,8160.700000,6548.500000,2847.200000,3701.300000,49780.695996,3431.900000,6985.600000,13.426789,5.646500,7.126188,6.884653,4.276469,22.465000,3.812500,2022-03-31,0,0,0
2022-05-09,SCCO,56.663276,773.090069,43805.815903,8160.700000,6548.500000,2847.200000,3701.300000,47507.115903,3431.900000,6985.600000,12.764304,5.367899,6.800721,6.884653,4.154906,21.923000,3.828833,2022-03-31,0,0,0
2022-05-10,SCCO,56.012979,773.090069,43303.077900,8160.700000,6548.500000,2847.200000,3701.300000,47004.377900,3431.900000,6985.600000,12.617815,5.306295,6.728753,6.884653,4.241089,21.642000,3.807333,2022-03-31,0,0,0
2022-05-11,SCCO,55.362678,773.090069,42800.336833,8160.700000,6548.500000,2847.200000,3701.300000,46501.636833,3431.900000,6985.600000,12.471324,5.244689,6.656785,6.884653,4.248800,21.642000,3.784167,2022-03-31,0,0,0
2022-05-12,SCCO,53.091489,773.090069,41044.502763,8160.700000,6548.500000,2847.200000,3701.300000,44745.802763,3431.900000,6985.600000,11.959702,5.029532,6.405434,6.884653,4.090723,20.922000,3.796500,2022-03-31,0,0,0
2022-05-13,SCCO,53.440904,773.090069,41314.631788,8160.700000,6548.500000,2847.200000,3701.300000,45015.931788,3431.900000,6985.600000,12.038414,5.062633,6.444104,6.884653,4.111361,20.995000,3.781833,2022-03-31,0,0,0
2022-05-16,SCCO,52.344131,773.090069,40466.727728,8160.700000,6548.500000,2847.200000,3701.300000,44168.027728,3431.900000,6985.600000,11.791348,4.958732,6.322725,6.884653,4.204801,21.485000,3.782333,2022-03-31,0,0,0
2022-05-17,SCCO,55.294737,773.090069,42747.811830,8160.700000,6548.500000,2847.200000,3701.300000,46449.111830,3431.900000,6985.600000,12.456019,5.238253,6.649266,6.884653,4.261954,21.715000,3.759500,2022-03-31,0,0,0
2022-05-18,SCCO,54.236790,773.090069,41929.923807,8160.700000,6548.500000,2847.200000,3701.300000,45631.223807,3431.900000,6985.600000,12.217700,5.138030,6.532184,6.884653,4.202307,21.605000,3.771000,2022-03-31,0,0,0
2022-05-19,SCCO,56.498273,773.090069,43678.253869,8160.700000,6548.500000,2847.200000,3701.300000,47379.553869,3431.900000,6985.600000,12.727135,5.352268,6.782460,6.884653,4.212512,21.875000,3.749000,2022-03-31,0,0,0
2022-05-20,SCCO,57.323279,773.090069,44316.057916,8160.700000,6548.500000,2847.200000,3701.300000,48017.357916,3431.900000,6985.600000,12.912981,5.430424,6.873763,6.884653,4.298695,21.775000,3.728833,2022-03-31,0,0,0
2022-05-23,SCCO,58.682112,773.090069,45366.557980,8160.700000,6548.500000,2847.200000,3701.300000,49067.857980,3431.900000,6985.600000,13.219079,5.559150,7.024144,6.884653,4.309354,21.784000,3.717167,2022-03-31,0,0,0
2022-05-24,SCCO,59.254761,773.090069,45809.266971,8160.700000,6548.500000,2847.200000,3701.300000,49510.566971,3431.900000,6985.600000,13.348077,5.613399,7.087518,6.884653,4.291211,22.150000,3.711000,2022-03-31,0,0,0
2022-05-25,SCCO,59.254761,773.090069,45809.266971,8160.700000,6548.500000,2847.200000,3701.300000,49510.566971,3431.900000,6985.600000,13.348077,5.613399,7.087518,6.884653,4.212512,21.895000,3.691000,2022-03-31,0,0,0
2022-05-26,SCCO,59.380937,773.090069,45906.812968,8160.700000,6548.500000,2847.200000,3701.300000,49608.112968,3431.900000,6985.600000,13.376501,5.625352,7.101482,6.884653,4.245171,21.929000,3.660167,2022-03-31,0,0,0
2022-05-27,SCCO,60.914475,773.090069,47092.376013,8160.700000,6548.500000,2847.200000,3701.300000,50793.676013,3431.900000,6985.600000,13.721955,5.770629,7.271197,6.884653,4.256057,22.075000,3.673500,2022-03-31,0,0,0
2022-05-31,SCCO,59.963293,773.090069,46357.025968,8160.700000,6548.500000,2847.200000,3701.300000,50058.325968,3431.900000,6985.600000,13.507686,5.680521,7.165931,6.884653,4.309354,21.765000,3.702833,2022-03-31,0,0,0
2022-06-01,SCCO,60.167121,773.090069,46514.604041,8160.700000,6548.500000,2847.200000,3701.300000,50215.904041,3431.900000,6985.600000,13.553601,5.699830,7.188488,6.884653,4.288716,21.855000,3.723500,2022-03-31,0,0,0
2022-06-02,SCCO,62.506249,773.090069,48322.960052,8160.700000,6548.500000,2847.200000,3701.300000,52024.260052,3431.900000,6985.600000,14.080527,5.921423,7.447357,6.884653,4.288716,22.255000,3.708833,2022-03-31,0,0,0
2022-06-03,SCCO,61.574479,773.090069,47602.618026,8160.700000,6548.500000,2847.200000,3701.300000,51303.918026,3431.900000,6985.600000,13.870631,5.833154,7.344239,6.884653,4.288716,21.905000,3.707167,2022-03-31,0,0,0
2022-06-06,SCCO,62.195660,773.090069,48082.847064,8160.700000,6548.500000,2847.200000,3701.300000,51784.147064,3431.900000,6985.600000,14.010562,5.892000,7.412985,6.884653,4.405289,22.107000,3.728333,2022-03-31,0,0,0
2022-06-07,SCCO,62.981840,773.090069,48690.635074,8160.700000,6548.500000,2847.200000,3701.300000,52391.935074,3431.900000,6985.600000,14.187661,5.966478,7.499991,6.884653,4.359930,22.165000,3.754500,2022-03-31,0,0,0
2022-06-08,SCCO,61.438595,773.090069,47497.568019,8160.700000,6548.500000,2847.200000,3701.300000,51198.868019,3431.900000,6985.600000,13.840021,5.820281,7.329201,6.884653,4.396217,22.205000,3.757167,2022-03-31,0,0,0
2022-06-09,SCCO,59.303289,773.090069,45846.783955,8160.700000,6548.500000,2847.200000,3701.300000,49548.083955,3431.900000,6985.600000,13.359009,5.617996,7.092889,6.884653,4.368095,21.728000,3.756333,2022-03-31,0,0,0
2022-06-10,SCCO,58.342404,773.090069,45103.932964,8160.700000,6548.500000,2847.200000,3701.300000,48805.232964,3431.900000,6985.600000,13.142555,5.526969,6.986548,6.884653,4.325910,21.915000,3.776833,2022-03-31,0,0,0
2022-06-13,SCCO,56.032388,773.090069,43318.082856,8160.700000,6548.500000,2847.200000,3701.300000,47019.382856,3431.900000,6985.600000,12.622187,5.308133,6.730901,6.884653,4.213873,21.236000,3.774500,2022-03-31,0,0,0
2022-06-14,SCCO,55.527681,773.090069,42927.898868,8160.700000,6548.500000,2847.200000,3701.300000,46629.198868,3431.900000,6985.600000,12.508494,5.260321,6.675046,6.884653,4.201626,20.945000,3.752667,2022-03-31,0,0,0
2022-06-15,SCCO,55.954740,773.090069,43258.053843,8160.700000,6548.500000,2847.200000,3701.300000,46959.353843,3431.900000,6985.600000,12.604695,5.300777,6.722308,6.884653,4.198905,21.525000,3.728000,2022-03-31,0,0,0
2022-06-16,SCCO,54.547379,773.090069,42170.036795,8160.700000,6548.500000,2847.200000,3701.300000,45871.336795,3431.900000,6985.600000,12.287665,5.167453,6.566556,6.884653,4.129959,21.835000,3.721833,2022-03-31,0,0,0
2022-06-17,SCCO,53.819434,773.090069,41607.269779,8160.700000,6548.500000,2847.200000,3701.300000,45308.569779,3431.900000,6985.600000,12.123684,5.098493,6.485995,6.884653,4.128144,21.685000,3.720000,2022-03-31,0,0,0
2022-06-21,SCCO,53.693257,773.090069,41509.723782,8160.700000,6548.500000,2847.200000,3701.300000,45211.023782,3431.900000,6985.600000,12.095260,5.086540,6.472032,6.884653,4.082331,21.780000,3.721333,2022-03-31,0,0,0
2022-06-22,SCCO,51.295891,773.090069,39656.343714,8160.700000,6548.500000,2847.200000,3701.300000,43357.643714,3431.900000,6985.600000,11.555215,4.859429,6.206717,6.884653,3.959408,21.490000,3.731000,2022-03-31,0,0,0
2022-06-23,SCCO,48.083225,773.090069,37172.663609,8160.700000,6548.500000,2847.200000,3701.300000,40873.963609,3431.900000,6985.600000,10.831511,4.555083,5.851174,6.884653,3.890915,21.285000,3.745500,2022-03-31,0,0,0
2022-06-24,SCCO,49.985587,773.090069,38643.360635,8160.700000,6548.500000,2847.200000,3701.300000,42344.660635,3431.900000,6985.600000,11.260049,4.735300,6.061707,6.884653,3.755972,21.215000,3.785000,2022-03-31,0,0,0
2022-06-27,SCCO,50.072941,773.090069,38710.893657,8160.700000,6548.500000,2847.200000,3701.300000,42412.193657,3431.900000,6985.600000,11.279727,4.743575,6.071374,6.884653,3.788857,21.305000,3.785167,2022-03-31,0,0,0
2022-06-28,SCCO,50.344708,773.090069,38920.993670,8160.700000,6548.500000,2847.200000,3701.300000,42622.293670,3431.900000,6985.600000,11.340946,4.769320,6.101451,6.884653,3.856442,20.915000,3.785833,2022-03-31,0,0,0
2022-06-30,SCCO,48.345285,773.090069,37375.259612,8160.700000,6548.500000,2847.200000,3701.300000,41076.559612,3431.900000,6985.600000,10.890544,4.579909,5.880176,6.884653,3.739869,20.477000,3.824667,2022-03-31,0,0,0
2022-07-01,SCCO,48.636464,773.090069,37600.367643,8160.700000,6548.500000,2847.200000,3701.300000,41301.667643,3431.900000,6985.600000,10.956137,4.607493,5.912401,6.884653,3.617626,19.855000,3.852000,2022-03-31,0,0,0
2022-07-05,SCCO,46.452626,773.090069,35912.063532,8160.700000,6548.500000,2847.200000,3701.300000,39613.363532,3431.900000,6985.600000,10.464193,4.400611,5.670717,6.884653,3.541196,19.215000,3.860000,2022-03-31,0,0,0
2022-07-06,SCCO,47.326160,773.090069,36587.384564,8160.700000,6548.500000,2847.200000,3701.300000,40288.684564,3431.900000,6985.600000,10.660970,4.483364,5.767391,6.884653,3.413509,19.141000,3.885500,2022-03-31,0,0,0
2022-07-07,SCCO,49.733233,773.090069,38448.268641,8160.700000,6548.500000,2847.200000,3701.300000,42149.568641,3431.900000,6985.600000,11.203202,4.711393,6.033779,6.884653,3.553896,19.256000,3.888833,2022-03-31,0,0,0
2022-07-08,SCCO,49.636176,773.090069,38373.234672,8160.700000,6548.500000,2847.200000,3701.300000,42074.534672,3431.900000,6985.600000,11.181338,4.702199,6.023038,6.884653,3.533485,19.301000,3.902667,2022-03-31,0,0,0
2022-07-11,SCCO,47.801752,773.090069,36955.059586,8160.700000,6548.500000,2847.200000,3701.300000,40656.359586,3431.900000,6985.600000,10.768105,4.528418,5.820024,6.884653,3.457735,19.235000,3.951833,2022-03-31,0,0,0
2022-07-12,SCCO,46.937924,773.090069,36287.242564,8160.700000,6548.500000,2847.200000,3701.300000,39988.542564,3431.900000,6985.600000,10.573514,4.446585,5.724425,6.884653,3.343203,19.105000,3.976000,2022-03-31,0,0,0
2022-07-13,SCCO,46.821453,773.090069,36197.200576,8160.700000,6548.500000,2847.200000,3701.300000,39898.500576,3431.900000,6985.600000,10.547277,4.435551,5.711535,6.884653,3.296256,19.259000,3.957333,2022-03-31,0,0,0
2022-07-14,SCCO,44.589086,773.090069,34471.379481,8160.700000,6548.500000,2847.200000,3701.300000,38172.679481,3431.900000,6985.600000,10.044401,4.224071,5.464481,6.884653,3.273123,18.455000,3.948333,2022-03-31,0,0,0
2022-07-15,SCCO,45.579091,773.090069,35236.742500,8160.700000,6548.500000,2847.200000,3701.300000,38938.042500,3431.900000,6985.600000,10.267415,4.317858,5.574044,6.884653,3.175147,18.695000,3.895167,2022-03-31,0,0,0
2022-07-18,SCCO,46.413804,773.090069,35882.050557,8160.700000,6548.500000,2847.200000,3701.300000,39583.350557,3431.900000,6985.600000,10.455448,4.396933,5.666421,6.884653,3.320296,18.897000,3.888000,2022-03-31,0,0,0
2022-07-19,SCCO,47.636753,773.090069,36827.500615,8160.700000,6548.500000,2847.200000,3701.300000,40528.800615,3431.900000,6985.600000,10.730936,4.512787,5.801764,6.884653,3.302833,18.845000,3.874167,2022-03-31,0,0,0
2022-07-20,SCCO,47.064100,773.090069,36384.788561,8160.700000,6548.500000,2847.200000,3701.300000,40086.088561,3431.900000,6985.600000,10.601937,4.458538,5.738389,6.884653,3.343429,18.885000,3.883167,2022-03-31,0,0,0
2022-07-21,SCCO,47.792045,773.090069,36947.555577,8160.700000,6548.500000,2847.200000,3701.300000,40648.855577,3431.900000,6985.600000,10.765918,4.527498,5.818950,6.884653,3.280153,18.805000,3.911167,2022-03-31,0,0,0
2022-07-22,SCCO,46.656451,773.090069,36069.638542,8160.700000,6548.500000,2847.200000,3701.300000,39770.938542,3431.900000,6985.600000,10.510108,4.419920,5.693275,6.884653,3.343883,18.775000,3.916667,2022-03-31,0,0,0
2022-07-25,SCCO,47.762930,773.090069,36925.046611,8160.700000,6548.500000,2847.200000,3701.300000,40626.346611,3431.900000,6985.600000,10.759360,4.524740,5.815728,6.884653,3.378356,18.455000,3.913667,2022-03-31,0,0,0
2022-07-26,SCCO,47.403808,773.090069,36647.413577,8160.700000,6548.500000,2847.200000,3701.300000,40348.713577,3431.900000,6985.600000,10.678462,4.490719,5.775984,6.884653,3.443446,18.455000,3.920333,2022-03-31,0,0,0
2022-07-27,SCCO,46.899101,773.090069,36257.229589,8160.700000,6548.500000,2847.200000,3701.300000,39958.529589,3431.900000,6985.600000,10.564769,4.442907,5.720128,6.884653,3.425530,18.665000,3.920167,2022-03-31,0,0,0
2022-08-01,SCCO,46.520567,773.092469,35964.700185,7627.200000,6549.400000,2113.100000,4436.300000,40401.000185,2929.700000,6132.500000,12.275899,4.715322,6.588015,6.884653,3.597214,20.355000,3.889833,2022-06-30,0,0,0
2022-08-02,SCCO,45.414092,773.092469,35109.292522,7627.200000,6549.400000,2113.100000,4436.300000,39545.592522,2929.700000,6132.500000,11.983921,4.603169,6.448527,6.884653,3.546639,20.275000,3.920833,2022-06-30,0,0,0
2022-08-03,SCCO,45.093797,773.092469,34861.674756,7627.200000,6549.400000,2113.100000,4436.300000,39297.974756,2929.700000,6132.500000,11.899401,4.570704,6.408149,6.884653,3.526227,19.945000,3.916833,2022-06-30,0,0,0
2022-08-04,SCCO,44.938501,773.092469,34741.616358,7627.200000,6549.400000,2113.100000,4436.300000,39177.916358,2929.700000,6132.500000,11.858421,4.554963,6.388572,6.884653,3.466353,20.145000,3.891333,2022-06-30,0,0,0
2022-08-05,SCCO,46.054682,773.092469,35604.528054,7627.200000,6549.400000,2113.100000,4436.300000,40040.828054,2929.700000,6132.500000,12.152960,4.668099,6.529283,6.884653,3.551855,19.875000,3.907167,2022-06-30,0,0,0
2022-08-08,SCCO,46.229392,773.092469,35739.594517,7627.200000,6549.400000,2113.100000,4436.300000,40175.894517,2929.700000,6132.500000,12.199063,4.685808,6.551308,6.884653,3.553896,20.655000,3.913000,2022-06-30,0,0,0
2022-08-09,SCCO,46.423510,773.092469,35889.665983,7627.200000,6549.400000,2113.100000,4436.300000,40325.965983,2929.700000,6132.500000,12.250287,4.705484,6.575779,6.884653,3.615812,20.505000,3.930167,2022-06-30,0,0,0
2022-08-10,SCCO,46.879688,773.092469,36242.334081,7627.200000,6549.400000,2113.100000,4436.300000,40678.634081,2929.700000,6132.500000,12.370664,4.751722,6.633287,6.884653,3.617853,20.745000,3.897333,2022-06-30,0,0,0
2022-08-11,SCCO,47.170868,773.092469,36467.442812,7627.200000,6549.400000,2113.100000,4436.300000,40903.742812,2929.700000,6132.500000,12.447501,4.781236,6.669995,6.884653,3.692242,20.395000,3.884167,2022-06-30,0,0,0
2022-08-12,SCCO,47.733810,773.092469,36902.649144,7627.200000,6549.400000,2113.100000,4436.300000,41338.949144,2929.700000,6132.500000,12.596050,4.838296,6.740962,6.884653,3.658222,20.555000,3.861167,2022-06-30,0,0,0
2022-08-15,SCCO,47.151455,773.092469,36452.434746,7627.200000,6549.400000,2113.100000,4436.300000,40888.734746,2929.700000,6132.500000,12.442378,4.779268,6.667547,6.884653,3.567731,20.335000,3.852500,2022-06-30,0,0,0
2022-08-16,SCCO,47.869693,773.092469,37007.699477,7627.200000,6549.400000,2113.100000,4436.300000,41443.999477,2929.700000,6132.500000,12.631908,4.852069,6.758092,6.884653,3.625110,20.165000,3.858667,2022-06-30,0,0,0
2022-08-17,SCCO,46.743805,773.092469,36137.283749,7627.200000,6549.400000,2113.100000,4436.300000,40573.583749,2929.700000,6132.500000,12.334807,4.737949,6.616157,6.884653,3.608327,19.745000,3.843000,2022-06-30,0,0,0
2022-08-18,SCCO,47.966755,773.092469,37082.736741,7627.200000,6549.400000,2113.100000,4436.300000,41519.036741,2929.700000,6132.500000,12.657520,4.861907,6.770328,6.884653,3.637811,19.665000,3.843833,2022-06-30,0,0,0
2022-08-19,SCCO,46.976746,773.092469,36317.368283,7627.200000,6549.400000,2113.100000,4436.300000,40753.668283,2929.700000,6132.500000,12.396275,4.761560,6.645523,6.884653,3.651872,19.155000,3.858667,2022-06-30,0,0,0
2022-08-22,SCCO,46.287627,773.092469,35784.615651,7627.200000,6549.400000,2113.100000,4436.300000,40220.915651,2929.700000,6132.500000,12.214430,4.691711,6.558649,6.884653,3.647336,19.085000,3.879500,2022-06-30,0,0,0
2022-08-23,SCCO,47.927929,773.092469,37052.720610,7627.200000,6549.400000,2113.100000,4436.300000,41489.020610,2929.700000,6132.500000,12.647275,4.857972,6.765433,6.884653,3.674325,19.185000,3.862500,2022-06-30,0,0,0
2022-08-24,SCCO,47.782339,773.092469,36940.166245,7627.200000,6549.400000,2113.100000,4436.300000,41376.466245,2929.700000,6132.500000,12.608856,4.843215,6.747080,6.884653,3.643027,19.135000,3.866833,2022-06-30,0,0,0
2022-08-25,SCCO,49.141171,773.092469,37990.669570,7627.200000,6549.400000,2113.100000,4436.300000,42426.969570,2929.700000,6132.500000,12.967427,4.980946,6.918381,6.884653,3.699046,19.175000,3.854333,2022-06-30,0,0,0
2022-08-26,SCCO,49.859410,773.092469,38545.934301,7627.200000,6549.400000,2113.100000,4436.300000,42982.234301,2929.700000,6132.500000,13.156956,5.053746,7.008925,6.884653,3.771621,19.055000,3.841333,2022-06-30,0,0,0
2022-08-29,SCCO,48.306459,773.092469,37345.359510,7627.200000,6549.400000,2113.100000,4436.300000,41781.659510,2929.700000,6132.500000,12.747162,4.896339,6.813153,6.884653,3.771621,18.885000,3.835167,2022-06-30,0,0,0
2022-08-31,SCCO,45.685859,773.092469,35319.393187,7627.200000,6549.400000,2113.100000,4436.300000,39755.693187,2929.700000,6132.500000,12.055635,4.630715,6.482787,6.884653,3.502187,18.155000,3.845000,2022-06-30,0,0,0
2022-09-01,SCCO,44.035846,773.092469,34043.781132,7627.200000,6549.400000,2113.100000,4436.300000,38480.081132,2929.700000,6132.500000,11.620228,4.463470,6.274779,6.884653,3.493568,17.795000,3.865333,2022-06-30,0,0,0
2022-09-02,SCCO,44.346439,773.092469,34283.897928,7627.200000,6549.400000,2113.100000,4436.300000,38720.197928,2929.700000,6132.500000,11.702187,4.494952,6.313934,6.884653,3.441405,18.234000,3.872167,2022-06-30,0,0,0
2022-09-06,SCCO,43.802906,773.092469,33863.696598,7627.200000,6549.400000,2113.100000,4436.300000,38299.996598,2929.700000,6132.500000,11.558759,4.439860,6.245413,6.884653,3.495836,18.090000,3.898833,2022-06-30,0,0,0
2022-09-07,SCCO,44.385261,773.092469,34313.910996,7627.200000,6549.400000,2113.100000,4436.300000,38750.210996,2929.700000,6132.500000,11.712432,4.498887,6.318828,6.884653,3.506269,18.265000,3.893167,2022-06-30,0,0,0
2022-09-08,SCCO,45.918799,773.092469,35499.477721,7627.200000,6549.400000,2113.100000,4436.300000,39935.777721,2929.700000,6132.500000,12.117103,4.654326,6.512153,6.884653,3.586101,18.475000,3.878333,2022-06-30,0,0,0
2022-09-09,SCCO,47.753223,773.092469,36917.657210,7627.200000,6549.400000,2113.100000,4436.300000,41353.957210,2929.700000,6132.500000,12.601173,4.840263,6.743409,6.884653,3.621935,18.775000,3.880667,2022-06-30,0,0,0
2022-09-12,SCCO,48.092931,773.092469,37180.283041,7627.200000,6549.400000,2113.100000,4436.300000,41616.583041,2929.700000,6132.500000,12.690816,4.874696,6.786234,6.884653,3.640532,19.969000,3.855667,2022-06-30,0,0,0
2022-09-13,SCCO,46.792334,773.092469,36174.800850,7627.200000,6549.400000,2113.100000,4436.300000,40611.100850,2929.700000,6132.500000,12.347613,4.742868,6.622275,6.884653,3.733065,19.452000,3.867167,2022-06-30,0,0,0
2022-09-14,SCCO,45.482034,773.092469,35161.817688,7627.200000,6549.400000,2113.100000,4436.300000,39598.117688,2929.700000,6132.500000,12.001849,4.610056,6.457092,6.884653,3.567504,19.655000,3.878667,2022-06-30,0,0,0
2022-09-15,SCCO,45.384972,773.092469,35086.780424,7627.200000,6549.400000,2113.100000,4436.300000,39523.080424,2929.700000,6132.500000,11.976237,4.600218,6.444856,6.884653,3.540742,19.215000,3.889333,2022-06-30,0,0,0
2022-09-16,SCCO,45.307324,773.092469,35026.751225,7627.200000,6549.400000,2113.100000,4436.300000,39463.051225,2929.700000,6132.500000,11.955747,4.592347,6.435067,6.884653,3.534392,19.371000,3.881167,2022-06-30,0,0,0
2022-09-19,SCCO,46.442919,773.092469,35904.670986,7627.200000,6549.400000,2113.100000,4436.300000,40340.970986,2929.700000,6132.500000,12.255409,4.707451,6.578226,6.884653,3.525320,19.385000,3.869667,2022-06-30,0,0,0
2022-09-20,SCCO,45.928506,773.092469,35506.981754,7627.200000,6549.400000,2113.100000,4436.300000,39943.281754,2929.700000,6132.500000,12.119665,4.655310,6.513377,6.884653,3.536206,19.237000,3.887500,2022-06-30,0,0,0
2022-09-21,SCCO,44.026140,773.092469,34036.277099,7627.200000,6549.400000,2113.100000,4436.300000,38472.577099,2929.700000,6132.500000,11.617666,4.462487,6.273555,6.884653,3.520557,19.455000,3.900500,2022-06-30,0,0,0
2022-09-22,SCCO,44.229965,773.092469,34193.852598,7627.200000,6549.400000,2113.100000,4436.300000,38630.152598,2929.700000,6132.500000,11.671452,4.483146,6.299250,6.884653,3.544824,19.545000,3.905000,2022-06-30,0,0,0
2022-09-23,SCCO,42.172307,773.092469,32603.092608,7627.200000,6549.400000,2113.100000,4436.300000,37039.392608,2929.700000,6132.500000,11.128475,4.274582,6.039852,6.884653,3.377449,18.839000,3.911500,2022-06-30,0,0,0
2022-09-26,SCCO,41.551125,773.092469,32122.862079,7627.200000,6549.400000,2113.100000,4436.300000,36559.162079,2929.700000,6132.500000,10.964557,4.211619,5.961543,6.884653,3.378810,18.724000,3.939167,2022-06-30,0,0,0
2022-09-27,SCCO,42.347016,773.092469,32738.159071,7627.200000,6549.400000,2113.100000,4436.300000,37174.459071,2929.700000,6132.500000,11.174577,4.292291,6.061877,6.884653,3.390603,18.564000,3.949833,2022-06-30,0,0,0
2022-09-28,SCCO,43.385549,773.092469,33541.041567,7627.200000,6549.400000,2113.100000,4436.300000,37977.341567,2929.700000,6132.500000,11.448627,4.397556,6.192799,6.884653,3.335265,18.795000,3.949833,2022-06-30,0,0,0
2022-09-29,SCCO,43.482611,773.092469,33616.078832,7627.200000,6549.400000,2113.100000,4436.300000,38052.378832,2929.700000,6132.500000,11.474239,4.407394,6.205035,6.884653,3.474744,18.776000,3.973000,2022-06-30,0,0,0
2022-09-30,SCCO,43.521433,773.092469,33646.091900,7627.200000,6549.400000,2113.100000,4436.300000,38082.391900,2929.700000,6132.500000,11.484484,4.411329,6.209929,6.884653,3.468621,19.216000,3.983333,2022-06-30,0,0,0
2022-10-03,SCCO,46.336155,773.092469,35822.132751,7627.200000,6549.400000,2113.100000,4436.300000,40258.432751,2929.700000,6132.500000,12.227236,4.696630,6.564767,6.884653,3.412829,20.492000,3.967500,2022-06-30,0,0,0
2022-10-04,SCCO,47.452337,773.092469,36685.044447,7627.200000,6549.400000,2113.100000,4436.300000,41121.344447,2929.700000,6132.500000,12.521775,4.809766,6.705478,6.884653,3.445488,21.160000,3.952167,2022-06-30,0,0,0
2022-10-05,SCCO,47.199984,773.092469,36489.951847,7627.200000,6549.400000,2113.100000,4436.300000,40926.251847,2929.700000,6132.500000,12.455184,4.784187,6.673665,6.884653,3.474971,20.407000,3.966500,2022-06-30,0,0,0
2022-10-06,SCCO,46.879688,773.092469,36242.334081,7627.200000,6549.400000,2113.100000,4436.300000,40678.634081,2929.700000,6132.500000,12.370664,4.751722,6.633287,6.884653,3.512619,20.445000,3.981667,2022-06-30,0,0,0
2022-10-07,SCCO,46.501158,773.092469,35949.695182,7627.200000,6549.400000,2113.100000,4436.300000,40385.995182,2929.700000,6132.500000,12.270777,4.713354,6.585568,6.884653,3.436189,20.255000,3.976500,2022-06-30,0,0,0
2022-10-10,SCCO,46.074095,773.092469,35619.536119,7627.200000,6549.400000,2113.100000,4436.300000,40055.836119,2929.700000,6132.500000,12.158083,4.670067,6.531730,6.884653,3.472250,19.631000,3.960000,2022-06-30,0,0,0
2022-10-11,SCCO,45.889683,773.092469,35476.968686,7627.200000,6549.400000,2113.100000,4436.300000,39913.268686,2929.700000,6132.500000,12.109420,4.651375,6.508482,6.884653,3.441405,19.600000,3.971333,2022-06-30,0,0,0
2022-10-12,SCCO,46.656451,773.092469,36069.750517,7627.200000,6549.400000,2113.100000,4436.300000,40506.050517,2929.700000,6132.500000,12.311756,4.729095,6.605145,6.884653,3.458869,18.987000,3.983167,2022-06-30,0,0,0
2022-10-13,SCCO,47.316454,773.092469,36579.994114,7627.200000,6549.400000,2113.100000,4436.300000,41016.294114,2929.700000,6132.500000,12.485918,4.795993,6.688348,6.884653,3.475878,18.987000,3.984667,2022-06-30,0,0,0
2022-10-14,SCCO,45.647032,773.092469,35289.377056,7627.200000,6549.400000,2113.100000,4436.300000,39725.677056,2929.700000,6132.500000,12.045389,4.626780,6.477893,6.884653,3.487218,18.265000,3.990333,2022-06-30,0,0,0
2022-10-17,SCCO,46.248801,773.092469,35754.599520,7627.200000,6549.400000,2113.100000,4436.300000,40190.899520,2929.700000,6132.500000,12.204185,4.687775,6.553755,6.884653,3.499465,18.757000,3.980333,2022-06-30,0,0,0
2022-10-18,SCCO,45.928506,773.092469,35506.981754,7627.200000,6549.400000,2113.100000,4436.300000,39943.281754,2929.700000,6132.500000,12.119665,4.655310,6.513377,6.884653,3.418272,18.645000,3.976667,2022-06-30,0,0,0
2022-10-19,SCCO,45.045264,773.092469,34824.154593,7627.200000,6549.400000,2113.100000,4436.300000,39260.454593,2929.700000,6132.500000,11.886594,4.565785,6.402031,6.884653,3.365655,18.465000,3.985833,2022-06-30,0,0,0
2022-10-20,SCCO,45.763507,773.092469,35379.422386,7627.200000,6549.400000,2113.100000,4436.300000,39815.722386,2929.700000,6132.500000,12.076125,4.638586,6.492576,6.884653,3.440725,18.907000,3.980167,2022-06-30,0,0,0
2022-10-21,SCCO,47.345573,773.092469,36602.506212,7627.200000,6549.400000,2113.100000,4436.300000,41038.806212,2929.700000,6132.500000,12.493602,4.798944,6.692019,6.884653,3.422354,19.104000,3.984833,2022-06-30,0,0,0
2022-10-24,SCCO,44.472616,773.092469,34381.444227,7627.200000,6549.400000,2113.100000,4436.300000,38817.744227,2929.700000,6132.500000,11.735483,4.507741,6.329840,6.884653,3.474971,19.225000,4.001500,2022-06-30,0,0,0
2022-10-25,SCCO,45.957625,773.092469,35529.493852,7627.200000,6549.400000,2113.100000,4436.300000,39965.793852,2929.700000,6132.500000,12.127349,4.658262,6.517048,6.884653,3.418272,19.295000,3.997167,2022-06-30,0,0,0
2022-10-26,SCCO,47.743517,773.092469,36910.153177,7627.200000,6549.400000,2113.100000,4436.300000,41346.453177,2929.700000,6132.500000,12.598612,4.839280,6.742186,6.884653,3.521011,19.555000,3.990333,2022-06-30,0,0,0
2022-10-27,SCCO,46.928217,773.092469,36279.851182,7627.200000,6549.400000,2113.100000,4436.300000,40716.151182,2929.700000,6132.500000,12.383470,4.756641,6.639405,6.884653,3.527588,19.525000,3.980167,2022-06-30,0,0,0
2022-10-28,SCCO,45.724681,773.092469,35349.406255,7627.200000,6549.400000,2113.100000,4436.300000,39785.706255,2929.700000,6132.500000,12.065879,4.634650,6.487681,6.884653,3.476105,19.115000,3.975333,2022-06-30,0,0,0
2022-10-31,SCCO,45.588797,773.092469,35244.355923,7627.200000,6549.400000,2113.100000,4436.300000,39680.655923,2929.700000,6132.500000,12.030022,4.620877,6.470551,6.884653,3.413283,19.208000,3.990500,2022-06-30,0,0,0
2022-11-02,SCCO,46.578802,773.098469,36010.000791,7566.800000,6550.300000,2184.500000,4365.800000,40375.800791,2579.400000,5400.500000,13.960611,4.758947,7.476308,6.884653,3.494929,19.585000,3.967750,2022-09-30,0,0,0
2022-11-03,SCCO,46.976746,773.098469,36317.650143,7566.800000,6550.300000,2184.500000,4365.800000,40683.450143,2579.400000,5400.500000,14.079883,4.799605,7.533275,6.884653,3.406479,19.335000,3.972500,2022-09-30,0,0,0
2022-11-04,SCCO,52.120897,773.098469,40294.585578,7566.800000,6550.300000,2184.500000,4365.800000,44660.385578,2579.400000,5400.500000,15.621689,5.325182,8.269676,6.884653,3.585648,20.615000,3.957667,2022-09-30,0,0,0
2022-11-07,SCCO,51.480303,773.098469,39799.343140,7566.800000,6550.300000,2184.500000,4365.800000,44165.143140,2579.400000,5400.500000,15.429690,5.259732,8.177973,6.884653,3.608101,20.920000,3.951333,2022-09-30,0,0,0
2022-11-08,SCCO,52.499427,773.098469,40587.226748,7566.800000,6550.300000,2184.500000,4365.800000,44953.026748,2579.400000,5400.500000,15.735143,5.363856,8.323864,6.884653,3.616946,21.581000,3.927333,2022-09-30,0,0,0
2022-11-09,SCCO,51.771482,773.098469,40024.453617,7566.800000,6550.300000,2184.500000,4365.800000,44390.253617,2579.400000,5400.500000,15.516963,5.289482,8.219656,6.884653,3.644615,21.315000,3.914000,2022-09-30,0,0,0
2022-11-10,SCCO,54.566792,773.098469,42185.503175,7566.800000,6550.300000,2184.500000,4365.800000,46551.303175,2579.400000,5400.500000,16.354774,5.575078,8.619814,6.884653,3.658222,21.635000,3.866667,2022-09-30,0,0,0
2022-11-11,SCCO,58.614170,773.098469,45314.525336,7566.800000,6550.300000,2184.500000,4365.800000,49680.325336,2579.400000,5400.500000,17.567855,5.988598,9.199208,6.884653,3.828773,21.505000,3.858667,2022-09-30,0,0,0
2022-11-14,SCCO,58.701521,773.098469,45382.056029,7566.800000,6550.300000,2184.500000,4365.800000,49747.856029,2579.400000,5400.500000,17.594036,5.997523,9.211713,6.884653,3.785682,21.871000,3.857167,2022-09-30,0,0,0
2022-11-15,SCCO,58.856817,773.098469,45502.115358,7566.800000,6550.300000,2184.500000,4365.800000,49867.915358,2579.400000,5400.500000,17.640581,6.013389,9.233944,6.884653,3.784321,21.500000,3.830167,2022-09-30,0,0,0
2022-11-16,SCCO,57.575633,773.098469,44511.633545,7566.800000,6550.300000,2184.500000,4365.800000,48877.433545,2579.400000,5400.500000,17.256584,5.882491,9.050539,6.884653,3.771621,21.417000,3.838000,2022-09-30,0,0,0
2022-11-17,SCCO,56.857394,773.098469,43956.364505,7566.800000,6550.300000,2184.500000,4365.800000,48322.164505,2579.400000,5400.500000,17.041314,5.809109,8.947720,6.884653,3.699046,20.887000,3.841500,2022-09-30,0,0,0
2022-11-18,SCCO,56.313861,773.098469,43536.159914,7566.800000,6550.300000,2184.500000,4365.800000,47901.959914,2579.400000,5400.500000,16.878406,5.753576,8.869912,6.884653,3.650058,21.055000,3.829833,2022-09-30,0,0,0
2022-11-21,SCCO,55.566503,773.098469,42958.378601,7566.800000,6550.300000,2184.500000,4365.800000,47324.178601,2579.400000,5400.500000,16.654407,5.677219,8.762925,6.884653,3.583607,20.695000,3.839167,2022-09-30,0,0,0
2022-11-22,SCCO,57.721223,773.098469,44624.188784,7566.800000,6550.300000,2184.500000,4365.800000,48989.988784,2579.400000,5400.500000,17.300221,5.897366,9.071380,6.884653,3.626925,21.035000,3.849833,2022-09-30,0,0,0
2022-11-23,SCCO,57.604752,773.098469,44534.145818,7566.800000,6550.300000,2184.500000,4365.800000,48899.945818,2579.400000,5400.500000,17.265312,5.885466,9.054707,6.884653,3.611502,21.295000,3.851500,2022-09-30,0,0,0
2022-11-25,SCCO,57.061219,773.098469,44113.941227,7566.800000,6550.300000,2184.500000,4365.800000,48479.741227,2579.400000,5400.500000,17.102404,5.829934,8.976899,6.884653,3.660490,21.374000,3.865667,2022-09-30,0,0,0
2022-11-28,SCCO,55.935331,773.098469,43243.518744,7566.800000,6550.300000,2184.500000,4365.800000,47609.318744,2579.400000,5400.500000,16.764953,5.714902,8.815724,6.884653,3.613317,21.022000,3.856500,2022-09-30,0,0,0
2022-11-29,SCCO,57.585339,773.098469,44519.137636,7566.800000,6550.300000,2184.500000,4365.800000,48884.937636,2579.400000,5400.500000,17.259494,5.883483,9.051928,6.884653,3.644842,21.022000,3.846000,2022-09-30,0,0,0
2022-11-30,SCCO,59.225645,773.098469,45787.255501,7566.800000,6550.300000,2184.500000,4365.800000,50153.055501,2579.400000,5400.500000,17.751126,6.051073,9.286743,6.884653,3.718550,21.304000,3.855000,2022-09-30,0,0,0
2022-12-01,SCCO,59.652704,773.098469,46117.414063,7566.800000,6550.300000,2184.500000,4365.800000,50483.214063,2579.400000,5400.500000,17.879125,6.094705,9.347878,6.884653,3.726942,22.634000,3.830000,2022-09-30,0,0,0
2022-12-02,SCCO,60.147708,773.098469,46500.101262,7566.800000,6550.300000,2184.500000,4365.800000,50865.901262,2579.400000,5400.500000,18.027488,6.145280,9.418739,6.884653,3.783868,23.166000,3.835667,2022-09-30,0,0,0
2022-12-05,SCCO,58.856817,773.098469,45502.115358,7566.800000,6550.300000,2184.500000,4365.800000,49867.915358,2579.400000,5400.500000,17.640581,6.013389,9.233944,6.884653,3.828320,22.229000,3.849000,2022-09-30,0,0,0
2022-12-06,SCCO,59.070349,773.098469,45667.196171,7566.800000,6550.300000,2184.500000,4365.800000,50032.996171,2579.400000,5400.500000,17.704581,6.035206,9.264512,6.884653,3.789991,22.228000,3.845667,2022-09-30,0,0,0
2022-12-07,SCCO,58.264756,773.098469,45044.393375,7566.800000,6550.300000,2184.500000,4365.800000,49410.193375,2579.400000,5400.500000,17.463128,5.952899,9.149189,6.884653,3.780239,22.680000,3.846333,2022-09-30,0,0,0
2022-12-12,SCCO,58.701521,773.098469,45382.056029,7566.800000,6550.300000,2184.500000,4365.800000,49747.856029,2579.400000,5400.500000,17.594036,5.997523,9.211713,6.884653,3.797249,23.260000,3.837833,2022-09-30,0,0,0
2022-12-13,SCCO,59.274174,773.098469,45824.772893,7566.800000,6550.300000,2184.500000,4365.800000,50190.572893,2579.400000,5400.500000,17.765671,6.056031,9.293690,6.884653,3.801558,23.696000,3.830500,2022-09-30,0,0,0
2022-12-14,SCCO,59.487705,773.098469,45989.853705,7566.800000,6550.300000,2184.500000,4365.800000,50355.653705,2579.400000,5400.500000,17.829671,6.077847,9.324258,6.884653,3.816980,23.925000,3.836333,2022-09-30,0,0,0
2022-12-15,SCCO,58.128872,773.098469,44939.342228,7566.800000,6550.300000,2184.500000,4365.800000,49305.142228,2579.400000,5400.500000,17.422401,5.939015,9.129737,6.884653,3.802465,23.088000,3.847833,2022-09-30,0,0,0
2022-12-16,SCCO,58.002696,773.098469,44841.795171,7566.800000,6550.300000,2184.500000,4365.800000,49207.595171,2579.400000,5400.500000,17.384584,5.926124,9.111674,6.884653,3.733746,23.059000,3.848000,2022-09-30,0,0,0
2022-12-19,SCCO,57.769751,773.098469,44661.706176,7566.800000,6550.300000,2184.500000,4365.800000,49027.506176,2579.400000,5400.500000,17.314766,5.902324,9.078327,6.884653,3.778878,23.015000,3.835833,2022-09-30,0,0,0
2022-12-20,SCCO,58.633579,773.098469,45329.530455,7566.800000,6550.300000,2184.500000,4365.800000,49695.330455,2579.400000,5400.500000,17.573672,5.990581,9.201987,6.884653,3.765724,24.035000,3.834000,2022-09-30,0,0,0
2022-12-21,SCCO,59.808000,773.098469,46237.473393,7566.800000,6550.300000,2184.500000,4365.800000,50603.273393,2579.400000,5400.500000,17.925670,6.110572,9.370109,6.884653,3.777064,24.008000,3.818000,2022-09-30,0,0,0
2022-12-22,SCCO,59.070349,773.098469,45667.196171,7566.800000,6550.300000,2184.500000,4365.800000,50032.996171,2579.400000,5400.500000,17.704581,6.035206,9.264512,6.884653,3.785455,23.610000,3.814667,2022-09-30,0,0,0
2022-12-23,SCCO,59.264467,773.098469,45817.268802,7566.800000,6550.300000,2184.500000,4365.800000,50183.068802,2579.400000,5400.500000,17.762762,6.055039,9.292300,6.884653,3.768672,23.788000,3.818000,2022-09-30,0,0,0
2022-12-27,SCCO,60.351533,773.098469,46657.677984,7566.800000,6550.300000,2184.500000,4365.800000,51023.477984,2579.400000,5400.500000,18.088578,6.166104,9.447917,6.884653,3.768672,23.788000,3.820000,2022-09-30,0,0,0
2022-12-28,SCCO,59.264467,773.098469,45817.268802,7566.800000,6550.300000,2184.500000,4365.800000,50183.068802,2579.400000,5400.500000,17.762762,6.055039,9.292300,6.884653,3.833309,23.547000,3.811333,2022-09-30,0,0,0
2022-12-29,SCCO,59.972999,773.098469,46365.033751,7566.800000,6550.300000,2184.500000,4365.800000,50730.833751,2579.400000,5400.500000,17.975124,6.127430,9.393729,6.884653,3.807908,24.000000,3.812167,2022-09-30,0,0,0
2022-12-30,SCCO,58.614170,773.098469,45314.525336,7566.800000,6550.300000,2184.500000,4365.800000,49680.325336,2579.400000,5400.500000,17.567855,5.988598,9.199208,6.884653,3.804279,23.746000,3.811667,2022-09-30,0,0,0
2023-01-03,SCCO,59.817707,773.098469,46244.977484,7566.800000,6550.300000,2184.500000,4365.800000,50610.777484,2579.400000,5400.500000,17.928579,6.111563,9.371498,6.884653,3.805640,24.056000,3.817333,2022-09-30,0,0,0
2023-01-04,SCCO,61.360951,773.098469,47438.057502,7566.800000,6550.300000,2184.500000,4365.800000,51803.857502,2579.400000,5400.500000,18.391121,6.269236,9.592419,6.884653,3.723540,24.145000,3.825667,2022-09-30,0,0,0
2023-01-05,SCCO,62.933311,773.098469,48653.646729,7566.800000,6550.300000,2184.500000,4365.800000,53019.446729,2579.400000,5400.500000,18.862389,6.429884,9.817507,6.884653,3.819248,23.145000,3.826833,2022-09-30,0,0,0
2023-01-06,SCCO,65.418032,773.098469,50574.580691,7566.800000,6550.300000,2184.500000,4365.800000,54940.380691,2579.400000,5400.500000,19.607110,6.683748,10.173203,6.884653,3.793166,23.854000,3.802500,2022-09-30,0,0,0
2023-01-09,SCCO,67.145693,773.098469,51910.232311,7566.800000,6550.300000,2184.500000,4365.800000,56276.032311,2579.400000,5400.500000,20.124925,6.860262,10.420523,6.884653,3.956233,23.825000,3.795333,2022-09-30,0,0,0
2023-01-10,SCCO,69.708054,773.098469,53891.189811,7566.800000,6550.300000,2184.500000,4365.800000,58256.989811,2579.400000,5400.500000,20.892917,7.122058,10.787333,6.884653,3.976418,23.595000,3.803500,2022-09-30,0,0,0
2023-01-11,SCCO,71.348360,773.098469,55159.307676,7566.800000,6550.300000,2184.500000,4365.800000,59525.107676,2579.400000,5400.500000,21.384550,7.289648,11.022148,6.884653,4.076435,23.375000,3.780333,2022-09-30,0,0,0
2023-01-12,SCCO,73.473959,773.098469,56802.605586,7566.800000,6550.300000,2184.500000,4365.800000,61168.405586,2579.400000,5400.500000,22.021635,7.506820,11.326434,6.884653,4.114763,23.833000,3.783667,2022-09-30,0,0,0
2023-01-13,SCCO,74.793974,773.098469,57823.106825,7566.800000,6550.300000,2184.500000,4365.800000,62188.906825,2579.400000,5400.500000,22.417270,7.641686,11.515398,6.884653,4.130866,24.109000,3.810833,2022-09-30,0,0,0
2023-01-17,SCCO,73.192486,773.098469,56584.999199,7566.800000,6550.300000,2184.500000,4365.800000,60950.799199,2579.400000,5400.500000,21.937272,7.478062,11.286140,10.275540,4.134041,23.992000,3.842000,2022-09-30,0,0,0
2023-01-18,SCCO,73.124549,773.098469,56532.476688,7566.800000,6550.300000,2184.500000,4365.800000,60898.276688,2579.400000,5400.500000,21.916910,7.471121,11.276415,10.275540,4.280098,23.724000,3.835833,2022-09-30,0,0,0
2023-01-19,SCCO,73.920435,773.098469,57147.775393,7566.800000,6550.300000,2184.500000,4365.800000,61513.575393,2579.400000,5400.500000,22.155453,7.552436,11.390348,10.275540,4.168514,23.611000,3.862500,2022-09-30,0,0,0
2023-01-20,SCCO,72.843076,773.098469,56314.870301,7566.800000,6550.300000,2184.500000,4365.800000,60680.670301,2579.400000,5400.500000,21.832546,7.442363,11.236121,10.275540,4.187565,23.875000,3.856833,2022-09-30,0,0,0
2023-01-23,SCCO,72.047189,773.098469,55699.571597,7566.800000,6550.300000,2184.500000,4365.800000,60065.371597,2579.400000,5400.500000,21.594003,7.361047,11.122187,10.275540,4.236780,23.265000,3.875167,2022-09-30,0,0,0
2023-01-24,SCCO,73.182780,773.098469,56577.495108,7566.800000,6550.300000,2184.500000,4365.800000,60943.295108,2579.400000,5400.500000,21.934363,7.477070,11.284751,10.275540,4.222038,23.625000,3.890167,2022-09-30,0,0,0
2023-01-25,SCCO,73.114842,773.098469,56524.972597,7566.800000,6550.300000,2184.500000,4365.800000,60890.772597,2579.400000,5400.500000,21.914000,7.470129,11.275025,10.275540,4.199358,23.785000,3.899000,2022-09-30,0,0,0
2023-01-26,SCCO,72.600429,773.098469,56127.280279,7566.800000,6550.300000,2184.500000,4365.800000,60493.080279,2579.400000,5400.500000,21.759820,7.417572,11.201385,10.275540,4.213193,23.965000,3.861667,2022-09-30,0,0,0
2023-01-27,SCCO,72.386893,773.098469,55962.196403,7566.800000,6550.300000,2184.500000,4365.800000,60327.996403,2579.400000,5400.500000,21.695819,7.395755,11.170817,10.275540,4.239047,23.555000,3.829333,2022-09-30,0,0,0
2023-01-30,SCCO,72.396600,773.098469,55969.700494,7566.800000,6550.300000,2184.500000,4365.800000,60335.500494,2579.400000,5400.500000,21.698729,7.396746,11.172206,10.275540,4.185297,23.686000,3.857000,2022-09-30,0,0,0
2023-01-31,SCCO,72.998372,773.098469,56434.929631,7566.800000,6550.300000,2184.500000,4365.800000,60800.729631,2579.400000,5400.500000,21.879092,7.458229,11.258352,10.275540,4.116351,23.683000,3.847833,2022-09-30,0,0,0
2023-02-01,SCCO,76.065448,773.098469,58806.081485,7566.800000,6550.300000,2184.500000,4365.800000,63171.881485,2579.400000,5400.500000,22.798357,7.771592,11.697413,10.275540,4.161710,23.519000,3.846000,2022-09-30,0,0,0
2023-02-02,SCCO,73.871903,773.098469,57110.254938,7566.800000,6550.300000,2184.500000,4365.800000,61476.054938,2579.400000,5400.500000,22.140907,7.547478,11.383401,10.275540,4.134041,23.575000,3.831167,2022-09-30,0,0,0
2023-02-03,SCCO,73.444848,773.098469,56780.099438,7566.800000,6550.300000,2184.500000,4365.800000,61145.899438,2579.400000,5400.500000,22.012910,7.503846,11.322266,10.275540,4.109547,22.404000,3.848833,2022-09-30,0,0,0
2023-02-06,SCCO,72.648953,773.098469,56164.794608,7566.800000,6550.300000,2184.500000,4365.800000,60530.594608,2579.400000,5400.500000,21.774364,7.422529,11.208332,10.275540,4.033117,22.253000,3.851167,2022-09-30,0,0,0
2023-02-07,SCCO,72.561603,773.098469,56097.263915,7566.800000,6550.300000,2184.500000,4365.800000,60463.063915,2579.400000,5400.500000,21.748183,7.413605,11.195827,10.275540,4.021096,22.295000,3.846000,2022-09-30,0,0,0
2023-02-08,SCCO,72.231605,773.098469,55842.143199,7566.800000,6550.300000,2184.500000,4365.800000,60207.943199,2579.400000,5400.500000,21.649276,7.379889,11.148587,10.275540,4.085053,22.364000,3.858333,2022-09-30,0,0,0
2023-02-09,SCCO,72.270423,773.098469,55872.153437,7566.800000,6550.300000,2184.500000,4365.800000,60237.953437,2579.400000,5400.500000,21.660911,7.383855,11.154144,10.275540,4.061239,22.239000,3.865333,2022-09-30,0,0,0
2023-02-10,SCCO,71.426012,773.098469,55219.340403,7566.800000,6550.300000,2184.500000,4365.800000,59585.140403,2579.400000,5400.500000,21.407824,7.297582,11.033264,10.275540,4.039240,21.945000,3.854667,2022-09-30,0,0,0
2023-02-13,SCCO,71.552189,773.098469,55316.887460,7566.800000,6550.300000,2184.500000,4365.800000,59682.687460,2579.400000,5400.500000,21.445641,7.310473,11.051326,10.275540,4.042415,21.893000,3.852167,2022-09-30,0,0,0
2023-02-14,SCCO,72.542190,773.098469,56082.255733,7566.800000,6550.300000,2184.500000,4365.800000,60448.055733,2579.400000,5400.500000,21.742365,7.411621,11.193048,10.275540,4.051260,21.759000,3.860667,2022-09-30,0,0,0
2023-02-15,SCCO,73.279845,773.098469,56652.536018,7566.800000,6550.300000,2184.500000,4365.800000,61018.336018,2579.400000,5400.500000,21.963455,7.486987,11.298646,10.275540,4.003406,21.646000,3.863167,2022-09-30,0,0,0
2023-02-16,SCCO,73.862196,773.098469,57102.750847,7566.800000,6550.300000,2184.500000,4365.800000,61468.550847,2579.400000,5400.500000,22.137998,7.546486,11.382011,10.275540,4.033343,21.728000,3.864667,2022-09-30,0,0,0
2023-02-17,SCCO,71.862773,773.098469,55556.999994,7566.800000,6550.300000,2184.500000,4365.800000,59922.799994,2579.400000,5400.500000,21.538730,7.342205,11.095787,10.275540,4.023818,21.701000,3.845167,2022-09-30,0,0,0
2023-02-21,SCCO,72.173366,773.098469,55797.118653,7566.800000,6550.300000,2184.500000,4365.800000,60162.918653,2579.400000,5400.500000,21.631821,7.373939,11.140250,10.275540,4.129278,21.840000,3.834833,2022-09-30,0,0,0
2023-02-22,SCCO,71.542482,773.098469,55309.383369,7566.800000,6550.300000,2184.500000,4365.800000,59675.183369,2579.400000,5400.500000,21.442732,7.309481,11.049937,10.275540,4.137216,21.635000,3.821667,2022-09-30,0,0,0
2023-02-23,SCCO,70.154530,773.098469,54236.359618,7566.800000,6550.300000,2184.500000,4365.800000,58602.159618,2579.400000,5400.500000,21.026735,7.167675,10.851247,10.275540,4.109547,21.342000,3.803000,2022-09-30,0,0,0
2023-02-24,SCCO,69.106290,773.098469,53425.966800,7566.800000,6550.300000,2184.500000,4365.800000,57791.766800,2579.400000,5400.500000,20.712556,7.060576,10.701188,10.275540,3.994788,20.899000,3.821167,2022-09-30,0,0,0
2023-02-27,SCCO,70.368065,773.098469,54401.443494,7566.800000,6550.300000,2184.500000,4365.800000,58767.243494,2579.400000,5400.500000,21.090736,7.189491,10.881815,10.275540,3.969387,20.700000,3.812167,2022-09-30,0,0,0
2023-02-28,SCCO,71.523069,773.098469,55294.375187,7566.800000,6550.300000,2184.500000,4365.800000,59660.175187,2579.400000,5400.500000,21.436914,7.307498,11.047158,10.275540,4.011571,20.829000,3.804667,2022-09-30,0,0,0
2023-03-01,SCCO,73.910729,773.101669,57140.507816,8084.200000,6251.200000,2069.700000,4181.500000,61322.007816,2648.000000,5232.100000,21.578742,7.068171,11.720343,10.275540,4.112495,21.061000,3.776000,2022-12-31,0,0,0
2023-03-02,SCCO,73.027492,773.101669,56457.675592,8084.200000,6251.200000,2069.700000,4181.500000,60639.175592,2648.000000,5232.100000,21.320874,6.983706,11.589835,10.275540,4.035158,20.827000,3.786167,2022-12-31,0,0,0
2023-03-03,SCCO,76.288682,773.101669,58978.907449,8084.200000,6251.200000,2069.700000,4181.500000,63160.407449,2648.000000,5232.100000,22.273001,7.295577,12.071713,10.275540,4.057384,21.121000,3.784167,2022-12-31,0,0,0
2023-03-06,SCCO,74.512501,773.101669,57605.738879,8084.200000,6251.200000,2069.700000,4181.500000,61787.238879,2648.000000,5232.100000,21.754433,7.125719,11.809262,10.275540,4.000231,21.144000,3.785500,2022-12-31,0,0,0
2023-03-07,SCCO,70.436003,773.101669,54454.191400,8084.200000,6251.200000,2069.700000,4181.500000,58635.691400,2648.000000,5232.100000,20.564272,6.735879,11.206913,10.275540,4.002499,20.270000,3.788833,2022-12-31,0,0,0
2023-03-08,SCCO,72.707192,773.101669,56210.051817,8084.200000,6251.200000,2069.700000,4181.500000,60391.551817,2648.000000,5232.100000,21.227361,6.953075,11.542507,10.275540,3.996149,20.067000,3.791667,2022-12-31,0,0,0
2023-03-09,SCCO,71.173658,773.101669,55024.474046,8084.200000,6251.200000,2069.700000,4181.500000,59205.974046,2648.000000,5232.100000,20.779635,6.806422,11.315910,10.275540,3.995242,20.090000,3.788167,2022-12-31,0,0,0
2023-03-10,SCCO,70.232182,773.101669,54296.617089,8084.200000,6251.200000,2069.700000,4181.500000,58478.117089,2648.000000,5232.100000,20.504765,6.716387,11.176797,10.275540,3.971201,20.427000,3.782667,2022-12-31,0,0,0
2023-03-13,SCCO,70.397177,773.101669,54424.174912,8084.200000,6251.200000,2069.700000,4181.500000,58605.674912,2648.000000,5232.100000,20.552936,6.732166,11.201176,10.275540,3.924028,21.858000,3.802833,2022-12-31,0,0,0
2023-03-14,SCCO,71.639539,773.101669,55384.647400,8084.200000,6251.200000,2069.700000,4181.500000,59566.147400,2648.000000,5232.100000,20.915652,6.850974,11.384749,10.275540,4.039240,21.872000,3.788833,2022-12-31,0,0,0
2023-03-15,SCCO,66.058623,773.101669,51070.031453,8084.200000,6251.200000,2069.700000,4181.500000,55251.531453,2648.000000,5232.100000,19.286266,6.317265,10.560106,10.275540,3.866875,21.930000,3.809167,2022-12-31,0,0,0
2023-03-16,SCCO,66.495396,773.101669,51407.701630,8084.200000,6251.200000,2069.700000,4181.500000,55589.201630,2648.000000,5232.100000,19.413785,6.359034,10.624644,10.275540,3.871411,21.550000,3.794167,2022-12-31,0,0,0
2023-03-17,SCCO,66.107155,773.101669,51107.552063,8084.200000,6251.200000,2069.700000,4181.500000,55289.052063,2648.000000,5232.100000,19.300435,6.321906,10.567277,10.275540,3.910420,22.192000,3.795167,2022-12-31,0,0,0
2023-03-20,SCCO,68.921874,773.101669,53283.615747,8084.200000,6251.200000,2069.700000,4181.500000,57465.115747,2648.000000,5232.100000,20.122211,6.591081,10.983184,10.275540,3.935821,22.490000,3.779333,2022-12-31,0,0,0
2023-03-21,SCCO,69.251880,773.101669,53538.743645,8084.200000,6251.200000,2069.700000,4181.500000,57720.243645,2648.000000,5232.100000,20.218559,6.622640,11.031946,10.275540,4.002499,22.257000,3.770333,2022-12-31,0,0,0
2023-03-22,SCCO,68.873349,773.101669,53246.101263,8084.200000,6251.200000,2069.700000,4181.500000,57427.601263,2648.000000,5232.100000,20.108044,6.586440,10.976014,10.275540,4.028127,22.633000,3.772333,2022-12-31,0,0,0
2023-03-23,SCCO,69.261586,773.101669,53546.247767,8084.200000,6251.200000,2069.700000,4181.500000,57727.747767,2648.000000,5232.100000,20.221393,6.623568,11.033380,10.275540,4.044683,23.080000,3.767000,2022-12-31,0,0,0
2023-03-24,SCCO,69.145116,773.101669,53456.204428,8084.200000,6251.200000,2069.700000,4181.500000,57637.704428,2648.000000,5232.100000,20.187388,6.612430,11.016170,10.275540,4.049219,23.182000,3.773200,2022-12-31,0,0,0
2023-03-27,SCCO,70.096299,773.101669,54191.565507,8084.200000,6251.200000,2069.700000,4181.500000,58373.065507,2648.000000,5232.100000,20.465093,6.703392,11.156718,10.275540,4.026086,23.003000,3.768500,2022-12-31,0,0,0
2023-03-28,SCCO,71.649246,773.101669,55392.151522,8084.200000,6251.200000,2069.700000,4181.500000,59573.651522,2648.000000,5232.100000,20.918486,6.851903,11.386184,10.275540,4.052394,23.231000,3.765500,2022-12-31,0,0,0
2023-03-29,SCCO,73.512786,773.101669,56832.857190,8084.200000,6251.200000,2069.700000,4181.500000,61014.357190,2648.000000,5232.100000,21.462559,7.030115,11.661543,10.275540,4.105918,23.277000,3.756333,2022-12-31,0,0,0
2023-03-30,SCCO,73.541905,773.101669,56855.369556,8084.200000,6251.200000,2069.700000,4181.500000,61036.869556,2648.000000,5232.100000,21.471061,7.032900,11.665845,10.275540,4.099795,23.730000,3.759333,2022-12-31,0,0,0
2023-03-31,SCCO,74.007786,773.101669,57215.542911,8084.200000,6251.200000,2069.700000,4181.500000,61397.042911,2648.000000,5232.100000,21.607078,7.077453,11.734685,10.275540,4.052848,24.161000,3.762833,2022-12-31,0,0,0
2023-04-03,SCCO,74.968675,773.101669,57958.408111,8084.200000,6251.200000,2069.700000,4181.500000,62139.908111,2648.000000,5232.100000,21.887616,7.169344,11.876667,10.275540,4.066909,24.022000,3.768000,2022-12-31,0,0,0
2023-04-04,SCCO,72.610135,773.101669,56135.016722,8084.200000,6251.200000,2069.700000,4181.500000,60316.516722,2648.000000,5232.100000,21.199024,6.943794,11.528166,10.275540,4.050580,24.857000,3.772833,2022-12-31,0,0,0
2023-04-05,SCCO,72.027776,773.101669,55684.793904,8084.200000,6251.200000,2069.700000,4181.500000,59866.293904,2648.000000,5232.100000,21.029001,6.888102,11.442116,10.275540,3.982541,24.980000,3.772000,2022-12-31,0,0,0
2023-04-10,SCCO,72.949839,773.101669,56397.642616,8084.200000,6251.200000,2069.700000,4181.500000,60579.142616,2648.000000,5232.100000,21.298203,6.976280,11.578361,10.275540,4.007942,24.776000,3.781000,2022-12-31,0,0,0
2023-04-11,SCCO,75.250149,773.101669,58176.015398,8084.200000,6251.200000,2069.700000,4181.500000,62357.515398,2648.000000,5232.100000,21.969794,7.196261,11.918258,10.275540,4.008623,25.089000,3.784500,2022-12-31,0,0,0
2023-04-12,SCCO,75.114265,773.101669,58070.963816,8084.200000,6251.200000,2069.700000,4181.500000,62252.463816,2648.000000,5232.100000,21.930122,7.183267,11.898179,10.275540,3.992974,25.210000,3.776000,2022-12-31,0,0,0
2023-04-13,SCCO,78.123110,773.101669,60397.106877,8084.200000,6251.200000,2069.700000,4181.500000,64578.606877,2648.000000,5232.100000,22.808575,7.471006,12.342770,10.275540,4.083012,25.792000,3.775667,2022-12-31,0,0,0
2023-04-14,SCCO,78.171635,773.101669,60434.621362,8084.200000,6251.200000,2069.700000,4181.500000,64616.121362,2648.000000,5232.100000,22.822742,7.475646,12.349940,10.275540,4.119526,25.262000,3.781833,2022-12-31,0,0,0
2023-04-17,SCCO,77.608689,773.101669,59999.406787,8084.200000,6251.200000,2069.700000,4181.500000,64180.906787,2648.000000,5232.100000,22.658386,7.421811,12.266758,10.275540,4.075527,24.975000,3.783500,2022-12-31,0,0,0
2023-04-18,SCCO,79.443117,773.101669,61417.606215,8084.200000,6251.200000,2069.700000,4181.500000,65599.106215,2648.000000,5232.100000,23.193960,7.597240,12.537816,10.275540,4.066909,25.219000,3.778333,2022-12-31,0,0,0
2023-04-19,SCCO,79.278114,773.101669,61290.042267,8084.200000,6251.200000,2069.700000,4181.500000,65471.542267,2648.000000,5232.100000,23.145786,7.581460,12.513435,10.275540,4.025632,25.215000,3.778500,2022-12-31,0,0,0
2023-04-20,SCCO,78.336638,773.101669,60562.185310,8084.200000,6251.200000,2069.700000,4181.500000,64743.685310,2648.000000,5232.100000,22.870916,7.491426,12.374321,10.275540,4.025632,25.218000,3.764833,2022-12-31,0,0,0
2023-04-21,SCCO,76.337215,773.101669,59016.428059,8084.200000,6251.200000,2069.700000,4181.500000,63197.928059,2648.000000,5232.100000,22.287171,7.300219,12.078884,10.275540,3.998870,24.973000,3.763500,2022-12-31,0,0,0
2023-04-24,SCCO,77.152514,773.101669,59646.737555,8084.200000,6251.200000,2069.700000,4181.500000,63828.237555,2648.000000,5232.100000,22.525203,7.378187,12.199354,10.275540,3.974603,25.142000,3.758167,2022-12-31,0,0,0
2023-04-25,SCCO,73.367196,773.101669,56720.301486,8084.200000,6251.200000,2069.700000,4181.500000,60901.801486,2648.000000,5232.100000,21.420053,7.016192,11.640030,10.275540,3.865061,24.711000,3.756000,2022-12-31,0,0,0
2023-04-26,SCCO,73.270139,773.101669,56645.266391,8084.200000,6251.200000,2069.700000,4181.500000,60826.766391,2648.000000,5232.100000,21.391717,7.006911,11.625689,10.275540,3.891369,24.915000,3.746833,2022-12-31,0,0,0
2023-04-27,SCCO,73.270139,773.101669,56645.266391,8084.200000,6251.200000,2069.700000,4181.500000,60826.766391,2648.000000,5232.100000,21.391717,7.006911,11.625689,10.275540,3.839886,24.847000,3.731000,2022-12-31,0,0,0
2023-04-28,SCCO,74.570732,773.101669,57650.757485,8084.200000,6251.200000,2069.700000,4181.500000,61832.257485,2648.000000,5232.100000,21.771434,7.131288,11.817866,10.275540,3.887740,25.067000,3.714333,2022-12-31,0,0,0
2023-05-02,SCCO,74.561026,773.101669,57643.253363,8084.200000,6251.200000,2069.700000,4181.500000,61824.753363,2648.000000,5232.100000,21.768600,7.130360,11.816432,10.275540,3.888647,25.385000,3.709833,2022-12-31,0,0,0
2023-05-03,SCCO,73.881609,773.101669,57117.995450,8124.800000,6252.000000,2299.800000,3952.200000,61070.195450,2676.100000,5122.800000,21.343745,7.030080,11.921253,10.275540,3.849185,25.427000,3.707833,2023-03-31,0,0,0
2023-05-04,SCCO,72.746018,773.101669,56240.068305,8124.800000,6252.000000,2299.800000,3952.200000,60192.268305,2676.100000,5122.800000,21.015683,6.922025,11.749877,10.275540,3.873225,25.920000,3.719333,2023-03-31,0,0,0
2023-05-05,SCCO,76.880748,773.101669,59436.634390,8124.800000,6252.000000,2299.800000,3952.200000,63388.834390,2676.100000,5122.800000,22.210169,7.315458,12.373865,10.275540,3.850092,25.620000,3.713167,2023-03-31,0,0,0
2023-05-08,SCCO,76.628394,773.101669,59241.539469,8124.800000,6252.000000,2299.800000,3952.200000,63193.739469,2676.100000,5122.800000,22.137267,7.291446,12.335781,10.275540,3.850092,25.640000,3.706000,2023-03-31,0,0,0
2023-05-09,SCCO,76.715745,773.101669,59309.070441,8124.800000,6252.000000,2299.800000,3952.200000,63261.270441,2676.100000,5122.800000,22.162502,7.299758,12.348964,10.275540,3.893183,25.533000,3.697833,2023-03-31,0,0,0
2023-05-10,SCCO,72.328662,773.101669,55917.409435,8124.800000,6252.000000,2299.800000,3952.200000,59869.609435,2676.100000,5122.800000,20.895112,6.882312,11.686892,10.275540,3.841474,25.359000,3.673500,2023-03-31,0,0,0
2023-05-11,SCCO,67.407753,773.101669,52113.046220,8124.800000,6252.000000,2299.800000,3952.200000,56065.246220,2676.100000,5122.800000,19.473505,6.414071,10.944258,10.275540,3.749848,24.175000,3.678333,2023-03-31,0,0,0
2023-05-12,SCCO,67.446571,773.101669,52143.056583,8124.800000,6252.000000,2299.800000,3952.200000,56095.256583,2676.100000,5122.800000,19.484719,6.417765,10.950116,10.275540,3.737601,23.900000,3.656000,2023-03-31,0,0,0
2023-05-15,SCCO,70.173943,773.101669,54251.592357,8124.800000,6252.000000,2299.800000,3952.200000,58203.792357,2676.100000,5122.800000,20.272633,6.677283,11.361715,10.275540,3.758920,24.095000,3.663333,2023-03-31,0,0,0
2023-05-16,SCCO,67.398046,773.101669,52105.542098,8124.800000,6252.000000,2299.800000,3952.200000,56057.742098,2676.100000,5122.800000,19.470701,6.413148,10.942793,10.275540,3.663212,23.706000,3.685333,2023-03-31,0,0,0
2023-05-17,SCCO,68.912167,773.101669,53276.111625,8124.800000,6252.000000,2299.800000,3952.200000,57228.311625,2676.100000,5122.800000,19.908117,6.557221,11.171295,10.275540,3.708571,23.678000,3.695667,2023-03-31,0,0,0
2023-05-18,SCCO,67.048628,773.101669,51835.405957,8124.800000,6252.000000,2299.800000,3952.200000,55787.605957,2676.100000,5122.800000,19.369757,6.379899,10.890061,10.275540,3.706530,23.465000,3.702500,2023-03-31,0,0,0
2023-05-19,SCCO,66.854513,773.101669,51685.335768,8124.800000,6252.000000,2299.800000,3952.200000,55637.535768,2676.100000,5122.800000,19.313679,6.361429,10.860767,10.275540,3.729437,23.866000,3.690667,2023-03-31,0,0,0
2023-05-22,SCCO,67.349514,773.101669,52068.021488,8124.800000,6252.000000,2299.800000,3952.200000,56020.221488,2676.100000,5122.800000,19.456680,6.408530,10.935469,10.275540,3.671377,23.673000,3.692167,2023-03-31,0,0,0
2023-05-23,SCCO,64.699794,773.101669,50019.518690,8124.800000,6252.000000,2299.800000,3952.200000,53971.718690,2676.100000,5122.800000,18.691199,6.156400,10.535590,10.275540,3.611049,23.430000,3.694000,2023-03-31,0,0,0
2023-05-24,SCCO,63.117723,773.101669,48796.417246,8124.800000,6252.000000,2299.800000,3952.200000,52748.617246,2676.100000,5122.800000,18.234153,6.005861,10.296833,10.275540,3.587916,23.164000,3.687667,2023-03-31,0,0,0
2023-05-25,SCCO,63.273020,773.101669,48916.477072,8124.800000,6252.000000,2299.800000,3952.200000,52868.677072,2676.100000,5122.800000,18.279017,6.020638,10.320270,10.275540,3.593359,22.851000,3.695000,2023-03-31,0,0,0
2023-05-26,SCCO,65.282149,773.101669,50469.738446,8124.800000,6252.000000,2299.800000,3952.200000,54421.938446,2676.100000,5122.800000,18.859437,6.211813,10.623475,10.275540,3.665934,23.220000,3.672500,2023-03-31,0,0,0
2023-05-30,SCCO,65.068618,773.101669,50304.656950,8124.800000,6252.000000,2299.800000,3952.200000,54256.856950,2676.100000,5122.800000,18.797749,6.191495,10.591250,10.275540,3.684077,23.229000,3.674500,2023-03-31,0,0,0
2023-05-31,SCCO,64.806558,773.101669,50102.057906,8124.800000,6252.000000,2299.800000,3952.200000,54054.257906,2676.100000,5122.800000,18.722042,6.166559,10.551702,10.275540,3.636450,23.563000,3.679500,2023-03-31,0,0,0
2023-06-01,SCCO,66.679804,773.101669,51550.267697,8124.800000,6252.000000,2299.800000,3952.200000,55502.467697,2676.100000,5122.800000,19.263207,6.344805,10.834401,10.275540,3.724220,23.913000,3.683667,2023-03-31,0,0,0
2023-06-02,SCCO,68.853936,773.101669,53231.093019,8124.800000,6252.000000,2299.800000,3952.200000,57183.293019,2676.100000,5122.800000,19.891294,6.551680,11.162507,10.275540,3.781600,23.761000,3.686667,2023-03-31,0,0,0
2023-06-05,SCCO,68.397754,773.101669,52878.417661,8124.800000,6252.000000,2299.800000,3952.200000,56830.617661,2676.100000,5122.800000,19.759507,6.508273,11.093663,10.275540,3.748941,23.576000,3.678667,2023-03-31,0,0,0
2023-06-06,SCCO,69.251880,773.101669,53538.743645,8124.800000,6252.000000,2299.800000,3952.200000,57490.943645,2676.100000,5122.800000,20.006257,6.589546,11.222563,10.275540,3.769806,23.572000,3.690333,2023-03-31,0,0,0
2023-06-07,SCCO,69.387763,773.101669,53643.795227,8124.800000,6252.000000,2299.800000,3952.200000,57595.995227,2676.100000,5122.800000,20.045512,6.602476,11.243069,10.275540,3.788403,23.509000,3.670333,2023-03-31,0,0,0
2023-06-08,SCCO,69.834239,773.101669,53988.966463,8124.800000,6252.000000,2299.800000,3952.200000,57941.166463,2676.100000,5122.800000,20.174495,6.644959,11.310449,10.275540,3.738962,24.230000,3.657333,2023-03-31,0,0,0
2023-06-09,SCCO,69.183934,773.101669,53486.214791,8124.800000,6252.000000,2299.800000,3952.200000,57438.414791,2676.100000,5122.800000,19.986628,6.583081,11.212309,10.275540,3.795661,24.361000,3.645833,2023-03-31,0,0,0
2023-06-12,SCCO,68.455993,773.101669,52923.442393,8124.800000,6252.000000,2299.800000,3952.200000,56875.642393,2676.100000,5122.800000,19.776332,6.513815,11.102452,10.275540,3.758920,23.975000,3.654000,2023-03-31,0,0,0
2023-06-13,SCCO,70.668943,773.101669,54634.278077,8124.800000,6252.000000,2299.800000,3952.200000,58586.478077,2676.100000,5122.800000,20.415634,6.724384,11.436417,10.275540,3.819928,23.770000,3.646167,2023-03-31,0,0,0
2023-06-14,SCCO,71.581300,773.101669,55339.622668,8124.800000,6252.000000,2299.800000,3952.200000,59291.822668,2676.100000,5122.800000,20.679206,6.811198,11.574105,10.275540,3.836031,24.023000,3.650000,2023-03-31,0,0,0
2023-06-15,SCCO,71.979251,773.101669,55647.279419,8124.800000,6252.000000,2299.800000,3952.200000,59599.479419,2676.100000,5122.800000,20.794170,6.849065,11.634161,10.275540,3.846010,23.810000,3.651167,2023-03-31,0,0,0
2023-06-16,SCCO,72.251018,773.101669,55857.382584,8124.800000,6252.000000,2299.800000,3952.200000,59809.582584,2676.100000,5122.800000,20.872681,6.874924,11.675174,10.275540,3.883204,24.022000,3.635667,2023-03-31,0,0,0
2023-06-20,SCCO,71.008656,773.101669,54896.910097,8124.800000,6252.000000,2299.800000,3952.200000,58849.110097,2676.100000,5122.800000,20.513774,6.756709,11.487684,10.275540,3.885019,23.132000,3.645333,2023-03-31,0,0,0
2023-06-21,SCCO,71.125126,773.101669,54986.953435,8124.800000,6252.000000,2299.800000,3952.200000,58939.153435,2676.100000,5122.800000,20.547421,6.767792,11.505261,10.275540,3.850999,22.764000,3.642500,2023-03-31,0,0,0
2023-06-22,SCCO,71.629833,773.101669,55377.143278,8124.800000,6252.000000,2299.800000,3952.200000,59329.343278,2676.100000,5122.800000,20.693226,6.815816,11.581429,10.275540,3.932873,22.439000,3.637333,2023-03-31,0,0,0
2023-06-23,SCCO,69.154822,773.101669,53463.708550,8124.800000,6252.000000,2299.800000,3952.200000,57415.908550,2676.100000,5122.800000,19.978218,6.580311,11.207915,10.275540,3.850999,22.356000,3.633333,2023-03-31,0,0,0
2023-06-26,SCCO,70.503948,773.101669,54506.720254,8124.800000,6252.000000,2299.800000,3952.200000,58458.920254,2676.100000,5122.800000,20.367968,6.708685,11.411517,10.275540,3.826959,22.841000,3.641333,2023-03-31,0,0,0
2023-06-27,SCCO,71.241596,773.101669,55076.996774,8124.800000,6252.000000,2299.800000,3952.200000,59029.196774,2676.100000,5122.800000,20.581068,6.778874,11.522838,10.275540,3.795207,22.896000,3.637667,2023-03-31,0,0,0
2023-06-28,SCCO,68.601583,773.101669,53035.998098,8124.800000,6252.000000,2299.800000,3952.200000,56988.198098,2676.100000,5122.800000,19.818392,6.527668,11.124424,10.275540,3.750302,22.840000,3.633000,2023-03-31,0,0,0
2023-06-30,SCCO,69.630410,773.101669,53831.386027,8124.800000,6252.000000,2299.800000,3952.200000,57783.586027,2676.100000,5122.800000,20.115611,6.625564,11.279688,10.275540,3.723993,22.755000,3.627167,2023-03-31,0,0,0
2023-07-03,SCCO,70.678650,773.101669,54641.782199,8124.800000,6252.000000,2299.800000,3952.200000,58593.982199,2676.100000,5122.800000,20.418438,6.725308,11.437882,10.275540,3.789764,22.755000,3.627000,2023-03-31,0,0,0
2023-07-05,SCCO,68.795697,773.101669,53186.068287,8124.800000,6252.000000,2299.800000,3952.200000,57138.268287,2676.100000,5122.800000,19.874470,6.546139,11.153718,10.275540,3.742591,23.224000,3.632000,2023-03-31,0,0,0
2023-07-06,SCCO,66.970983,773.101669,51775.379106,8124.800000,6252.000000,2299.800000,3952.200000,55727.579106,2676.100000,5122.800000,19.347326,6.372511,10.878344,10.275540,3.755745,22.730000,3.647000,2023-03-31,0,0,0
2023-07-07,SCCO,68.591876,773.101669,53028.493976,8124.800000,6252.000000,2299.800000,3952.200000,56980.693976,2676.100000,5122.800000,19.815588,6.526745,11.122959,10.275540,3.764363,23.059000,3.640833,2023-03-31,0,0,0
2023-07-10,SCCO,68.853936,773.101669,53231.093019,8124.800000,6252.000000,2299.800000,3952.200000,57183.293019,2676.100000,5122.800000,19.891294,6.551680,11.162507,10.275540,3.758466,23.073000,3.639667,2023-03-31,0,0,0
2023-07-11,SCCO,70.018647,773.101669,54131.532530,8124.800000,6252.000000,2299.800000,3952.200000,58083.732530,2676.100000,5122.800000,20.227769,6.662506,11.338278,10.275540,3.797022,23.097000,3.631833,2023-03-31,0,0,0
2023-07-12,SCCO,71.950132,773.101669,55624.767053,8124.800000,6252.000000,2299.800000,3952.200000,59576.967053,2676.100000,5122.800000,20.785758,6.846294,11.629766,10.275540,3.795207,24.066000,3.588167,2023-03-31,0,0,0
2023-07-13,SCCO,75.648092,773.101669,58483.666024,8124.800000,6252.000000,2299.800000,3952.200000,62435.866024,2676.100000,5122.800000,21.854066,7.198167,12.187840,10.275540,3.894091,24.594000,3.572000,2023-03-31,0,0,0
2023-07-14,SCCO,74.522208,773.101669,57613.243001,8124.800000,6252.000000,2299.800000,3952.200000,61565.443001,2676.100000,5122.800000,21.528808,7.091035,12.017928,10.275540,3.924028,24.929000,3.563833,2023-03-31,0,0,0
2023-07-17,SCCO,73.658375,773.101669,56945.412895,8124.800000,6252.000000,2299.800000,3952.200000,60897.612895,2676.100000,5122.800000,21.279254,7.008839,11.887564,10.275540,3.837618,24.867000,3.562667,2023-03-31,0,0,0
2023-07-18,SCCO,74.386324,773.101669,57508.191418,8124.800000,6252.000000,2299.800000,3952.200000,61460.391418,2676.100000,5122.800000,21.489552,7.078105,11.997422,10.275540,3.814712,25.129000,3.557500,2023-03-31,0,0,0
2023-07-19,SCCO,74.502794,773.101669,57598.234757,8124.800000,6252.000000,2299.800000,3952.200000,61550.434757,2676.100000,5122.800000,21.523200,7.089188,12.014999,10.275540,3.789311,25.148000,3.579833,2023-03-31,0,0,0
2023-07-20,SCCO,75.958684,773.101669,58723.785677,8124.800000,6252.000000,2299.800000,3952.200000,62675.985677,2676.100000,5122.800000,21.943793,7.227721,12.234713,10.275540,3.875040,24.883000,3.587833,2023-03-31,0,0,0
2023-07-21,SCCO,76.065448,773.101669,58806.324894,8124.800000,6252.000000,2299.800000,3952.200000,62758.524894,2676.100000,5122.800000,21.974637,7.237880,12.250825,10.275540,3.820155,24.651000,3.587167,2023-03-31,0,0,0
2023-07-24,SCCO,77.036044,773.101669,59556.694216,8124.800000,6252.000000,2299.800000,3952.200000,63508.894216,2676.100000,5122.800000,22.255033,7.330235,12.397301,10.275540,3.823784,24.442000,3.588833,2023-03-31,0,0,0
2023-07-25,SCCO,81.131947,773.101669,62723.243813,8124.800000,6252.000000,2299.800000,3952.200000,66675.443813,2676.100000,5122.800000,23.438303,7.719974,13.015430,10.275540,3.899534,24.688000,3.603000,2023-03-31,0,0,0
2023-07-26,SCCO,81.549304,773.101669,63045.902683,8124.800000,6252.000000,2299.800000,3952.200000,66998.102683,2676.100000,5122.800000,23.558874,7.759687,13.078415,10.275540,3.870957,24.883000,3.599333,2023-03-31,0,0,0
2023-07-27,SCCO,81.500771,773.101669,63008.382073,8124.800000,6252.000000,2299.800000,3952.200000,66960.582073,2676.100000,5122.800000,23.544853,7.755069,13.071090,10.275540,3.891142,24.223000,3.596833,2023-03-31,0,0,0
2023-07-31,SCCO,84.868733,773.101669,65612.159272,8124.800000,6252.000000,2299.800000,3952.200000,69564.359272,2676.100000,5122.800000,24.517828,8.075541,13.579363,10.275540,3.916997,24.812000,3.611167,2023-03-31,0,0,0
2023-08-01,SCCO,82.393723,773.101669,63698.724545,8124.800000,6252.000000,2299.800000,3952.200000,67650.924545,2676.100000,5122.800000,23.802819,7.840036,13.205849,10.275540,3.955552,24.196000,3.638333,2023-03-31,0,0,0
2023-08-02,SCCO,79.685764,773.108069,61605.707003,7899.600000,6252.900000,2199.000000,4053.900000,65659.607003,2791.500000,5215.200000,22.069033,7.798586,12.590046,10.275540,3.875947,23.690000,3.662333,2023-06-30,0,0,0
2023-08-03,SCCO,81.306657,773.108069,62858.832247,7899.600000,6252.900000,2199.000000,4053.900000,66912.732247,2791.500000,5215.200000,22.517941,7.957217,12.830329,10.275540,3.842835,23.549000,3.698000,2023-06-30,0,0,0
2023-08-04,SCCO,81.413420,773.108069,62941.372146,7899.600000,6252.900000,2199.000000,4053.900000,66995.272146,2791.500000,5215.200000,22.547509,7.967666,12.846156,10.275540,3.833082,23.663000,3.691167,2023-06-30,0,0,0
2023-08-07,SCCO,81.588130,773.108069,63076.441335,7899.600000,6252.900000,2199.000000,4053.900000,67130.341335,2791.500000,5215.200000,22.595895,7.984764,12.872055,10.275540,3.853267,23.103000,3.691667,2023-06-30,0,0,0
2023-08-08,SCCO,81.180480,773.108069,62761.283978,7899.600000,6252.900000,2199.000000,4053.900000,66815.183978,2791.500000,5215.200000,22.482996,7.944869,12.811624,10.275540,3.753930,22.720000,3.709000,2023-06-30,0,0,0
2023-08-09,SCCO,80.947539,773.108069,62581.195810,7899.600000,6252.900000,2199.000000,4053.900000,66635.095810,2791.500000,5215.200000,22.418483,7.922071,12.777093,10.275540,3.807908,22.684000,3.693667,2023-06-30,0,0,0
2023-08-10,SCCO,80.811656,773.108069,62476.143358,7899.600000,6252.900000,2199.000000,4053.900000,66530.043358,2791.500000,5215.200000,22.380850,7.908773,12.756950,10.275540,3.820835,22.877000,3.674333,2023-06-30,0,0,0
2023-08-11,SCCO,79.734296,773.108069,61643.227924,7899.600000,6252.900000,2199.000000,4053.900000,65697.127924,2791.500000,5215.200000,22.082475,7.803335,12.597240,10.275540,3.738508,22.674000,3.684500,2023-06-30,0,0,0
2023-08-14,SCCO,79.248994,773.108069,61268.037094,7899.600000,6252.900000,2199.000000,4053.900000,65321.937094,2791.500000,5215.200000,21.948070,7.755840,12.525299,10.275540,3.738508,22.643000,3.704500,2023-06-30,0,0,0
2023-08-15,SCCO,77.793105,773.108069,60142.476856,7899.600000,6252.900000,2199.000000,4053.900000,64196.376856,2791.500000,5215.200000,21.544860,7.613357,12.309476,10.275540,3.686118,22.598000,3.718667,2023-06-30,0,0,0
2023-08-16,SCCO,77.938694,773.108069,60255.033492,7899.600000,6252.900000,2199.000000,4053.900000,64308.933492,2791.500000,5215.200000,21.585181,7.627606,12.331058,10.275540,3.688613,22.581000,3.715333,2023-06-30,0,0,0
2023-08-17,SCCO,77.598990,773.108069,59992.405424,7899.600000,6252.900000,2199.000000,4053.900000,64046.305424,2791.500000,5215.200000,21.491100,7.594360,12.280700,10.275540,3.726261,22.675000,3.724667,2023-06-30,0,0,0
2023-08-18,SCCO,74.978382,773.108069,57966.392095,7899.600000,6252.900000,2199.000000,4053.900000,62020.292095,2791.500000,5215.200000,20.765320,7.337890,11.892217,10.275540,3.708571,22.753000,3.720000,2023-06-30,0,0,0
2023-08-21,SCCO,76.269269,773.108069,58964.387328,7899.600000,6252.900000,2199.000000,4053.900000,63018.287328,2791.500000,5215.200000,21.122833,7.464224,12.083580,10.275540,3.737374,23.161000,3.720000,2023-06-30,0,0,0
2023-08-22,SCCO,76.890454,773.108069,59444.630611,7899.600000,6252.900000,2199.000000,4053.900000,63498.530611,2791.500000,5215.200000,21.294870,7.525018,12.175665,10.275540,3.783868,23.410000,3.727833,2023-06-30,0,0,0
2023-08-23,SCCO,79.025761,773.108069,61095.453110,7899.600000,6252.900000,2199.000000,4053.900000,65149.353110,2791.500000,5215.200000,21.886245,7.733993,12.492206,10.275540,3.799970,24.295000,3.710833,2023-06-30,0,0,0
2023-08-24,SCCO,76.599275,773.108069,59219.517338,7899.600000,6252.900000,2199.000000,4053.900000,63273.417338,2791.500000,5215.200000,21.214228,7.496521,12.132501,10.275540,3.791352,24.203000,3.698700,2023-06-30,0,0,0
2023-08-25,SCCO,75.502502,773.108069,58371.593535,7899.600000,6252.900000,2199.000000,4053.900000,62425.493535,2791.500000,5215.200000,20.910476,7.389183,11.969914,10.275540,3.801784,24.095000,3.693000,2023-06-30,0,0,0
2023-08-28,SCCO,76.657514,773.108069,59264.542443,7899.600000,6252.900000,2199.000000,4053.900000,63318.442443,2791.500000,5215.200000,21.230357,7.502221,12.141134,10.275540,3.801784,24.347000,3.696000,2023-06-30,0,0,0
2023-08-29,SCCO,78.152222,773.108069,60420.113292,7899.600000,6252.900000,2199.000000,4053.900000,64474.013292,2791.500000,5215.200000,21.644318,7.648503,12.362712,10.275540,3.798836,24.779000,3.693667,2023-06-30,0,0,0
2023-08-31,SCCO,78.288105,773.108069,60525.165744,7899.600000,6252.900000,2199.000000,4053.900000,64579.065744,2791.500000,5215.200000,21.681951,7.661801,12.382855,10.275540,3.791805,24.436000,3.694667,2023-06-30,0,0,0
2023-09-01,SCCO,79.724590,773.108069,61635.723740,7899.600000,6252.900000,2199.000000,4053.900000,65689.623740,2791.500000,5215.200000,22.079786,7.802385,12.595801,10.275540,3.862339,24.229000,3.691667,2023-06-30,0,0,0
2023-09-05,SCCO,76.968098,773.108069,59504.657958,7899.600000,6252.900000,2199.000000,4053.900000,63558.557958,2791.500000,5215.200000,21.316374,7.532617,12.187176,10.275540,3.823784,23.595000,3.705167,2023-06-30,0,0,0
2023-09-06,SCCO,77.239865,773.108069,59714.762863,7899.600000,6252.900000,2199.000000,4053.900000,63768.662863,2791.500000,5215.200000,21.391640,7.559213,12.227463,10.275540,3.807908,23.113000,3.705833,2023-06-30,0,0,0
2023-09-07,SCCO,76.191625,773.108069,58904.359981,7899.600000,6252.900000,2199.000000,4053.900000,62958.259981,2791.500000,5215.200000,21.101329,7.456626,12.072070,10.275540,3.738735,23.009000,3.712167,2023-06-30,0,0,0
2023-09-08,SCCO,76.405160,773.108069,59069.445906,7899.600000,6252.900000,2199.000000,4053.900000,63123.345906,2791.500000,5215.200000,21.160468,7.477524,12.103725,10.275540,3.730797,22.943000,3.716000,2023-06-30,0,0,0
2023-09-11,SCCO,78.035752,773.108069,60330.069208,7899.600000,6252.900000,2199.000000,4053.900000,64383.969208,2791.500000,5215.200000,21.612061,7.637104,12.345446,10.275540,3.779558,23.035000,3.700667,2023-06-30,0,0,0
2023-09-12,SCCO,76.958392,773.108069,59497.153774,7899.600000,6252.900000,2199.000000,4053.900000,63551.053774,2791.500000,5215.200000,21.313686,7.531667,12.185737,10.275540,3.781826,23.063000,3.707000,2023-06-30,0,0,0
2023-09-13,SCCO,76.065448,773.108069,58806.811713,7899.600000,6252.900000,2199.000000,4053.900000,62860.711713,2791.500000,5215.200000,21.066384,7.444277,12.053365,10.275540,3.788857,22.887000,3.703667,2023-06-30,0,0,0
2023-09-14,SCCO,77.851344,773.108069,60187.501961,7899.600000,6252.900000,2199.000000,4053.900000,64241.401961,2791.500000,5215.200000,21.560989,7.619057,12.318109,10.275540,3.820609,22.577000,3.710833,2023-06-30,0,0,0
2023-09-15,SCCO,77.424281,773.108069,59857.336236,7899.600000,6252.900000,2199.000000,4053.900000,63911.236236,2791.500000,5215.200000,21.442714,7.577262,12.254801,10.275540,3.799517,23.184000,3.722833,2023-06-30,0,0,0
2023-09-18,SCCO,77.317517,773.108069,59774.796336,7899.600000,6252.900000,2199.000000,4053.900000,63828.696336,2791.500000,5215.200000,21.413146,7.566813,12.238974,10.275540,3.773889,23.163000,3.709167,2023-06-30,0,0,0
2023-09-19,SCCO,76.191625,773.108069,58904.359981,7899.600000,6252.900000,2199.000000,4053.900000,62958.259981,2791.500000,5215.200000,21.101329,7.456626,12.072070,10.275540,3.734653,23.177000,3.713333,2023-06-30,0,0,0
2023-09-20,SCCO,75.589861,773.108069,58439.131193,7899.600000,6252.900000,2199.000000,4053.900000,62493.031193,2791.500000,5215.200000,20.934670,7.397733,11.982864,10.275540,3.754384,23.516000,3.717167,2023-06-30,0,0,0
2023-09-21,SCCO,73.765139,773.108069,57028.424208,7899.600000,6252.900000,2199.000000,4053.900000,61082.324208,2791.500000,5215.200000,20.429312,7.219153,11.712365,10.275540,3.674552,23.324000,3.742333,2023-06-30,0,0,0
2023-09-22,SCCO,72.532483,773.108069,56075.447954,7899.600000,6252.900000,2199.000000,4053.900000,60129.347954,2791.500000,5215.200000,20.087927,7.098517,11.529634,10.275540,3.714014,23.592000,3.748833,2023-06-30,0,0,0
2023-09-25,SCCO,72.309249,773.108069,55902.863970,7899.600000,6252.900000,2199.000000,4053.900000,59956.763970,2791.500000,5215.200000,20.026102,7.076670,11.496542,10.275540,3.677273,23.143000,3.773833,2023-06-30,0,0,0
2023-09-26,SCCO,70.523354,773.108069,54522.173722,7899.600000,6252.900000,2199.000000,4053.900000,58576.073722,2791.500000,5215.200000,19.531497,6.901890,11.231798,10.275540,3.658676,22.920000,3.784833,2023-06-30,0,0,0
2023-09-27,SCCO,70.659237,773.108069,54627.226174,7899.600000,6252.900000,2199.000000,4053.900000,58681.126174,2791.500000,5215.200000,19.569130,6.915189,11.251942,10.275540,3.636450,22.627000,3.800333,2023-06-30,0,0,0
2023-09-28,SCCO,72.794543,773.108069,56278.048674,7899.600000,6252.900000,2199.000000,4053.900000,60331.948674,2791.500000,5215.200000,20.160505,7.124164,11.568482,10.275540,3.679541,22.568000,3.804833,2023-06-30,0,0,0
2023-09-29,SCCO,73.076016,773.108069,56495.657763,7899.600000,6252.900000,2199.000000,4053.900000,60549.557763,2791.500000,5215.200000,20.238459,7.151711,11.610208,10.275540,3.733292,22.349000,3.792833,2023-06-30,0,0,0
2023-10-02,SCCO,71.775423,773.108069,55490.158345,7899.600000,6252.900000,2199.000000,4053.900000,59544.058345,2791.500000,5215.200000,19.878258,7.024426,11.417406,10.275540,3.674325,21.319000,3.800333,2023-06-30,0,0,0
2023-10-03,SCCO,71.309534,773.108069,55129.975883,7899.600000,6252.900000,2199.000000,4053.900000,59183.875883,2791.500000,5215.200000,19.749230,6.978831,11.348343,10.275540,3.610595,21.231000,3.813333,2023-06-30,0,0,0
2023-10-04,SCCO,71.183365,773.108069,55032.433741,7899.600000,6252.900000,2199.000000,4053.900000,59086.333741,2791.500000,5215.200000,19.714288,6.966484,11.329639,10.275540,3.588142,20.996000,3.814500,2023-06-30,0,0,0
2023-10-05,SCCO,69.581877,773.108069,53794.310740,7899.600000,6252.900000,2199.000000,4053.900000,57848.210740,2791.500000,5215.200000,19.270754,6.809751,11.092232,10.275540,3.543690,20.761000,3.822833,2023-06-30,0,0,0
2023-10-06,SCCO,71.756010,773.108069,55475.149977,7899.600000,6252.900000,2199.000000,4053.900000,59529.049977,2791.500000,5215.200000,19.872882,7.022526,11.414529,10.275540,3.577483,21.581000,3.829333,2023-06-30,0,0,0
2023-10-09,SCCO,71.998657,773.108069,55662.742329,7899.600000,6252.900000,2199.000000,4053.900000,59716.642329,2791.500000,5215.200000,19.940083,7.046274,11.450499,10.275540,3.635770,21.805000,3.837500,2023-06-30,0,0,0
2023-10-10,SCCO,72.998372,773.108069,56435.630416,7899.600000,6252.900000,2199.000000,4053.900000,60489.530416,2791.500000,5215.200000,20.216955,7.144112,11.598698,10.275540,3.586782,21.890000,3.825500,2023-06-30,0,0,0
2023-10-11,SCCO,72.144246,773.108069,55775.298965,7899.600000,6252.900000,2199.000000,4053.900000,59829.198965,2791.500000,5215.200000,19.980404,7.060522,11.472081,10.275540,3.603111,22.007000,3.825000,2023-06-30,0,0,0
2023-10-12,SCCO,70.222475,773.108069,54289.562391,7899.600000,6252.900000,2199.000000,4053.900000,58343.462391,2791.500000,5215.200000,19.448169,6.872444,11.187196,10.275540,3.626471,21.869000,3.843000,2023-06-30,0,0,0
2023-10-13,SCCO,70.018647,773.108069,54131.980650,7899.600000,6252.900000,2199.000000,4053.900000,58185.880650,2791.500000,5215.200000,19.391718,6.852496,11.156980,10.275540,3.579297,22.734000,3.850500,2023-06-30,0,0,0
2023-10-16,SCCO,70.960123,773.108069,54859.843631,7899.600000,6252.900000,2199.000000,4053.900000,58913.743631,2791.500000,5215.200000,19.652461,6.944636,11.296545,10.275540,3.592452,22.659000,3.860000,2023-06-30,0,0,0
2023-10-17,SCCO,71.658952,773.108069,55400.114261,7899.600000,6252.900000,2199.000000,4053.900000,59454.014261,2791.500000,5215.200000,19.846002,7.013028,11.400141,10.275540,3.559113,22.964000,3.859833,2023-06-30,0,0,0
2023-10-18,SCCO,69.018939,773.108069,53359.098689,7899.600000,6252.900000,2199.000000,4053.900000,57412.998689,2791.500000,5215.200000,19.114848,6.754658,11.008782,10.275540,3.604925,22.817000,3.868333,2023-06-30,0,0,0
2023-10-19,SCCO,68.795697,773.108069,53186.508579,7899.600000,6252.900000,2199.000000,4053.900000,57240.408579,2791.500000,5215.200000,19.053021,6.732810,10.975688,10.275540,3.600616,22.817000,3.872167,2023-06-30,0,0,0
2023-10-20,SCCO,68.135694,773.108069,52676.254686,7899.600000,6252.900000,2199.000000,4053.900000,56730.154686,2791.500000,5215.200000,18.870233,6.668218,10.877848,10.275540,3.572494,23.581000,3.874000,2023-06-30,0,0,0
2023-10-23,SCCO,68.106574,773.108069,52653.742134,7899.600000,6252.900000,2199.000000,4053.900000,56707.642134,2791.500000,5215.200000,18.862168,6.665368,10.873532,10.275540,3.549133,23.118000,3.872167,2023-06-30,0,0,0
2023-10-24,SCCO,69.154822,773.108069,53464.151141,7899.600000,6252.900000,2199.000000,4053.900000,57518.051141,2791.500000,5215.200000,19.152481,6.767957,11.028925,10.275540,3.583607,22.939000,3.865500,2023-06-30,0,0,0
2023-10-25,SCCO,67.524223,773.108069,52203.521714,7899.600000,6252.900000,2199.000000,4053.900000,56257.421714,2791.500000,5215.200000,18.700885,6.608375,10.787203,10.275540,3.604245,22.849000,3.871667,2023-06-30,0,0,0
2023-10-26,SCCO,68.562757,773.108069,53006.420411,7899.600000,6252.900000,2199.000000,4053.900000,57060.320411,2791.500000,5215.200000,18.988508,6.710013,10.941157,10.275540,3.601070,22.723000,3.869000,2023-06-30,0,0,0
2023-10-27,SCCO,69.426589,773.108069,53674.256046,7899.600000,6252.900000,2199.000000,4053.900000,57728.156046,2791.500000,5215.200000,19.227747,6.794554,11.069212,10.275540,3.612183,22.698000,3.858500,2023-06-30,0,0,0
2023-10-30,SCCO,69.669236,773.108069,53861.848398,7899.600000,6252.900000,2199.000000,4053.900000,57915.748398,2791.500000,5215.200000,19.294948,6.818301,11.105183,10.275540,3.678634,23.295000,3.842833,2023-06-30,0,0,0
2023-10-31,SCCO,68.815110,773.108069,53201.516948,7899.600000,6252.900000,2199.000000,4053.900000,57255.416948,2791.500000,5215.200000,19.058398,6.734710,10.978566,10.275540,3.645975,23.125000,3.837833,2023-06-30,0,0,0
2023-11-02,SCCO,71.688072,773.110469,55422.798865,7744.800000,6253.800000,1967.100000,4286.700000,59709.498865,2892.600000,5517.700000,19.160202,7.156130,10.821447,10.275540,3.658676,22.750000,3.794833,2023-09-30,0,0,0
2023-11-03,SCCO,72.076309,773.110469,55722.948785,7744.800000,6253.800000,1967.100000,4286.700000,60009.648785,2892.600000,5517.700000,19.263966,7.194885,10.875845,10.275540,3.660717,23.163000,3.735000,2023-09-30,0,0,0
2023-11-06,SCCO,72.047189,773.110469,55700.436163,7744.800000,6253.800000,1967.100000,4286.700000,59987.136163,2892.600000,5517.700000,19.256183,7.191979,10.871765,10.275540,3.690654,23.124000,3.759167,2023-09-30,0,0,0
2023-11-07,SCCO,69.193640,773.110469,53494.327817,7744.800000,6253.800000,1967.100000,4286.700000,57781.027817,2892.600000,5517.700000,18.493510,6.907128,10.471941,10.275540,3.659583,22.547000,3.775667,2023-09-30,0,0,0
2023-11-08,SCCO,68.261871,773.110469,52773.966783,7744.800000,6253.800000,1967.100000,4286.700000,57060.666783,2892.600000,5517.700000,18.244474,6.814116,10.341386,10.275540,3.668655,22.765000,3.796833,2023-09-30,0,0,0
2023-11-09,SCCO,67.766870,773.110469,52391.276706,7744.800000,6253.800000,1967.100000,4286.700000,56677.976706,2892.600000,5517.700000,18.112175,6.764704,10.272029,10.275540,3.642574,22.885000,3.796500,2023-09-30,0,0,0
2023-11-10,SCCO,68.591876,773.110469,53029.097584,7744.800000,6253.800000,1967.100000,4286.700000,57315.797584,2892.600000,5517.700000,18.332676,6.847058,10.387625,10.275540,3.631461,22.358000,3.811667,2023-09-30,0,0,0
2023-11-13,SCCO,68.116281,773.110469,52661.409797,7744.800000,6253.800000,1967.100000,4286.700000,56948.109797,2892.600000,5517.700000,18.205562,6.799583,10.320987,10.275540,3.635316,22.283000,3.812167,2023-09-30,0,0,0
2023-11-14,SCCO,71.911306,773.110469,55595.383384,7744.800000,6253.800000,1967.100000,4286.700000,59882.083384,2892.600000,5517.700000,19.219866,7.178414,10.852725,10.275540,3.665480,23.123000,3.769333,2023-09-30,0,0,0
2023-11-15,SCCO,73.095429,773.110469,56510.841560,7744.800000,6253.800000,1967.100000,4286.700000,60797.541560,2892.600000,5517.700000,19.536348,7.296617,11.018638,10.275540,3.705396,23.445000,3.773333,2023-09-30,0,0,0
2023-11-16,SCCO,72.668366,773.110469,56180.674810,7744.800000,6253.800000,1967.100000,4286.700000,60467.374810,2892.600000,5517.700000,19.422207,7.253987,10.958801,10.275540,3.703809,23.823000,3.770000,2023-09-30,0,0,0
2023-11-17,SCCO,72.551896,773.110469,56090.630447,7744.800000,6253.800000,1967.100000,4286.700000,60377.330447,2892.600000,5517.700000,19.391077,7.242360,10.942482,10.275540,3.692695,23.744000,3.771167,2023-09-30,0,0,0
2023-11-20,SCCO,72.629548,773.110469,56150.664106,7744.800000,6253.800000,1967.100000,4286.700000,60437.364106,2892.600000,5517.700000,19.411832,7.250112,10.953362,10.275540,3.740776,23.540000,3.739500,2023-09-30,0,0,0
2023-11-21,SCCO,73.833085,773.110469,57081.130697,7744.800000,6253.800000,1967.100000,4286.700000,61367.830697,2892.600000,5517.700000,19.733503,7.370252,11.121995,10.275540,3.775703,23.875000,3.740500,2023-09-30,0,0,0
2023-11-22,SCCO,73.017785,773.110469,56450.814027,7744.800000,6253.800000,1967.100000,4286.700000,60737.514027,2892.600000,5517.700000,19.515596,7.288867,11.007759,10.275540,3.763002,23.638000,3.742000,2023-09-30,0,0,0
2023-11-24,SCCO,72.027776,773.110469,55685.427748,7744.800000,6253.800000,1967.100000,4286.700000,59972.127748,2892.600000,5517.700000,19.250995,7.190041,10.869045,10.275540,3.764817,23.638000,3.733167,2023-09-30,0,0,0
2023-11-27,SCCO,68.921874,773.110469,53284.222260,7744.800000,6253.800000,1967.100000,4286.700000,57570.922260,2892.600000,5517.700000,18.420875,6.880000,10.433862,10.275540,3.756198,24.702000,3.723000,2023-09-30,0,0,0
2023-11-28,SCCO,69.727467,773.110469,53907.034723,7744.800000,6253.800000,1967.100000,4286.700000,58193.734723,2892.600000,5517.700000,18.636187,6.960417,10.546738,10.275540,3.754838,25.000000,3.729333,2023-09-30,0,0,0
2023-11-29,SCCO,69.659529,773.110469,53854.511397,7744.800000,6253.800000,1967.100000,4286.700000,58141.211397,2892.600000,5517.700000,18.618029,6.953635,10.537219,10.275540,3.802918,25.000000,3.733500,2023-09-30,0,0,0
2023-11-30,SCCO,69.814826,773.110469,53974.572590,7744.800000,6253.800000,1967.100000,4286.700000,58261.272590,2892.600000,5517.700000,18.659536,6.969137,10.558978,10.275540,3.779332,25.256000,3.738333,2023-09-30,0,0,0
2023-12-01,SCCO,74.483381,773.110469,57583.881966,7744.800000,6253.800000,1967.100000,4286.700000,61870.581966,2892.600000,5517.700000,19.907309,7.435167,11.213111,10.275540,3.835577,25.341000,3.734500,2023-09-30,0,0,0
2023-12-04,SCCO,71.523069,773.110469,55295.233464,7744.800000,6253.800000,1967.100000,4286.700000,59581.933464,2892.600000,5517.700000,19.116101,7.139659,10.798328,10.275540,3.817887,24.546000,3.745000,2023-09-30,0,0,0
2023-12-05,SCCO,69.484820,773.110469,53719.441788,7744.800000,6253.800000,1967.100000,4286.700000,58006.141788,2892.600000,5517.700000,18.571334,6.936195,10.512739,10.275540,3.746219,24.027000,3.757333,2023-09-30,0,0,0
2023-12-06,SCCO,69.174227,773.110469,53479.319402,7744.800000,6253.800000,1967.100000,4286.700000,57766.019402,2892.600000,5517.700000,18.488322,6.905191,10.469221,10.275540,3.763456,24.026000,3.755167,2023-09-30,0,0,0
2023-12-07,SCCO,69.562472,773.110469,53779.475448,7744.800000,6253.800000,1967.100000,4286.700000,58066.175448,2892.600000,5517.700000,18.592089,6.943946,10.523620,10.275540,3.728983,23.760000,3.754833,2023-09-30,0,0,0
2023-12-11,SCCO,72.920720,773.110469,56375.771952,7744.800000,6253.800000,1967.100000,4286.700000,60662.471952,2892.600000,5517.700000,19.489654,7.279177,10.994159,10.275540,3.753704,22.787000,3.773000,2023-09-30,0,0,0
2023-12-12,SCCO,72.629548,773.110469,56150.664106,7744.800000,6253.800000,1967.100000,4286.700000,60437.364106,2892.600000,5517.700000,19.411832,7.250112,10.953362,10.275540,3.752116,22.763000,3.776333,2023-09-30,0,0,0
2023-12-13,SCCO,75.075439,773.110469,58041.607991,7744.800000,6253.800000,1967.100000,4286.700000,62328.307991,2892.600000,5517.700000,20.065549,7.494268,11.296067,10.275540,3.721725,22.600000,3.786667,2023-09-30,0,0,0
2023-12-14,SCCO,79.307234,773.110469,61313.252536,7744.800000,6253.800000,1967.100000,4286.700000,65599.952536,2892.600000,5517.700000,21.196589,7.916699,11.889003,10.275540,3.838072,24.223000,3.763333,2023-09-30,0,0,0
2023-12-15,SCCO,79.860473,773.110469,61740.967857,7744.800000,6253.800000,1967.100000,4286.700000,66027.667857,2892.600000,5517.700000,21.344454,7.971925,11.966520,10.275540,3.842381,23.996000,3.763833,2023-09-30,0,0,0
2023-12-18,SCCO,80.384593,773.110469,62146.170556,7744.800000,6253.800000,1967.100000,4286.700000,66432.870556,2892.600000,5517.700000,21.484537,8.024245,12.039957,10.275540,3.820609,23.764000,3.748333,2023-09-30,0,0,0
2023-12-19,SCCO,82.461660,773.110469,63751.972936,7744.800000,6253.800000,1967.100000,4286.700000,68038.672936,2892.600000,5517.700000,22.039678,8.231584,12.330984,10.275540,3.827866,24.104000,3.713500,2023-09-30,0,0,0
2023-12-20,SCCO,80.850474,773.110469,62506.348010,7744.800000,6253.800000,1967.100000,4286.700000,66793.048010,2892.600000,5517.700000,21.609053,8.070750,12.105234,10.275540,3.840340,24.343000,3.706000,2023-09-30,0,0,0
2023-12-21,SCCO,83.461376,773.110469,64524.863422,7744.800000,6253.800000,1967.100000,4286.700000,68811.563422,2892.600000,5517.700000,22.306874,8.331379,12.471059,10.275540,3.837391,24.360000,3.704667,2023-09-30,0,0,0
2023-12-22,SCCO,85.024029,773.110469,65732.967310,7744.800000,6253.800000,1967.100000,4286.700000,70019.667310,2892.600000,5517.700000,22.724527,8.487368,12.690010,10.275540,3.855082,24.250000,3.684833,2023-09-30,0,0,0
2023-12-26,SCCO,84.732850,773.110469,65507.853339,7744.800000,6253.800000,1967.100000,4286.700000,69794.553339,2892.600000,5517.700000,22.646703,8.458301,12.649211,10.275540,3.855082,24.250000,3.686833,2023-09-30,0,0,0
2023-12-27,SCCO,85.606389,773.110469,66183.195254,7744.800000,6253.800000,1967.100000,4286.700000,70469.895254,2892.600000,5517.700000,22.880175,8.545501,12.771607,10.275540,3.860751,24.250000,3.690833,2023-09-30,0,0,0
2023-12-28,SCCO,84.761969,773.110469,65530.365961,7744.800000,6253.800000,1967.100000,4286.700000,69817.065961,2892.600000,5517.700000,22.654486,8.461208,12.653291,10.275540,3.869143,24.250000,3.702500,2023-09-30,0,0,0
2023-12-29,SCCO,83.539020,773.110469,64584.890956,7744.800000,6253.800000,1967.100000,4286.700000,68871.590956,2892.600000,5517.700000,22.327626,8.339130,12.481938,10.275540,3.844649,24.250000,3.709833,2023-09-30,0,0,0
2024-01-03,SCCO,81.423127,773.110469,62949.071746,7744.800000,6253.800000,1967.100000,4286.700000,67235.771746,2892.600000,5517.700000,21.762107,8.127914,12.185471,10.275540,3.801558,22.960000,3.734000,2023-09-30,0,0,0
2024-01-04,SCCO,81.345483,773.110469,62889.044212,7744.800000,6253.800000,1967.100000,4286.700000,67175.744212,2892.600000,5517.700000,21.741355,8.120164,12.174592,10.275540,3.798836,23.004000,3.736833,2023-09-30,0,0,0
2024-01-05,SCCO,81.122241,773.110469,62716.453567,7744.800000,6253.800000,1967.100000,4286.700000,67003.153567,2892.600000,5517.700000,21.681689,8.097879,12.143312,10.275540,3.785909,23.246000,3.718833,2023-09-30,0,0,0
2024-01-08,SCCO,82.976074,773.110469,64149.671427,7744.800000,6253.800000,1967.100000,4286.700000,68436.371427,2892.600000,5517.700000,22.177166,8.282935,12.403061,10.275540,3.762549,23.188000,3.712167,2023-09-30,0,0,0
2024-01-09,SCCO,81.801657,773.110469,63241.717459,7744.800000,6253.800000,1967.100000,4286.700000,67528.417459,2892.600000,5517.700000,21.863278,8.165701,12.238508,10.275540,3.765497,23.016000,3.706500,2023-09-30,0,0,0
2024-01-10,SCCO,80.860181,773.110469,62513.852218,7744.800000,6253.800000,1967.100000,4286.700000,66800.552218,2892.600000,5517.700000,21.611648,8.071719,12.106594,10.275540,3.758013,22.935000,3.702500,2023-09-30,0,0,0
2024-01-11,SCCO,80.598121,773.110469,62311.250868,7744.800000,6253.800000,1967.100000,4286.700000,66597.950868,2892.600000,5517.700000,21.541606,8.045560,12.069875,10.275540,3.779332,22.591000,3.700500,2023-09-30,0,0,0
2024-01-12,SCCO,80.695178,773.110469,62386.286817,7744.800000,6253.800000,1967.100000,4286.700000,66672.986817,2892.600000,5517.700000,21.567547,8.055248,12.083474,10.275540,3.759827,23.230000,3.694500,2023-09-30,0,0,0
2024-01-16,SCCO,77.336922,773.110469,59789.984187,7744.800000,6253.800000,1967.100000,4286.700000,64076.684187,2892.600000,5517.700000,20.669980,7.720017,11.612934,8.392122,3.755745,22.974000,3.717833,2023-09-30,0,0,0
2024-01-17,SCCO,76.172212,773.110469,58889.534426,7744.800000,6253.800000,1967.100000,4286.700000,63176.234426,2892.600000,5517.700000,20.358686,7.603751,11.449741,8.392122,3.733065,22.565000,3.740167,2023-09-30,0,0,0
2024-01-18,SCCO,76.492511,773.110469,59137.161020,7744.800000,6253.800000,1967.100000,4286.700000,63423.861020,2892.600000,5517.700000,20.444293,7.635725,11.494619,8.392122,3.714468,22.650000,3.741333,2023-09-30,0,0,0
2024-01-19,SCCO,78.705461,773.110469,60848.016178,7744.800000,6253.800000,1967.100000,4286.700000,65134.716178,2892.600000,5517.700000,21.035752,7.856628,11.804686,8.392122,3.753477,22.517000,3.741833,2023-09-30,0,0,0
2024-01-22,SCCO,78.055165,773.110469,60345.264909,7744.800000,6253.800000,1967.100000,4286.700000,64631.964909,2892.600000,5517.700000,20.861946,7.791714,11.713570,8.392122,3.744178,22.197000,3.741000,2023-09-30,0,0,0
2024-01-23,SCCO,79.549881,773.110469,61500.845471,7744.800000,6253.800000,1967.100000,4286.700000,65787.545471,2892.600000,5517.700000,21.261441,7.940921,11.923002,8.392122,3.757332,22.369000,3.757000,2023-09-30,0,0,0
2024-01-24,SCCO,80.801950,773.110469,62468.833099,7744.800000,6253.800000,1967.100000,4286.700000,66755.533099,2892.600000,5517.700000,21.596084,8.065907,12.098435,8.392122,3.837391,22.727000,3.760333,2023-09-30,0,0,0
2024-01-25,SCCO,81.355189,773.110469,62896.548420,7744.800000,6253.800000,1967.100000,4286.700000,67183.248420,2892.600000,5517.700000,21.743950,8.121133,12.175952,8.392122,3.849185,22.768000,3.763167,2023-09-30,0,0,0
2024-01-26,SCCO,80.753417,773.110469,62431.312062,7744.800000,6253.800000,1967.100000,4286.700000,66718.012062,2892.600000,5517.700000,21.583113,8.061062,12.091635,8.392122,3.831495,22.799000,3.786000,2023-09-30,0,0,0
2024-01-29,SCCO,81.199893,773.110469,62776.487226,7744.800000,6253.800000,1967.100000,4286.700000,67063.187226,2892.600000,5517.700000,21.702443,8.105631,12.154192,8.392122,3.819701,23.097000,3.807000,2023-09-30,0,0,0
2024-01-30,SCCO,80.355474,773.110469,62123.657934,7744.800000,6253.800000,1967.100000,4286.700000,66410.357934,2892.600000,5517.700000,21.476754,8.021338,12.035877,8.392122,3.838299,23.132000,3.810833,2023-09-30,0,0,0
2024-01-31,SCCO,79.685764,773.110469,61605.898249,7744.800000,6253.800000,1967.100000,4286.700000,65892.598249,2892.600000,5517.700000,21.297759,7.954485,11.942041,8.392122,3.861432,23.123000,3.805833,2023-09-30,0,0,0
2024-02-01,SCCO,81.326070,773.110469,62874.035797,7744.800000,6253.800000,1967.100000,4286.700000,67160.735797,2892.600000,5517.700000,21.736167,8.118226,12.171872,8.392122,3.826959,23.125000,3.806167,2023-09-30,0,0,0
2024-02-02,SCCO,79.326647,773.110469,61328.260951,7744.800000,6253.800000,1967.100000,4286.700000,65614.960951,2892.600000,5517.700000,21.201777,7.918637,11.891723,8.392122,3.810176,22.667000,3.833000,2023-09-30,0,0,0
2024-02-05,SCCO,77.346629,773.110469,59797.488394,7744.800000,6253.800000,1967.100000,4286.700000,64084.188394,2892.600000,5517.700000,20.672574,7.720985,11.614294,8.392122,3.777971,22.297000,3.856833,2023-09-30,0,0,0
2024-02-06,SCCO,79.792528,773.110469,61688.438405,7744.800000,6253.800000,1967.100000,4286.700000,65975.138405,2892.600000,5517.700000,21.326294,7.965143,11.957000,8.392122,3.755745,22.441000,3.857167,2023-09-30,0,0,0
2024-02-07,SCCO,79.617818,773.110469,61553.368797,7744.800000,6253.800000,1967.100000,4286.700000,65840.068797,2892.600000,5517.700000,21.279599,7.947703,11.932521,8.392122,3.755972,22.346000,3.865833,2023-09-30,0,0,0
2024-02-08,SCCO,78.559872,773.110469,60735.459192,7744.800000,6253.800000,1967.100000,4286.700000,65022.159192,2892.600000,5517.700000,20.996840,7.842095,11.784287,8.392122,3.720365,22.520000,3.853667,2023-09-30,0,0,0
2024-02-09,SCCO,77.802811,773.110469,60150.167767,7744.800000,6253.800000,1967.100000,4286.700000,64436.867767,2892.600000,5517.700000,20.794499,7.766523,11.678212,8.392122,3.670243,22.446000,3.866333,2023-09-30,0,0,0
2024-02-12,SCCO,77.919281,773.110469,60240.212130,7744.800000,6253.800000,1967.100000,4286.700000,64526.912130,2892.600000,5517.700000,20.825628,7.778149,11.694531,8.392122,3.667521,22.615000,3.863333,2023-09-30,0,0,0
2024-02-13,SCCO,75.735442,773.110469,58551.863468,7744.800000,6253.800000,1967.100000,4286.700000,62838.563468,2892.600000,5517.700000,20.241950,7.560152,11.388543,8.392122,3.712654,22.119000,3.884000,2023-09-30,0,0,0
2024-02-14,SCCO,77.763985,773.110469,60120.150937,7744.800000,6253.800000,1967.100000,4286.700000,64406.850937,2892.600000,5517.700000,20.784122,7.762647,11.672771,8.392122,3.689294,22.407000,3.874000,2023-09-30,0,0,0
2024-02-15,SCCO,80.530183,773.110469,62258.727542,7744.800000,6253.800000,1967.100000,4286.700000,66545.427542,2892.600000,5517.700000,21.523449,8.038778,12.060356,8.392122,3.698139,22.827000,3.862333,2023-09-30,0,0,0
2024-02-16,SCCO,81.229004,773.110469,62798.993723,7744.800000,6253.800000,1967.100000,4286.700000,67085.693723,2892.600000,5517.700000,21.710224,8.108537,12.158271,8.392122,3.774796,23.322000,3.829667,2023-09-30,0,0,0
2024-02-20,SCCO,79.938117,773.110469,61800.995391,7744.800000,6253.800000,1967.100000,4286.700000,66087.695391,2892.600000,5517.700000,21.365206,7.979676,11.977399,8.392122,3.794981,23.059000,3.784000,2023-09-30,0,0,0
2024-02-21,SCCO,80.918420,773.110469,62558.877462,7744.800000,6253.800000,1967.100000,4286.700000,66845.577462,2892.600000,5517.700000,21.627213,8.077533,12.114754,8.392122,3.842835,22.822000,3.795833,2023-09-30,0,0,0
2024-02-22,SCCO,80.695178,773.110469,62386.286817,7744.800000,6253.800000,1967.100000,4286.700000,66672.986817,2892.600000,5517.700000,21.567547,8.055248,12.083474,8.392122,3.847371,22.756000,3.800000,2023-09-30,0,0,0
2024-02-23,SCCO,79.617818,773.110469,61553.368797,7744.800000,6253.800000,1967.100000,4286.700000,65840.068797,2892.600000,5517.700000,21.279599,7.947703,11.932521,8.392122,3.829454,22.936000,3.795500,2023-09-30,0,0,0
2024-02-26,SCCO,77.589284,773.110469,59985.087455,7744.800000,6253.800000,1967.100000,4286.700000,64271.787455,2892.600000,5517.700000,20.737429,7.745208,11.648293,8.392122,3.797929,22.530000,3.798167,2023-09-30,0,0,0
2024-02-27,SCCO,78.423988,773.110469,60630.406414,7744.800000,6253.800000,1967.100000,4286.700000,64917.106414,2892.600000,5517.700000,20.960522,7.828531,11.765248,8.392122,3.808588,22.544000,3.788833,2023-09-30,0,0,0
2024-02-28,SCCO,76.570155,773.110469,59197.188554,7744.800000,6253.800000,1967.100000,4286.700000,63483.888554,2892.600000,5517.700000,20.465045,7.643475,11.505498,8.392122,3.783187,22.417000,3.794167,2023-09-30,0,0,0
2024-02-29,SCCO,78.482227,773.110469,60675.431659,7744.800000,6253.800000,1967.100000,4286.700000,64962.131659,2892.600000,5517.700000,20.976088,7.834345,11.773408,8.392122,3.805186,22.625000,3.781167,2023-09-30,0,0,0
2024-03-01,SCCO,78.288105,773.113269,60525.572842,7418.100000,6254.600000,1151.500000,5103.100000,65628.672842,2434.700000,5025.900000,24.859561,8.159175,13.058094,8.392122,3.807454,23.114000,3.770167,2023-12-31,0,0,0
2024-03-04,SCCO,79.384878,773.113269,61373.502348,7418.100000,6254.600000,1151.500000,5103.100000,66476.602348,2434.700000,5025.900000,25.207829,8.273480,13.226806,8.392122,3.826959,23.804000,3.766000,2023-12-31,0,0,0
2024-03-05,SCCO,77.676634,773.113269,60052.836690,7418.100000,6254.600000,1151.500000,5103.100000,65155.936690,2434.700000,5025.900000,24.665395,8.095447,12.964034,8.392122,3.823557,23.777000,3.763833,2023-12-31,0,0,0
2024-03-06,SCCO,78.996641,773.113269,61073.351340,7418.100000,6254.600000,1151.500000,5103.100000,66176.451340,2434.700000,5025.900000,25.084549,8.233018,13.167085,8.392122,3.828773,24.211000,3.731000,2023-12-31,0,0,0
2024-03-07,SCCO,82.248133,773.113269,63587.122919,7418.100000,6254.600000,1151.500000,5103.100000,68690.222919,2434.700000,5025.900000,26.117026,8.571888,13.667248,8.392122,3.882297,24.403000,3.720333,2023-12-31,0,0,0
2024-03-08,SCCO,83.742849,773.113269,64742.707666,7418.100000,6254.600000,1151.500000,5103.100000,69845.807666,2434.700000,5025.900000,26.591657,8.727667,13.897174,8.392122,3.879349,24.353000,3.689667,2023-12-31,0,0,0
2024-03-11,SCCO,83.907852,773.113269,64870.273529,7418.100000,6254.600000,1151.500000,5103.100000,69973.373529,2434.700000,5025.900000,26.644052,8.744864,13.922556,8.392122,3.865514,24.509000,3.687833,2023-12-31,0,0,0
2024-03-12,SCCO,84.926972,773.113269,65658.169157,7418.100000,6254.600000,1151.500000,5103.100000,70761.269157,2434.700000,5025.900000,26.967663,8.851076,14.079323,8.392122,3.885472,24.238000,3.691833,2023-12-31,0,0,0
2024-03-13,SCCO,93.468197,773.113269,72261.503571,7418.100000,6254.600000,1151.500000,5103.100000,77364.603571,2434.700000,5025.900000,29.679839,9.741241,15.393184,8.392122,3.958501,24.846000,3.667000,2023-12-31,0,0,0
2024-03-14,SCCO,94.322323,773.113269,72921.839462,7418.100000,6254.600000,1151.500000,5103.100000,78024.939462,2434.700000,5025.900000,29.951057,9.830258,15.524571,8.392122,3.987757,24.830000,3.678333,2023-12-31,0,0,0
2024-03-15,SCCO,99.971173,773.113269,77289.040601,7418.100000,6254.600000,1151.500000,5103.100000,82392.140601,2434.700000,5025.900000,31.744790,10.418981,16.393510,8.392122,4.039920,25.330000,3.689167,2023-12-31,0,0,0
2024-03-18,SCCO,99.582937,773.113269,76988.889594,7418.100000,6254.600000,1151.500000,5103.100000,82091.989594,2434.700000,5025.900000,31.621510,10.378519,16.333789,8.392122,4.070084,25.076000,3.698833,2023-12-31,0,0,0
2024-03-19,SCCO,96.865279,773.113269,74887.832542,7418.100000,6254.600000,1151.500000,5103.100000,79990.932542,2434.700000,5025.900000,30.758546,10.095285,15.915743,8.392122,4.025632,24.939000,3.704333,2023-12-31,0,0,0
2024-03-20,SCCO,100.204122,773.113269,77469.136106,7418.100000,6254.600000,1151.500000,5103.100000,82572.236106,2434.700000,5025.900000,31.818760,10.443259,16.429343,8.392122,3.987077,24.907000,3.695167,2023-12-31,0,0,0
2024-03-21,SCCO,100.505000,773.113269,77701.749002,7418.100000,6254.600000,1151.500000,5103.100000,82804.849002,2434.700000,5025.900000,31.914301,10.474616,16.475626,8.392122,4.024952,24.769000,3.694667,2023-12-31,0,0,0
2024-03-22,SCCO,101.291188,773.113269,78309.561377,7418.100000,6254.600000,1151.500000,5103.100000,83412.661377,2434.700000,5025.900000,32.163947,10.556552,16.596562,8.392122,3.964851,24.735000,3.694000,2023-12-31,0,0,0
2024-03-25,SCCO,100.835005,773.113269,77956.880727,7418.100000,6254.600000,1151.500000,5103.100000,83059.980727,2434.700000,5025.900000,32.019091,10.509009,16.526389,8.392122,3.966665,24.726000,3.705333,2023-12-31,0,0,0
2024-03-26,SCCO,99.097643,773.113269,76613.702366,7418.100000,6254.600000,1151.500000,5103.100000,81716.802366,2434.700000,5025.900000,31.467410,10.327941,16.259138,8.392122,3.975284,24.456000,3.723833,2023-12-31,0,0,0
2024-03-27,SCCO,101.252362,773.113269,78279.544439,7418.100000,6254.600000,1151.500000,5103.100000,83382.644439,2434.700000,5025.900000,32.151618,10.552506,16.590590,8.392122,3.944439,24.542000,3.718000,2023-12-31,0,0,0
2024-04-01,SCCO,103.892375,773.113269,80320.573739,7418.100000,6254.600000,1151.500000,5103.100000,85423.673739,2434.700000,5025.900000,32.989926,10.827648,16.996692,8.392122,3.959408,25.033000,3.729667,2023-12-31,0,0,0
2024-04-02,SCCO,104.600911,773.113269,80868.352237,7418.100000,6254.600000,1151.500000,5103.100000,85971.452237,2434.700000,5025.900000,33.214914,10.901491,17.105683,8.392122,4.046044,25.823000,3.709667,2023-12-31,0,0,0
2024-04-03,SCCO,107.959167,773.113269,83464.664270,7418.100000,6254.600000,1151.500000,5103.100000,88567.764270,2434.700000,5025.900000,34.281293,11.251488,17.622269,8.392122,4.051487,26.720000,3.689667,2023-12-31,0,0,0
2024-04-04,SCCO,106.367393,773.113269,82234.043302,7418.100000,6254.600000,1151.500000,5103.100000,87337.143302,2434.700000,5025.900000,33.775842,11.085594,17.377414,8.392122,4.198905,27.135000,3.678000,2023-12-31,0,0,0
2024-04-05,SCCO,107.046810,773.113269,82759.309097,7418.100000,6254.600000,1151.500000,5103.100000,87862.409097,2434.700000,5025.900000,33.991584,11.156402,17.481925,8.392122,4.172143,27.388000,3.686667,2023-12-31,0,0,0
2024-04-08,SCCO,108.958874,773.113269,84237.551429,7418.100000,6254.600000,1151.500000,5103.100000,89340.651429,2434.700000,5025.900000,34.598740,11.355678,17.776050,8.392122,4.218863,27.722000,3.676833,2023-12-31,0,0,0
2024-04-09,SCCO,113.035372,773.113269,87389.146195,7418.100000,6254.600000,1151.500000,5103.100000,92492.246195,2434.700000,5025.900000,35.893189,11.780530,18.403121,8.392122,4.216368,27.708000,3.692167,2023-12-31,0,0,0
2024-04-10,SCCO,112.792725,773.113269,87201.552582,7418.100000,6254.600000,1151.500000,5103.100000,92304.652582,2434.700000,5025.900000,35.816139,11.755241,18.365796,8.392122,4.247893,28.009000,3.709833,2023-12-31,0,0,0
2024-04-11,SCCO,113.510960,773.113269,87756.829188,7418.100000,6254.600000,1151.500000,5103.100000,92859.929188,2434.700000,5025.900000,36.044206,11.830095,18.476279,8.392122,4.191420,27.993000,3.705500,2023-12-31,0,0,0
2024-04-12,SCCO,111.860955,773.113269,86481.188939,7418.100000,6254.600000,1151.500000,5103.100000,91584.288939,2434.700000,5025.900000,35.520265,11.658132,18.222465,8.392122,4.264676,28.979000,3.702833,2023-12-31,0,0,0
2024-04-15,SCCO,110.725357,773.113269,85603.242495,7418.100000,6254.600000,1151.500000,5103.100000,90706.342495,2434.700000,5025.900000,35.159668,11.539780,18.047781,8.392122,4.259232,28.635000,3.725833,2023-12-31,0,0,0
2024-04-16,SCCO,110.482710,773.113269,85415.648881,7418.100000,6254.600000,1151.500000,5103.100000,90518.748881,2434.700000,5025.900000,35.082618,11.514491,18.010456,8.392122,4.253336,28.244000,3.756167,2023-12-31,0,0,0
2024-04-17,SCCO,110.812715,773.113269,85670.780606,7418.100000,6254.600000,1151.500000,5103.100000,90773.880606,2434.700000,5025.900000,35.187407,11.548885,18.061219,8.392122,4.279190,28.474000,3.744500,2023-12-31,0,0,0
2024-04-18,SCCO,111.948306,773.113269,86548.720925,7418.100000,6254.600000,1151.500000,5103.100000,91651.820925,2434.700000,5025.900000,35.548002,11.667236,18.235902,8.392122,4.362198,28.360000,3.737500,2023-12-31,0,0,0
2024-04-19,SCCO,110.094473,773.113269,85115.497874,7418.100000,6254.600000,1151.500000,5103.100000,90218.597874,2434.700000,5025.900000,34.959337,11.474029,17.950735,8.392122,4.422072,28.642000,3.699667,2023-12-31,0,0,0
2024-04-22,SCCO,108.298871,773.113269,83727.294104,7418.100000,6254.600000,1151.500000,5103.100000,88830.394104,2434.700000,5025.900000,34.389163,11.286892,17.674525,8.392122,4.451782,27.220000,3.694500,2023-12-31,0,0,0
2024-04-23,SCCO,106.415918,773.113269,82271.558350,7418.100000,6254.600000,1151.500000,5103.100000,87374.658350,2434.700000,5025.900000,33.791251,11.090651,17.384878,8.392122,4.354033,27.264000,3.701667,2023-12-31,0,0,0
2024-04-24,SCCO,106.017975,773.113269,81963.903108,7418.100000,6254.600000,1151.500000,5103.100000,87067.003108,2434.700000,5025.900000,33.664888,11.049177,17.323664,8.392122,4.386692,27.227000,3.724833,2023-12-31,0,0,0
2024-04-25,SCCO,108.531819,773.113269,83907.389610,7418.100000,6254.600000,1151.500000,5103.100000,89010.489610,2434.700000,5025.900000,34.463133,11.311170,17.710358,8.392122,4.441123,27.317000,3.747667,2023-12-31,0,0,0
2024-04-26,SCCO,113.501253,773.113269,87749.324954,7418.100000,6254.600000,1151.500000,5103.100000,92852.424954,2434.700000,5025.900000,36.041124,11.829084,18.474786,8.392122,4.476503,27.260000,3.752667,2023-12-31,0,0,0
2024-04-29,SCCO,117.296278,773.113269,90683.309167,7418.100000,6254.600000,1151.500000,5103.100000,95786.409167,2434.700000,5025.900000,37.246194,12.224601,19.058559,8.392122,4.506440,27.295000,3.729833,2023-12-31,0,0,0
2024-04-30,SCCO,113.239193,773.113269,87546.722871,7418.100000,6254.600000,1151.500000,5103.100000,92649.822871,2434.700000,5025.900000,35.957910,11.801772,18.434474,8.392122,4.523904,26.415000,3.754000,2023-12-31,0,0,0
2024-05-02,SCCO,109.696530,773.116069,84808.149782,7541.700000,6255.500000,1252.200000,5003.300000,89811.449782,2357.600000,4867.200000,35.972239,11.245230,18.452385,8.392122,4.381702,26.535000,3.748333,2024-03-31,0,0,0
2024-05-03,SCCO,112.016252,773.116069,86601.564212,7541.700000,6255.500000,1252.200000,5003.300000,91604.864212,2357.600000,4867.200000,36.732934,11.483030,18.820855,8.392122,4.416629,26.331000,3.718833,2024-03-31,0,0,0
2024-05-06,SCCO,114.568906,773.116069,88575.062548,7541.700000,6255.500000,1252.200000,5003.300000,93578.362548,2357.600000,4867.200000,37.570013,11.744708,19.226324,8.392122,4.416629,27.400000,3.725500,2024-03-31,0,0,0
2024-05-07,SCCO,111.686246,773.116069,86346.431563,7541.700000,6255.500000,1252.200000,5003.300000,91349.731563,2357.600000,4867.200000,36.624716,11.449200,18.768436,8.392122,4.466524,27.320000,3.726833,2024-03-31,0,0,0
2024-05-08,SCCO,109.657704,773.116069,84778.132735,7541.700000,6255.500000,1252.200000,5003.300000,89781.432735,2357.600000,4867.200000,35.959507,11.241250,18.446218,8.392122,4.417990,27.478000,3.722167,2024-03-31,0,0,0
2024-05-09,SCCO,113.578905,773.116069,87809.676852,7541.700000,6255.500000,1252.200000,5003.300000,92812.976852,2357.600000,4867.200000,37.245367,11.643221,19.069070,8.392122,4.412547,28.125000,3.705833,2024-03-31,0,0,0
2024-05-10,SCCO,115.258029,773.116069,89107.834507,7541.700000,6255.500000,1252.200000,5003.300000,94111.134507,2357.600000,4867.200000,37.795994,11.815351,19.335785,8.392122,4.509615,28.256000,3.707167,2024-03-31,0,0,0
2024-05-13,SCCO,117.121569,773.116069,90548.567010,7541.700000,6255.500000,1252.200000,5003.300000,95551.867010,2357.600000,4867.200000,38.407095,12.006387,19.631794,8.392122,4.540006,28.203000,3.720333,2024-03-31,0,0,0
2024-05-14,SCCO,120.149827,773.116069,92889.761923,7541.700000,6255.500000,1252.200000,5003.300000,97893.061923,2357.600000,4867.200000,39.400137,12.316820,20.112809,8.392122,4.570850,28.400000,3.724500,2024-03-31,0,0,0
2024-05-15,SCCO,119.276288,773.116069,92214.415116,7541.700000,6255.500000,1252.200000,5003.300000,97217.715116,2357.600000,4867.200000,39.113681,12.227272,19.974054,8.392122,4.636168,29.307000,3.717833,2024-03-31,0,0,0
2024-05-16,SCCO,116.626568,773.116069,90165.874162,7541.700000,6255.500000,1252.200000,5003.300000,95169.174162,2357.600000,4867.200000,38.244772,11.955643,19.553167,8.392122,4.675630,29.710000,3.727833,2024-03-31,0,0,0
2024-05-17,SCCO,121.663956,773.116069,94060.359379,7541.700000,6255.500000,1252.200000,5003.300000,99063.659379,2357.600000,4867.200000,39.896657,12.472037,20.353316,8.392122,4.716454,30.640000,3.740333,2024-03-31,0,0,0
2024-05-20,SCCO,125.458973,773.116069,96994.348093,7541.700000,6255.500000,1252.200000,5003.300000,101997.648093,2357.600000,4867.200000,41.141138,12.861072,20.956124,8.392122,4.924652,32.013000,3.735667,2024-03-31,0,0,0
2024-05-21,SCCO,122.983963,773.116069,95080.877726,7541.700000,6255.500000,1252.200000,5003.300000,100084.177726,2357.600000,4867.200000,40.329521,12.607353,20.562989,8.392122,4.887458,31.756000,3.732167,2024-03-31,0,0,0
2024-05-22,SCCO,113.229487,773.116069,87539.535679,7541.700000,6255.500000,1252.200000,5003.300000,92542.835679,2357.600000,4867.200000,37.130784,11.607401,19.013567,8.392122,4.738680,31.350000,3.741500,2024-03-31,0,0,0
2024-05-23,SCCO,113.122723,773.116069,87456.994925,7541.700000,6255.500000,1252.200000,5003.300000,92460.294925,2357.600000,4867.200000,37.095773,11.596456,18.996609,8.392122,4.667692,30.460000,3.742333,2024-03-31,0,0,0
2024-05-24,SCCO,114.054493,773.116069,88177.361177,7541.700000,6255.500000,1252.200000,5003.300000,93180.661177,2357.600000,4867.200000,37.401324,11.691974,19.144613,8.392122,4.652270,30.305000,3.737667,2024-03-31,0,0,0
2024-05-28,SCCO,117.364224,773.116069,90736.167430,7541.700000,6255.500000,1252.200000,5003.300000,95739.467430,2357.600000,4867.200000,38.486668,12.031262,19.670338,8.392122,4.686063,32.039000,3.747167,2024-03-31,0,0,0
2024-05-29,SCCO,115.976272,773.116069,89663.119251,7541.700000,6255.500000,1252.200000,5003.300000,94666.419251,2357.600000,4867.200000,38.031523,11.888980,19.449872,8.392122,4.669280,32.082000,3.759833,2024-03-31,0,0,0
2024-05-30,SCCO,115.190092,773.116069,89055.310800,7541.700000,6255.500000,1252.200000,5003.300000,94058.610800,2357.600000,4867.200000,37.773715,11.808387,19.324994,8.392122,4.543408,31.363000,3.759833,2024-03-31,0,0,0
2024-05-31,SCCO,115.141559,773.116069,89017.789491,7541.700000,6255.500000,1252.200000,5003.300000,94021.089491,2357.600000,4867.200000,37.757800,11.803412,19.317285,8.392122,4.529120,30.310000,3.735333,2024-03-31,0,0,0
2024-06-03,SCCO,112.346249,773.116069,86856.690736,7541.700000,6255.500000,1252.200000,5003.300000,91859.990736,2357.600000,4867.200000,36.841148,11.516858,18.873272,8.392122,4.529347,30.524000,3.730833,2024-03-31,0,0,0
2024-06-04,SCCO,106.940038,773.116069,82677.061948,7541.700000,6255.500000,1252.200000,5003.300000,87680.361948,2357.600000,4867.200000,35.068316,10.962656,18.014539,8.392122,4.471740,29.571000,3.740500,2024-03-31,0,0,0
2024-06-05,SCCO,108.560931,773.116069,83930.200158,7541.700000,6255.500000,1252.200000,5003.300000,88933.500158,2357.600000,4867.200000,35.599847,11.128817,18.272004,8.392122,4.431144,29.914000,3.746333,2024-03-31,0,0,0
2024-06-06,SCCO,110.511829,773.116069,85438.471018,7541.700000,6255.500000,1252.200000,5003.300000,90441.771018,2357.600000,4867.200000,36.239596,11.328808,18.581889,8.392122,4.504172,31.167000,3.753000,2024-03-31,0,0,0
2024-06-10,SCCO,107.075921,773.116069,82782.115487,7541.700000,6255.500000,1252.200000,5003.300000,87785.415487,2357.600000,4867.200000,35.112876,10.976586,18.036123,8.392122,4.397351,29.690000,3.780000,2024-03-31,0,0,0
2024-06-11,SCCO,104.552378,773.116069,80831.123811,7541.700000,6255.500000,1252.200000,5003.300000,85834.423811,2357.600000,4867.200000,34.285343,10.717892,17.635278,8.392122,4.339518,29.106000,3.783833,2024-03-31,0,0,0
2024-06-12,SCCO,104.892091,773.116069,81093.760722,7541.700000,6255.500000,1252.200000,5003.300000,86097.060722,2357.600000,4867.200000,34.396743,10.752716,17.689238,8.392122,4.398712,30.140000,3.771667,2024-03-31,0,0,0
2024-06-13,SCCO,102.950899,773.116069,79592.994124,7541.700000,6255.500000,1252.200000,5003.300000,84596.294124,2357.600000,4867.200000,33.760177,10.553721,17.380895,8.392122,4.414815,28.760000,3.773167,2024-03-31,0,0,0
2024-06-14,SCCO,103.174141,773.116069,79765.586020,7541.700000,6255.500000,1252.200000,5003.300000,84768.886020,2357.600000,4867.200000,33.833384,10.576606,17.416356,8.392122,4.377166,29.172000,3.774000,2024-03-31,0,0,0
2024-06-17,SCCO,102.164719,773.116069,78985.185673,7541.700000,6255.500000,1252.200000,5003.300000,83988.485673,2357.600000,4867.200000,33.502369,10.473128,17.256017,8.392122,4.298695,29.195000,3.792500,2024-03-31,0,0,0
2024-06-18,SCCO,104.833851,773.116069,81048.735151,7541.700000,6255.500000,1252.200000,5003.300000,86052.035151,2357.600000,4867.200000,34.377645,10.746746,17.679987,8.392122,4.275562,29.400000,3.790167,2024-03-31,0,0,0
2024-06-20,SCCO,107.289457,773.116069,82947.203121,7541.700000,6255.500000,1252.200000,5003.300000,87950.503121,2357.600000,4867.200000,35.182899,10.998476,18.070041,8.392122,4.376259,30.603000,3.809500,2024-03-31,0,0,0
2024-06-21,SCCO,105.911211,773.116069,81881.659204,7541.700000,6255.500000,1252.200000,5003.300000,86884.959204,2357.600000,4867.200000,34.730938,10.857189,17.851118,8.392122,4.337704,29.735000,3.802333,2024-03-31,0,0,0
2024-06-24,SCCO,106.745924,773.116069,82526.988964,7541.700000,6255.500000,1252.200000,5003.300000,87530.288964,2357.600000,4867.200000,35.004661,10.942757,17.983705,8.392122,4.322735,29.483000,3.802500,2024-03-31,0,0,0
2024-06-25,SCCO,105.988863,773.116069,81941.693298,7541.700000,6255.500000,1252.200000,5003.300000,86944.993298,2357.600000,4867.200000,34.756402,10.865149,17.863452,8.392122,4.305499,29.044000,3.813833,2024-03-31,0,0,0
2024-06-26,SCCO,105.590920,773.116069,81634.036942,7541.700000,6255.500000,1252.200000,5003.300000,86637.336942,2357.600000,4867.200000,34.625906,10.824355,17.800242,8.392122,4.272840,28.880000,3.822833,2024-03-31,0,0,0
2024-06-27,SCCO,104.562085,773.116069,80838.628072,7541.700000,6255.500000,1252.200000,5003.300000,85841.928072,2357.600000,4867.200000,34.288526,10.718887,17.636820,8.392122,4.273974,29.006000,3.823833,2024-03-31,0,0,0
2024-06-28,SCCO,104.571791,773.116069,80846.132334,7541.700000,6255.500000,1252.200000,5003.300000,85849.432334,2357.600000,4867.200000,34.291709,10.719882,17.638361,8.392122,4.298468,29.283000,3.836000,2024-03-31,0,0,0
2024-07-01,SCCO,105.445330,773.116069,81521.479141,7541.700000,6255.500000,1252.200000,5003.300000,86524.779141,2357.600000,4867.200000,34.578164,10.809430,17.777116,8.392122,4.316839,29.273000,3.845833,2024-03-31,0,0,0
2024-07-02,SCCO,106.707098,773.116069,82496.971916,7541.700000,6255.500000,1252.200000,5003.300000,87500.271916,2357.600000,4867.200000,34.991929,10.938777,17.977538,8.392122,4.330220,29.464000,3.827500,2024-03-31,0,0,0
2024-07-03,SCCO,112.618016,773.116069,87066.797815,7541.700000,6255.500000,1252.200000,5003.300000,92070.097815,2357.600000,4867.200000,36.930267,11.544718,18.916440,8.392122,4.364919,30.585000,3.799667,2024-03-31,0,0,0
2024-07-05,SCCO,113.316845,773.116069,87607.074035,7541.700000,6255.500000,1252.200000,5003.300000,92610.374035,2357.600000,4867.200000,37.159431,11.616356,19.027444,8.392122,4.449288,30.585000,3.794667,2024-03-31,0,0,0
2024-07-08,SCCO,113.025666,773.116069,87381.958433,7541.700000,6255.500000,1252.200000,5003.300000,92385.258433,2357.600000,4867.200000,37.063946,11.586507,18.981192,8.392122,4.448834,30.660000,3.790000,2024-03-31,0,0,0
2024-07-09,SCCO,111.608602,773.116069,86286.403594,7541.700000,6255.500000,1252.200000,5003.300000,91289.703594,2357.600000,4867.200000,36.599255,11.441241,18.756103,8.392122,4.427969,30.780000,3.783833,2024-03-31,0,0,0
2024-07-10,SCCO,112.918902,773.116069,87299.417679,7541.700000,6255.500000,1252.200000,5003.300000,92302.717679,2357.600000,4867.200000,37.028935,11.575562,18.964234,8.392122,4.398032,30.906000,3.780333,2024-03-31,0,0,0
2024-07-11,SCCO,111.220365,773.116069,85986.251500,7541.700000,6255.500000,1252.200000,5003.300000,90989.551500,2357.600000,4867.200000,36.471942,11.401442,18.694434,8.392122,4.396898,31.423000,3.766833,2024-03-31,0,0,0
2024-07-12,SCCO,111.812423,773.116069,86443.980840,7541.700000,6255.500000,1252.200000,5003.300000,91447.280840,2357.600000,4867.200000,36.666093,11.462135,18.788478,8.392122,4.387599,30.918000,3.732333,2024-03-31,0,0,0
2024-07-15,SCCO,109.269467,773.116069,84477.980640,7541.700000,6255.500000,1252.200000,5003.300000,89481.280640,2357.600000,4867.200000,35.832194,11.201451,18.384550,8.392122,4.390547,30.964000,3.728167,2024-03-31,0,0,0
2024-07-16,SCCO,108.512406,773.116069,83892.684975,7541.700000,6255.500000,1252.200000,5003.300000,88895.984975,2357.600000,4867.200000,35.583935,11.123843,18.264297,8.392122,4.338838,31.365000,3.716333,2024-03-31,0,0,0
2024-07-17,SCCO,106.658573,773.116069,82459.456733,7541.700000,6255.500000,1252.200000,5003.300000,87462.756733,2357.600000,4867.200000,34.976017,10.933802,17.969830,8.392122,4.324096,30.318000,3.721500,2024-03-31,0,0,0
2024-07-18,SCCO,100.922356,773.116069,78024.695296,7541.700000,6255.500000,1252.200000,5003.300000,83027.995296,2357.600000,4867.200000,33.094967,10.345770,17.058678,8.392122,4.237460,30.024000,3.736500,2024-03-31,0,0,0
2024-07-19,SCCO,101.232949,773.116069,78264.819422,7541.700000,6255.500000,1252.200000,5003.300000,83268.119422,2357.600000,4867.200000,33.196819,10.377610,17.108013,8.392122,4.179400,29.237000,3.745167,2024-03-31,0,0,0
2024-07-22,SCCO,101.815308,773.116069,78715.050626,7541.700000,6255.500000,1252.200000,5003.300000,83718.350626,2357.600000,4867.200000,33.387789,10.437309,17.200516,8.392122,4.140164,28.987000,3.755167,2024-03-31,0,0,0
2024-07-24,SCCO,101.116479,773.116069,78174.774406,7541.700000,6255.500000,1252.200000,5003.300000,83178.074406,2357.600000,4867.200000,33.158625,10.365670,17.089512,8.392122,4.090723,29.315000,3.775500,2024-03-31,0,0,0
2024-07-25,SCCO,101.271775,773.116069,78294.836469,7541.700000,6255.500000,1252.200000,5003.300000,83298.136469,2357.600000,4867.200000,33.209551,10.381590,17.114180,8.392122,4.044683,27.921000,3.760833,2024-03-31,0,0,0
2024-07-30,SCCO,98.175579,773.116069,75901.117849,7541.700000,6255.500000,1252.200000,5003.300000,80904.417849,2357.600000,4867.200000,32.194231,10.064192,16.622374,8.392122,3.995695,27.985000,3.734833,2024-03-31,0,0,0
2024-07-31,SCCO,103.475019,773.116069,79998.199758,7541.700000,6255.500000,1252.200000,5003.300000,85001.499758,2357.600000,4867.200000,33.932049,10.607449,17.464148,8.392122,4.088908,28.815000,3.719500,2024-03-31,0,0,0
2024-08-01,SCCO,99.214113,773.116069,76704.024855,7541.700000,6255.500000,1252.200000,5003.300000,81707.324855,2357.600000,4867.200000,32.534792,10.170654,16.787337,8.392122,4.081424,28.455000,3.738000,2024-03-31,0,0,0
2024-08-02,SCCO,96.564393,773.116069,74655.483901,7541.700000,6255.500000,1252.200000,5003.300000,79658.783901,2357.600000,4867.200000,31.665882,9.899026,16.366450,8.392122,4.071899,28.345000,3.743167,2024-03-31,0,0,0
2024-08-05,SCCO,94.603796,781.159261,73900.631401,8492.500000,6256.500000,1875.300000,4381.200000,78281.831401,2761.800000,5574.200000,26.758140,8.701870,14.043599,8.392122,3.910193,27.187000,3.745833,2024-06-30,0,0,0
2024-08-07,SCCO,94.186440,781.159261,73574.609644,8492.500000,6256.500000,1875.300000,4381.200000,77955.809644,2761.800000,5574.200000,26.640093,8.663481,13.985112,8.392122,3.939450,26.982000,3.734167,2024-06-30,0,0,0
2024-08-08,SCCO,97.476750,781.159261,76144.865843,8492.500000,6256.500000,1875.300000,4381.200000,80526.065843,2761.800000,5574.200000,27.570739,8.966131,14.446210,8.392122,3.923120,27.424000,3.729500,2024-06-30,0,0,0
2024-08-09,SCCO,96.253800,781.159261,75189.547388,8492.500000,6256.500000,1875.300000,4381.200000,79570.747388,2761.800000,5574.200000,27.224834,8.853641,14.274828,8.392122,3.993881,27.438000,3.730667,2024-06-30,0,0,0
2024-08-12,SCCO,97.369983,781.159261,76061.464120,8492.500000,6256.500000,1875.300000,4381.200000,80442.664120,2761.800000,5574.200000,27.540540,8.956310,14.431248,8.392122,4.014746,27.897000,3.744333,2024-06-30,0,0,0
2024-08-13,SCCO,97.651459,781.159261,76281.341774,8492.500000,6256.500000,1875.300000,4381.200000,80662.541774,2761.800000,5574.200000,27.620154,8.982201,14.470694,8.392122,4.006128,27.642000,3.747667,2024-06-30,0,0,0
2024-08-14,SCCO,98.486166,781.159261,76933.380853,8492.500000,6256.500000,1875.300000,4381.200000,81314.580853,2761.800000,5574.200000,27.856246,9.058979,14.587668,8.392122,4.039694,27.495000,3.738167,2024-06-30,0,0,0
2024-08-15,SCCO,102.679136,781.159261,80208.757853,8492.500000,6256.500000,1875.300000,4381.200000,84589.957853,2761.800000,5574.200000,29.042204,9.444658,15.175264,8.392122,4.086414,28.481000,3.737167,2024-06-30,0,0,0
2024-08-16,SCCO,100.825301,781.159261,78760.617674,8492.500000,6256.500000,1875.300000,4381.200000,83141.817674,2761.800000,5574.200000,28.517857,9.274138,14.915471,8.392122,4.054209,28.468000,3.742500,2024-06-30,0,0,0
2024-08-19,SCCO,102.193836,781.159261,79829.661211,8492.500000,6256.500000,1875.300000,4381.200000,84210.861211,2761.800000,5574.200000,28.904939,9.400019,15.107255,8.392122,4.134721,29.348000,3.734833,2024-06-30,0,0,0
2024-08-20,SCCO,100.281768,781.159261,78336.031652,8492.500000,6256.500000,1875.300000,4381.200000,82717.231652,2761.800000,5574.200000,28.364122,9.224143,14.839301,8.392122,4.151277,29.449000,3.746500,2024-06-30,0,0,0
2024-08-21,SCCO,101.232949,781.159261,79079.055650,8492.500000,6256.500000,1875.300000,4381.200000,83460.255650,2761.800000,5574.200000,28.633158,9.311634,14.972598,8.392122,4.144927,29.535000,3.744333,2024-06-30,0,0,0
2024-08-22,SCCO,98.709401,781.159261,77107.762968,8492.500000,6256.500000,1875.300000,4381.200000,81488.962968,2761.800000,5574.200000,27.919387,9.079513,14.618952,8.392122,4.110001,29.105000,3.759000,2024-06-30,0,0,0
2024-08-23,SCCO,101.543542,781.159261,79321.677994,8492.500000,6256.500000,1875.300000,4381.200000,83702.877994,2761.800000,5574.200000,28.721007,9.340203,15.016124,8.392122,4.114990,29.703000,3.746000,2024-06-30,0,0,0
2024-08-26,SCCO,102.455901,781.159261,80034.375738,8492.500000,6256.500000,1875.300000,4381.200000,84415.575738,2761.800000,5574.200000,28.979063,9.424124,15.143980,8.392122,4.114990,29.839000,3.752000,2024-06-30,0,0,0
2024-08-27,SCCO,102.552956,781.159261,80110.191371,8492.500000,6256.500000,1875.300000,4381.200000,84491.391371,2761.800000,5574.200000,29.006514,9.433052,15.157582,8.392122,4.194595,29.900000,3.743333,2024-06-30,0,0,0
2024-08-28,SCCO,97.894105,781.159261,76470.887015,8492.500000,6256.500000,1875.300000,4381.200000,80852.087015,2761.800000,5574.200000,27.688785,9.004520,14.504698,8.392122,4.143793,29.358000,3.739333,2024-06-30,0,0,0
2024-08-29,SCCO,98.447344,781.159261,76903.054600,8492.500000,6256.500000,1875.300000,4381.200000,81284.254600,2761.800000,5574.200000,27.845266,9.055408,14.582228,8.392122,4.134948,29.520000,3.747667,2024-06-30,0,0,0
2024-09-03,SCCO,93.351729,781.159261,72922.567578,8492.500000,6256.500000,1875.300000,4381.200000,77303.767578,2761.800000,5574.200000,26.404000,8.586702,13.868137,8.392122,4.017014,27.991000,3.783667,2024-06-30,0,0,0
2024-09-04,SCCO,93.516731,781.159261,73051.460313,8492.500000,6256.500000,1875.300000,4381.200000,77432.660313,2761.800000,5574.200000,26.450670,8.601879,13.891260,8.392122,4.005447,28.176000,3.796667,2024-06-30,0,0,0
2024-09-05,SCCO,93.817610,781.159261,73286.494934,8492.500000,6256.500000,1875.300000,4381.200000,77667.694934,2761.800000,5574.200000,26.535772,8.629555,13.933425,8.392122,4.043776,28.745000,3.794833,2024-06-30,0,0,0
2024-09-06,SCCO,91.332892,781.159261,71345.534664,8492.500000,6256.500000,1875.300000,4381.200000,75726.734664,2761.800000,5574.200000,25.832984,8.401005,13.585220,8.392122,4.088228,28.255000,3.796667,2024-06-30,0,0,0
2024-09-09,SCCO,92.546131,781.159261,72293.267029,8492.500000,6256.500000,1875.300000,4381.200000,76674.467029,2761.800000,5574.200000,26.176141,8.512601,13.755241,8.392122,4.077569,28.274000,3.811833,2024-06-30,0,0,0
2024-09-10,SCCO,91.575538,781.159261,71535.079905,8492.500000,6256.500000,1875.300000,4381.200000,75916.279905,2761.800000,5574.200000,25.901615,8.423324,13.619224,8.392122,4.052848,28.257000,3.818500,2024-06-30,0,0,0
2024-09-11,SCCO,93.613786,781.159261,73127.275946,8492.500000,6256.500000,1875.300000,4381.200000,77508.475946,2761.800000,5574.200000,26.478121,8.610807,13.904861,8.392122,4.085733,28.613000,3.788000,2024-06-30,0,0,0
2024-09-12,SCCO,95.118206,781.159261,74302.467528,8492.500000,6256.500000,1875.300000,4381.200000,78683.667528,2761.800000,5574.200000,26.903638,8.749187,14.115688,8.392122,4.134721,29.715000,3.768833,2024-06-30,0,0,0
2024-09-13,SCCO,95.787919,781.159261,74825.620031,8492.500000,6256.500000,1875.300000,4381.200000,79206.820031,2761.800000,5574.200000,27.093063,8.810788,14.209540,8.392122,4.118846,30.905000,3.769500,2024-06-30,0,0,0
2024-09-16,SCCO,96.544982,781.159261,75417.006604,8492.500000,6256.500000,1875.300000,4381.200000,79798.206604,2761.800000,5574.200000,27.307193,8.880425,14.315634,8.392122,4.180307,30.735000,3.783667,2024-06-30,0,0,0
2024-09-17,SCCO,96.263506,781.159261,75197.128951,8492.500000,6256.500000,1875.300000,4381.200000,79578.328951,2761.800000,5574.200000,27.227579,8.854534,14.276188,8.392122,4.192101,30.725000,3.773500,2024-06-30,0,0,0
2024-09-18,SCCO,98.321164,781.159261,76804.488118,8492.500000,6256.500000,1875.300000,4381.200000,81185.688118,2761.800000,5574.200000,27.809576,9.043802,14.564545,8.392122,4.213420,30.395000,3.758833,2024-06-30,0,0,0
2024-09-19,SCCO,101.805599,781.159261,79526.386362,8492.500000,6256.500000,1875.300000,4381.200000,83907.586362,2761.800000,5574.200000,28.795129,9.364308,15.052848,8.392122,4.266263,31.088000,3.747833,2024-06-30,0,0,0
2024-09-20,SCCO,100.553531,781.159261,78548.321584,8492.500000,6256.500000,1875.300000,4381.200000,82929.521584,2761.800000,5574.200000,28.440988,9.249140,14.877385,8.392122,4.261500,31.279000,3.751833,2024-06-30,0,0,0
2024-09-23,SCCO,102.941193,781.159261,80413.466221,8492.500000,6256.500000,1875.300000,4381.200000,84794.666221,2761.800000,5574.200000,29.116325,9.468763,15.211988,8.392122,4.231563,30.763000,3.770167,2024-06-30,0,0,0
2024-09-24,SCCO,110.375943,781.159261,86221.190064,8492.500000,6256.500000,1875.300000,4381.200000,90602.390064,2761.800000,5574.200000,31.219201,10.152628,16.253882,8.392122,4.355394,31.740000,3.764167,2024-06-30,0,0,0
2024-09-25,SCCO,107.997986,781.159261,84363.626990,8492.500000,6256.500000,1875.300000,4381.200000,88744.826990,2761.800000,5574.200000,30.546610,9.933898,15.920639,8.392122,4.362878,31.879000,3.762333,2024-06-30,0,0,0
2024-09-26,SCCO,116.888628,781.159261,91308.634599,8492.500000,6256.500000,1875.300000,4381.200000,95689.834599,2761.800000,5574.200000,33.061277,10.751679,17.166559,8.392122,4.465163,32.222000,3.730833,2024-06-30,0,0,0
2024-09-27,SCCO,115.374503,781.159261,90125.861453,8492.500000,6256.500000,1875.300000,4381.200000,94507.061453,2761.800000,5574.200000,32.633015,10.612406,16.954372,8.392122,4.472421,31.690000,3.715500,2024-06-30,0,0,0
2024-09-30,SCCO,112.268600,781.159261,87699.656496,8492.500000,6256.500000,1875.300000,4381.200000,92080.856496,2761.800000,5574.200000,31.754528,10.326718,16.519116,8.392122,4.430237,31.178000,3.708167,2024-06-30,0,0,0
2024-10-01,SCCO,113.637142,781.159261,88768.706193,8492.500000,6256.500000,1875.300000,4381.200000,93149.906193,2761.800000,5574.200000,32.141613,10.452600,16.710901,8.392122,4.418443,31.575000,3.718167,2024-06-30,0,0,0
2024-10-02,SCCO,113.879789,781.159261,88958.251434,8492.500000,6256.500000,1875.300000,4381.200000,93339.451434,2761.800000,5574.200000,32.210244,10.474919,16.744905,8.392122,4.482627,31.718000,3.718000,2024-06-30,0,0,0
2024-10-03,SCCO,111.928898,781.159261,87434.295622,8492.500000,6256.500000,1875.300000,4381.200000,91815.495622,2761.800000,5574.200000,31.658446,10.295472,16.471511,8.392122,4.438855,31.862000,3.728667,2024-06-30,0,0,0
2024-10-04,SCCO,114.481555,781.159261,89428.326835,8492.500000,6256.500000,1875.300000,4381.200000,93809.526835,2761.800000,5574.200000,32.380450,10.530271,16.829236,8.392122,4.437948,32.481000,3.732333,2024-06-30,0,0,0
2024-10-07,SCCO,114.112729,781.159261,89140.215112,8492.500000,6256.500000,1875.300000,4381.200000,93521.415112,2761.800000,5574.200000,32.276130,10.496346,16.777549,8.392122,4.452690,31.707000,3.740833,2024-06-30,0,0,0
2024-10-09,SCCO,111.065067,781.159261,86759.505694,8492.500000,6256.500000,1875.300000,4381.200000,91140.705694,2761.800000,5574.200000,31.414116,10.216015,16.350455,8.392122,4.331807,30.585000,3.758667,2024-06-30,0,0,0
2024-10-10,SCCO,112.957724,781.159261,88237.972126,8492.500000,6256.500000,1875.300000,4381.200000,92619.172126,2761.800000,5574.200000,31.949443,10.390106,16.615689,8.392122,4.312303,30.985000,3.768500,2024-06-30,0,0,0
2024-10-11,SCCO,114.180676,781.159261,89193.292214,8492.500000,6256.500000,1875.300000,4381.200000,93574.492214,2761.800000,5574.200000,32.295348,10.502595,16.787071,8.392122,4.352899,31.616000,3.756000,2024-06-30,0,0,0
2024-10-14,SCCO,114.112729,781.159261,89140.215112,8492.500000,6256.500000,1875.300000,4381.200000,93521.415112,2761.800000,5574.200000,32.276130,10.496346,16.777549,8.392122,4.316385,31.155000,3.758167,2024-06-30,0,0,0
2024-10-15,SCCO,108.230935,781.159261,84545.596827,8492.500000,6256.500000,1875.300000,4381.200000,88926.796827,2761.800000,5574.200000,30.612498,9.955325,15.953284,8.392122,4.264449,31.472000,3.770000,2024-06-30,0,0,0
2024-10-16,SCCO,109.812999,781.159261,85781.440916,8492.500000,6256.500000,1875.300000,4381.200000,90162.640916,2761.800000,5574.200000,31.059976,10.100847,16.174992,8.392122,4.304138,31.666000,3.771667,2024-06-30,0,0,0
2024-10-17,SCCO,108.696816,781.159261,84909.524183,8492.500000,6256.500000,1875.300000,4381.200000,89290.724183,2761.800000,5574.200000,30.744270,9.998178,16.018572,8.392122,4.254696,31.685000,3.766333,2024-06-30,0,0,0
2024-10-18,SCCO,109.580058,781.159261,85599.477238,8492.500000,6256.500000,1875.300000,4381.200000,89980.677238,2761.800000,5574.200000,30.994090,10.079420,16.142348,8.392122,4.296654,32.665000,3.754000,2024-06-30,0,0,0
2024-10-21,SCCO,109.085053,781.159261,85212.799033,8492.500000,6256.500000,1875.300000,4381.200000,89593.999033,2761.800000,5574.200000,30.854080,10.033889,16.072979,8.392122,4.351085,33.694000,3.765333,2024-06-30,0,0,0
2024-10-22,SCCO,111.200952,781.159261,86865.653739,8492.500000,6256.500000,1875.300000,4381.200000,91246.853739,2761.800000,5574.200000,31.452550,10.228514,16.369498,8.392122,4.304818,34.565000,3.755500,2024-06-30,0,0,0
2024-10-23,SCCO,110.482712,781.159261,86304.593419,8492.500000,6256.500000,1875.300000,4381.200000,90685.793419,2761.800000,5574.200000,31.249400,10.162448,16.268845,8.392122,4.247439,33.800000,3.754167,2024-06-30,0,0,0
2024-10-24,SCCO,111.162122,781.159261,86835.321327,8492.500000,6256.500000,1875.300000,4381.200000,91216.521327,2761.800000,5574.200000,31.441568,10.224942,16.364056,8.392122,4.269665,33.524000,3.753667,2024-06-30,0,0,0
2024-10-25,SCCO,112.016248,781.159261,87502.529692,8492.500000,6256.500000,1875.300000,4381.200000,91883.729692,2761.800000,5574.200000,31.683152,10.303507,16.483752,8.392122,4.256964,33.815000,3.760500,2024-06-30,0,0,0
2024-10-28,SCCO,111.433893,781.159261,87047.617417,8492.500000,6256.500000,1875.300000,4381.200000,91428.817417,2761.800000,5574.200000,31.518436,10.249940,16.402142,8.392122,4.264676,33.695000,3.771000,2024-06-30,0,0,0
2024-10-29,SCCO,111.045656,781.159261,86744.342567,8492.500000,6256.500000,1875.300000,4381.200000,91125.542567,2761.800000,5574.200000,31.408626,10.214229,16.347735,8.392122,4.277830,34.265000,3.771167,2024-06-30,0,0,0
2024-10-30,SCCO,108.560930,781.159261,84803.376138,8492.500000,6256.500000,1875.300000,4381.200000,89184.576138,2761.800000,5574.200000,30.705835,9.985679,15.999529,8.392122,4.243810,33.951000,3.774500,2024-06-30,0,0,0
2024-10-31,SCCO,106.328564,781.159261,83059.542672,8492.500000,6256.500000,1875.300000,4381.200000,87440.742672,2761.800000,5574.200000,30.074423,9.780341,15.686689,8.392122,4.276015,32.691000,3.768167,2024-06-30,0,0,0
2024-11-04,SCCO,108.036816,785.540179,84867.259834,8921.000000,6257.400000,2654.800000,3602.600000,88469.859834,3039.600000,5955.900000,27.920536,9.513200,14.854155,8.392122,4.311396,32.351000,3.768667,2024-09-30,0,0,0
2024-11-05,SCCO,110.667125,785.540179,86933.472879,8921.000000,6257.400000,2654.800000,3602.600000,90536.072879,3039.600000,5955.900000,28.600300,9.744813,15.201073,8.392122,4.348817,32.645000,3.774833,2024-09-30,0,0,0
2024-11-06,SCCO,106.280036,785.540179,83487.238206,8921.000000,6257.400000,2654.800000,3602.600000,87089.838206,3039.600000,5955.900000,27.466521,9.358507,14.622448,8.392122,4.195956,31.225000,3.784833,2024-09-30,0,0,0
2024-11-07,SCCO,110.172119,785.540179,86544.625861,8921.000000,6257.400000,2654.800000,3602.600000,90147.225861,3039.600000,5955.900000,28.472373,9.701225,15.135786,8.392122,4.257418,31.740000,3.755833,2024-09-30,0,0,0
2024-11-08,SCCO,103.960314,785.540179,81665.004036,8921.000000,6257.400000,2654.800000,3602.600000,85267.604036,3039.600000,5955.900000,26.867023,9.154243,14.316494,8.392122,4.228842,31.264000,3.769500,2024-09-30,0,0,0
2024-11-11,SCCO,101.679419,785.540179,79873.269003,8921.000000,6257.400000,2654.800000,3602.600000,83475.869003,3039.600000,5955.900000,26.277559,8.953399,14.015660,8.392122,4.196183,30.564000,3.778333,2024-09-30,0,0,0
2024-11-12,SCCO,99.679998,785.540179,78302.643479,8921.000000,6257.400000,2654.800000,3602.600000,81905.243479,3039.600000,5955.900000,25.760838,8.777339,13.751951,8.392122,4.084599,30.645000,3.788500,2024-09-30,0,0,0
2024-11-13,SCCO,98.020282,785.540179,76998.870014,8921.000000,6257.400000,2654.800000,3602.600000,80601.470014,3039.600000,5955.900000,25.331909,8.631193,13.533046,8.392122,4.068270,30.523000,3.801833,2024-09-30,0,0,0
2024-11-14,SCCO,97.321459,785.540179,76449.916329,8921.000000,6257.400000,2654.800000,3602.600000,80052.516329,3039.600000,5955.900000,25.151308,8.569658,13.440876,8.392122,3.977098,30.538000,3.803667,2024-09-30,0,0,0
2024-11-15,SCCO,96.321741,785.540179,75664.597411,8921.000000,6257.400000,2654.800000,3602.600000,79267.197411,3039.600000,5955.900000,24.892946,8.481627,13.309021,8.392122,4.107279,30.318000,3.801500,2024-09-30,0,0,0
2024-11-18,SCCO,98.835582,785.540179,77639.321109,8921.000000,6257.400000,2654.800000,3602.600000,81241.921109,3039.600000,5955.900000,25.542611,8.702984,13.640578,8.392122,4.018602,31.255000,3.795667,2024-09-30,0,0,0
2024-11-19,SCCO,100.728245,785.540179,79126.083241,8921.000000,6257.400000,2654.800000,3602.600000,82728.683241,3039.600000,5955.900000,26.031742,8.869643,13.890207,8.392122,4.045817,31.175000,3.796500,2024-09-30,0,0,0
2024-11-20,SCCO,99.971175,785.540179,78531.374694,8921.000000,6257.400000,2654.800000,3602.600000,82133.974694,3039.600000,5955.900000,25.836089,8.802979,13.790355,8.392122,4.092310,31.095000,3.796000,2024-09-30,0,0,0
2024-11-21,SCCO,97.719403,785.540179,76762.517093,8921.000000,6257.400000,2654.800000,3602.600000,80365.117093,3039.600000,5955.900000,25.254151,8.604699,13.493362,8.392122,4.057611,30.728000,3.795000,2024-09-30,0,0,0
2024-11-22,SCCO,96.807038,785.540179,76045.818154,8921.000000,6257.400000,2654.800000,3602.600000,79648.418154,3039.600000,5955.900000,25.018364,8.524360,13.373028,8.392122,4.004767,31.244000,3.795167,2024-09-30,0,0,0
2024-11-25,SCCO,99.010290,785.540179,77776.561069,8921.000000,6257.400000,2654.800000,3602.600000,81379.161069,3039.600000,5955.900000,25.587762,8.718368,13.663621,8.392122,4.045137,30.169000,3.774667,2024-09-30,0,0,0
2024-11-26,SCCO,95.642330,785.540179,75130.893295,8921.000000,6257.400000,2654.800000,3602.600000,78733.493295,3039.600000,5955.900000,24.717362,8.421802,13.219412,8.392122,4.048312,30.515000,3.768000,2024-09-30,0,0,0
2024-11-27,SCCO,96.777923,785.540179,76022.946880,8921.000000,6257.400000,2654.800000,3602.600000,79625.546880,3039.600000,5955.900000,25.010839,8.521797,13.369188,8.392122,4.035838,30.075000,3.757333,2024-09-30,0,0,0
2024-11-29,SCCO,97.399103,785.540179,76510.908447,8921.000000,6257.400000,2654.800000,3602.600000,80113.508447,3039.600000,5955.900000,25.171374,8.576495,13.451117,8.392122,4.027447,30.075000,3.746167,2024-09-30,0,0,0
2024-12-02,SCCO,97.107926,785.540179,76282.177232,8921.000000,6257.400000,2654.800000,3602.600000,79884.777232,3039.600000,5955.900000,25.096124,8.550855,13.412713,8.392122,4.023818,30.482000,3.760333,2024-09-30,0,0,0
2024-12-03,SCCO,98.350285,785.540179,77258.100366,8921.000000,6257.400000,2654.800000,3602.600000,80860.700366,3039.600000,5955.900000,25.417193,8.660251,13.576571,8.392122,4.055569,31.045000,3.745333,2024-09-30,0,0,0
2024-12-04,SCCO,98.243518,785.540179,77174.230817,8921.000000,6257.400000,2654.800000,3602.600000,80776.830817,3039.600000,5955.900000,25.389601,8.650850,13.562489,8.392122,4.060105,31.310000,3.738833,2024-09-30,0,0,0
2024-12-05,SCCO,98.146462,785.540179,77097.989131,8921.000000,6257.400000,2654.800000,3602.600000,80700.589131,3039.600000,5955.900000,25.364518,8.642303,13.549688,8.392122,4.067363,31.198000,3.730833,2024-09-30,0,0,0
2024-12-06,SCCO,97.059397,785.540179,76244.056389,8921.000000,6257.400000,2654.800000,3602.600000,79846.656389,3039.600000,5955.900000,25.083582,8.546582,13.406312,8.392122,4.100475,31.168000,3.721833,2024-09-30,0,0,0
2024-12-10,SCCO,99.505290,785.540179,78165.403519,8921.000000,6257.400000,2654.800000,3602.600000,81768.003519,3039.600000,5955.900000,25.715687,8.761955,13.728908,8.392122,4.112722,31.996000,3.712000,2024-09-30,0,0,0
2024-12-11,SCCO,100.466183,785.540179,78920.223301,8921.000000,6257.400000,2654.800000,3602.600000,82522.823301,3039.600000,5955.900000,25.964016,8.846567,13.855643,8.392122,4.117258,32.141000,3.720833,2024-09-30,0,0,0
2024-12-12,SCCO,98.544405,785.540179,77410.589894,8921.000000,6257.400000,2654.800000,3602.600000,81013.189894,3039.600000,5955.900000,25.467361,8.677344,13.602174,8.392122,4.099795,31.074000,3.735833,2024-09-30,0,0,0
2024-12-13,SCCO,97.059397,785.540179,76244.056389,8921.000000,6257.400000,2654.800000,3602.600000,79846.656389,3039.600000,5955.900000,25.083582,8.546582,13.406312,8.392122,4.077342,30.498000,3.735500,2024-09-30,0,0,0
2024-12-16,SCCO,94.526143,785.540179,74254.083122,8921.000000,6257.400000,2654.800000,3602.600000,77856.683122,3039.600000,5955.900000,24.428900,8.323516,13.072194,8.392122,4.051487,30.595000,3.734500,2024-09-30,0,0,0
2024-12-17,SCCO,93.895261,785.540179,73758.499849,8921.000000,6257.400000,2654.800000,3602.600000,77361.099849,3039.600000,5955.900000,24.265857,8.267963,12.988986,8.392122,4.014973,30.465000,3.741167,2024-09-30,0,0,0
2024-12-18,SCCO,90.226413,785.540179,70876.472997,8921.000000,6257.400000,2654.800000,3602.600000,74479.072997,3039.600000,5955.900000,23.317697,7.944902,12.505091,8.392122,4.039467,30.146000,3.735167,2024-09-30,0,0,0
2024-12-19,SCCO,89.275231,785.540179,70129.281078,8921.000000,6257.400000,2654.800000,3602.600000,73731.881078,3039.600000,5955.900000,23.071878,7.861146,12.379637,8.392122,3.989572,28.895000,3.737333,2024-09-30,0,0,0
2024-12-20,SCCO,90.274942,785.540179,70914.593840,8921.000000,6257.400000,2654.800000,3602.600000,74517.193840,3039.600000,5955.900000,23.330239,7.949175,12.511492,8.392122,3.988438,29.435000,3.724167,2024-09-30,0,0,0
2024-12-23,SCCO,90.818478,785.540179,71341.563289,8921.000000,6257.400000,2654.800000,3602.600000,74944.163289,3039.600000,5955.900000,23.470708,7.997037,12.583180,8.392122,4.008849,29.675000,3.727833,2024-09-30,0,0,0
2024-12-24,SCCO,91.653191,785.540179,71997.263953,8921.000000,6257.400000,2654.800000,3602.600000,75599.863953,3039.600000,5955.900000,23.686427,8.070537,12.693273,8.392122,4.013159,29.675000,3.729667,2024-09-30,0,0,0
2024-12-26,SCCO,91.818188,785.540179,72126.876051,8921.000000,6257.400000,2654.800000,3602.600000,75729.476051,3039.600000,5955.900000,23.729068,8.085066,12.715035,8.392122,4.013159,29.675000,3.741167,2024-09-30,0,0,0
2024-12-27,SCCO,90.469062,785.540179,71067.083368,8921.000000,6257.400000,2654.800000,3602.600000,74669.683368,3039.600000,5955.900000,23.380406,7.966269,12.537095,8.392122,4.011117,29.675000,3.746500,2024-09-30,0,0,0
2024-12-30,SCCO,88.760818,785.540179,69725.189060,8921.000000,6257.400000,2654.800000,3602.600000,73327.789060,3039.600000,5955.900000,22.938936,7.815849,12.311790,8.392122,4.011117,29.675000,3.766667,2024-09-30,0,0,0
2025-01-02,SCCO,89.449939,785.540179,70266.521038,8921.000000,6257.400000,2654.800000,3602.600000,73869.121038,3039.600000,5955.900000,23.117029,7.876530,12.402680,8.392122,3.939677,29.595000,3.754167,2024-09-30,0,0,0
2025-01-03,SCCO,89.304347,785.540179,70152.152352,8921.000000,6257.400000,2654.800000,3602.600000,73754.752352,3039.600000,5955.900000,23.079403,7.863709,12.383477,8.392122,3.946707,29.713000,3.760167,2024-09-30,0,0,0
2025-01-06,SCCO,90.808767,785.540179,71333.935426,8921.000000,6257.400000,2654.800000,3602.600000,74936.535426,3039.600000,5955.900000,23.468198,7.996182,12.581900,8.392122,4.034024,30.155000,3.762500,2024-09-30,0,0,0
2025-01-07,SCCO,91.022301,785.540179,71501.674524,8921.000000,6257.400000,2654.800000,3602.600000,75104.274524,3039.600000,5955.900000,23.523383,8.014984,12.610063,8.392122,4.030622,30.090000,3.769500,2024-09-30,0,0,0
2025-01-08,SCCO,92.788783,785.540179,72889.317538,8921.000000,6257.400000,2654.800000,3602.600000,76491.917538,3039.600000,5955.900000,23.979904,8.170532,12.843049,8.392122,4.012932,30.245000,3.781167,2024-09-30,0,0,0
2025-01-10,SCCO,91.827891,785.540179,72134.497757,8921.000000,6257.400000,2654.800000,3602.600000,75737.097757,3039.600000,5955.900000,23.731576,8.085921,12.716315,8.392122,4.080290,30.565000,3.770000,2024-09-30,0,0,0
2025-01-13,SCCO,91.963781,785.540179,72241.244737,8921.000000,6257.400000,2654.800000,3602.600000,75843.844737,3039.600000,5955.900000,23.766695,8.097886,12.734237,8.392122,4.073260,29.628000,3.781667,2024-09-30,0,0,0
2025-01-14,SCCO,92.536424,785.540179,72691.079304,8921.000000,6257.400000,2654.800000,3602.600000,76293.679304,3039.600000,5955.900000,23.914686,8.148311,12.809765,8.392122,4.089589,29.838000,3.775500,2024-09-30,0,0,0
2025-01-15,SCCO,94.137909,785.540179,73949.110221,8921.000000,6257.400000,2654.800000,3602.600000,77551.710221,3039.600000,5955.900000,24.328566,8.289330,13.020989,8.392122,4.091403,30.500000,3.765333,2024-09-30,0,0,0
2025-01-16,SCCO,94.555266,785.540179,74276.960553,8921.000000,6257.400000,2654.800000,3602.600000,77879.560553,3039.600000,5955.900000,24.436426,8.326080,13.076036,8.392122,4.143566,30.857000,3.766167,2024-09-30,0,0,0
2025-01-17,SCCO,95.234676,785.540179,74810.664669,8921.000000,6257.400000,2654.800000,3602.600000,78413.264669,3039.600000,5955.900000,24.612010,8.385906,13.165645,8.392122,4.142206,30.456000,3.747167,2024-09-30,0,0,0
2025-01-21,SCCO,95.778212,785.540179,75237.634118,8921.000000,6257.400000,2654.800000,3602.600000,78840.234118,3039.600000,5955.900000,24.752479,8.433767,13.237333,8.392122,4.112722,30.810000,3.732000,2024-09-30,0,0,0
2025-01-22,SCCO,93.516730,785.540179,73461.148654,8921.000000,6257.400000,2654.800000,3602.600000,77063.748654,3039.600000,5955.900000,24.168032,8.234632,12.939060,8.392122,4.138123,30.780000,3.721167,2024-09-30,0,0,0
2025-01-23,SCCO,94.322320,785.540179,74093.971887,8921.000000,6257.400000,2654.800000,3602.600000,77696.571887,3039.600000,5955.900000,24.376224,8.305568,13.045312,8.392122,4.107733,30.330000,3.714500,2024-09-30,0,0,0
2025-01-24,SCCO,93.662314,785.540179,73575.511183,8921.000000,6257.400000,2654.800000,3602.600000,77178.111183,3039.600000,5955.900000,24.205656,8.247451,12.958262,8.392122,4.181215,30.706000,3.714167,2024-09-30,0,0,0
2025-01-27,SCCO,91.371716,785.540179,71776.154444,8921.000000,6257.400000,2654.800000,3602.600000,75378.754444,3039.600000,5955.900000,23.613684,8.045752,12.656148,8.392122,4.105465,29.910000,3.737500,2024-09-30,0,0,0
2025-01-28,SCCO,87.858164,785.540179,69016.117984,8921.000000,6257.400000,2654.800000,3602.600000,72618.717984,3039.600000,5955.900000,22.705658,7.736366,12.192736,8.392122,4.032663,30.408000,3.740667,2024-09-30,0,0,0
2025-01-29,SCCO,88.683167,785.540179,69664.190785,8921.000000,6257.400000,2654.800000,3602.600000,73266.790785,3039.600000,5955.900000,22.918868,7.809011,12.301548,8.392122,4.028354,30.812000,3.723500,2024-09-30,0,0,0
2025-01-30,SCCO,89.925526,785.540179,70640.113919,8921.000000,6257.400000,2654.800000,3602.600000,74242.713919,3039.600000,5955.900000,23.239937,7.918408,12.465406,8.392122,4.070992,31.395000,3.717833,2024-09-30,0,0,0
2025-01-31,SCCO,88.925816,785.540179,69854.801157,8921.000000,6257.400000,2654.800000,3602.600000,73457.401157,3039.600000,5955.900000,22.981577,7.830378,12.333552,8.392122,4.059425,31.453000,3.723667,2024-09-30,0,0,0
2025-02-03,SCCO,87.285513,785.540179,68566.277260,8921.000000,6257.400000,2654.800000,3602.600000,72168.877260,3039.600000,5955.900000,22.557665,7.685941,12.117208,8.392122,4.021777,31.400000,3.720833,2024-09-30,0,0,0
2025-02-04,SCCO,90.517590,785.540179,71105.204212,8921.000000,6257.400000,2654.800000,3602.600000,74707.804212,3039.600000,5955.900000,23.392948,7.970542,12.543495,8.392122,4.079156,32.307000,3.706333,2024-09-30,0,0,0
2025-02-05,SCCO,90.682596,785.540179,71234.822466,8921.000000,6257.400000,2654.800000,3602.600000,74837.422466,3039.600000,5955.900000,23.435591,7.985071,12.565258,8.392122,4.093671,32.545000,3.717667,2024-09-30,0,0,0
2025-02-06,SCCO,91.827891,785.540179,72134.497757,8921.000000,6257.400000,2654.800000,3602.600000,75737.097757,3039.600000,5955.900000,23.731576,8.085921,12.716315,8.392122,4.157174,32.129000,3.713000,2024-09-30,0,0,0
2025-02-07,SCCO,93.875848,785.540179,73743.250280,8921.000000,6257.400000,2654.800000,3602.600000,77345.850280,3039.600000,5955.900000,24.260840,8.266254,12.986425,8.392122,4.212966,32.106000,3.716167,2024-09-30,0,0,0
2025-02-10,SCCO,94.186438,785.540179,73987.231064,8921.000000,6257.400000,2654.800000,3602.600000,77589.831064,3039.600000,5955.900000,24.341108,8.293603,13.027390,8.392122,4.212739,32.098000,3.714167,2024-09-30,0,0,0
2025-02-11,SCCO,89.381998,785.540179,70213.150626,8921.000000,6257.400000,2654.800000,3602.600000,73815.750626,3039.600000,5955.900000,23.099471,7.870547,12.393719,8.392122,4.193462,31.895000,3.712833,2024-09-30,0,0,0
2025-02-12,SCCO,91.488186,785.540179,71867.645699,8921.000000,6257.400000,2654.800000,3602.600000,75470.245699,3039.600000,5955.900000,23.643784,8.056008,12.671510,8.392122,4.208203,32.239000,3.713000,2024-09-30,0,0,0
2025-02-13,SCCO,94.962912,785.540179,74597.183022,8921.000000,6257.400000,2654.800000,3602.600000,78199.783022,3039.600000,5955.900000,24.541776,8.361975,13.129801,8.392122,4.246532,32.148000,3.716833,2024-09-30,0,0,0
2025-02-14,SCCO,94.409674,785.540179,74162.591867,8921.000000,6257.400000,2654.800000,3602.600000,77765.191867,3039.600000,5955.900000,24.398800,8.313260,13.056833,8.392122,4.452148,32.416000,3.703500,2024-09-30,0,0,0
2025-02-18,SCCO,94.564968,785.540179,74284.582259,8921.000000,6257.400000,2654.800000,3602.600000,77887.182259,3039.600000,5955.900000,24.438933,8.326934,13.077315,8.392122,4.216141,32.890000,3.688000,2024-09-30,0,0,0
2025-02-19,SCCO,93.545845,785.540179,73484.019928,8921.000000,6257.400000,2654.800000,3602.600000,77086.619928,3039.600000,5955.900000,24.175556,8.237195,12.942900,8.392122,4.278737,32.635000,3.686833,2024-09-30,0,0,0
2025-02-20,SCCO,94.943499,785.540179,74581.933454,8921.000000,6257.400000,2654.800000,3602.600000,78184.533454,3039.600000,5955.900000,24.536759,8.360266,13.127241,8.392122,4.315705,32.999000,3.682667,2024-09-30,0,0,0
2025-02-21,SCCO,90.177885,785.540179,70838.352154,8921.000000,6257.400000,2654.800000,3602.600000,74440.952154,3039.600000,5955.900000,23.305156,7.940629,12.498691,8.392122,4.306406,32.665000,3.678667,2024-09-30,0,0,0
2025-02-24,SCCO,90.168175,785.540179,70830.724291,8921.000000,6257.400000,2654.800000,3602.600000,74433.324291,3039.600000,5955.900000,23.302646,7.939774,12.497410,8.392122,4.304592,32.305000,3.686000,2024-09-30,0,0,0
2025-02-25,SCCO,90.284652,785.540179,70922.221702,8921.000000,6257.400000,2654.800000,3602.600000,74524.821702,3039.600000,5955.900000,23.332748,7.950030,12.512772,8.392122,4.292345,31.492000,3.682000,2024-09-30,0,0,0
2025-02-26,SCCO,90.507888,785.540179,71097.582506,8921.000000,6257.400000,2654.800000,3602.600000,74700.182506,3039.600000,5955.900000,23.390440,7.969688,12.542216,8.392122,4.310942,31.915000,3.675000,2024-09-30,0,0,0
2025-02-27,SCCO,87.829049,785.540179,68993.246709,8921.000000,6257.400000,2654.800000,3602.600000,72595.846709,3039.600000,5955.900000,22.698134,7.733802,12.188896,8.392122,4.270799,31.435000,3.671833,2024-09-30,0,0,0
2025-02-28,SCCO,86.314918,785.540179,67803.835773,8921.000000,6257.400000,2654.800000,3602.600000,71406.435773,3039.600000,5955.900000,22.306828,7.600475,11.989193,8.392122,4.247212,31.065000,3.681333,2024-09-30,0,0,0
2025-03-03,SCCO,84.160202,785.540179,66111.219857,8921.000000,6257.400000,2654.800000,3602.600000,69713.819857,3039.600000,5955.900000,21.749974,7.410741,11.705002,8.392122,4.245851,31.795000,3.685833,2024-09-30,0,0,0
2025-03-04,SCCO,83.393430,796.182905,66396.423026,9171.600000,6258.300000,3258.100000,3000.200000,69396.623026,3388.600000,6400.600000,19.594057,7.239350,10.842206,8.392122,4.261500,31.745000,3.688000,2024-12-31,0,0,0
2025-03-05,SCCO,87.829049,796.182905,69927.987210,9171.600000,6258.300000,3258.100000,3000.200000,72928.187210,3388.600000,6400.600000,20.636247,7.624404,11.393961,8.392122,4.327725,32.547000,3.655667,2024-12-31,0,0,0
2025-03-06,SCCO,88.149341,796.182905,70182.998483,9171.600000,6258.300000,3258.100000,3000.200000,73183.198483,3388.600000,6400.600000,20.711503,7.652209,11.433803,8.392122,4.378981,32.725000,3.649333,2024-12-31,0,0,0
2025-03-07,SCCO,88.285223,796.182905,70291.185462,9171.600000,6258.300000,3258.100000,3000.200000,73291.385462,3388.600000,6400.600000,20.743430,7.664005,11.450705,8.392122,4.383517,32.221000,3.658333,2024-12-31,0,0,0
2025-03-10,SCCO,85.858743,796.182905,68359.263538,9171.600000,6258.300000,3258.100000,3000.200000,71359.463538,3388.600000,6400.600000,20.173306,7.453363,11.148871,8.392122,4.330446,32.246000,3.663833,2024-12-31,0,0,0
2025-03-11,SCCO,86.246977,796.182905,68668.368300,9171.600000,6258.300000,3258.100000,3000.200000,71668.568300,3388.600000,6400.600000,20.264525,7.487065,11.197164,8.392122,4.367187,32.725000,3.667167,2024-12-31,0,0,0
2025-03-12,SCCO,87.683456,796.182905,69812.069025,9171.600000,6258.300000,3258.100000,3000.200000,72812.269025,3388.600000,6400.600000,20.602039,7.611766,11.375851,8.392122,4.429783,33.182000,3.662167,2024-12-31,0,0,0
2025-03-13,SCCO,89.692588,796.182905,71411.705045,9171.600000,6258.300000,3258.100000,3000.200000,74411.905045,3388.600000,6400.600000,21.074103,7.786177,11.625770,8.392122,4.400980,33.935000,3.669667,2024-12-31,0,0,0
2025-03-14,SCCO,93.303196,796.182905,74286.409910,9171.600000,6258.300000,3258.100000,3000.200000,77286.609910,3388.600000,6400.600000,21.922449,8.099613,12.074901,8.392122,4.426608,33.624000,3.657167,2024-12-31,0,0,0
2025-03-17,SCCO,95.001738,796.182905,75638.759625,9171.600000,6258.300000,3258.100000,3000.200000,78638.959625,3388.600000,6400.600000,22.321537,8.247063,12.286186,8.392122,4.421618,33.694000,3.646833,2024-12-31,0,0,0
2025-03-18,SCCO,95.894682,796.182905,76349.706194,9171.600000,6258.300000,3258.100000,3000.200000,79349.906194,3388.600000,6400.600000,22.531342,8.324579,12.397261,8.392122,4.460627,34.045000,3.635667,2024-12-31,0,0,0
2025-03-19,SCCO,96.612925,796.182905,76921.559676,9171.600000,6258.300000,3258.100000,3000.200000,79921.759676,3388.600000,6400.600000,22.700100,8.386929,12.486604,8.392122,4.496915,33.497000,3.621333,2024-12-31,0,0,0
2025-03-20,SCCO,96.302328,796.182905,76674.267130,9171.600000,6258.300000,3258.100000,3000.200000,79674.467130,3388.600000,6400.600000,22.627122,8.359966,12.447968,8.392122,4.495781,33.454000,3.624500,2024-12-31,0,0,0
2025-03-21,SCCO,97.457341,796.182905,77593.868930,9171.600000,6258.300000,3258.100000,3000.200000,80594.068930,3388.600000,6400.600000,22.898503,8.460233,12.591643,8.392122,4.458359,32.887000,3.634833,2024-12-31,0,0,0
2025-03-24,SCCO,96.709982,796.182905,76998.834307,9171.600000,6258.300000,3258.100000,3000.200000,79999.034307,3388.600000,6400.600000,22.722905,8.395355,12.498677,8.392122,4.525945,33.035000,3.646333,2024-12-31,0,0,0
2025-03-25,SCCO,98.495877,796.182905,78420.733685,9171.600000,6258.300000,3258.100000,3000.200000,81420.933685,3388.600000,6400.600000,23.142517,8.550387,12.720828,8.392122,4.527759,33.664000,3.637667,2024-12-31,0,0,0
2025-03-26,SCCO,94.827030,796.182905,75499.660298,9171.600000,6258.300000,3258.100000,3000.200000,78499.860298,3388.600000,6400.600000,22.280488,8.231896,12.264453,8.392122,4.483307,33.616000,3.640000,2024-12-31,0,0,0
2025-03-27,SCCO,93.992317,796.182905,74835.076011,9171.600000,6258.300000,3258.100000,3000.200000,77835.276011,3388.600000,6400.600000,22.084364,8.159435,12.160622,8.392122,4.439309,34.305000,3.645333,2024-12-31,0,0,0
2025-03-28,SCCO,91.371716,796.182905,72748.598586,9171.600000,6258.300000,3258.100000,3000.200000,75748.798586,3388.600000,6400.600000,21.468630,7.931942,11.834640,8.392122,4.442937,34.175000,3.652667,2024-12-31,0,0,0
2025-03-31,SCCO,90.711711,796.182905,72223.113626,9171.600000,6258.300000,3258.100000,3000.200000,75223.313626,3388.600000,6400.600000,21.313555,7.874647,11.752541,8.392122,4.387599,33.825000,3.670833,2024-12-31,0,0,0
2025-04-01,SCCO,91.119357,796.182905,72547.674562,9171.600000,6258.300000,3258.100000,3000.200000,75547.874562,3388.600000,6400.600000,21.409336,7.910035,11.803249,8.392122,4.378074,33.665000,3.672167,2024-12-31,0,0,0
2025-04-02,SCCO,91.585242,796.182905,72918.604021,9171.600000,6258.300000,3258.100000,3000.200000,75918.804021,3388.600000,6400.600000,21.518800,7.950478,11.861201,8.392122,4.375352,33.829000,3.676667,2024-12-31,0,0,0
2025-04-03,SCCO,84.179614,796.182905,67022.369997,9171.600000,6258.300000,3258.100000,3000.200000,70022.569997,3388.600000,6400.600000,19.778779,7.307598,10.940001,8.392122,4.262408,31.945000,3.663333,2024-12-31,0,0,0
2025-04-04,SCCO,76.084858,796.182905,60577.463633,9171.600000,6258.300000,3258.100000,3000.200000,63577.663633,3388.600000,6400.600000,17.876841,6.604896,9.933079,8.392122,4.005447,29.731000,3.693333,2024-12-31,0,0,0
2025-04-07,SCCO,77.065164,796.182905,61357.966105,9171.600000,6258.300000,3258.100000,3000.200000,64358.166105,3388.600000,6400.600000,18.107173,6.689996,10.055021,8.392122,4.002953,29.975000,3.706833,2024-12-31,0,0,0
2025-04-08,SCCO,73.406019,796.182905,58444.617685,9171.600000,6258.300000,3258.100000,3000.200000,61444.817685,3388.600000,6400.600000,17.247423,6.372347,9.599853,8.392122,3.973469,30.055000,3.737000,2024-12-31,0,0,0
2025-04-09,SCCO,81.937545,796.182905,65237.272367,9171.600000,6258.300000,3258.100000,3000.200000,68237.472367,3388.600000,6400.600000,19.251984,7.112965,10.661106,8.392122,3.873225,30.323000,3.741833,2024-12-31,0,0,0
2025-04-10,SCCO,79.433405,796.182905,63243.519507,9171.600000,6258.300000,3258.100000,3000.200000,66243.719507,3388.600000,6400.600000,18.663613,6.895582,10.349611,8.392122,4.072352,30.855000,3.729500,2024-12-31,0,0,0
2025-04-11,SCCO,82.141368,796.182905,65399.552836,9171.600000,6258.300000,3258.100000,3000.200000,68399.752836,3388.600000,6400.600000,19.299874,7.130659,10.686460,8.392122,4.163978,32.195000,3.729667,2024-12-31,0,0,0
2025-04-14,SCCO,85.091971,796.182905,67748.772741,9171.600000,6258.300000,3258.100000,3000.200000,70748.972741,3388.600000,6400.600000,19.993145,7.386800,11.053491,8.392122,4.178720,31.973000,3.730500,2024-12-31,0,0,0
2025-04-15,SCCO,84.276671,796.182905,67099.644628,9171.600000,6258.300000,3258.100000,3000.200000,70099.844628,3388.600000,6400.600000,19.801583,7.316024,10.952074,8.392122,4.124969,32.233000,3.746167,2024-12-31,0,0,0
2025-04-16,SCCO,83.655491,796.182905,66605.072016,9171.600000,6258.300000,3258.100000,3000.200000,69605.272016,3388.600000,6400.600000,19.655631,7.262100,10.874804,8.392122,4.119980,32.925000,3.733000,2024-12-31,0,0,0
2025-04-21,SCCO,84.092261,796.182905,66952.820334,9171.600000,6258.300000,3258.100000,3000.200000,69953.020334,3388.600000,6400.600000,19.758254,7.300015,10.929135,8.392122,4.129505,32.775000,3.707500,2024-12-31,0,0,0
2025-04-22,SCCO,86.489625,796.182905,68861.561117,9171.600000,6258.300000,3258.100000,3000.200000,71861.761117,3388.600000,6400.600000,20.321537,7.508130,11.227348,8.392122,4.215461,32.966000,3.694833,2024-12-31,0,0,0
2025-04-23,SCCO,89.537293,796.182905,71288.061892,9171.600000,6258.300000,3258.100000,3000.200000,74288.261892,3388.600000,6400.600000,21.037615,7.772696,11.606453,8.392122,4.271253,33.545000,3.695500,2024-12-31,0,0,0
2025-04-24,SCCO,93.012019,796.182905,74054.579778,9171.600000,6258.300000,3258.100000,3000.200000,77054.779778,3388.600000,6400.600000,21.854034,8.074336,12.038681,8.392122,4.268531,33.469000,3.679000,2024-12-31,0,0,0
2025-04-25,SCCO,91.507598,796.182905,72856.785565,9171.600000,6258.300000,3258.100000,3000.200000,75856.985565,3388.600000,6400.600000,21.500556,7.943738,11.851543,8.392122,4.247439,32.985000,3.670167,2024-12-31,0,0,0
2025-04-28,SCCO,91.061127,796.182905,72501.312280,9171.600000,6258.300000,3258.100000,3000.200000,75501.512280,3388.600000,6400.600000,21.395654,7.904980,11.796005,8.392122,4.248119,33.056000,3.669333,2024-12-31,0,0,0
2025-04-29,SCCO,90.139060,796.182905,71767.178330,9171.600000,6258.300000,3258.100000,3000.200000,74767.378330,3388.600000,6400.600000,21.179006,7.824935,11.681308,8.392122,4.303458,33.222000,3.669333,2024-12-31,0,0,0
2025-04-30,SCCO,86.887569,796.182905,69178.397086,9171.600000,6258.300000,3258.100000,3000.200000,72178.597086,3388.600000,6400.600000,20.415038,7.542675,11.276849,8.392122,4.174864,32.721000,3.672667,2024-12-31,0,0,0
2025-05-02,SCCO,87.489339,796.186105,69657.796235,9568.300000,7247.000000,4116.300000,3130.700000,72788.496235,3598.900000,6761.200000,19.355302,7.280060,10.765618,8.392122,4.252882,32.021000,3.653167,2025-03-31,0,0,0
2025-05-05,SCCO,85.946094,796.186105,68429.086021,9568.300000,7247.000000,4116.300000,3130.700000,71559.786021,3598.900000,6761.200000,19.013889,7.151645,10.583888,8.392122,4.252882,32.294000,3.659333,2025-03-31,0,0,0
2025-05-06,SCCO,87.858163,796.186105,69951.448848,9568.300000,7247.000000,4116.300000,3130.700000,73082.148848,3598.900000,6761.200000,19.436897,7.310750,10.809050,8.392122,4.309128,33.050000,3.659833,2025-03-31,0,0,0
2025-05-07,SCCO,84.888145,796.186105,67586.761150,9568.300000,7247.000000,4116.300000,3130.700000,70717.461150,3598.900000,6761.200000,18.779839,7.063612,10.459306,8.392122,4.302777,32.642000,3.653667,2025-03-31,0,0,0
2025-05-08,SCCO,85.489919,796.186105,68065.885407,9568.300000,7247.000000,4116.300000,3130.700000,71196.585407,3598.900000,6761.200000,18.912969,7.113686,10.530170,8.392122,4.269665,32.643000,3.639167,2025-03-31,0,0,0
2025-05-09,SCCO,86.751683,796.186105,69070.484825,9568.300000,7247.000000,4116.300000,3130.700000,72201.184825,3598.900000,6761.200000,19.192110,7.218679,10.678753,8.392122,4.302550,32.836000,3.644500,2025-03-31,0,0,0
2025-05-12,SCCO,89.546999,796.186105,71296.076520,9568.300000,7247.000000,4116.300000,3130.700000,74426.776520,3598.900000,6761.200000,19.810519,7.451279,11.007924,8.392122,4.349951,32.570000,3.657500,2025-03-31,0,0,0
2025-05-13,SCCO,90.546709,796.186105,72092.031935,9568.300000,7247.000000,4116.300000,3130.700000,75222.731935,3598.900000,6761.200000,20.031685,7.534466,11.125648,8.392122,4.324550,32.965000,3.656333,2025-03-31,0,0,0
2025-05-14,SCCO,90.653479,796.186105,72177.040544,9568.300000,7247.000000,4116.300000,3130.700000,75307.740544,3598.900000,6761.200000,20.055306,7.543350,11.138221,8.392122,4.376940,32.299000,3.678833,2025-03-31,0,0,0
2025-05-15,SCCO,89.498469,796.186105,71257.437368,9568.300000,7247.000000,4116.300000,3130.700000,74388.137368,3598.900000,6761.200000,19.799783,7.447241,11.002209,8.392122,4.326137,32.545000,3.682333,2025-03-31,0,0,0
2025-05-16,SCCO,88.120225,796.186105,70160.099036,9568.300000,7247.000000,4116.300000,3130.700000,73290.799036,3598.900000,6761.200000,19.494873,7.332556,10.839910,8.392122,4.324550,32.260000,3.692667,2025-03-31,0,0,0
2025-05-19,SCCO,88.935524,796.186105,70809.228144,9568.300000,7247.000000,4116.300000,3130.700000,73939.928144,3598.900000,6761.200000,19.675242,7.400398,10.935918,8.392122,4.329539,32.347500,3.687667,2025-03-31,0,0,0
2025-05-20,SCCO,88.974345,796.186105,70840.136992,9568.300000,7247.000000,4116.300000,3130.700000,73970.836992,3598.900000,6761.200000,19.683830,7.403628,10.940489,8.392122,4.322735,33.067600,3.692667,2025-03-31,0,0,0
2025-05-21,SCCO,88.256107,796.186105,70268.286190,9568.300000,7247.000000,4116.300000,3130.700000,73398.986190,3598.900000,6761.200000,19.524934,7.343863,10.855911,8.392122,4.323869,33.377500,3.681167,2025-03-31,0,0,0
2025-05-22,SCCO,87.761103,796.186105,69874.170543,9568.300000,7247.000000,4116.300000,3130.700000,73004.870543,3598.900000,6761.200000,19.415424,7.302673,10.797620,8.392122,4.305952,33.077500,3.664167,2025-03-31,0,0,0
2025-05-23,SCCO,89.624649,796.186105,71357.900402,9568.300000,7247.000000,4116.300000,3130.700000,74488.600402,3598.900000,6761.200000,19.827697,7.457741,11.017068,8.392122,4.352219,33.480000,3.660500,2025-03-31,0,0,0
2025-05-27,SCCO,90.420529,796.186105,71991.568901,9568.300000,7247.000000,4116.300000,3130.700000,75122.268901,3598.900000,6761.200000,20.003770,7.523967,11.110789,8.392122,4.378527,33.300000,3.646833,2025-03-31,0,0,0
2025-05-28,SCCO,89.042293,796.186105,70894.236753,9568.300000,7247.000000,4116.300000,3130.700000,74024.936753,3598.900000,6761.200000,19.698863,7.409282,10.948491,8.392122,4.391681,32.995000,3.644500,2025-03-31,0,0,0
2025-05-29,SCCO,89.673172,796.186105,71396.533370,9568.300000,7247.000000,4116.300000,3130.700000,74527.233370,3598.900000,6761.200000,19.838432,7.461778,11.022782,8.392122,4.373311,33.347500,3.632333,2025-03-31,0,0,0
2025-05-30,SCCO,88.236697,796.186105,70252.831766,9568.300000,7247.000000,4116.300000,3130.700000,73383.531766,3598.900000,6761.200000,19.520640,7.342248,10.853625,8.392122,4.364919,32.970000,3.628167,2025-03-31,0,0,0
2025-06-02,SCCO,89.731411,796.186105,71442.902827,9568.300000,7247.000000,4116.300000,3130.700000,74573.602827,3598.900000,6761.200000,19.851316,7.466624,11.029640,8.392122,4.379434,34.790000,3.616500,2025-03-31,0,0,0
2025-06-03,SCCO,89.779942,796.186105,71481.541980,9568.300000,7247.000000,4116.300000,3130.700000,74612.241980,3598.900000,6761.200000,19.862053,7.470663,11.035355,8.392122,4.373991,34.500000,3.625000,2025-03-31,0,0,0
2025-06-04,SCCO,90.983474,796.186105,72439.778125,9568.300000,7247.000000,4116.300000,3130.700000,75570.478125,3598.900000,6761.200000,20.128311,7.570810,11.177081,8.392122,4.387826,34.960000,3.615833,2025-03-31,0,0,0
2025-06-05,SCCO,93.244957,796.186105,74240.339141,9568.300000,7247.000000,4116.300000,3130.700000,77371.039141,3598.900000,6761.200000,20.628620,7.758989,11.443389,8.392122,4.460627,36.150000,3.625833,2025-03-31,0,0,0
2025-06-06,SCCO,92.827603,796.186105,73908.047375,9568.300000,7247.000000,4116.300000,3130.700000,77038.747375,3598.900000,6761.200000,20.536288,7.724261,11.394242,8.392122,4.442937,35.955000,3.651167,2025-03-31,0,0,0
2025-06-09,SCCO,94.079674,796.186105,74904.928857,9568.300000,7247.000000,4116.300000,3130.700000,78035.628857,3598.900000,6761.200000,20.813284,7.828447,11.541683,8.392122,4.467431,36.723900,3.644333,2025-03-31,0,0,0
2025-06-10,SCCO,94.749381,796.186105,75438.140506,9568.300000,7247.000000,4116.300000,3130.700000,78568.840506,3598.900000,6761.200000,20.961444,7.884174,11.620547,8.392122,4.469699,36.560000,3.635500,2025-03-31,0,0,0
2025-06-11,SCCO,93.235256,796.186105,74232.615021,9568.300000,7247.000000,4116.300000,3130.700000,77363.315021,3598.900000,6761.200000,20.626473,7.758182,11.442246,8.392122,4.413454,36.225000,3.630167,2025-03-31,0,0,0
2025-06-12,SCCO,93.118784,796.186105,74139.882291,9568.300000,7247.000000,4116.300000,3130.700000,77270.582291,3598.900000,6761.200000,20.600706,7.748491,11.428531,8.392122,4.435680,36.375000,3.616500,2025-03-31,0,0,0
2025-06-13,SCCO,91.973483,796.186105,73228.009419,9568.300000,7247.000000,4116.300000,3130.700000,76358.709419,3598.900000,6761.200000,20.347331,7.653189,11.293662,8.392122,4.380795,36.290000,3.616667,2025-03-31,0,0,0
2025-06-16,SCCO,93.613789,796.186105,74533.997938,9568.300000,7247.000000,4116.300000,3130.700000,77664.697938,3598.900000,6761.200000,20.710216,7.789680,11.486822,8.392122,4.417083,36.330000,3.607333,2025-03-31,0,0,0
2025-06-17,SCCO,92.526719,796.186105,73668.488339,9568.300000,7247.000000,4116.300000,3130.700000,76799.188339,3598.900000,6761.200000,20.469724,7.699224,11.358810,8.392122,4.454504,37.251200,3.613000,2025-03-31,0,0,0
2025-06-18,SCCO,92.449077,796.186105,73606.670642,9568.300000,7247.000000,4116.300000,3130.700000,76737.370642,3598.900000,6761.200000,20.452547,7.692764,11.349667,8.392122,4.463803,36.737500,3.595000,2025-03-31,0,0,0
2025-06-20,SCCO,90.711711,796.186105,72223.403817,9568.300000,7247.000000,4116.300000,3130.700000,75354.103817,3598.900000,6761.200000,20.068189,7.548196,11.145078,8.392122,4.510976,35.987000,3.598667,2025-03-31,0,0,0
2025-06-23,SCCO,91.866721,796.186105,73143.006994,9568.300000,7247.000000,4116.300000,3130.700000,76273.706994,3598.900000,6761.200000,20.323712,7.644305,11.281090,8.392122,4.551799,36.130000,3.600667,2025-03-31,0,0,0
2025-06-24,SCCO,94.060263,796.186105,74889.474433,9568.300000,7247.000000,4116.300000,3130.700000,78020.174433,3598.900000,6761.200000,20.808990,7.826832,11.539398,8.392122,4.504399,35.903600,3.576833,2025-03-31,0,0,0
2025-06-25,SCCO,94.225264,796.186105,75020.846315,9568.300000,7247.000000,4116.300000,3130.700000,78151.546315,3598.900000,6761.200000,20.845493,7.840562,11.558828,8.392122,4.449741,36.300000,3.572833,2025-03-31,0,0,0
2025-06-26,SCCO,101.562948,796.186105,80863.008283,9568.300000,7247.000000,4116.300000,3130.700000,83993.708283,3598.900000,6761.200000,22.468812,8.451136,12.422900,8.392122,4.588087,36.620000,3.562333,2025-03-31,0,0,0
2025-06-27,SCCO,99.495587,796.186105,79217.003878,9568.300000,7247.000000,4116.300000,3130.700000,82347.703878,3598.900000,6761.200000,22.011449,8.279110,12.179451,8.392122,4.559057,35.980000,3.550500,2025-03-31,0,0,0
2025-06-30,SCCO,98.194994,796.186105,78181.489427,9568.300000,7247.000000,4116.300000,3130.700000,81312.189427,3598.900000,6761.200000,21.723718,8.170886,12.026296,8.392122,4.554067,36.080000,3.541500,2025-03-31,0,0,0
2025-07-01,SCCO,99.097643,796.186105,78900.166536,9568.300000,7247.000000,4116.300000,3130.700000,82030.866536,3598.900000,6761.200000,21.923412,8.245996,12.132590,8.392122,4.563593,36.060000,3.554333,2025-03-31,0,0,0
2025-07-02,SCCO,102.970312,796.186105,81983.531343,9568.300000,7247.000000,4116.300000,3130.700000,85114.231343,3598.900000,6761.200000,22.780164,8.568244,12.588628,8.392122,4.556335,36.590000,3.555333,2025-03-31,0,0,0
2025-07-03,SCCO,102.747078,796.186105,81805.796188,9568.300000,7247.000000,4116.300000,3130.700000,84936.496188,3598.900000,6761.200000,22.730778,8.549669,12.562340,8.392122,4.590355,36.828700,3.542500,2025-03-31,0,0,0
2025-07-07,SCCO,101.436776,796.186105,80762.551433,9568.300000,7247.000000,4116.300000,3130.700000,83893.251433,3598.900000,6761.200000,22.440899,8.440637,12.408042,8.392122,4.487389,36.738800,3.562333,2025-03-31,0,0,0
2025-07-08,SCCO,99.971181,796.186105,79595.665101,9568.300000,7247.000000,4116.300000,3130.700000,82726.365101,3598.900000,6761.200000,22.116665,8.318684,12.235456,8.392122,4.501904,36.780000,3.557667,2025-03-31,0,0,0
2025-07-09,SCCO,96.981751,796.186105,77215.522978,9568.300000,7247.000000,4116.300000,3130.700000,80346.222978,3598.900000,6761.200000,21.455312,8.069931,11.883426,8.392122,4.370363,36.335000,3.550333,2025-03-31,0,0,0
2025-07-10,SCCO,99.252935,796.186105,79023.808114,9568.300000,7247.000000,4116.300000,3130.700000,82154.508114,3598.900000,6761.200000,21.957767,8.258918,12.150877,8.392122,4.423433,37.030000,3.552000,2025-03-31,0,0,0
2025-07-11,SCCO,98.622049,796.186105,78521.505313,9568.300000,7247.000000,4116.300000,3130.700000,81652.205313,3598.900000,6761.200000,21.818196,8.206422,12.076585,8.392122,4.371497,38.365300,3.554167,2025-03-31,0,0,0
2025-07-14,SCCO,97.039983,796.186105,77261.886251,9568.300000,7247.000000,4116.300000,3130.700000,80392.586251,3598.900000,6761.200000,21.468195,8.074777,11.890284,8.392122,4.334075,38.135000,3.565500,2025-03-31,0,0,0
2025-07-15,SCCO,94.681440,796.186105,75384.046929,9568.300000,7247.000000,4116.300000,3130.700000,78514.746929,3598.900000,6761.200000,20.946413,7.878520,11.612546,8.392122,4.338157,37.715000,3.565167,2025-03-31,0,0,0
2025-07-16,SCCO,93.817611,796.186105,74696.278669,9568.300000,7247.000000,4116.300000,3130.700000,77826.978669,3598.900000,6761.200000,20.755308,7.806641,11.510823,8.392122,4.337704,37.940000,3.553333,2025-03-31,0,0,0
2025-07-17,SCCO,93.672021,796.186105,74580.361211,9568.300000,7247.000000,4116.300000,3130.700000,77711.061211,3598.900000,6761.200000,20.723099,7.794526,11.493679,8.392122,4.348137,38.115000,3.554500,2025-03-31,0,0,0
2025-07-18,SCCO,93.604080,796.186105,74526.267634,9568.300000,7247.000000,4116.300000,3130.700000,77656.967634,3598.900000,6761.200000,20.708068,7.788872,11.485678,8.392122,4.384877,38.170000,3.565000,2025-03-31,0,0,0
2025-07-21,SCCO,95.166735,796.186105,75770.432272,9568.300000,7247.000000,4116.300000,3130.700000,78901.132272,3598.900000,6761.200000,21.053775,7.918902,11.669694,8.392122,4.433185,38.915000,3.561000,2025-03-31,0,0,0
2025-07-22,SCCO,96.234394,796.186105,76620.487448,9568.300000,7247.000000,4116.300000,3130.700000,79751.187448,3598.900000,6761.200000,21.289974,8.007743,11.795419,8.392122,4.453597,39.280000,3.558167,2025-03-31,0,0,0
2025-07-24,SCCO,96.554688,796.186105,76875.500908,9568.300000,7247.000000,4116.300000,3130.700000,80006.200908,3598.900000,6761.200000,21.360833,8.034395,11.833136,8.392122,4.472874,39.080000,3.548500,2025-03-31,0,0,0
2025-07-25,SCCO,95.302617,796.186105,75878.619426,9568.300000,7247.000000,4116.300000,3130.700000,79009.319426,3598.900000,6761.200000,21.083837,7.930209,11.685695,8.392122,4.439762,38.140000,3.545000,2025-03-31,0,0,0
2025-07-30,SCCO,87.877574,796.186105,69966.903273,9568.300000,7247.000000,4116.300000,3130.700000,73097.603273,3598.900000,6761.200000,19.441191,7.312365,10.811336,8.392122,4.399619,37.125000,3.567000,2025-03-31,0,0,0
2025-07-31,SCCO,91.391127,796.186105,72764.345771,9568.300000,7247.000000,4116.300000,3130.700000,75895.045771,3598.900000,6761.200000,20.218496,7.604731,11.225085,8.392122,4.357208,36.740000,3.587833,2025-03-31,0,0,0
2025-08-01,SCCO,88.964643,804.067925,71533.616177,9984.800000,6748.200000,3334.900000,3413.300000,74946.916177,3621.800000,6737.500000,19.750847,7.164251,11.123847,8.392122,4.325230,37.020000,3.582667,2025-06-30,0,0,0
2025-08-04,SCCO,90.313767,804.067925,72618.403331,9984.800000,6748.200000,3334.900000,3413.300000,76031.703331,3621.800000,6737.500000,20.050363,7.272895,11.284854,8.392122,4.364693,37.392300,3.569667,2025-06-30,0,0,0
2025-08-05,SCCO,91.750242,804.067925,73773.426975,9984.800000,6748.200000,3334.900000,3413.300000,77186.726975,3621.800000,6737.500000,20.369271,7.388573,11.456286,8.392122,4.343827,37.835000,3.558333,2025-06-30,0,0,0
2025-08-07,SCCO,94.642619,804.067925,76099.094167,9984.800000,6748.200000,3334.900000,3413.300000,79512.394167,3621.800000,6737.500000,21.011402,7.621494,11.801469,8.392122,4.371043,38.310000,3.544000,2025-06-30,0,0,0
2025-08-08,SCCO,97.156454,804.067925,78120.388666,9984.800000,6748.200000,3334.900000,3413.300000,81533.688666,3621.800000,6737.500000,21.569493,7.823931,12.101475,8.392122,4.366734,38.325000,3.527000,2025-06-30,0,0,0
2025-08-11,SCCO,93.293487,804.067925,75014.300768,9984.800000,6748.200000,3334.900000,3413.300000,78427.600768,3621.800000,6737.500000,20.711884,7.512850,11.640460,8.392122,4.374218,37.604100,3.531667,2025-06-30,0,0,0
2025-08-12,SCCO,95.360856,804.067925,76676.605989,9984.800000,6748.200000,3334.900000,3413.300000,80089.905989,3621.800000,6737.500000,21.170856,7.679333,11.887185,8.392122,4.382383,37.890000,3.523500,2025-06-30,0,0,0
2025-08-13,SCCO,96.574099,804.067925,77652.134993,9984.800000,6748.200000,3334.900000,3413.300000,81065.434993,3621.800000,6737.500000,21.440205,7.777035,12.031976,8.392122,4.420938,38.495000,3.538167,2025-06-30,0,0,0
2025-08-14,SCCO,94.749381,804.067925,76184.938071,9984.800000,6748.200000,3334.900000,3413.300000,79598.238071,3621.800000,6737.500000,21.035104,7.630092,11.814210,8.392122,4.384197,37.990400,3.560667,2025-06-30,0,0,0
2025-08-15,SCCO,93.050846,804.067925,74819.200817,9984.800000,6748.200000,3334.900000,3413.300000,78232.500817,3621.800000,6737.500000,20.658016,7.493310,11.611503,8.392122,4.364012,37.990000,3.561833,2025-06-30,0,0,0
2025-08-18,SCCO,93.060552,804.067925,74827.004555,9984.800000,6748.200000,3334.900000,3413.300000,78240.304555,3621.800000,6737.500000,20.660170,7.494091,11.612661,8.392122,4.366507,38.010000,3.553167,2025-06-30,0,0,0
2025-08-19,SCCO,91.478476,804.067925,73554.908635,9984.800000,6748.200000,3334.900000,3413.300000,76968.208635,3621.800000,6737.500000,20.308937,7.366688,11.423853,8.392122,4.364239,37.370000,3.533667,2025-06-30,0,0,0
2025-08-20,SCCO,90.944653,804.067925,73125.678292,9984.800000,6748.200000,3334.900000,3413.300000,76538.978292,3621.800000,6737.500000,20.190424,7.323700,11.360145,8.392122,4.343827,37.889200,3.530000,2025-06-30,0,0,0
2025-08-21,SCCO,90.973769,804.067925,73149.089508,9984.800000,6748.200000,3334.900000,3413.300000,76562.389508,3621.800000,6737.500000,20.196888,7.326045,11.363620,8.392122,4.359476,38.165000,3.536167,2025-06-30,0,0,0
2025-08-22,SCCO,94.671735,804.067925,76122.505506,9984.800000,6748.200000,3334.900000,3413.300000,79535.805506,3621.800000,6737.500000,21.017866,7.623839,11.804943,8.392122,4.373991,38.822500,3.523000,2025-06-30,0,0,0
2025-08-25,SCCO,94.157322,804.067925,75708.882640,9984.800000,6748.200000,3334.900000,3413.300000,79122.182640,3621.800000,6737.500000,20.903662,7.582414,11.743552,8.392122,4.373991,38.550000,3.528333,2025-06-30,0,0,0
2025-08-26,SCCO,94.904678,804.067925,76309.807593,9984.800000,6748.200000,3334.900000,3413.300000,79723.107593,3621.800000,6737.500000,21.069581,7.642598,11.832743,8.392122,4.403248,38.590000,3.538000,2025-06-30,0,0,0
2025-08-27,SCCO,93.380843,804.067925,75084.540287,9984.800000,6748.200000,3334.900000,3413.300000,78497.840287,3621.800000,6737.500000,20.731277,7.519884,11.650885,8.392122,4.391681,38.613500,3.553500,2025-06-30,0,0,0
2025-08-28,SCCO,93.875845,804.067925,75482.555677,9984.800000,6748.200000,3334.900000,3413.300000,78895.855677,3621.800000,6737.500000,20.841172,7.559746,11.709960,8.392122,4.401434,39.070000,3.544167,2025-06-30,0,0,0
2025-08-29,SCCO,93.264371,804.067925,74990.889244,9984.800000,6748.200000,3334.900000,3413.300000,78404.189244,3621.800000,6737.500000,20.705420,7.510505,11.636985,8.392122,4.447473,39.670000,3.534000,2025-06-30,0,0,0
2025-09-02,SCCO,94.390265,804.067925,75896.184727,9984.800000,6748.200000,3334.900000,3413.300000,79309.484727,3621.800000,6737.500000,20.955377,7.601172,11.771352,8.392122,4.433185,40.890000,3.541500,2025-06-30,0,0,0
2025-09-03,SCCO,97.962047,804.067925,78768.139760,9984.800000,6748.200000,3334.900000,3413.300000,82181.439760,3621.800000,6737.500000,21.748341,7.888805,12.197616,8.392122,4.478318,41.190000,3.531833,2025-06-30,0,0,0
2025-09-04,SCCO,97.855281,804.067925,78682.292454,9984.800000,6748.200000,3334.900000,3413.300000,82095.592454,3621.800000,6737.500000,21.724638,7.880207,12.184875,8.392122,4.451102,40.670000,3.533500,2025-06-30,0,0,0
2025-09-05,SCCO,99.951769,804.067925,80368.011240,9984.800000,6748.200000,3334.900000,3413.300000,83781.311240,3621.800000,6737.500000,22.190074,8.049036,12.435074,8.392122,4.481946,40.980000,3.521167,2025-06-30,0,0,0
2025-09-08,SCCO,100.349710,804.067925,80687.983063,9984.800000,6748.200000,3334.900000,3413.300000,84101.283063,3621.800000,6737.500000,22.278420,8.081082,12.482565,8.392122,4.449968,41.330000,3.516333,2025-06-30,0,0,0
2025-09-09,SCCO,96.972042,804.067925,77972.108980,9984.800000,6748.200000,3334.900000,3413.300000,81385.408980,3621.800000,6737.500000,21.528552,7.809081,12.079467,8.392122,4.455411,40.880000,3.505000,2025-06-30,0,0,0
2025-09-10,SCCO,99.097639,804.067925,79681.232797,9984.800000,6748.200000,3334.900000,3413.300000,83094.532797,3621.800000,6737.500000,22.000451,7.980253,12.333140,8.392122,4.466524,41.145000,3.486333,2025-06-30,0,0,0
2025-09-11,SCCO,101.960893,804.067925,81983.484014,9984.800000,6748.200000,3334.900000,3413.300000,85396.784014,3621.800000,6737.500000,22.636116,8.210829,12.674847,8.392122,4.502358,41.560000,3.481000,2025-06-30,0,0,0
2025-09-12,SCCO,103.057664,804.067925,82865.362098,9984.800000,6748.200000,3334.900000,3413.300000,86278.662098,3621.800000,6737.500000,22.879607,8.299151,12.805738,8.392122,4.537965,42.170000,3.495333,2025-06-30,0,0,0
2025-09-15,SCCO,106.707096,804.067925,85799.753221,9984.800000,6748.200000,3334.900000,3413.300000,89213.053221,3621.800000,6737.500000,23.689810,8.593037,13.241269,8.392122,4.529573,42.710000,3.493000,2025-06-30,0,0,0
2025-09-16,SCCO,105.260911,804.067925,84636.922006,9984.800000,6748.200000,3334.900000,3413.300000,88050.222006,3621.800000,6737.500000,23.368745,8.476577,13.068679,8.392122,4.568356,42.545000,3.484167,2025-06-30,0,0,0
2025-09-17,SCCO,103.737083,804.067925,83411.660883,9984.800000,6748.200000,3334.900000,3413.300000,86824.960883,3621.800000,6737.500000,23.030444,8.353864,12.886822,8.392122,4.487843,41.655000,3.483167,2025-06-30,0,0,0
2025-09-18,SCCO,104.105908,804.067925,83708.221491,9984.800000,6748.200000,3334.900000,3413.300000,87121.521491,3621.800000,6737.500000,23.112326,8.383565,12.930838,8.392122,4.488297,41.800000,3.486833,2025-06-30,0,0,0
2025-09-19,SCCO,106.755630,804.067925,85838.778096,9984.800000,6748.200000,3334.900000,3413.300000,89252.078096,3621.800000,6737.500000,23.700585,8.596945,13.247062,8.392122,4.492379,43.080000,3.493571,2025-06-30,0,0,0
2025-09-22,SCCO,108.162994,804.067925,86970.394359,9984.800000,6748.200000,3334.900000,3413.300000,90383.694359,3621.800000,6737.500000,24.013031,8.710279,13.415020,8.392122,4.500317,44.080000,3.504786,2025-06-30,0,0,0
2025-09-23,SCCO,107.017689,804.067925,86049.491399,9984.800000,6748.200000,3334.900000,3413.300000,89462.791399,3621.800000,6737.500000,23.758764,8.618049,13.278336,8.392122,4.490565,44.015000,3.501214,2025-06-30,0,0,0
2025-09-24,SCCO,115.985976,804.067925,93260.603209,9984.800000,6748.200000,3334.900000,3413.300000,96673.903209,3621.800000,6737.500000,25.749794,9.340258,14.348631,8.392122,4.473328,43.910000,3.507643,2025-06-30,0,0,0
2025-09-25,SCCO,114.491264,804.067925,92058.753302,9984.800000,6748.200000,3334.900000,3413.300000,95472.053302,3621.800000,6737.500000,25.417956,9.219890,14.170249,8.392122,4.677445,45.220000,3.507143,2025-06-30,0,0,0
2025-09-26,SCCO,113.559492,804.067925,91309.544953,9984.800000,6748.200000,3334.900000,3413.300000,94722.844953,3621.800000,6737.500000,25.211095,9.144855,14.059049,8.392122,4.592850,45.993700,3.496929,2025-06-30,0,0,0
2025-09-29,SCCO,117.529222,804.067925,94501.477992,9984.800000,6748.200000,3334.900000,3413.300000,97914.777992,3621.800000,6737.500000,26.092407,9.464534,14.532806,8.392122,4.641611,46.930000,3.482357,2025-06-30,0,0,0
2025-09-30,SCCO,117.791281,804.067925,94712.191294,9984.800000,6748.200000,3334.900000,3413.300000,98125.491294,3621.800000,6737.500000,26.150586,9.485637,14.564080,8.392122,4.672001,46.670000,3.473000,2025-06-30,0,0,0
2025-10-01,SCCO,119.033640,804.067925,95711.131637,9984.800000,6748.200000,3334.900000,3413.300000,99124.431637,3621.800000,6737.500000,26.426399,9.585683,14.712346,8.392122,4.655219,47.320000,3.470500,2025-06-30,0,0,0
2025-10-02,SCCO,121.634835,804.067925,97802.669551,9984.800000,6748.200000,3334.900000,3413.300000,101215.969551,3621.800000,6737.500000,27.003885,9.795156,15.022778,8.392122,4.742308,46.965000,3.482357,2025-06-30,0,0,0
2025-10-03,SCCO,124.517500,804.067925,100120.528244,9984.800000,6748.200000,3334.900000,3413.300000,103533.828244,3621.800000,6737.500000,27.643859,10.027294,15.366802,8.392122,4.779730,47.972500,3.468000,2025-06-30,0,0,0
2025-10-06,SCCO,126.157800,804.067925,101439.440410,9984.800000,6748.200000,3334.900000,3413.300000,104852.740410,3621.800000,6737.500000,28.008018,10.159386,15.562559,8.392122,4.812388,48.530000,3.458857,2025-06-30,0,0,0
2025-10-07,SCCO,123.003370,804.067925,98903.064676,9984.800000,6748.200000,3334.900000,3413.300000,102316.364676,3621.800000,6737.500000,27.307710,9.905363,15.186102,8.392122,4.827584,47.820000,3.449571,2025-06-30,0,0,0
2025-10-09,SCCO,126.730452,804.067925,101899.891890,9984.800000,6748.200000,3334.900000,3413.300000,105313.191890,3621.800000,6737.500000,28.135152,10.205502,15.630900,8.392122,4.928962,49.115000,3.434643,2025-06-30,0,0,0
2025-10-10,SCCO,121.421303,804.067925,97630.974940,9984.800000,6748.200000,3334.900000,3413.300000,101044.274940,3621.800000,6737.500000,26.956479,9.777960,14.997295,8.392122,4.869314,50.270000,3.439000,2025-06-30,0,0,0
2025-10-13,SCCO,129.283121,804.067925,103952.411112,9984.800000,6748.200000,3334.900000,3413.300000,107365.711112,3621.800000,6737.500000,28.701864,10.411066,15.935542,8.392122,4.816017,52.339800,3.428571,2025-06-30,0,0,0
2025-10-14,SCCO,126.905164,804.067925,102040.371547,9984.800000,6748.200000,3334.900000,3413.300000,105453.671547,3621.800000,6737.500000,28.173939,10.219571,15.651751,8.392122,4.808079,51.445000,3.426357,2025-06-30,0,0,0
2025-10-15,SCCO,128.021345,804.067925,102937.857108,9984.800000,6748.200000,3334.900000,3413.300000,106351.157108,3621.800000,6737.500000,28.421740,10.309456,15.784958,8.392122,4.854346,53.070000,3.411500,2025-06-30,0,0,0
2025-10-16,SCCO,129.351059,804.067925,104007.037280,9984.800000,6748.200000,3334.900000,3413.300000,107420.337280,3621.800000,6737.500000,28.716947,10.416537,15.943649,8.392122,4.760452,54.225000,3.393786,2025-06-30,0,0,0
2025-10-17,SCCO,125.992802,804.067925,101306.770674,9984.800000,6748.200000,3334.900000,3413.300000,104720.070674,3621.800000,6737.500000,27.971387,10.146099,15.542868,8.392122,4.775194,51.850200,3.385429,2025-06-30,0,0,0
2025-10-20,SCCO,130.971955,804.067925,105310.348153,9984.800000,6748.200000,3334.900000,3413.300000,108723.648153,3621.800000,6737.500000,29.076798,10.547066,16.137091,8.392122,4.799461,52.470000,3.372500,2025-06-30,0,0,0
2025-10-21,SCCO,124.546616,804.067925,100143.939459,9984.800000,6748.200000,3334.900000,3413.300000,103557.239459,3621.800000,6737.500000,27.650323,10.029639,15.370277,8.392122,4.813522,48.740000,3.386714,2025-06-30,0,0,0
2025-10-22,SCCO,123.187787,804.067925,99051.348072,9984.800000,6748.200000,3334.900000,3413.300000,102464.648072,3621.800000,6737.500000,27.348652,9.920214,15.208111,8.392122,4.808079,48.520000,3.401357,2025-06-30,0,0,0
2025-10-23,SCCO,124.595143,804.067925,100182.958150,9984.800000,6748.200000,3334.900000,3413.300000,103596.258150,3621.800000,6737.500000,27.661096,10.033547,15.376068,8.392122,4.897437,48.920000,3.396929,2025-06-30,0,0,0
2025-10-24,SCCO,125.536621,804.067925,100939.970238,9984.800000,6748.200000,3334.900000,3413.300000,104353.270238,3621.800000,6737.500000,27.870112,10.109363,15.488426,8.392122,4.901973,48.592500,3.383857,2025-06-30,0,0,0
2025-10-27,SCCO,129.079294,804.067925,103788.520239,9984.800000,6748.200000,3334.900000,3413.300000,107201.820239,3621.800000,6737.500000,28.656613,10.394652,15.911216,8.392122,4.983619,46.890000,3.381571,2025-06-30,0,0,0
2025-10-28,SCCO,134.291375,804.067925,107979.387438,9984.800000,6748.200000,3334.900000,3413.300000,111392.687438,3621.800000,6737.500000,29.813736,10.814377,16.533237,8.392122,4.951868,47.040000,3.392000,2025-06-30,0,0,0
2025-10-29,SCCO,137.513758,804.067925,110570.401707,9984.800000,6748.200000,3334.900000,3413.300000,113983.701707,3621.800000,6737.500000,30.529130,11.073872,16.917804,8.392122,5.020134,47.550000,3.390214,2025-06-30,0,0,0
2025-10-30,SCCO,135.989914,804.067925,109345.128217,9984.800000,6748.200000,3334.900000,3413.300000,112758.428217,3621.800000,6737.500000,30.190825,10.951159,16.735945,8.392122,4.966383,48.905000,3.394071,2025-06-30,0,0,0
2025-10-31,SCCO,134.718440,804.067925,108322.776659,9984.800000,6748.200000,3334.900000,3413.300000,111736.076659,3621.800000,6737.500000,29.908547,10.848768,16.584204,8.392122,4.944837,48.650000,3.375857,2025-06-30,0,0,0
2025-11-03,SCCO,134.223438,812.191830,109015.179729,10449.900000,6749.400000,3949.600000,2799.800000,111814.979729,3832.900000,7050.700000,28.441958,10.432174,15.858706,8.392122,4.931683,48.070000,3.374929,2025-09-30,0,0,0
2025-11-04,SCCO,126.943985,812.191830,103102.867374,10449.900000,6749.400000,3949.600000,2799.800000,105902.667374,3832.900000,7050.700000,26.899441,9.866398,15.020164,8.392122,4.808306,47.100000,3.387071,2025-09-30,0,0,0
2025-11-05,SCCO,131.923123,812.191830,107146.882528,10449.900000,6749.400000,3949.600000,2799.800000,109946.682528,3832.900000,7050.700000,27.954521,10.253388,15.593726,8.392122,4.809440,48.065800,3.376429,2025-09-30,0,0,0
2025-11-06,SCCO,133.204318,812.191830,108187.458497,10449.900000,6749.400000,3949.600000,2799.800000,110987.258497,3832.900000,7050.700000,28.226006,10.352966,15.741311,8.392122,4.863871,47.990000,3.375357,2025-09-30,0,0,0
2025-11-07,SCCO,132.592836,812.191830,107690.818263,10449.900000,6749.400000,3949.600000,2799.800000,110490.618263,3832.900000,7050.700000,28.096433,10.305440,15.670872,8.392122,4.862510,48.305800,3.376500,2025-09-30,0,0,0
2025-11-10,SCCO,135.388154,812.191830,109961.152204,10449.900000,6749.400000,3949.600000,2799.800000,112760.952204,3832.900000,7050.700000,28.688761,10.522699,15.992873,8.392122,4.898798,50.541300,3.372357,2025-09-30,0,0,0
2025-11-11,SCCO,134.446676,812.191830,109196.491640,10449.900000,6749.400000,3949.600000,2799.800000,111996.291640,3832.900000,7050.700000,28.489262,10.449525,15.884422,8.392122,4.888365,51.228500,3.360857,2025-09-30,0,0,0
2025-11-12,SCCO,132.757843,812.191830,107824.835467,10449.900000,6749.400000,3949.600000,2799.800000,110624.635467,3832.900000,7050.700000,28.131398,10.318265,15.689880,8.392122,4.913766,53.408900,3.369429,2025-09-30,0,0,0
2025-11-13,SCCO,128.147522,812.191830,104080.370381,10449.900000,6749.400000,3949.600000,2799.800000,106880.170381,3832.900000,7050.700000,27.154471,9.959939,15.158803,8.392122,4.963208,52.323400,3.365000,2025-09-30,0,0,0
2025-11-14,SCCO,126.846924,812.191830,103024.035194,10449.900000,6749.400000,3949.600000,2799.800000,105823.835194,3832.900000,7050.700000,26.878874,9.858854,15.008983,8.392122,4.921931,50.548900,3.372500,2025-09-30,0,0,0
2025-11-17,SCCO,123.313965,812.191830,100154.594771,10449.900000,6749.400000,3949.600000,2799.800000,102954.394771,3832.900000,7050.700000,26.130239,9.584263,14.602010,8.392122,4.898344,50.201700,3.363357,2025-09-30,0,0,0
2025-11-18,SCCO,120.489532,812.191830,97860.613873,10449.900000,6749.400000,3949.600000,2799.800000,100660.413873,3832.900000,7050.700000,25.531742,9.364742,14.276655,8.392122,4.830305,50.686300,3.369071,2025-09-30,0,0,0
2025-11-19,SCCO,121.693069,812.191830,98838.116781,10449.900000,6749.400000,3949.600000,2799.800000,101637.916781,3832.900000,7050.700000,25.786772,9.458284,14.415294,8.392122,4.891540,51.360000,3.377714,2025-09-30,0,0,0
2025-11-20,SCCO,116.490685,812.191830,94612.782230,10449.900000,6749.400000,3949.600000,2799.800000,97412.582230,3832.900000,7050.700000,24.684386,9.053941,13.816016,8.392122,4.893808,50.594800,3.381143,2025-09-30,0,0,0
2025-11-21,SCCO,120.052765,812.191830,97505.874815,10449.900000,6749.400000,3949.600000,2799.800000,100305.674815,3832.900000,7050.700000,25.439191,9.330795,14.226343,8.392122,4.846861,50.004000,3.389286,2025-09-30,0,0,0
2025-11-24,SCCO,123.071312,812.191830,99957.514074,10449.900000,6749.400000,3949.600000,2799.800000,102757.314074,3832.900000,7050.700000,26.078821,9.565404,14.574058,8.392122,4.896530,51.400100,3.385286,2025-09-30,0,0,0
2025-11-25,SCCO,125.323090,812.191830,101786.389483,10449.900000,6749.400000,3949.600000,2799.800000,104586.189483,3832.900000,7050.700000,26.555973,9.740418,14.833448,8.392122,4.933271,51.401700,3.377214,2025-09-30,0,0,0
2025-11-26,SCCO,129.118118,812.191830,104868.680777,10449.900000,6749.400000,3949.600000,2799.800000,107668.480777,3832.900000,7050.700000,27.360140,10.035376,15.270609,8.392122,4.979537,53.346300,3.366857,2025-09-30,0,0,0
2025-11-28,SCCO,130.816650,812.191830,106248.214675,10449.900000,6749.400000,3949.600000,2799.800000,109048.014675,3832.900000,7050.700000,27.720059,10.167391,15.466268,8.392122,4.991330,56.380000,3.362500,2025-09-30,0,0,0
2025-12-01,SCCO,130.797241,812.191830,106232.450698,10449.900000,6749.400000,3949.600000,2799.800000,109032.250698,3832.900000,7050.700000,27.715946,10.165882,15.464032,8.392122,5.125140,57.963000,3.370643,2025-09-30,0,0,0
2025-12-02,SCCO,130.933121,812.191830,106342.810931,10449.900000,6749.400000,3949.600000,2799.800000,109142.610931,3832.900000,7050.700000,27.744739,10.176443,15.479684,8.392122,5.118790,58.450000,3.370143,2025-09-30,0,0,0
2025-12-03,SCCO,134.514618,812.191830,109251.673690,10449.900000,6749.400000,3949.600000,2799.800000,112051.473690,3832.900000,7050.700000,28.503659,10.454806,15.892248,8.392122,5.187736,58.477700,3.364500,2025-09-30,0,0,0
2025-12-04,SCCO,135.834625,812.191830,110323.772854,10449.900000,6749.400000,3949.600000,2799.800000,113123.572854,3832.900000,7050.700000,28.783368,10.557400,16.044304,8.392122,5.203612,57.110000,3.359429,2025-09-30,0,0,0
2025-12-05,SCCO,136.281097,812.191830,110686.393902,10449.900000,6749.400000,3949.600000,2799.800000,113486.193902,3832.900000,7050.700000,28.877976,10.592101,16.095734,8.392122,5.282083,58.275600,3.366714,2025-09-30,0,0,0
2025-12-10,SCCO,139.746124,812.191830,113500.660404,10449.900000,6749.400000,3949.600000,2799.800000,116300.460404,3832.900000,7050.700000,29.612215,10.861411,16.494881,8.392122,5.282083,61.765600,3.372143,2025-09-30,0,0,0
2025-12-11,SCCO,143.288788,812.191830,116377.982816,10449.900000,6749.400000,3949.600000,2799.800000,119177.782816,3832.900000,7050.700000,30.362906,11.136756,16.902972,8.392122,5.325174,63.565800,3.367571,2025-09-30,0,0,0
2025-12-12,SCCO,138.222290,812.191830,112263.014694,10449.900000,6749.400000,3949.600000,2799.800000,115062.814694,3832.900000,7050.700000,29.289315,10.742975,16.319346,8.392122,5.359647,62.006400,3.368857,2025-09-30,0,0,0
2025-12-15,SCCO,139.629639,812.191830,113406.051755,10449.900000,6749.400000,3949.600000,2799.800000,116205.851755,3832.900000,7050.700000,29.587532,10.852358,16.481463,8.392122,5.340823,63.925200,3.370500,2025-09-30,0,0,0
2025-12-16,SCCO,136.145218,812.191830,110576.033668,10449.900000,6749.400000,3949.600000,2799.800000,113375.833668,3832.900000,7050.700000,28.849183,10.581540,16.080082,8.392122,5.278001,63.780000,3.371429,2025-09-30,0,0,0
2025-12-17,SCCO,137.290512,812.191830,111506.232252,10449.900000,6749.400000,3949.600000,2799.800000,114306.032252,3832.900000,7050.700000,29.091871,10.670555,16.212012,8.392122,5.316103,66.280000,3.369143,2025-09-30,0,0,0
2025-12-18,SCCO,138.096115,812.191830,112160.536449,10449.900000,6749.400000,3949.600000,2799.800000,114960.336449,3832.900000,7050.700000,29.262578,10.733168,16.304812,8.392122,5.316783,65.424700,3.366643,2025-09-30,0,0,0
2025-12-19,SCCO,139.765533,812.191830,113516.424381,10449.900000,6749.400000,3949.600000,2799.800000,116316.224381,3832.900000,7050.700000,29.616328,10.862920,16.497117,8.392122,5.372802,67.133800,3.367857,2025-09-30,0,0,0
2025-12-22,SCCO,142.852020,812.191830,116023.243757,10449.900000,6749.400000,3949.600000,2799.800000,118823.043757,3832.900000,7050.700000,30.270355,11.102809,16.852659,8.392122,5.415893,69.020000,3.366143,2025-09-30,0,0,0
2025-12-23,SCCO,143.667313,812.191830,116685.417550,10449.900000,6749.400000,3949.600000,2799.800000,119485.217550,3832.900000,7050.700000,30.443116,11.166176,16.946575,8.392122,5.474860,71.422400,3.367000,2025-09-30,0,0,0
2025-12-24,SCCO,143.774078,812.191830,116772.131817,10449.900000,6749.400000,3949.600000,2799.800000,119571.931817,3832.900000,7050.700000,30.465739,11.174474,16.958874,8.392122,5.557867,71.943400,3.365000,2025-09-30,0,0,0
2025-12-29,SCCO,141.027298,812.191830,114541.219221,10449.900000,6749.400000,3949.600000,2799.800000,117341.019221,3832.900000,7050.700000,29.883696,10.960987,16.642464,8.392122,5.581908,72.227300,3.367000,2025-09-30,0,0,0
2025-12-30,SCCO,141.202011,812.191830,114683.119802,10449.900000,6749.400000,3949.600000,2799.800000,117482.919802,3832.900000,7050.700000,29.920718,10.974566,16.662590,8.392122,5.675348,76.460000,3.364357,2025-09-30,0,0,0
2025-12-31,SCCO,139.251114,812.191830,113098.617021,10449.900000,6749.400000,3949.600000,2799.800000,115898.417021,3832.900000,7050.700000,29.507323,10.822938,16.437860,8.392122,5.671719,71.260300,3.363600,2025-09-30,0,0,0
