taxonomia,etiqueta,unidad,inicio,fin,valor,anio_fiscal,periodo_fiscal,formulario,fecha_presentacion,numero_acceso
us-gaap,NetIncomeLoss,USD,2007-01-01,2007-12-31,2216370000,2009.0,FY,10-K,2010-02-26,0001104659-10-010334
us-gaap,NetIncomeLoss,USD,2008-01-01,2008-06-30,1113450000,2009.0,Q2,10-Q,2009-08-03,0001104659-09-046536
us-gaap,NetIncomeLoss,USD,2008-04-01,2008-06-30,548467000,2009.0,Q2,10-Q,2009-08-03,0001104659-09-046536
us-gaap,NetIncomeLoss,USD,2008-01-01,2008-09-30,1531252000,2009.0,Q3,10-Q,2009-10-30,0001104659-09-061539
us-gaap,NetIncomeLoss,USD,2008-07-01,2008-09-30,417802000,2009.0,Q3,10-Q,2009-10-30,0001104659-09-061539
us-gaap,NetIncomeLoss,USD,2008-01-01,2008-12-31,1406593000,2009.0,FY,10-K,2010-02-26,0001104659-10-010334
us-gaap,NetIncomeLoss,USD,2008-01-01,2008-12-31,1406593000,2010.0,FY,10-K,2011-03-01,0001104659-11-011083
us-gaap,NetIncomeLoss,USD,2009-01-01,2009-03-31,78692000,2010.0,Q1,10-Q,2010-05-04,0001104659-10-024965
us-gaap,NetIncomeLoss,USD,2009-01-01,2009-06-30,253660000,2009.0,Q2,10-Q,2009-08-03,0001104659-09-046536
us-gaap,NetIncomeLoss,USD,2009-01-01,2009-06-30,253660000,2010.0,Q2,10-Q,2010-08-03,0001104659-10-041413
us-gaap,NetIncomeLoss,USD,2009-04-01,2009-06-30,174968000,2009.0,Q2,10-Q,2009-08-03,0001104659-09-046536
us-gaap,NetIncomeLoss,USD,2009-04-01,2009-06-30,174968000,2010.0,Q2,10-Q,2010-08-03,0001104659-10-041413
us-gaap,NetIncomeLoss,USD,2009-01-01,2009-09-30,566111000,2009.0,Q3,10-Q,2009-10-30,0001104659-09-061539
us-gaap,NetIncomeLoss,USD,2009-01-01,2009-09-30,566111000,2010.0,Q3,10-Q,2010-11-05,0001104659-10-056419
us-gaap,NetIncomeLoss,USD,2009-07-01,2009-09-30,312451000,2009.0,Q3,10-Q,2009-10-30,0001104659-09-061539
us-gaap,NetIncomeLoss,USD,2009-07-01,2009-09-30,312451000,2010.0,Q3,10-Q,2010-11-05,0001104659-10-056419
us-gaap,NetIncomeLoss,USD,2009-01-01,2009-12-31,929381000,2009.0,FY,10-K,2010-02-26,0001104659-10-010334
us-gaap,NetIncomeLoss,USD,2009-01-01,2009-12-31,929381000,2010.0,FY,10-K,2011-03-01,0001104659-11-011083
us-gaap,NetIncomeLoss,USD,2009-01-01,2009-12-31,929381000,2011.0,FY,10-K,2012-02-27,0001104659-12-013068
us-gaap,NetIncomeLoss,USD,2010-01-01,2010-03-31,383244000,2010.0,Q1,10-Q,2010-05-04,0001104659-10-024965
us-gaap,NetIncomeLoss,USD,2010-01-01,2010-03-31,383244000,2011.0,Q1,10-Q,2011-05-06,0001104659-11-026837
us-gaap,NetIncomeLoss,USD,2010-01-01,2010-03-31,383200000,2011.0,FY,10-K,2012-02-27,0001104659-12-013068
us-gaap,NetIncomeLoss,USD,2010-01-01,2010-06-30,696631000,2010.0,Q2,10-Q,2010-08-03,0001104659-10-041413
us-gaap,NetIncomeLoss,USD,2010-01-01,2010-06-30,696631000,2011.0,Q2,10-Q,2011-08-08,0001104659-11-044725
us-gaap,NetIncomeLoss,USD,2010-04-01,2010-06-30,313387000,2010.0,Q2,10-Q,2010-08-03,0001104659-10-041413
us-gaap,NetIncomeLoss,USD,2010-04-01,2010-06-30,313387000,2011.0,Q2,10-Q,2011-08-08,0001104659-11-044725
us-gaap,NetIncomeLoss,USD,2010-04-01,2010-06-30,313400000,2011.0,FY,10-K,2012-02-27,0001104659-12-013068
us-gaap,NetIncomeLoss,USD,2010-01-01,2010-09-30,1061802000,2010.0,Q3,10-Q,2010-11-05,0001104659-10-056419
us-gaap,NetIncomeLoss,USD,2010-07-01,2010-09-30,365171000,2010.0,Q3,10-Q,2010-11-05,0001104659-10-056419
us-gaap,NetIncomeLoss,USD,2010-07-01,2010-09-30,365200000,2011.0,FY,10-K,2012-02-27,0001104659-12-013068
us-gaap,NetIncomeLoss,USD,2010-01-01,2010-12-31,1554051000,2010.0,FY,10-K,2011-03-01,0001104659-11-011083
us-gaap,NetIncomeLoss,USD,2010-01-01,2010-12-31,1554051000,2011.0,FY,10-K,2012-02-27,0001104659-12-013068
us-gaap,NetIncomeLoss,USD,2010-10-01,2010-12-31,492200000,2011.0,FY,10-K,2012-02-27,0001104659-12-013068
us-gaap,NetIncomeLoss,USD,2011-01-01,2011-03-31,478376000,2011.0,Q1,10-Q,2011-05-06,0001104659-11-026837
us-gaap,NetIncomeLoss,USD,2011-01-01,2011-03-31,478400000,2011.0,FY,10-K,2012-02-27,0001104659-12-013068
us-gaap,NetIncomeLoss,USD,2011-01-01,2011-03-31,478376000,2012.0,Q1,10-Q,2012-05-02,0001104659-12-032009
us-gaap,NetIncomeLoss,USD,2011-01-01,2011-06-30,1136413000,2011.0,Q2,10-Q,2011-08-08,0001104659-11-044725
us-gaap,NetIncomeLoss,USD,2011-04-01,2011-06-30,658037000,2011.0,Q2,10-Q,2011-08-08,0001104659-11-044725
us-gaap,NetIncomeLoss,USD,2011-04-01,2011-06-30,658000000,2011.0,FY,10-K,2012-02-27,0001104659-12-013068
us-gaap,NetIncomeLoss,USD,2011-07-01,2011-09-30,663100000,2011.0,FY,10-K,2012-02-27,0001104659-12-013068
us-gaap,NetIncomeLoss,USD,2011-01-01,2011-12-31,2336424000,2011.0,FY,10-K,2012-02-27,0001104659-12-013068
us-gaap,NetIncomeLoss,USD,2011-10-01,2011-12-31,536900000,2011.0,FY,10-K,2012-02-27,0001104659-12-013068
us-gaap,NetIncomeLoss,USD,2012-01-01,2012-03-31,621430000,2012.0,Q1,10-Q,2012-05-02,0001104659-12-032009
us-gaap,NetIncomeLoss,USD,2021-01-01,2021-12-31,3397100000,,,DEF 14A,2026-04-17,0001104659-26-044982
us-gaap,NetIncomeLoss,USD,2022-01-01,2022-12-31,2638500000,,,DEF 14A,2026-04-17,0001104659-26-044982
us-gaap,NetIncomeLoss,USD,2023-01-01,2023-12-31,2425200000,,,DEF 14A,2026-04-17,0001104659-26-044982
us-gaap,NetIncomeLoss,USD,2024-01-01,2024-12-31,3376800000,,,DEF 14A,2026-04-17,0001104659-26-044982
us-gaap,NetIncomeLoss,USD,2025-01-01,2025-12-31,4334900000,,,DEF 14A,2026-04-17,0001104659-26-044982
us-gaap,ProfitLoss,USD,2007-01-01,2007-12-31,2226599000,2009.0,FY,10-K,2010-02-26,0001104659-10-010334
us-gaap,ProfitLoss,USD,2008-01-01,2008-06-30,1119009000,2009.0,Q2,10-Q,2009-08-03,0001104659-09-046536
us-gaap,ProfitLoss,USD,2008-04-01,2008-06-30,551319000,2009.0,Q2,10-Q,2009-08-03,0001104659-09-046536
us-gaap,ProfitLoss,USD,2008-01-01,2008-09-30,1539367000,2009.0,Q3,10-Q,2009-10-30,0001104659-09-061539
us-gaap,ProfitLoss,USD,2008-07-01,2008-09-30,420358000,2009.0,Q3,10-Q,2009-10-30,0001104659-09-061539
us-gaap,ProfitLoss,USD,2008-01-01,2008-12-31,1414459000,2009.0,FY,10-K,2010-02-26,0001104659-10-010334
us-gaap,ProfitLoss,USD,2008-01-01,2008-12-31,1414459000,2010.0,FY,10-K,2011-03-01,0001104659-11-011083
us-gaap,ProfitLoss,USD,2009-01-01,2009-03-31,79246000,2010.0,Q1,10-Q,2010-05-04,0001104659-10-024965
us-gaap,ProfitLoss,USD,2009-01-01,2009-06-30,255275000,2009.0,Q2,10-Q,2009-08-03,0001104659-09-046536
us-gaap,ProfitLoss,USD,2009-01-01,2009-06-30,255275000,2010.0,Q2,10-Q,2010-08-03,0001104659-10-041413
us-gaap,ProfitLoss,USD,2009-04-01,2009-06-30,176029000,2009.0,Q2,10-Q,2009-08-03,0001104659-09-046536
us-gaap,ProfitLoss,USD,2009-04-01,2009-06-30,176029000,2010.0,Q2,10-Q,2010-08-03,0001104659-10-041413
us-gaap,ProfitLoss,USD,2009-01-01,2009-09-30,569500000,2009.0,Q3,10-Q,2009-10-30,0001104659-09-061539
us-gaap,ProfitLoss,USD,2009-01-01,2009-09-30,569500000,2010.0,Q3,10-Q,2010-11-05,0001104659-10-056419
us-gaap,ProfitLoss,USD,2009-07-01,2009-09-30,314225000,2009.0,Q3,10-Q,2009-10-30,0001104659-09-061539
us-gaap,ProfitLoss,USD,2009-07-01,2009-09-30,314225000,2010.0,Q3,10-Q,2010-11-05,0001104659-10-056419
us-gaap,ProfitLoss,USD,2009-01-01,2009-12-31,934573000,2009.0,FY,10-K,2010-02-26,0001104659-10-010334
us-gaap,ProfitLoss,USD,2009-01-01,2009-12-31,934573000,2010.0,FY,10-K,2011-03-01,0001104659-11-011083
us-gaap,ProfitLoss,USD,2010-01-01,2010-03-31,385227000,2010.0,Q1,10-Q,2010-05-04,0001104659-10-024965
us-gaap,ProfitLoss,USD,2010-01-01,2010-03-31,385227000,2011.0,Q1,10-Q,2011-05-06,0001104659-11-026837
us-gaap,ProfitLoss,USD,2010-01-01,2010-06-30,700538000,2010.0,Q2,10-Q,2010-08-03,0001104659-10-041413
us-gaap,ProfitLoss,USD,2010-01-01,2010-06-30,700538000,2011.0,Q2,10-Q,2011-08-08,0001104659-11-044725
us-gaap,ProfitLoss,USD,2010-04-01,2010-06-30,315311000,2010.0,Q2,10-Q,2010-08-03,0001104659-10-041413
us-gaap,ProfitLoss,USD,2010-04-01,2010-06-30,315311000,2011.0,Q2,10-Q,2011-08-08,0001104659-11-044725
us-gaap,ProfitLoss,USD,2010-01-01,2010-09-30,1067738000,2010.0,Q3,10-Q,2010-11-05,0001104659-10-056419
us-gaap,ProfitLoss,USD,2010-01-01,2010-09-30,1067738000,2011.0,Q3,10-Q,2011-11-09,0001104659-11-062516
us-gaap,ProfitLoss,USD,2010-07-01,2010-09-30,367200000,2010.0,Q3,10-Q,2010-11-05,0001104659-10-056419
us-gaap,ProfitLoss,USD,2010-07-01,2010-09-30,367200000,2011.0,Q3,10-Q,2011-11-09,0001104659-11-062516
us-gaap,ProfitLoss,USD,2010-01-01,2010-12-31,1562709000,2010.0,FY,10-K,2011-03-01,0001104659-11-011083
us-gaap,ProfitLoss,USD,2010-01-01,2010-12-31,1562709000,2012.0,FY,10-K,2013-02-28,0001104659-13-015720
us-gaap,ProfitLoss,USD,2011-01-01,2011-03-31,480147000,2011.0,Q1,10-Q,2011-05-06,0001104659-11-026837
us-gaap,ProfitLoss,USD,2011-01-01,2011-03-31,480100000,2012.0,FY,10-K,2013-02-28,0001104659-13-015720
us-gaap,ProfitLoss,USD,2011-01-01,2011-06-30,1140266000,2011.0,Q2,10-Q,2011-08-08,0001104659-11-044725
us-gaap,ProfitLoss,USD,2011-01-01,2011-06-30,1140266000,2012.0,Q2,10-Q,2012-08-03,0001104659-12-054018
us-gaap,ProfitLoss,USD,2011-04-01,2011-06-30,660119000,2011.0,Q2,10-Q,2011-08-08,0001104659-11-044725
us-gaap,ProfitLoss,USD,2011-04-01,2011-06-30,660119000,2012.0,Q2,10-Q,2012-08-03,0001104659-12-054018
us-gaap,ProfitLoss,USD,2011-04-01,2011-06-30,660100000,2012.0,FY,10-K,2013-02-28,0001104659-13-015720
us-gaap,ProfitLoss,USD,2011-01-01,2011-09-30,1805326000,2011.0,Q3,10-Q,2011-11-09,0001104659-11-062516
us-gaap,ProfitLoss,USD,2011-01-01,2011-09-30,1805326000,2012.0,Q3,10-Q,2012-10-25,0001104659-12-071128
us-gaap,ProfitLoss,USD,2011-07-01,2011-09-30,665060000,2011.0,Q3,10-Q,2011-11-09,0001104659-11-062516
us-gaap,ProfitLoss,USD,2011-07-01,2011-09-30,665060000,2012.0,Q3,10-Q,2012-10-25,0001104659-12-071128
us-gaap,ProfitLoss,USD,2011-07-01,2011-09-30,665100000,2012.0,FY,10-K,2013-02-28,0001104659-13-015720
us-gaap,ProfitLoss,USD,2011-01-01,2011-12-31,2344353000,2012.0,FY,10-K,2013-02-28,0001104659-13-015720
us-gaap,ProfitLoss,USD,2011-01-01,2011-12-31,2344353000,2013.0,FY,10-K,2014-02-27,0001104659-14-014124
us-gaap,ProfitLoss,USD,2011-10-01,2011-12-31,539100000,2012.0,FY,10-K,2013-02-28,0001104659-13-015720
us-gaap,ProfitLoss,USD,2012-01-01,2012-03-31,623600000,2012.0,FY,10-K,2013-02-28,0001104659-13-015720
us-gaap,ProfitLoss,USD,2012-01-01,2012-03-31,623562000,2013.0,Q1,10-Q,2013-04-30,0001104659-13-035267
us-gaap,ProfitLoss,USD,2012-01-01,2012-03-31,623600000,2013.0,FY,10-K,2014-02-27,0001104659-14-014124
us-gaap,ProfitLoss,USD,2012-01-01,2012-06-30,1188898000,2012.0,Q2,10-Q,2012-08-03,0001104659-12-054018
us-gaap,ProfitLoss,USD,2012-01-01,2012-06-30,1188898000,2013.0,Q2,10-Q,2013-08-05,0001104659-13-059871
us-gaap,ProfitLoss,USD,2012-04-01,2012-06-30,565336000,2012.0,Q2,10-Q,2012-08-03,0001104659-12-054018
us-gaap,ProfitLoss,USD,2012-04-01,2012-06-30,565300000,2012.0,FY,10-K,2013-02-28,0001104659-13-015720
us-gaap,ProfitLoss,USD,2012-04-01,2012-06-30,565336000,2013.0,Q2,10-Q,2013-08-05,0001104659-13-059871
us-gaap,ProfitLoss,USD,2012-04-01,2012-06-30,565300000,2013.0,FY,10-K,2014-02-27,0001104659-14-014124
us-gaap,ProfitLoss,USD,2012-01-01,2012-09-30,1408159000,2012.0,Q3,10-Q,2012-10-25,0001104659-12-071128
us-gaap,ProfitLoss,USD,2012-01-01,2012-09-30,1408159000,2013.0,Q3,10-Q,2013-10-30,0001104659-13-079258
us-gaap,ProfitLoss,USD,2012-07-01,2012-09-30,219261000,2012.0,Q3,10-Q,2012-10-25,0001104659-12-071128
us-gaap,ProfitLoss,USD,2012-07-01,2012-09-30,219300000,2012.0,FY,10-K,2013-02-28,0001104659-13-015720
us-gaap,ProfitLoss,USD,2012-07-01,2012-09-30,219261000,2013.0,Q3,10-Q,2013-10-30,0001104659-13-079258
us-gaap,ProfitLoss,USD,2012-07-01,2012-09-30,219300000,2013.0,FY,10-K,2014-02-27,0001104659-14-014124
us-gaap,ProfitLoss,USD,2012-01-01,2012-12-31,1941372000,2012.0,FY,10-K,2013-02-28,0001104659-13-015720
us-gaap,ProfitLoss,USD,2012-01-01,2012-12-31,1941372000,2013.0,FY,10-K,2014-02-27,0001104659-14-014124
us-gaap,ProfitLoss,USD,2012-01-01,2012-12-31,1941372000,2014.0,FY,10-K,2015-03-02,0001104659-15-015406
us-gaap,ProfitLoss,USD,2012-10-01,2012-12-31,533200000,2012.0,FY,10-K,2013-02-28,0001104659-13-015720
us-gaap,ProfitLoss,USD,2012-10-01,2012-12-31,533200000,2013.0,FY,10-K,2014-02-27,0001104659-14-014124
us-gaap,ProfitLoss,USD,2013-01-01,2013-03-31,497033000,2013.0,Q1,10-Q,2013-04-30,0001104659-13-035267
us-gaap,ProfitLoss,USD,2013-01-01,2013-03-31,497000000,2013.0,FY,10-K,2014-02-27,0001104659-14-014124
us-gaap,ProfitLoss,USD,2013-01-01,2013-03-31,497033000,2014.0,Q1,10-Q,2014-05-06,0001104659-14-035021
us-gaap,ProfitLoss,USD,2013-01-01,2013-03-31,497000000,2014.0,FY,10-K,2015-03-02,0001104659-15-015406
us-gaap,ProfitLoss,USD,2013-01-01,2013-06-30,871138000,2013.0,Q2,10-Q,2013-08-05,0001104659-13-059871
us-gaap,ProfitLoss,USD,2013-01-01,2013-06-30,871138000,2014.0,Q2,10-Q,2014-08-05,0001104659-14-057009
us-gaap,ProfitLoss,USD,2013-04-01,2013-06-30,374105000,2013.0,Q2,10-Q,2013-08-05,0001104659-13-059871
us-gaap,ProfitLoss,USD,2013-04-01,2013-06-30,374100000,2013.0,FY,10-K,2014-02-27,0001104659-14-014124
us-gaap,ProfitLoss,USD,2013-04-01,2013-06-30,374105000,2014.0,Q2,10-Q,2014-08-05,0001104659-14-057009
us-gaap,ProfitLoss,USD,2013-04-01,2013-06-30,374100000,2014.0,FY,10-K,2015-03-02,0001104659-15-015406
us-gaap,ProfitLoss,USD,2013-01-01,2013-09-30,1216703000,2013.0,Q3,10-Q,2013-10-30,0001104659-13-079258
us-gaap,ProfitLoss,USD,2013-01-01,2013-09-30,1216704000,2014.0,Q3,10-Q,2014-10-31,0001104659-14-075626
us-gaap,ProfitLoss,USD,2013-07-01,2013-09-30,345565000,2013.0,Q3,10-Q,2013-10-30,0001104659-13-079258
us-gaap,ProfitLoss,USD,2013-07-01,2013-09-30,345600000,2013.0,FY,10-K,2014-02-27,0001104659-14-014124
us-gaap,ProfitLoss,USD,2013-07-01,2013-09-30,345566000,2014.0,Q3,10-Q,2014-10-31,0001104659-14-075626
us-gaap,ProfitLoss,USD,2013-07-01,2013-09-30,345600000,2014.0,FY,10-K,2015-03-02,0001104659-15-015406
us-gaap,ProfitLoss,USD,2013-01-01,2013-12-31,1624181000,2013.0,FY,10-K,2014-02-27,0001104659-14-014124
us-gaap,ProfitLoss,USD,2013-01-01,2013-12-31,1624181000,2014.0,FY,10-K,2015-03-02,0001104659-15-015406
us-gaap,ProfitLoss,USD,2013-01-01,2013-12-31,1624200000,2015.0,FY,10-K,2016-02-26,0001104659-16-100568
us-gaap,ProfitLoss,USD,2013-10-01,2013-12-31,407500000,2013.0,FY,10-K,2014-02-27,0001104659-14-014124
us-gaap,ProfitLoss,USD,2013-10-01,2013-12-31,407500000,2014.0,FY,10-K,2015-03-02,0001104659-15-015406
us-gaap,ProfitLoss,USD,2014-01-01,2014-03-31,324597000,2014.0,Q1,10-Q,2014-05-06,0001104659-14-035021
us-gaap,ProfitLoss,USD,2014-01-01,2014-03-31,324600000,2014.0,FY,10-K,2015-03-02,0001104659-15-015406
us-gaap,ProfitLoss,USD,2014-01-01,2014-03-31,324597000,2015.0,Q1,10-Q,2015-04-30,0001104659-15-032631
us-gaap,ProfitLoss,USD,2014-01-01,2014-03-31,324600000,2015.0,FY,10-K,2016-02-26,0001104659-16-100568
us-gaap,ProfitLoss,USD,2014-01-01,2014-06-30,662978000,2014.0,Q2,10-Q,2014-08-05,0001104659-14-057009
us-gaap,ProfitLoss,USD,2014-01-01,2014-06-30,662979000,2015.0,Q2,10-Q,2015-07-31,0001104659-15-054941
us-gaap,ProfitLoss,USD,2014-04-01,2014-06-30,338381000,2014.0,Q2,10-Q,2014-08-05,0001104659-14-057009
us-gaap,ProfitLoss,USD,2014-04-01,2014-06-30,338400000,2014.0,FY,10-K,2015-03-02,0001104659-15-015406
us-gaap,ProfitLoss,USD,2014-04-01,2014-06-30,338382000,2015.0,Q2,10-Q,2015-07-31,0001104659-15-054941
us-gaap,ProfitLoss,USD,2014-04-01,2014-06-30,338400000,2015.0,FY,10-K,2016-02-26,0001104659-16-100568
us-gaap,ProfitLoss,USD,2014-01-01,2014-09-30,988759000,2014.0,Q3,10-Q,2014-10-31,0001104659-14-075626
us-gaap,ProfitLoss,USD,2014-01-01,2014-09-30,988759000,2015.0,Q3,10-Q,2015-10-30,0001104659-15-074538
us-gaap,ProfitLoss,USD,2014-07-01,2014-09-30,325781000,2014.0,Q3,10-Q,2014-10-31,0001104659-14-075626
us-gaap,ProfitLoss,USD,2014-07-01,2014-09-30,325800000,2014.0,FY,10-K,2015-03-02,0001104659-15-015406
us-gaap,ProfitLoss,USD,2014-07-01,2014-09-30,325780000,2015.0,Q3,10-Q,2015-10-30,0001104659-15-074538
us-gaap,ProfitLoss,USD,2014-07-01,2014-09-30,325700000,2015.0,FY,10-K,2016-02-26,0001104659-16-100568
us-gaap,ProfitLoss,USD,2014-01-01,2014-12-31,1337938000,2014.0,FY,10-K,2015-03-02,0001104659-15-015406
us-gaap,ProfitLoss,USD,2014-01-01,2014-12-31,1337900000,2015.0,FY,10-K,2016-02-26,0001104659-16-100568
us-gaap,ProfitLoss,USD,2014-01-01,2014-12-31,1337900000,2016.0,FY,10-K,2017-03-01,0001047469-17-001143
us-gaap,ProfitLoss,USD,2014-10-01,2014-12-31,349200000,2014.0,FY,10-K,2015-03-02,0001104659-15-015406
us-gaap,ProfitLoss,USD,2014-10-01,2014-12-31,349200000,2015.0,FY,10-K,2016-02-26,0001104659-16-100568
us-gaap,ProfitLoss,USD,2015-01-01,2015-03-31,283687000,2015.0,Q1,10-Q,2015-04-30,0001104659-15-032631
us-gaap,ProfitLoss,USD,2015-01-01,2015-03-31,283700000,2015.0,FY,10-K,2016-02-26,0001104659-16-100568
us-gaap,ProfitLoss,USD,2015-01-01,2015-03-31,283700000,2016.0,Q1,10-Q,2016-05-02,0001104659-16-116655
us-gaap,ProfitLoss,USD,2015-01-01,2015-03-31,283700000,2016.0,FY,10-K,2017-03-01,0001047469-17-001143
us-gaap,ProfitLoss,USD,2015-01-01,2015-06-30,579700000,2015.0,Q2,10-Q,2015-07-31,0001104659-15-054941
us-gaap,ProfitLoss,USD,2015-01-01,2015-06-30,579700000,2016.0,Q2,10-Q,2016-08-01,0001104659-16-135779
us-gaap,ProfitLoss,USD,2015-04-01,2015-06-30,296013000,2015.0,Q2,10-Q,2015-07-31,0001104659-15-054941
us-gaap,ProfitLoss,USD,2015-04-01,2015-06-30,296000000,2015.0,FY,10-K,2016-02-26,0001104659-16-100568
us-gaap,ProfitLoss,USD,2015-04-01,2015-06-30,296000000,2016.0,Q2,10-Q,2016-08-01,0001104659-16-135779
us-gaap,ProfitLoss,USD,2015-04-01,2015-06-30,296000000,2016.0,FY,10-K,2017-03-01,0001047469-17-001143
us-gaap,ProfitLoss,USD,2015-01-01,2015-09-30,679099000,2015.0,Q3,10-Q,2015-10-30,0001104659-15-074538
us-gaap,ProfitLoss,USD,2015-01-01,2015-09-30,679100000,2016.0,Q3,10-Q,2016-11-08,0001104659-16-155547
us-gaap,ProfitLoss,USD,2015-07-01,2015-09-30,99399000,2015.0,Q3,10-Q,2015-10-30,0001104659-15-074538
us-gaap,ProfitLoss,USD,2015-07-01,2015-09-30,99400000,2015.0,FY,10-K,2016-02-26,0001104659-16-100568
us-gaap,ProfitLoss,USD,2015-07-01,2015-09-30,99400000,2016.0,Q3,10-Q,2016-11-08,0001104659-16-155547
us-gaap,ProfitLoss,USD,2015-07-01,2015-09-30,99400000,2016.0,FY,10-K,2017-03-01,0001047469-17-001143
us-gaap,ProfitLoss,USD,2015-01-01,2015-12-31,741100000,2015.0,FY,10-K,2016-02-26,0001104659-16-100568
us-gaap,ProfitLoss,USD,2015-01-01,2015-12-31,741100000,2016.0,FY,10-K,2017-03-01,0001047469-17-001143
us-gaap,ProfitLoss,USD,2015-01-01,2015-12-31,741100000,2017.0,FY,10-K,2018-03-01,0001047469-18-001211
us-gaap,ProfitLoss,USD,2015-10-01,2015-12-31,62000000,2015.0,FY,10-K,2016-02-26,0001104659-16-100568
us-gaap,ProfitLoss,USD,2015-10-01,2015-12-31,62000000,2016.0,FY,10-K,2017-03-01,0001047469-17-001143
us-gaap,ProfitLoss,USD,2016-01-01,2016-03-31,185700000,2016.0,Q1,10-Q,2016-05-02,0001104659-16-116655
us-gaap,ProfitLoss,USD,2016-01-01,2016-03-31,185700000,2016.0,FY,10-K,2017-03-01,0001047469-17-001143
us-gaap,ProfitLoss,USD,2016-01-01,2016-03-31,185700000,2017.0,Q1,10-Q,2017-05-08,0001104659-17-030725
us-gaap,ProfitLoss,USD,2016-01-01,2016-03-31,185700000,2017.0,FY,10-K,2018-03-01,0001047469-18-001211
us-gaap,ProfitLoss,USD,2016-01-01,2016-06-30,408300000,2016.0,Q2,10-Q,2016-08-01,0001104659-16-135779
us-gaap,ProfitLoss,USD,2016-01-01,2016-06-30,408300000,2017.0,Q2,10-Q,2017-08-02,0001104659-17-048968
us-gaap,ProfitLoss,USD,2016-04-01,2016-06-30,222500000,2016.0,Q2,10-Q,2016-08-01,0001104659-16-135779
us-gaap,ProfitLoss,USD,2016-04-01,2016-06-30,222600000,2016.0,FY,10-K,2017-03-01,0001047469-17-001143
us-gaap,ProfitLoss,USD,2016-04-01,2016-06-30,222500000,2017.0,Q2,10-Q,2017-08-02,0001104659-17-048968
us-gaap,ProfitLoss,USD,2016-04-01,2016-06-30,222600000,2017.0,FY,10-K,2018-03-01,0001047469-18-001211
us-gaap,ProfitLoss,USD,2016-01-01,2016-09-30,606500000,2016.0,Q3,10-Q,2016-11-08,0001104659-16-155547
us-gaap,ProfitLoss,USD,2016-01-01,2016-09-30,606500000,2017.0,Q3,10-Q,2017-11-06,0001104659-17-066129
us-gaap,ProfitLoss,USD,2016-07-01,2016-09-30,198200000,2016.0,Q3,10-Q,2016-11-08,0001104659-16-155547
us-gaap,ProfitLoss,USD,2016-07-01,2016-09-30,198200000,2016.0,FY,10-K,2017-03-01,0001047469-17-001143
us-gaap,ProfitLoss,USD,2016-07-01,2016-09-30,198200000,2017.0,Q3,10-Q,2017-11-06,0001104659-17-066129
us-gaap,ProfitLoss,USD,2016-07-01,2016-09-30,198200000,2017.0,FY,10-K,2018-03-01,0001047469-18-001211
us-gaap,ProfitLoss,USD,2016-01-01,2016-12-31,778800000,2016.0,FY,10-K,2017-03-01,0001047469-17-001143
us-gaap,ProfitLoss,USD,2016-01-01,2016-12-31,778800000,2017.0,FY,10-K,2018-03-01,0001047469-18-001211
us-gaap,ProfitLoss,USD,2016-01-01,2016-12-31,778800000,2018.0,FY,10-K,2019-03-01,0001047469-19-000845
us-gaap,ProfitLoss,USD,2016-10-01,2016-12-31,172300000,2016.0,FY,10-K,2017-03-01,0001047469-17-001143
us-gaap,ProfitLoss,USD,2016-10-01,2016-12-31,172300000,2017.0,FY,10-K,2018-03-01,0001047469-18-001211
us-gaap,ProfitLoss,USD,2017-01-01,2017-03-31,315300000,2017.0,Q1,10-Q,2017-05-08,0001104659-17-030725
us-gaap,ProfitLoss,USD,2017-01-01,2017-03-31,315300000,2017.0,FY,10-K,2018-03-01,0001047469-18-001211
us-gaap,ProfitLoss,USD,2017-01-01,2017-03-31,315300000,2018.0,Q1,10-Q,2018-05-02,0001104659-18-029826
us-gaap,ProfitLoss,USD,2017-01-01,2017-03-31,315300000,2018.0,FY,10-K,2019-03-01,0001047469-19-000845
us-gaap,ProfitLoss,USD,2017-01-01,2017-06-30,615700000,2017.0,Q2,10-Q,2017-08-02,0001104659-17-048968
us-gaap,ProfitLoss,USD,2017-01-01,2017-06-30,615700000,2018.0,Q2,10-Q,2018-07-30,0001104659-18-048110
us-gaap,ProfitLoss,USD,2017-04-01,2017-06-30,300500000,2017.0,Q2,10-Q,2017-08-02,0001104659-17-048968
us-gaap,ProfitLoss,USD,2017-04-01,2017-06-30,300500000,2017.0,FY,10-K,2018-03-01,0001047469-18-001211
us-gaap,ProfitLoss,USD,2017-04-01,2017-06-30,300500000,2018.0,Q2,10-Q,2018-07-30,0001104659-18-048110
us-gaap,ProfitLoss,USD,2017-04-01,2017-06-30,300500000,2018.0,FY,10-K,2019-03-01,0001047469-19-000845
us-gaap,ProfitLoss,USD,2017-01-01,2017-09-30,1018600000,2017.0,Q3,10-Q,2017-11-06,0001104659-17-066129
us-gaap,ProfitLoss,USD,2017-01-01,2017-09-30,1018600000,2018.0,Q3,10-Q,2018-10-31,0001104659-18-065091
us-gaap,ProfitLoss,USD,2017-07-01,2017-09-30,402800000,2017.0,Q3,10-Q,2017-11-06,0001104659-17-066129
us-gaap,ProfitLoss,USD,2017-07-01,2017-09-30,402800000,2017.0,FY,10-K,2018-03-01,0001047469-18-001211
us-gaap,ProfitLoss,USD,2017-07-01,2017-09-30,402800000,2018.0,Q3,10-Q,2018-10-31,0001104659-18-065091
us-gaap,ProfitLoss,USD,2017-07-01,2017-09-30,402800000,2018.0,FY,10-K,2019-03-01,0001047469-19-000845
us-gaap,ProfitLoss,USD,2017-01-01,2017-12-31,732400000,2017.0,FY,10-K,2018-03-01,0001047469-18-001211
us-gaap,ProfitLoss,USD,2017-01-01,2017-12-31,732400000,2018.0,FY,10-K,2019-03-01,0001047469-19-000845
us-gaap,ProfitLoss,USD,2017-01-01,2017-12-31,732400000,2019.0,FY,10-K,2020-02-28,0001558370-20-001781
us-gaap,ProfitLoss,USD,2017-10-01,2017-12-31,-286200000,2017.0,FY,10-K,2018-03-01,0001047469-18-001211
us-gaap,ProfitLoss,USD,2017-10-01,2017-12-31,-286200000,2018.0,FY,10-K,2019-03-01,0001047469-19-000845
us-gaap,ProfitLoss,USD,2018-01-01,2018-03-31,471900000,2018.0,Q1,10-Q,2018-05-02,0001104659-18-029826
us-gaap,ProfitLoss,USD,2018-01-01,2018-03-31,471900000,2018.0,FY,10-K,2019-03-01,0001047469-19-000845
us-gaap,ProfitLoss,USD,2018-01-01,2018-03-31,471900000,2019.0,Q1,10-Q,2019-04-29,0001104659-19-024559
us-gaap,ProfitLoss,USD,2018-01-01,2018-03-31,471900000,2019.0,FY,10-K,2020-02-28,0001558370-20-001781
us-gaap,ProfitLoss,USD,2018-01-01,2018-06-30,882900000,2018.0,Q2,10-Q,2018-07-30,0001104659-18-048110
us-gaap,ProfitLoss,USD,2018-01-01,2018-06-30,882900000,2019.0,Q2,10-Q,2019-07-26,0001558370-19-006372
us-gaap,ProfitLoss,USD,2018-04-01,2018-06-30,411100000,2018.0,Q2,10-Q,2018-07-30,0001104659-18-048110
us-gaap,ProfitLoss,USD,2018-04-01,2018-06-30,411100000,2018.0,FY,10-K,2019-03-01,0001047469-19-000845
us-gaap,ProfitLoss,USD,2018-04-01,2018-06-30,411100000,2019.0,Q2,10-Q,2019-07-26,0001558370-19-006372
us-gaap,ProfitLoss,USD,2018-04-01,2018-06-30,411100000,2019.0,FY,10-K,2020-02-28,0001558370-20-001781
us-gaap,ProfitLoss,USD,2018-01-01,2018-09-30,1253700000,2018.0,Q3,10-Q,2018-10-31,0001104659-18-065091
us-gaap,ProfitLoss,USD,2018-01-01,2018-09-30,1253700000,2019.0,Q3,10-Q,2019-10-28,0001558370-19-009220
us-gaap,ProfitLoss,USD,2018-07-01,2018-09-30,370700000,2018.0,Q3,10-Q,2018-10-31,0001104659-18-065091
us-gaap,ProfitLoss,USD,2018-07-01,2018-09-30,370700000,2018.0,FY,10-K,2019-03-01,0001047469-19-000845
us-gaap,ProfitLoss,USD,2018-07-01,2018-09-30,370700000,2019.0,Q3,10-Q,2019-10-28,0001558370-19-009220
us-gaap,ProfitLoss,USD,2018-07-01,2018-09-30,370700000,2019.0,FY,10-K,2020-02-28,0001558370-20-001781
us-gaap,ProfitLoss,USD,2018-01-01,2018-12-31,1548200000,2018.0,FY,10-K,2019-03-01,0001047469-19-000845
us-gaap,ProfitLoss,USD,2018-01-01,2018-12-31,1548200000,2019.0,FY,10-K,2020-02-28,0001558370-20-001781
us-gaap,ProfitLoss,USD,2018-01-01,2018-12-31,1548200000,2020.0,FY,10-K,2021-02-26,0001558370-21-001894
us-gaap,ProfitLoss,USD,2018-10-01,2018-12-31,294500000,2018.0,FY,10-K,2019-03-01,0001047469-19-000845
us-gaap,ProfitLoss,USD,2018-10-01,2018-12-31,294500000,2019.0,FY,10-K,2020-02-28,0001558370-20-001781
us-gaap,ProfitLoss,USD,2019-01-01,2019-03-31,389200000,2019.0,Q1,10-Q,2019-04-29,0001104659-19-024559
us-gaap,ProfitLoss,USD,2019-01-01,2019-03-31,389200000,2019.0,FY,10-K,2020-02-28,0001558370-20-001781
us-gaap,ProfitLoss,USD,2019-01-01,2019-03-31,389200000,2020.0,Q1,10-Q,2020-05-04,0001558370-20-005051
us-gaap,ProfitLoss,USD,2019-01-01,2019-06-30,793600000,2019.0,Q2,10-Q,2019-07-26,0001558370-19-006372
us-gaap,ProfitLoss,USD,2019-01-01,2019-06-30,793600000,2020.0,Q2,10-Q,2020-07-30,0001558370-20-008790
us-gaap,ProfitLoss,USD,2019-04-01,2019-06-30,404400000,2019.0,Q2,10-Q,2019-07-26,0001558370-19-006372
us-gaap,ProfitLoss,USD,2019-04-01,2019-06-30,404400000,2019.0,FY,10-K,2020-02-28,0001558370-20-001781
us-gaap,ProfitLoss,USD,2019-04-01,2019-06-30,404400000,2020.0,Q2,10-Q,2020-07-30,0001558370-20-008790
us-gaap,ProfitLoss,USD,2019-01-01,2019-09-30,1184900000,2019.0,Q3,10-Q,2019-10-28,0001558370-19-009220
us-gaap,ProfitLoss,USD,2019-01-01,2019-09-30,1184900000,2020.0,Q3,10-Q,2020-10-28,0001558370-20-011919
us-gaap,ProfitLoss,USD,2019-07-01,2019-09-30,391300000,2019.0,Q3,10-Q,2019-10-28,0001558370-19-009220
us-gaap,ProfitLoss,USD,2019-07-01,2019-09-30,391300000,2019.0,FY,10-K,2020-02-28,0001558370-20-001781
us-gaap,ProfitLoss,USD,2019-07-01,2019-09-30,391300000,2020.0,Q3,10-Q,2020-10-28,0001558370-20-011919
us-gaap,ProfitLoss,USD,2019-01-01,2019-12-31,1491900000,2019.0,FY,10-K,2020-02-28,0001558370-20-001781
us-gaap,ProfitLoss,USD,2019-01-01,2019-12-31,1491900000,2020.0,FY,10-K,2021-02-26,0001558370-21-001894
us-gaap,ProfitLoss,USD,2019-01-01,2019-12-31,1491900000,2021.0,FY,10-K,2022-03-07,0001558370-22-002968
us-gaap,ProfitLoss,USD,2019-10-01,2019-12-31,307000000,2019.0,FY,10-K,2020-02-28,0001558370-20-001781
us-gaap,ProfitLoss,USD,2020-01-01,2020-03-31,216200000,2020.0,Q1,10-Q,2020-05-04,0001558370-20-005051
us-gaap,ProfitLoss,USD,2020-01-01,2020-03-31,216200000,2021.0,Q1,10-Q,2021-04-30,0001558370-21-005441
us-gaap,ProfitLoss,USD,2020-01-01,2020-06-30,477100000,2020.0,Q2,10-Q,2020-07-30,0001558370-20-008790
us-gaap,ProfitLoss,USD,2020-01-01,2020-06-30,477100000,2021.0,Q2,10-Q,2021-07-27,0001558370-21-009358
us-gaap,ProfitLoss,USD,2020-04-01,2020-06-30,260900000,2020.0,Q2,10-Q,2020-07-30,0001558370-20-008790
us-gaap,ProfitLoss,USD,2020-04-01,2020-06-30,260900000,2021.0,Q2,10-Q,2021-07-27,0001558370-21-009358
us-gaap,ProfitLoss,USD,2020-01-01,2020-09-30,985200000,2020.0,Q3,10-Q,2020-10-28,0001558370-20-011919
us-gaap,ProfitLoss,USD,2020-01-01,2020-09-30,985200000,2021.0,Q3,10-Q,2021-11-01,0001558370-21-013931
us-gaap,ProfitLoss,USD,2020-07-01,2020-09-30,508100000,2020.0,Q3,10-Q,2020-10-28,0001558370-20-011919
us-gaap,ProfitLoss,USD,2020-07-01,2020-09-30,508100000,2021.0,Q3,10-Q,2021-11-01,0001558370-21-013931
us-gaap,ProfitLoss,USD,2020-01-01,2020-12-31,1577800000,2020.0,FY,10-K,2021-02-26,0001558370-21-001894
us-gaap,ProfitLoss,USD,2020-01-01,2020-12-31,1577800000,2021.0,FY,10-K,2022-03-07,0001558370-22-002968
us-gaap,ProfitLoss,USD,2020-01-01,2020-12-31,1577800000,2022.0,FY,10-K,2023-02-28,0001558370-23-002328
us-gaap,ProfitLoss,USD,2021-01-01,2021-03-31,767100000,2021.0,Q1,10-Q,2021-04-30,0001558370-21-005441
us-gaap,ProfitLoss,USD,2021-01-01,2021-03-31,767100000,2022.0,Q1,10-Q,2022-05-05,0001558370-22-007434
us-gaap,ProfitLoss,USD,2021-01-01,2021-06-30,1703600000,2021.0,Q2,10-Q,2021-07-27,0001558370-21-009358
us-gaap,ProfitLoss,USD,2021-01-01,2021-06-30,1703600000,2022.0,Q2,10-Q,2022-07-27,0001558370-22-011154
us-gaap,ProfitLoss,USD,2021-04-01,2021-06-30,936400000,2021.0,Q2,10-Q,2021-07-27,0001558370-21-009358
us-gaap,ProfitLoss,USD,2021-04-01,2021-06-30,936400000,2022.0,Q2,10-Q,2022-07-27,0001558370-22-011154
us-gaap,ProfitLoss,USD,2021-01-01,2021-09-30,2574800000,2021.0,Q3,10-Q,2021-11-01,0001558370-21-013931
us-gaap,ProfitLoss,USD,2021-01-01,2021-09-30,2574800000,2022.0,Q3,10-Q,2022-10-31,0001558370-22-015661
us-gaap,ProfitLoss,USD,2021-07-01,2021-09-30,871200000,2021.0,Q3,10-Q,2021-11-01,0001558370-21-013931
us-gaap,ProfitLoss,USD,2021-07-01,2021-09-30,871200000,2022.0,Q3,10-Q,2022-10-31,0001558370-22-015661
us-gaap,ProfitLoss,USD,2021-01-01,2021-12-31,3411200000,2021.0,FY,10-K,2022-03-07,0001558370-22-002968
us-gaap,ProfitLoss,USD,2021-01-01,2021-12-31,3411200000,2022.0,FY,10-K,2023-02-28,0001558370-23-002328
us-gaap,ProfitLoss,USD,2021-01-01,2021-12-31,3411200000,2023.0,FY,10-K,2024-02-29,0001558370-24-002119
us-gaap,ProfitLoss,USD,2022-01-01,2022-03-31,787800000,2022.0,Q1,10-Q,2022-05-05,0001558370-22-007434
us-gaap,ProfitLoss,USD,2022-01-01,2022-03-31,787800000,2023.0,Q1,10-Q,2023-05-02,0001558370-23-007689
us-gaap,ProfitLoss,USD,2022-01-01,2022-06-30,1222100000,2022.0,Q2,10-Q,2022-07-27,0001558370-22-011154
us-gaap,ProfitLoss,USD,2022-01-01,2022-06-30,1222100000,2023.0,Q2,10-Q,2023-08-01,0001558370-23-012746
us-gaap,ProfitLoss,USD,2022-04-01,2022-06-30,434200000,2022.0,Q2,10-Q,2022-07-27,0001558370-22-011154
us-gaap,ProfitLoss,USD,2022-04-01,2022-06-30,434200000,2023.0,Q2,10-Q,2023-08-01,0001558370-23-012746
us-gaap,ProfitLoss,USD,2022-01-01,2022-09-30,1742900000,2022.0,Q3,10-Q,2022-10-31,0001558370-22-015661
us-gaap,ProfitLoss,USD,2022-01-01,2022-09-30,1742900000,2023.0,Q3,10-Q,2023-11-01,0001558370-23-017203
us-gaap,ProfitLoss,USD,2022-07-01,2022-09-30,520900000,2022.0,Q3,10-Q,2022-10-31,0001558370-22-015661
us-gaap,ProfitLoss,USD,2022-07-01,2022-09-30,520900000,2023.0,Q3,10-Q,2023-11-01,0001558370-23-017203
us-gaap,ProfitLoss,USD,2022-01-01,2022-12-31,2648000000,2022.0,FY,10-K,2023-02-28,0001558370-23-002328
us-gaap,ProfitLoss,USD,2022-01-01,2022-12-31,2648000000,2023.0,FY,10-K,2024-02-29,0001558370-24-002119
us-gaap,ProfitLoss,USD,2022-01-01,2022-12-31,2648000000,2024.0,FY,10-K,2025-03-03,0001558370-25-002017
us-gaap,ProfitLoss,USD,2023-01-01,2023-03-31,815900000,2023.0,Q1,10-Q,2023-05-02,0001558370-23-007689
us-gaap,ProfitLoss,USD,2023-01-01,2023-03-31,815900000,2024.0,Q1,10-Q,2024-04-30,0001558370-24-006251
us-gaap,ProfitLoss,USD,2023-01-01,2023-06-30,1365600000,2023.0,Q2,10-Q,2023-08-01,0001558370-23-012746
us-gaap,ProfitLoss,USD,2023-01-01,2023-06-30,1365600000,2024.0,Q2,10-Q,2024-08-02,0001558370-24-010710
us-gaap,ProfitLoss,USD,2023-04-01,2023-06-30,549600000,2023.0,Q2,10-Q,2023-08-01,0001558370-23-012746
us-gaap,ProfitLoss,USD,2023-04-01,2023-06-30,549600000,2024.0,Q2,10-Q,2024-08-02,0001558370-24-010710
us-gaap,ProfitLoss,USD,2023-01-01,2023-09-30,1987500000,2023.0,Q3,10-Q,2023-11-01,0001558370-23-017203
us-gaap,ProfitLoss,USD,2023-01-01,2023-09-30,1987500000,2024.0,Q3,10-Q,2024-10-31,0001558370-24-014045
us-gaap,ProfitLoss,USD,2023-07-01,2023-09-30,622000000,2023.0,Q3,10-Q,2023-11-01,0001558370-23-017203
us-gaap,ProfitLoss,USD,2023-07-01,2023-09-30,622000000,2024.0,Q3,10-Q,2024-10-31,0001558370-24-014045
us-gaap,ProfitLoss,USD,2023-01-01,2023-12-31,2434700000,2023.0,FY,10-K,2024-02-29,0001558370-24-002119
us-gaap,ProfitLoss,USD,2023-01-01,2023-12-31,2434700000,2024.0,FY,10-K,2025-03-03,0001558370-25-002017
us-gaap,ProfitLoss,USD,2023-01-01,2023-12-31,2434700000,2025.0,FY,10-K,2026-02-27,0001104659-26-021492
us-gaap,ProfitLoss,USD,2024-01-01,2024-03-31,738800000,2024.0,Q1,10-Q,2024-04-30,0001558370-24-006251
us-gaap,ProfitLoss,USD,2024-01-01,2024-03-31,738800000,2025.0,Q1,10-Q,2025-04-30,0001558370-25-005975
us-gaap,ProfitLoss,USD,2024-01-01,2024-06-30,1692600000,2024.0,Q2,10-Q,2024-08-02,0001558370-24-010710
us-gaap,ProfitLoss,USD,2024-01-01,2024-06-30,1692600000,2025.0,Q2,10-Q,2025-07-31,0001558370-25-009879
us-gaap,ProfitLoss,USD,2024-04-01,2024-06-30,953800000,2024.0,Q2,10-Q,2024-08-02,0001558370-24-010710
us-gaap,ProfitLoss,USD,2024-04-01,2024-06-30,953800000,2025.0,Q2,10-Q,2025-07-31,0001558370-25-009879
us-gaap,ProfitLoss,USD,2024-01-01,2024-09-30,2592400000,2024.0,Q3,10-Q,2024-10-31,0001558370-24-014045
us-gaap,ProfitLoss,USD,2024-01-01,2024-09-30,2592400000,2025.0,Q3,10-Q,2025-10-31,0001104659-25-104914
us-gaap,ProfitLoss,USD,2024-07-01,2024-09-30,899800000,2024.0,Q3,10-Q,2024-10-31,0001558370-24-014045
us-gaap,ProfitLoss,USD,2024-07-01,2024-09-30,899800000,2025.0,Q3,10-Q,2025-10-31,0001104659-25-104914
us-gaap,ProfitLoss,USD,2024-01-01,2024-12-31,3388600000,2024.0,FY,10-K,2025-03-03,0001558370-25-002017
us-gaap,ProfitLoss,USD,2024-01-01,2024-12-31,3388600000,2025.0,FY,10-K,2026-02-27,0001104659-26-021492
us-gaap,ProfitLoss,USD,2025-01-01,2025-03-31,949100000,2025.0,Q1,10-Q,2025-04-30,0001558370-25-005975
us-gaap,ProfitLoss,USD,2025-01-01,2025-03-31,949100000,2026.0,Q1,10-Q,2026-04-30,0001104659-26-052647
us-gaap,ProfitLoss,USD,2025-01-01,2025-06-30,1925800000,2025.0,Q2,10-Q,2025-07-31,0001558370-25-009879
us-gaap,ProfitLoss,USD,2025-01-01,2025-06-30,1925800000,2026.0,Q2,10-Q,2026-07-31,0001104659-26-089169
us-gaap,ProfitLoss,USD,2025-04-01,2025-06-30,976700000,2025.0,Q2,10-Q,2025-07-31,0001558370-25-009879
us-gaap,ProfitLoss,USD,2025-04-01,2025-06-30,976700000,2026.0,Q2,10-Q,2026-07-31,0001104659-26-089169
us-gaap,ProfitLoss,USD,2025-01-01,2025-09-30,3036700000,2025.0,Q3,10-Q,2025-10-31,0001104659-25-104914
us-gaap,ProfitLoss,USD,2025-07-01,2025-09-30,1110900000,2025.0,Q3,10-Q,2025-10-31,0001104659-25-104914
us-gaap,ProfitLoss,USD,2025-01-01,2025-12-31,4348200000,2025.0,FY,10-K,2026-02-27,0001104659-26-021492
us-gaap,ProfitLoss,USD,2026-01-01,2026-03-31,1581900000,2026.0,Q1,10-Q,2026-04-30,0001104659-26-052647
us-gaap,ProfitLoss,USD,2026-01-01,2026-06-30,3256500000,2026.0,Q2,10-Q,2026-07-31,0001104659-26-089169
us-gaap,ProfitLoss,USD,2026-04-01,2026-06-30,1674600000,2026.0,Q2,10-Q,2026-07-31,0001104659-26-089169
us-gaap,OperatingIncomeLoss,USD,2007-01-01,2007-12-31,3497352000,2009.0,FY,10-K,2010-02-26,0001104659-10-010334
us-gaap,OperatingIncomeLoss,USD,2008-01-01,2008-06-30,1657127000,2009.0,Q2,10-Q,2009-08-03,0001104659-09-046536
us-gaap,OperatingIncomeLoss,USD,2008-04-01,2008-06-30,792417000,2009.0,Q2,10-Q,2009-08-03,0001104659-09-046536
us-gaap,OperatingIncomeLoss,USD,2008-01-01,2008-09-30,2333073000,2009.0,Q3,10-Q,2009-10-30,0001104659-09-061539
us-gaap,OperatingIncomeLoss,USD,2008-07-01,2008-09-30,675946000,2009.0,Q3,10-Q,2009-10-30,0001104659-09-061539
us-gaap,OperatingIncomeLoss,USD,2008-01-01,2008-12-31,2201890000,2009.0,FY,10-K,2010-02-26,0001104659-10-010334
us-gaap,OperatingIncomeLoss,USD,2008-01-01,2008-12-31,2201890000,2010.0,FY,10-K,2011-03-01,0001104659-11-011083
us-gaap,OperatingIncomeLoss,USD,2009-01-01,2009-03-31,144128000,2010.0,Q1,10-Q,2010-05-04,0001104659-10-024965
us-gaap,OperatingIncomeLoss,USD,2009-01-01,2009-06-30,447324000,2009.0,Q2,10-Q,2009-08-03,0001104659-09-046536
us-gaap,OperatingIncomeLoss,USD,2009-01-01,2009-06-30,447324000,2010.0,Q2,10-Q,2010-08-03,0001104659-10-041413
us-gaap,OperatingIncomeLoss,USD,2009-04-01,2009-06-30,303196000,2009.0,Q2,10-Q,2009-08-03,0001104659-09-046536
us-gaap,OperatingIncomeLoss,USD,2009-04-01,2009-06-30,303196000,2010.0,Q2,10-Q,2010-08-03,0001104659-10-041413
us-gaap,OperatingIncomeLoss,USD,2009-01-01,2009-09-30,956055000,2009.0,Q3,10-Q,2009-10-30,0001104659-09-061539
us-gaap,OperatingIncomeLoss,USD,2009-01-01,2009-09-30,956055000,2010.0,Q3,10-Q,2010-11-05,0001104659-10-056419
us-gaap,OperatingIncomeLoss,USD,2009-07-01,2009-09-30,508731000,2009.0,Q3,10-Q,2009-10-30,0001104659-09-061539
us-gaap,OperatingIncomeLoss,USD,2009-07-01,2009-09-30,508731000,2010.0,Q3,10-Q,2010-11-05,0001104659-10-056419
us-gaap,OperatingIncomeLoss,USD,2009-01-01,2009-12-31,1485148000,2009.0,FY,10-K,2010-02-26,0001104659-10-010334
us-gaap,OperatingIncomeLoss,USD,2009-01-01,2009-12-31,1485148000,2010.0,FY,10-K,2011-03-01,0001104659-11-011083
us-gaap,OperatingIncomeLoss,USD,2009-01-01,2009-12-31,1485148000,2011.0,FY,10-K,2012-02-27,0001104659-12-013068
us-gaap,OperatingIncomeLoss,USD,2010-01-01,2010-03-31,608771000,2010.0,Q1,10-Q,2010-05-04,0001104659-10-024965
us-gaap,OperatingIncomeLoss,USD,2010-01-01,2010-03-31,608771000,2011.0,Q1,10-Q,2011-05-06,0001104659-11-026837
us-gaap,OperatingIncomeLoss,USD,2010-01-01,2010-03-31,608800000,2011.0,FY,10-K,2012-02-27,0001104659-12-013068
us-gaap,OperatingIncomeLoss,USD,2010-01-01,2010-06-30,1149194000,2010.0,Q2,10-Q,2010-08-03,0001104659-10-041413
us-gaap,OperatingIncomeLoss,USD,2010-01-01,2010-06-30,1149194000,2011.0,Q2,10-Q,2011-08-08,0001104659-11-044725
us-gaap,OperatingIncomeLoss,USD,2010-04-01,2010-06-30,540423000,2010.0,Q2,10-Q,2010-08-03,0001104659-10-041413
us-gaap,OperatingIncomeLoss,USD,2010-04-01,2010-06-30,540423000,2011.0,Q2,10-Q,2011-08-08,0001104659-11-044725
us-gaap,OperatingIncomeLoss,USD,2010-04-01,2010-06-30,540400000,2011.0,FY,10-K,2012-02-27,0001104659-12-013068
us-gaap,OperatingIncomeLoss,USD,2010-01-01,2010-09-30,1752092000,2010.0,Q3,10-Q,2010-11-05,0001104659-10-056419
us-gaap,OperatingIncomeLoss,USD,2010-01-01,2010-09-30,1752092000,2011.0,Q3,10-Q,2011-11-09,0001104659-11-062516
us-gaap,OperatingIncomeLoss,USD,2010-07-01,2010-09-30,602898000,2010.0,Q3,10-Q,2010-11-05,0001104659-10-056419
us-gaap,OperatingIncomeLoss,USD,2010-07-01,2010-09-30,602898000,2011.0,Q3,10-Q,2011-11-09,0001104659-11-062516
us-gaap,OperatingIncomeLoss,USD,2010-07-01,2010-09-30,602900000,2011.0,FY,10-K,2012-02-27,0001104659-12-013068
us-gaap,OperatingIncomeLoss,USD,2010-01-01,2010-12-31,2604204000,2010.0,FY,10-K,2011-03-01,0001104659-11-011083
us-gaap,OperatingIncomeLoss,USD,2010-01-01,2010-12-31,2604204000,2011.0,FY,10-K,2012-02-27,0001104659-12-013068
us-gaap,OperatingIncomeLoss,USD,2010-01-01,2010-12-31,2604204000,2012.0,FY,10-K,2013-02-28,0001104659-13-015720
us-gaap,OperatingIncomeLoss,USD,2010-10-01,2010-12-31,852100000,2011.0,FY,10-K,2012-02-27,0001104659-12-013068
us-gaap,OperatingIncomeLoss,USD,2011-01-01,2011-03-31,762725000,2011.0,Q1,10-Q,2011-05-06,0001104659-11-026837
us-gaap,OperatingIncomeLoss,USD,2011-01-01,2011-03-31,762700000,2011.0,FY,10-K,2012-02-27,0001104659-12-013068
us-gaap,OperatingIncomeLoss,USD,2011-01-01,2011-03-31,762725000,2012.0,Q1,10-Q,2012-05-02,0001104659-12-032009
us-gaap,OperatingIncomeLoss,USD,2011-01-01,2011-03-31,762700000,2012.0,FY,10-K,2013-02-28,0001104659-13-015720
us-gaap,OperatingIncomeLoss,USD,2011-01-01,2011-06-30,1761457000,2011.0,Q2,10-Q,2011-08-08,0001104659-11-044725
us-gaap,OperatingIncomeLoss,USD,2011-01-01,2011-06-30,1761457000,2012.0,Q2,10-Q,2012-08-03,0001104659-12-054018
us-gaap,OperatingIncomeLoss,USD,2011-04-01,2011-06-30,998732000,2011.0,Q2,10-Q,2011-08-08,0001104659-11-044725
us-gaap,OperatingIncomeLoss,USD,2011-04-01,2011-06-30,998700000,2011.0,FY,10-K,2012-02-27,0001104659-12-013068
us-gaap,OperatingIncomeLoss,USD,2011-04-01,2011-06-30,998732000,2012.0,Q2,10-Q,2012-08-03,0001104659-12-054018
us-gaap,OperatingIncomeLoss,USD,2011-04-01,2011-06-30,998700000,2012.0,FY,10-K,2013-02-28,0001104659-13-015720
us-gaap,OperatingIncomeLoss,USD,2011-01-01,2011-09-30,2723548000,2011.0,Q3,10-Q,2011-11-09,0001104659-11-062516
us-gaap,OperatingIncomeLoss,USD,2011-01-01,2011-09-30,2723548000,2012.0,Q3,10-Q,2012-10-25,0001104659-12-071128
us-gaap,OperatingIncomeLoss,USD,2011-07-01,2011-09-30,962091000,2011.0,Q3,10-Q,2011-11-09,0001104659-11-062516
us-gaap,OperatingIncomeLoss,USD,2011-07-01,2011-09-30,962100000,2011.0,FY,10-K,2012-02-27,0001104659-12-013068
us-gaap,OperatingIncomeLoss,USD,2011-07-01,2011-09-30,962091000,2012.0,Q3,10-Q,2012-10-25,0001104659-12-071128
us-gaap,OperatingIncomeLoss,USD,2011-07-01,2011-09-30,962100000,2012.0,FY,10-K,2013-02-28,0001104659-13-015720
us-gaap,OperatingIncomeLoss,USD,2011-01-01,2011-12-31,3625423000,2011.0,FY,10-K,2012-02-27,0001104659-12-013068
us-gaap,OperatingIncomeLoss,USD,2011-01-01,2011-12-31,3625423000,2012.0,FY,10-K,2013-02-28,0001104659-13-015720
us-gaap,OperatingIncomeLoss,USD,2011-01-01,2011-12-31,3625423000,2013.0,FY,10-K,2014-02-27,0001104659-14-014124
us-gaap,OperatingIncomeLoss,USD,2011-10-01,2011-12-31,901900000,2011.0,FY,10-K,2012-02-27,0001104659-12-013068
us-gaap,OperatingIncomeLoss,USD,2011-10-01,2011-12-31,901900000,2012.0,FY,10-K,2013-02-28,0001104659-13-015720
us-gaap,OperatingIncomeLoss,USD,2012-01-01,2012-03-31,972909000,2012.0,Q1,10-Q,2012-05-02,0001104659-12-032009
us-gaap,OperatingIncomeLoss,USD,2012-01-01,2012-03-31,972900000,2012.0,FY,10-K,2013-02-28,0001104659-13-015720
us-gaap,OperatingIncomeLoss,USD,2012-01-01,2012-03-31,972909000,2013.0,Q1,10-Q,2013-04-30,0001104659-13-035267
us-gaap,OperatingIncomeLoss,USD,2012-01-01,2012-03-31,972900000,2013.0,FY,10-K,2014-02-27,0001104659-14-014124
us-gaap,OperatingIncomeLoss,USD,2012-01-01,2012-06-30,1848519000,2012.0,Q2,10-Q,2012-08-03,0001104659-12-054018
us-gaap,OperatingIncomeLoss,USD,2012-01-01,2012-06-30,1848519000,2013.0,Q2,10-Q,2013-08-05,0001104659-13-059871
us-gaap,OperatingIncomeLoss,USD,2012-04-01,2012-06-30,875610000,2012.0,Q2,10-Q,2012-08-03,0001104659-12-054018
us-gaap,OperatingIncomeLoss,USD,2012-04-01,2012-06-30,875600000,2012.0,FY,10-K,2013-02-28,0001104659-13-015720
us-gaap,OperatingIncomeLoss,USD,2012-04-01,2012-06-30,875610000,2013.0,Q2,10-Q,2013-08-05,0001104659-13-059871
us-gaap,OperatingIncomeLoss,USD,2012-04-01,2012-06-30,875600000,2013.0,FY,10-K,2014-02-27,0001104659-14-014124
us-gaap,OperatingIncomeLoss,USD,2012-01-01,2012-09-30,2296293000,2012.0,Q3,10-Q,2012-10-25,0001104659-12-071128
us-gaap,OperatingIncomeLoss,USD,2012-01-01,2012-09-30,2296293000,2013.0,Q3,10-Q,2013-10-30,0001104659-13-079258
us-gaap,OperatingIncomeLoss,USD,2012-07-01,2012-09-30,447774000,2012.0,Q3,10-Q,2012-10-25,0001104659-12-071128
us-gaap,OperatingIncomeLoss,USD,2012-07-01,2012-09-30,447800000,2012.0,FY,10-K,2013-02-28,0001104659-13-015720
us-gaap,OperatingIncomeLoss,USD,2012-07-01,2012-09-30,447774000,2013.0,Q3,10-Q,2013-10-30,0001104659-13-079258
us-gaap,OperatingIncomeLoss,USD,2012-07-01,2012-09-30,447800000,2013.0,FY,10-K,2014-02-27,0001104659-14-014124
us-gaap,OperatingIncomeLoss,USD,2012-01-01,2012-12-31,3108883000,2012.0,FY,10-K,2013-02-28,0001104659-13-015720
us-gaap,OperatingIncomeLoss,USD,2012-01-01,2012-12-31,3108883000,2013.0,FY,10-K,2014-02-27,0001104659-14-014124
us-gaap,OperatingIncomeLoss,USD,2012-01-01,2012-12-31,3108883000,2014.0,FY,10-K,2015-03-02,0001104659-15-015406
us-gaap,OperatingIncomeLoss,USD,2012-10-01,2012-12-31,812600000,2012.0,FY,10-K,2013-02-28,0001104659-13-015720
us-gaap,OperatingIncomeLoss,USD,2012-10-01,2012-12-31,812600000,2013.0,FY,10-K,2014-02-27,0001104659-14-014124
us-gaap,OperatingIncomeLoss,USD,2013-01-01,2013-03-31,770050000,2013.0,Q1,10-Q,2013-04-30,0001104659-13-035267
us-gaap,OperatingIncomeLoss,USD,2013-01-01,2013-03-31,770000000,2013.0,FY,10-K,2014-02-27,0001104659-14-014124
us-gaap,OperatingIncomeLoss,USD,2013-01-01,2013-03-31,773983000,2014.0,Q1,10-Q,2014-05-06,0001104659-14-035021
us-gaap,OperatingIncomeLoss,USD,2013-01-01,2013-03-31,770000000,2014.0,FY,10-K,2015-03-02,0001104659-15-015406
us-gaap,OperatingIncomeLoss,USD,2013-01-01,2013-06-30,1335359000,2013.0,Q2,10-Q,2013-08-05,0001104659-13-059871
us-gaap,OperatingIncomeLoss,USD,2013-01-01,2013-06-30,1340356000,2014.0,Q2,10-Q,2014-08-05,0001104659-14-057009
us-gaap,OperatingIncomeLoss,USD,2013-04-01,2013-06-30,565309000,2013.0,Q2,10-Q,2013-08-05,0001104659-13-059871
us-gaap,OperatingIncomeLoss,USD,2013-04-01,2013-06-30,565300000,2013.0,FY,10-K,2014-02-27,0001104659-14-014124
us-gaap,OperatingIncomeLoss,USD,2013-04-01,2013-06-30,566373000,2014.0,Q2,10-Q,2014-08-05,0001104659-14-057009
us-gaap,OperatingIncomeLoss,USD,2013-04-01,2013-06-30,565300000,2014.0,FY,10-K,2015-03-02,0001104659-15-015406
us-gaap,OperatingIncomeLoss,USD,2013-01-01,2013-09-30,1916250000,2013.0,Q3,10-Q,2013-10-30,0001104659-13-079258
us-gaap,OperatingIncomeLoss,USD,2013-01-01,2013-09-30,1923942000,2014.0,Q3,10-Q,2014-10-31,0001104659-14-075626
us-gaap,OperatingIncomeLoss,USD,2013-07-01,2013-09-30,580891000,2013.0,Q3,10-Q,2013-10-30,0001104659-13-079258
us-gaap,OperatingIncomeLoss,USD,2013-07-01,2013-09-30,580900000,2013.0,FY,10-K,2014-02-27,0001104659-14-014124
us-gaap,OperatingIncomeLoss,USD,2013-07-01,2013-09-30,583586000,2014.0,Q3,10-Q,2014-10-31,0001104659-14-075626
us-gaap,OperatingIncomeLoss,USD,2013-07-01,2013-09-30,580900000,2014.0,FY,10-K,2015-03-02,0001104659-15-015406
us-gaap,OperatingIncomeLoss,USD,2013-01-01,2013-12-31,2532112000,2013.0,FY,10-K,2014-02-27,0001104659-14-014124
us-gaap,OperatingIncomeLoss,USD,2013-01-01,2013-12-31,2532112000,2014.0,FY,10-K,2015-03-02,0001104659-15-015406
us-gaap,OperatingIncomeLoss,USD,2013-01-01,2013-12-31,2532100000,2015.0,FY,10-K,2016-02-26,0001104659-16-100568
us-gaap,OperatingIncomeLoss,USD,2013-10-01,2013-12-31,615900000,2013.0,FY,10-K,2014-02-27,0001104659-14-014124
us-gaap,OperatingIncomeLoss,USD,2013-10-01,2013-12-31,615900000,2014.0,FY,10-K,2015-03-02,0001104659-15-015406
us-gaap,OperatingIncomeLoss,USD,2014-01-01,2014-03-31,562927000,2014.0,Q1,10-Q,2014-05-06,0001104659-14-035021
us-gaap,OperatingIncomeLoss,USD,2014-01-01,2014-03-31,562900000,2014.0,FY,10-K,2015-03-02,0001104659-15-015406
us-gaap,OperatingIncomeLoss,USD,2014-01-01,2014-03-31,562927000,2015.0,Q1,10-Q,2015-04-30,0001104659-15-032631
us-gaap,OperatingIncomeLoss,USD,2014-01-01,2014-03-31,562900000,2015.0,FY,10-K,2016-02-26,0001104659-16-100568
us-gaap,OperatingIncomeLoss,USD,2014-01-01,2014-06-30,1160193000,2014.0,Q2,10-Q,2014-08-05,0001104659-14-057009
us-gaap,OperatingIncomeLoss,USD,2014-01-01,2014-06-30,1160194000,2015.0,Q2,10-Q,2015-07-31,0001104659-15-054941
us-gaap,OperatingIncomeLoss,USD,2014-04-01,2014-06-30,597266000,2014.0,Q2,10-Q,2014-08-05,0001104659-14-057009
us-gaap,OperatingIncomeLoss,USD,2014-04-01,2014-06-30,597300000,2014.0,FY,10-K,2015-03-02,0001104659-15-015406
us-gaap,OperatingIncomeLoss,USD,2014-04-01,2014-06-30,597267000,2015.0,Q2,10-Q,2015-07-31,0001104659-15-054941
us-gaap,OperatingIncomeLoss,USD,2014-04-01,2014-06-30,597300000,2015.0,FY,10-K,2016-02-26,0001104659-16-100568
us-gaap,OperatingIncomeLoss,USD,2014-01-01,2014-09-30,1707329000,2014.0,Q3,10-Q,2014-10-31,0001104659-14-075626
us-gaap,OperatingIncomeLoss,USD,2014-01-01,2014-09-30,1707329000,2015.0,Q3,10-Q,2015-10-30,0001104659-15-074538
us-gaap,OperatingIncomeLoss,USD,2014-07-01,2014-09-30,547136000,2014.0,Q3,10-Q,2014-10-31,0001104659-14-075626
us-gaap,OperatingIncomeLoss,USD,2014-07-01,2014-09-30,547100000,2014.0,FY,10-K,2015-03-02,0001104659-15-015406
us-gaap,OperatingIncomeLoss,USD,2014-07-01,2014-09-30,547135000,2015.0,Q3,10-Q,2015-10-30,0001104659-15-074538
us-gaap,OperatingIncomeLoss,USD,2014-07-01,2014-09-30,547000000,2015.0,FY,10-K,2016-02-26,0001104659-16-100568
us-gaap,OperatingIncomeLoss,USD,2014-01-01,2014-12-31,2232840000,2014.0,FY,10-K,2015-03-02,0001104659-15-015406
us-gaap,OperatingIncomeLoss,USD,2014-01-01,2014-12-31,2232700000,2015.0,FY,10-K,2016-02-26,0001104659-16-100568
us-gaap,OperatingIncomeLoss,USD,2014-01-01,2014-12-31,2232700000,2016.0,FY,10-K,2017-03-01,0001047469-17-001143
us-gaap,OperatingIncomeLoss,USD,2014-10-01,2014-12-31,525500000,2014.0,FY,10-K,2015-03-02,0001104659-15-015406
us-gaap,OperatingIncomeLoss,USD,2014-10-01,2014-12-31,525500000,2015.0,FY,10-K,2016-02-26,0001104659-16-100568
us-gaap,OperatingIncomeLoss,USD,2015-01-01,2015-03-31,436937000,2015.0,Q1,10-Q,2015-04-30,0001104659-15-032631
us-gaap,OperatingIncomeLoss,USD,2015-01-01,2015-03-31,436900000,2015.0,FY,10-K,2016-02-26,0001104659-16-100568
us-gaap,OperatingIncomeLoss,USD,2015-01-01,2015-03-31,436900000,2016.0,Q1,10-Q,2016-05-02,0001104659-16-116655
us-gaap,OperatingIncomeLoss,USD,2015-01-01,2015-03-31,436900000,2016.0,FY,10-K,2017-03-01,0001047469-17-001143
us-gaap,OperatingIncomeLoss,USD,2015-01-01,2015-06-30,940084000,2015.0,Q2,10-Q,2015-07-31,0001104659-15-054941
us-gaap,OperatingIncomeLoss,USD,2015-01-01,2015-06-30,940000000,2016.0,Q2,10-Q,2016-08-01,0001104659-16-135779
us-gaap,OperatingIncomeLoss,USD,2015-04-01,2015-06-30,503147000,2015.0,Q2,10-Q,2015-07-31,0001104659-15-054941
us-gaap,OperatingIncomeLoss,USD,2015-04-01,2015-06-30,503100000,2015.0,FY,10-K,2016-02-26,0001104659-16-100568
us-gaap,OperatingIncomeLoss,USD,2015-04-01,2015-06-30,503100000,2016.0,Q2,10-Q,2016-08-01,0001104659-16-135779
us-gaap,OperatingIncomeLoss,USD,2015-04-01,2015-06-30,503100000,2016.0,FY,10-K,2017-03-01,0001047469-17-001143
us-gaap,OperatingIncomeLoss,USD,2015-01-01,2015-09-30,1227004000,2015.0,Q3,10-Q,2015-10-30,0001104659-15-074538
us-gaap,OperatingIncomeLoss,USD,2015-01-01,2015-09-30,1227000000,2016.0,Q3,10-Q,2016-11-08,0001104659-16-155547
us-gaap,OperatingIncomeLoss,USD,2015-07-01,2015-09-30,286920000,2015.0,Q3,10-Q,2015-10-30,0001104659-15-074538
us-gaap,OperatingIncomeLoss,USD,2015-07-01,2015-09-30,286900000,2015.0,FY,10-K,2016-02-26,0001104659-16-100568
us-gaap,OperatingIncomeLoss,USD,2015-07-01,2015-09-30,286900000,2016.0,Q3,10-Q,2016-11-08,0001104659-16-155547
us-gaap,OperatingIncomeLoss,USD,2015-07-01,2015-09-30,286900000,2016.0,FY,10-K,2017-03-01,0001047469-17-001143
us-gaap,OperatingIncomeLoss,USD,2015-01-01,2015-12-31,1414400000,2015.0,FY,10-K,2016-02-26,0001104659-16-100568
us-gaap,OperatingIncomeLoss,USD,2015-01-01,2015-12-31,1414400000,2016.0,FY,10-K,2017-03-01,0001047469-17-001143
us-gaap,OperatingIncomeLoss,USD,2015-01-01,2015-12-31,1414400000,2017.0,FY,10-K,2018-03-01,0001047469-18-001211
us-gaap,OperatingIncomeLoss,USD,2015-10-01,2015-12-31,187500000,2015.0,FY,10-K,2016-02-26,0001104659-16-100568
us-gaap,OperatingIncomeLoss,USD,2015-10-01,2015-12-31,187500000,2016.0,FY,10-K,2017-03-01,0001047469-17-001143
us-gaap,OperatingIncomeLoss,USD,2016-01-01,2016-03-31,346200000,2016.0,Q1,10-Q,2016-05-02,0001104659-16-116655
us-gaap,OperatingIncomeLoss,USD,2016-01-01,2016-03-31,346200000,2016.0,FY,10-K,2017-03-01,0001047469-17-001143
us-gaap,OperatingIncomeLoss,USD,2016-01-01,2016-03-31,346200000,2017.0,Q1,10-Q,2017-05-08,0001104659-17-030725
us-gaap,OperatingIncomeLoss,USD,2016-01-01,2016-03-31,346200000,2017.0,FY,10-K,2018-03-01,0001047469-18-001211
us-gaap,OperatingIncomeLoss,USD,2016-01-01,2016-06-30,731200000,2016.0,Q2,10-Q,2016-08-01,0001104659-16-135779
us-gaap,OperatingIncomeLoss,USD,2016-01-01,2016-06-30,731200000,2017.0,Q2,10-Q,2017-08-02,0001104659-17-048968
us-gaap,OperatingIncomeLoss,USD,2016-04-01,2016-06-30,385100000,2016.0,Q2,10-Q,2016-08-01,0001104659-16-135779
us-gaap,OperatingIncomeLoss,USD,2016-04-01,2016-06-30,385100000,2016.0,FY,10-K,2017-03-01,0001047469-17-001143
us-gaap,OperatingIncomeLoss,USD,2016-04-01,2016-06-30,385100000,2017.0,Q2,10-Q,2017-08-02,0001104659-17-048968
us-gaap,OperatingIncomeLoss,USD,2016-04-01,2016-06-30,385100000,2017.0,FY,10-K,2018-03-01,0001047469-18-001211
us-gaap,OperatingIncomeLoss,USD,2016-01-01,2016-09-30,1093700000,2016.0,Q3,10-Q,2016-11-08,0001104659-16-155547
us-gaap,OperatingIncomeLoss,USD,2016-01-01,2016-09-30,1093700000,2017.0,Q3,10-Q,2017-11-06,0001104659-17-066129
us-gaap,OperatingIncomeLoss,USD,2016-07-01,2016-09-30,362400000,2016.0,Q3,10-Q,2016-11-08,0001104659-16-155547
us-gaap,OperatingIncomeLoss,USD,2016-07-01,2016-09-30,362400000,2016.0,FY,10-K,2017-03-01,0001047469-17-001143
us-gaap,OperatingIncomeLoss,USD,2016-07-01,2016-09-30,362400000,2017.0,Q3,10-Q,2017-11-06,0001104659-17-066129
us-gaap,OperatingIncomeLoss,USD,2016-07-01,2016-09-30,362400000,2017.0,FY,10-K,2018-03-01,0001047469-18-001211
us-gaap,OperatingIncomeLoss,USD,2016-01-01,2016-12-31,1564200000,2016.0,FY,10-K,2017-03-01,0001047469-17-001143
us-gaap,OperatingIncomeLoss,USD,2016-01-01,2016-12-31,1564200000,2017.0,FY,10-K,2018-03-01,0001047469-18-001211
us-gaap,OperatingIncomeLoss,USD,2016-01-01,2016-12-31,1564200000,2018.0,FY,10-K,2019-03-01,0001047469-19-000845
us-gaap,OperatingIncomeLoss,USD,2016-10-01,2016-12-31,470500000,2016.0,FY,10-K,2017-03-01,0001047469-17-001143
us-gaap,OperatingIncomeLoss,USD,2016-10-01,2016-12-31,470500000,2017.0,FY,10-K,2018-03-01,0001047469-18-001211
us-gaap,OperatingIncomeLoss,USD,2017-01-01,2017-03-31,570400000,2017.0,Q1,10-Q,2017-05-08,0001104659-17-030725
us-gaap,OperatingIncomeLoss,USD,2017-01-01,2017-03-31,570400000,2017.0,FY,10-K,2018-03-01,0001047469-18-001211
us-gaap,OperatingIncomeLoss,USD,2017-01-01,2017-03-31,570400000,2018.0,Q1,10-Q,2018-05-02,0001104659-18-029826
us-gaap,OperatingIncomeLoss,USD,2017-01-01,2017-03-31,570400000,2018.0,FY,10-K,2019-03-01,0001047469-19-000845
us-gaap,OperatingIncomeLoss,USD,2017-01-01,2017-06-30,1096400000,2017.0,Q2,10-Q,2017-08-02,0001104659-17-048968
us-gaap,OperatingIncomeLoss,USD,2017-01-01,2017-06-30,1096400000,2018.0,Q2,10-Q,2018-07-30,0001104659-18-048110
us-gaap,OperatingIncomeLoss,USD,2017-04-01,2017-06-30,525900000,2017.0,Q2,10-Q,2017-08-02,0001104659-17-048968
us-gaap,OperatingIncomeLoss,USD,2017-04-01,2017-06-30,525900000,2017.0,FY,10-K,2018-03-01,0001047469-18-001211
us-gaap,OperatingIncomeLoss,USD,2017-04-01,2017-06-30,525900000,2018.0,Q2,10-Q,2018-07-30,0001104659-18-048110
us-gaap,OperatingIncomeLoss,USD,2017-04-01,2017-06-30,525900000,2018.0,FY,10-K,2019-03-01,0001047469-19-000845
us-gaap,OperatingIncomeLoss,USD,2017-01-01,2017-09-30,1788900000,2017.0,Q3,10-Q,2017-11-06,0001104659-17-066129
us-gaap,OperatingIncomeLoss,USD,2017-01-01,2017-09-30,1788900000,2018.0,Q3,10-Q,2018-10-31,0001104659-18-065091
us-gaap,OperatingIncomeLoss,USD,2017-07-01,2017-09-30,692600000,2017.0,Q3,10-Q,2017-11-06,0001104659-17-066129
us-gaap,OperatingIncomeLoss,USD,2017-07-01,2017-09-30,692600000,2017.0,FY,10-K,2018-03-01,0001047469-18-001211
us-gaap,OperatingIncomeLoss,USD,2017-07-01,2017-09-30,692600000,2018.0,Q3,10-Q,2018-10-31,0001104659-18-065091
us-gaap,OperatingIncomeLoss,USD,2017-07-01,2017-09-30,692600000,2018.0,FY,10-K,2019-03-01,0001047469-19-000845
us-gaap,OperatingIncomeLoss,USD,2017-01-01,2017-12-31,2618900000,2017.0,FY,10-K,2018-03-01,0001047469-18-001211
us-gaap,OperatingIncomeLoss,USD,2017-01-01,2017-12-31,2618900000,2018.0,FY,10-K,2019-03-01,0001047469-19-000845
us-gaap,OperatingIncomeLoss,USD,2017-01-01,2017-12-31,2618900000,2019.0,FY,10-K,2020-02-28,0001558370-20-001781
us-gaap,OperatingIncomeLoss,USD,2017-10-01,2017-12-31,830000000,2017.0,FY,10-K,2018-03-01,0001047469-18-001211
us-gaap,OperatingIncomeLoss,USD,2017-10-01,2017-12-31,830000000,2018.0,FY,10-K,2019-03-01,0001047469-19-000845
us-gaap,OperatingIncomeLoss,USD,2018-01-01,2018-03-31,773300000,2018.0,Q1,10-Q,2018-05-02,0001104659-18-029826
us-gaap,OperatingIncomeLoss,USD,2018-01-01,2018-03-31,773300000,2018.0,FY,10-K,2019-03-01,0001047469-19-000845
us-gaap,OperatingIncomeLoss,USD,2018-01-01,2018-03-31,773300000,2019.0,Q1,10-Q,2019-04-29,0001104659-19-024559
us-gaap,OperatingIncomeLoss,USD,2018-01-01,2018-03-31,773300000,2019.0,FY,10-K,2020-02-28,0001558370-20-001781
us-gaap,OperatingIncomeLoss,USD,2018-01-01,2018-06-30,1561000000,2018.0,Q2,10-Q,2018-07-30,0001104659-18-048110
us-gaap,OperatingIncomeLoss,USD,2018-01-01,2018-06-30,1561000000,2019.0,Q2,10-Q,2019-07-26,0001558370-19-006372
us-gaap,OperatingIncomeLoss,USD,2018-04-01,2018-06-30,787600000,2018.0,Q2,10-Q,2018-07-30,0001104659-18-048110
us-gaap,OperatingIncomeLoss,USD,2018-04-01,2018-06-30,787600000,2018.0,FY,10-K,2019-03-01,0001047469-19-000845
us-gaap,OperatingIncomeLoss,USD,2018-04-01,2018-06-30,787600000,2019.0,Q2,10-Q,2019-07-26,0001558370-19-006372
us-gaap,OperatingIncomeLoss,USD,2018-04-01,2018-06-30,787600000,2019.0,FY,10-K,2020-02-28,0001558370-20-001781
us-gaap,OperatingIncomeLoss,USD,2018-01-01,2018-09-30,2257700000,2018.0,Q3,10-Q,2018-10-31,0001104659-18-065091
us-gaap,OperatingIncomeLoss,USD,2018-01-01,2018-09-30,2257700000,2019.0,Q3,10-Q,2019-10-28,0001558370-19-009220
us-gaap,OperatingIncomeLoss,USD,2018-07-01,2018-09-30,696700000,2018.0,Q3,10-Q,2018-10-31,0001104659-18-065091
us-gaap,OperatingIncomeLoss,USD,2018-07-01,2018-09-30,696700000,2018.0,FY,10-K,2019-03-01,0001047469-19-000845
us-gaap,OperatingIncomeLoss,USD,2018-07-01,2018-09-30,696700000,2019.0,Q3,10-Q,2019-10-28,0001558370-19-009220
us-gaap,OperatingIncomeLoss,USD,2018-07-01,2018-09-30,696700000,2019.0,FY,10-K,2020-02-28,0001558370-20-001781
us-gaap,OperatingIncomeLoss,USD,2018-01-01,2018-12-31,2881200000,2018.0,FY,10-K,2019-03-01,0001047469-19-000845
us-gaap,OperatingIncomeLoss,USD,2018-01-01,2018-12-31,2881200000,2019.0,FY,10-K,2020-02-28,0001558370-20-001781
us-gaap,OperatingIncomeLoss,USD,2018-01-01,2018-12-31,2881200000,2020.0,FY,10-K,2021-02-26,0001558370-21-001894
us-gaap,OperatingIncomeLoss,USD,2018-10-01,2018-12-31,623600000,2018.0,FY,10-K,2019-03-01,0001047469-19-000845
us-gaap,OperatingIncomeLoss,USD,2018-10-01,2018-12-31,623600000,2019.0,FY,10-K,2020-02-28,0001558370-20-001781
us-gaap,OperatingIncomeLoss,USD,2019-01-01,2019-03-31,693700000,2019.0,Q1,10-Q,2019-04-29,0001104659-19-024559
us-gaap,OperatingIncomeLoss,USD,2019-01-01,2019-03-31,693700000,2019.0,FY,10-K,2020-02-28,0001558370-20-001781
us-gaap,OperatingIncomeLoss,USD,2019-01-01,2019-03-31,693700000,2020.0,Q1,10-Q,2020-05-04,0001558370-20-005051
us-gaap,OperatingIncomeLoss,USD,2019-01-01,2019-06-30,1407300000,2019.0,Q2,10-Q,2019-07-26,0001558370-19-006372
us-gaap,OperatingIncomeLoss,USD,2019-01-01,2019-06-30,1407300000,2020.0,Q2,10-Q,2020-07-30,0001558370-20-008790
us-gaap,OperatingIncomeLoss,USD,2019-04-01,2019-06-30,713600000,2019.0,Q2,10-Q,2019-07-26,0001558370-19-006372
us-gaap,OperatingIncomeLoss,USD,2019-04-01,2019-06-30,713600000,2019.0,FY,10-K,2020-02-28,0001558370-20-001781
us-gaap,OperatingIncomeLoss,USD,2019-04-01,2019-06-30,713600000,2020.0,Q2,10-Q,2020-07-30,0001558370-20-008790
us-gaap,OperatingIncomeLoss,USD,2019-01-01,2019-09-30,2121200000,2019.0,Q3,10-Q,2019-10-28,0001558370-19-009220
us-gaap,OperatingIncomeLoss,USD,2019-01-01,2019-09-30,2121200000,2020.0,Q3,10-Q,2020-10-28,0001558370-20-011919
us-gaap,OperatingIncomeLoss,USD,2019-07-01,2019-09-30,713800000,2019.0,Q3,10-Q,2019-10-28,0001558370-19-009220
us-gaap,OperatingIncomeLoss,USD,2019-07-01,2019-09-30,713800000,2019.0,FY,10-K,2020-02-28,0001558370-20-001781
us-gaap,OperatingIncomeLoss,USD,2019-07-01,2019-09-30,713800000,2020.0,Q3,10-Q,2020-10-28,0001558370-20-011919
us-gaap,OperatingIncomeLoss,USD,2019-01-01,2019-12-31,2753000000,2019.0,FY,10-K,2020-02-28,0001558370-20-001781
us-gaap,OperatingIncomeLoss,USD,2019-01-01,2019-12-31,2753000000,2020.0,FY,10-K,2021-02-26,0001558370-21-001894
us-gaap,OperatingIncomeLoss,USD,2019-01-01,2019-12-31,2753000000,2021.0,FY,10-K,2022-03-07,0001558370-22-002968
us-gaap,OperatingIncomeLoss,USD,2019-10-01,2019-12-31,631900000,2019.0,FY,10-K,2020-02-28,0001558370-20-001781
us-gaap,OperatingIncomeLoss,USD,2020-01-01,2020-03-31,533300000,2020.0,Q1,10-Q,2020-05-04,0001558370-20-005051
us-gaap,OperatingIncomeLoss,USD,2020-01-01,2020-03-31,533300000,2021.0,Q1,10-Q,2021-04-30,0001558370-21-005441
us-gaap,OperatingIncomeLoss,USD,2020-01-01,2020-06-30,1110400000,2020.0,Q2,10-Q,2020-07-30,0001558370-20-008790
us-gaap,OperatingIncomeLoss,USD,2020-01-01,2020-06-30,1110400000,2021.0,Q2,10-Q,2021-07-27,0001558370-21-009358
us-gaap,OperatingIncomeLoss,USD,2020-04-01,2020-06-30,577200000,2020.0,Q2,10-Q,2020-07-30,0001558370-20-008790
us-gaap,OperatingIncomeLoss,USD,2020-04-01,2020-06-30,577200000,2021.0,Q2,10-Q,2021-07-27,0001558370-21-009358
us-gaap,OperatingIncomeLoss,USD,2020-01-01,2020-09-30,2054300000,2020.0,Q3,10-Q,2020-10-28,0001558370-20-011919
us-gaap,OperatingIncomeLoss,USD,2020-01-01,2020-09-30,2054300000,2021.0,Q3,10-Q,2021-11-01,0001558370-21-013931
us-gaap,OperatingIncomeLoss,USD,2020-07-01,2020-09-30,943900000,2020.0,Q3,10-Q,2020-10-28,0001558370-20-011919
us-gaap,OperatingIncomeLoss,USD,2020-07-01,2020-09-30,943900000,2021.0,Q3,10-Q,2021-11-01,0001558370-21-013931
us-gaap,OperatingIncomeLoss,USD,2020-01-01,2020-12-31,3120700000,2020.0,FY,10-K,2021-02-26,0001558370-21-001894
us-gaap,OperatingIncomeLoss,USD,2020-01-01,2020-12-31,3120700000,2021.0,FY,10-K,2022-03-07,0001558370-22-002968
us-gaap,OperatingIncomeLoss,USD,2020-01-01,2020-12-31,3120700000,2022.0,FY,10-K,2023-02-28,0001558370-23-002328
us-gaap,OperatingIncomeLoss,USD,2021-01-01,2021-03-31,1351600000,2021.0,Q1,10-Q,2021-04-30,0001558370-21-005441
us-gaap,OperatingIncomeLoss,USD,2021-01-01,2021-03-31,1351600000,2022.0,Q1,10-Q,2022-05-05,0001558370-22-007434
us-gaap,OperatingIncomeLoss,USD,2021-01-01,2021-06-30,3026800000,2021.0,Q2,10-Q,2021-07-27,0001558370-21-009358
us-gaap,OperatingIncomeLoss,USD,2021-01-01,2021-06-30,3026800000,2022.0,Q2,10-Q,2022-07-27,0001558370-22-011154
us-gaap,OperatingIncomeLoss,USD,2021-04-01,2021-06-30,1675200000,2021.0,Q2,10-Q,2021-07-27,0001558370-21-009358
us-gaap,OperatingIncomeLoss,USD,2021-04-01,2021-06-30,1675200000,2022.0,Q2,10-Q,2022-07-27,0001558370-22-011154
us-gaap,OperatingIncomeLoss,USD,2021-01-01,2021-09-30,4534600000,2021.0,Q3,10-Q,2021-11-01,0001558370-21-013931
us-gaap,OperatingIncomeLoss,USD,2021-01-01,2021-09-30,4534600000,2022.0,Q3,10-Q,2022-10-31,0001558370-22-015661
us-gaap,OperatingIncomeLoss,USD,2021-07-01,2021-09-30,1507800000,2021.0,Q3,10-Q,2021-11-01,0001558370-21-013931
us-gaap,OperatingIncomeLoss,USD,2021-07-01,2021-09-30,1507800000,2022.0,Q3,10-Q,2022-10-31,0001558370-22-015661
us-gaap,OperatingIncomeLoss,USD,2021-01-01,2021-12-31,6065100000,2021.0,FY,10-K,2022-03-07,0001558370-22-002968
us-gaap,OperatingIncomeLoss,USD,2021-01-01,2021-12-31,6065100000,2022.0,FY,10-K,2023-02-28,0001558370-23-002328
us-gaap,OperatingIncomeLoss,USD,2021-01-01,2021-12-31,6065100000,2023.0,FY,10-K,2024-02-29,0001558370-24-002119
us-gaap,OperatingIncomeLoss,USD,2022-01-01,2022-03-31,1470100000,2022.0,Q1,10-Q,2022-05-05,0001558370-22-007434
us-gaap,OperatingIncomeLoss,USD,2022-01-01,2022-03-31,1470100000,2023.0,Q1,10-Q,2023-05-02,0001558370-23-007689
us-gaap,OperatingIncomeLoss,USD,2022-01-01,2022-06-30,2278600000,2022.0,Q2,10-Q,2022-07-27,0001558370-22-011154
us-gaap,OperatingIncomeLoss,USD,2022-01-01,2022-06-30,2278600000,2023.0,Q2,10-Q,2023-08-01,0001558370-23-012746
us-gaap,OperatingIncomeLoss,USD,2022-04-01,2022-06-30,808500000,2022.0,Q2,10-Q,2022-07-27,0001558370-22-011154
us-gaap,OperatingIncomeLoss,USD,2022-04-01,2022-06-30,808500000,2023.0,Q2,10-Q,2023-08-01,0001558370-23-012746
us-gaap,OperatingIncomeLoss,USD,2022-01-01,2022-09-30,3065700000,2022.0,Q3,10-Q,2022-10-31,0001558370-22-015661
us-gaap,OperatingIncomeLoss,USD,2022-01-01,2022-09-30,3065700000,2023.0,Q3,10-Q,2023-11-01,0001558370-23-017203
us-gaap,OperatingIncomeLoss,USD,2022-07-01,2022-09-30,787200000,2022.0,Q3,10-Q,2022-10-31,0001558370-22-015661
us-gaap,OperatingIncomeLoss,USD,2022-07-01,2022-09-30,787200000,2023.0,Q3,10-Q,2023-11-01,0001558370-23-017203
us-gaap,OperatingIncomeLoss,USD,2022-01-01,2022-12-31,4435800000,2022.0,FY,10-K,2023-02-28,0001558370-23-002328
us-gaap,OperatingIncomeLoss,USD,2022-01-01,2022-12-31,4435800000,2023.0,FY,10-K,2024-02-29,0001558370-24-002119
us-gaap,OperatingIncomeLoss,USD,2022-01-01,2022-12-31,4435800000,2024.0,FY,10-K,2025-03-03,0001558370-25-002017
us-gaap,OperatingIncomeLoss,USD,2023-01-01,2023-03-31,1353700000,2023.0,Q1,10-Q,2023-05-02,0001558370-23-007689
us-gaap,OperatingIncomeLoss,USD,2023-01-01,2023-03-31,1353700000,2024.0,Q1,10-Q,2024-04-30,0001558370-24-006251
us-gaap,OperatingIncomeLoss,USD,2023-01-01,2023-06-30,2254400000,2023.0,Q2,10-Q,2023-08-01,0001558370-23-012746
us-gaap,OperatingIncomeLoss,USD,2023-01-01,2023-06-30,2254400000,2024.0,Q2,10-Q,2024-08-02,0001558370-24-010710
us-gaap,OperatingIncomeLoss,USD,2023-04-01,2023-06-30,900700000,2023.0,Q2,10-Q,2023-08-01,0001558370-23-012746
us-gaap,OperatingIncomeLoss,USD,2023-04-01,2023-06-30,900700000,2024.0,Q2,10-Q,2024-08-02,0001558370-24-010710
us-gaap,OperatingIncomeLoss,USD,2023-01-01,2023-09-30,3323600000,2023.0,Q3,10-Q,2023-11-01,0001558370-23-017203
us-gaap,OperatingIncomeLoss,USD,2023-01-01,2023-09-30,3323600000,2024.0,Q3,10-Q,2024-10-31,0001558370-24-014045
us-gaap,OperatingIncomeLoss,USD,2023-07-01,2023-09-30,1069200000,2023.0,Q3,10-Q,2023-11-01,0001558370-23-017203
us-gaap,OperatingIncomeLoss,USD,2023-07-01,2023-09-30,1069200000,2024.0,Q3,10-Q,2024-10-31,0001558370-24-014045
us-gaap,OperatingIncomeLoss,USD,2023-01-01,2023-12-31,4192300000,2023.0,FY,10-K,2024-02-29,0001558370-24-002119
us-gaap,OperatingIncomeLoss,USD,2023-01-01,2023-12-31,4192300000,2024.0,FY,10-K,2025-03-03,0001558370-25-002017
us-gaap,OperatingIncomeLoss,USD,2023-01-01,2023-12-31,4192300000,2025.0,FY,10-K,2026-02-27,0001104659-26-021492
us-gaap,OperatingIncomeLoss,USD,2024-01-01,2024-03-31,1189700000,2024.0,Q1,10-Q,2024-04-30,0001558370-24-006251
us-gaap,OperatingIncomeLoss,USD,2024-01-01,2024-03-31,1189700000,2025.0,Q1,10-Q,2025-04-30,0001558370-25-005975
us-gaap,OperatingIncomeLoss,USD,2024-01-01,2024-06-30,2797000000,2024.0,Q2,10-Q,2024-08-02,0001558370-24-010710
us-gaap,OperatingIncomeLoss,USD,2024-01-01,2024-06-30,2797000000,2025.0,Q2,10-Q,2025-07-31,0001558370-25-009879
us-gaap,OperatingIncomeLoss,USD,2024-04-01,2024-06-30,1607300000,2024.0,Q2,10-Q,2024-08-02,0001558370-24-010710
us-gaap,OperatingIncomeLoss,USD,2024-04-01,2024-06-30,1607300000,2025.0,Q2,10-Q,2025-07-31,0001558370-25-009879
us-gaap,OperatingIncomeLoss,USD,2024-01-01,2024-09-30,4247300000,2024.0,Q3,10-Q,2024-10-31,0001558370-24-014045
us-gaap,OperatingIncomeLoss,USD,2024-01-01,2024-09-30,4247300000,2025.0,Q3,10-Q,2025-10-31,0001104659-25-104914
us-gaap,OperatingIncomeLoss,USD,2024-07-01,2024-09-30,1450300000,2024.0,Q3,10-Q,2024-10-31,0001558370-24-014045
us-gaap,OperatingIncomeLoss,USD,2024-07-01,2024-09-30,1450300000,2025.0,Q3,10-Q,2025-10-31,0001104659-25-104914
us-gaap,OperatingIncomeLoss,USD,2024-01-01,2024-12-31,5554700000,2024.0,FY,10-K,2025-03-03,0001558370-25-002017
us-gaap,OperatingIncomeLoss,USD,2024-01-01,2024-12-31,5554700000,2025.0,FY,10-K,2026-02-27,0001104659-26-021492
us-gaap,OperatingIncomeLoss,USD,2025-01-01,2025-03-31,1535500000,2025.0,Q1,10-Q,2025-04-30,0001558370-25-005975
us-gaap,OperatingIncomeLoss,USD,2025-01-01,2025-03-31,1535500000,2026.0,Q1,10-Q,2026-04-30,0001104659-26-052647
us-gaap,OperatingIncomeLoss,USD,2025-01-01,2025-06-30,3122500000,2025.0,Q2,10-Q,2025-07-31,0001558370-25-009879
us-gaap,OperatingIncomeLoss,USD,2025-01-01,2025-06-30,3122500000,2026.0,Q2,10-Q,2026-07-31,0001104659-26-089169
us-gaap,OperatingIncomeLoss,USD,2025-04-01,2025-06-30,1587000000,2025.0,Q2,10-Q,2025-07-31,0001558370-25-009879
us-gaap,OperatingIncomeLoss,USD,2025-04-01,2025-06-30,1587000000,2026.0,Q2,10-Q,2026-07-31,0001104659-26-089169
us-gaap,OperatingIncomeLoss,USD,2025-01-01,2025-09-30,4891300000,2025.0,Q3,10-Q,2025-10-31,0001104659-25-104914
us-gaap,OperatingIncomeLoss,USD,2025-07-01,2025-09-30,1768800000,2025.0,Q3,10-Q,2025-10-31,0001104659-25-104914
us-gaap,OperatingIncomeLoss,USD,2025-01-01,2025-12-31,7001700000,2025.0,FY,10-K,2026-02-27,0001104659-26-021492
us-gaap,OperatingIncomeLoss,USD,2026-01-01,2026-03-31,2480400000,2026.0,Q1,10-Q,2026-04-30,0001104659-26-052647
us-gaap,OperatingIncomeLoss,USD,2026-01-01,2026-06-30,5103600000,2026.0,Q2,10-Q,2026-07-31,0001104659-26-089169
us-gaap,OperatingIncomeLoss,USD,2026-04-01,2026-06-30,2623200000,2026.0,Q2,10-Q,2026-07-31,0001104659-26-089169
us-gaap,DepreciationDepletionAndAmortization,USD,2007-01-01,2007-12-31,327898000,2009.0,FY,10-K,2010-02-26,0001104659-10-010334
us-gaap,DepreciationDepletionAndAmortization,USD,2008-01-01,2008-06-30,164395000,2009.0,Q2,10-Q,2009-08-03,0001104659-09-046536
us-gaap,DepreciationDepletionAndAmortization,USD,2008-04-01,2008-06-30,83199000,2009.0,Q2,10-Q,2009-08-03,0001104659-09-046536
us-gaap,DepreciationDepletionAndAmortization,USD,2008-01-01,2008-09-30,248339000,2009.0,Q3,10-Q,2009-10-30,0001104659-09-061539
us-gaap,DepreciationDepletionAndAmortization,USD,2008-07-01,2008-09-30,83944000,2009.0,Q3,10-Q,2009-10-30,0001104659-09-061539
us-gaap,DepreciationDepletionAndAmortization,USD,2008-01-01,2008-12-31,327302000,2009.0,FY,10-K,2010-02-26,0001104659-10-010334
us-gaap,DepreciationDepletionAndAmortization,USD,2008-01-01,2008-12-31,327302000,2010.0,FY,10-K,2011-03-01,0001104659-11-011083
us-gaap,DepreciationDepletionAndAmortization,USD,2009-01-01,2009-03-31,78221000,2010.0,Q1,10-Q,2010-05-04,0001104659-10-024965
us-gaap,DepreciationDepletionAndAmortization,USD,2009-01-01,2009-06-30,156936000,2009.0,Q2,10-Q,2009-08-03,0001104659-09-046536
us-gaap,DepreciationDepletionAndAmortization,USD,2009-01-01,2009-06-30,156936000,2010.0,Q2,10-Q,2010-08-03,0001104659-10-041413
us-gaap,DepreciationDepletionAndAmortization,USD,2009-04-01,2009-06-30,78715000,2009.0,Q2,10-Q,2009-08-03,0001104659-09-046536
us-gaap,DepreciationDepletionAndAmortization,USD,2009-04-01,2009-06-30,78715000,2010.0,Q2,10-Q,2010-08-03,0001104659-10-041413
us-gaap,DepreciationDepletionAndAmortization,USD,2009-01-01,2009-09-30,239202000,2009.0,Q3,10-Q,2009-10-30,0001104659-09-061539
us-gaap,DepreciationDepletionAndAmortization,USD,2009-01-01,2009-09-30,239202000,2010.0,Q3,10-Q,2010-11-05,0001104659-10-056419
us-gaap,DepreciationDepletionAndAmortization,USD,2009-07-01,2009-09-30,82266000,2009.0,Q3,10-Q,2009-10-30,0001104659-09-061539
us-gaap,DepreciationDepletionAndAmortization,USD,2009-07-01,2009-09-30,82266000,2010.0,Q3,10-Q,2010-11-05,0001104659-10-056419
us-gaap,DepreciationDepletionAndAmortization,USD,2009-01-01,2009-12-31,322590000,2009.0,FY,10-K,2010-02-26,0001104659-10-010334
us-gaap,DepreciationDepletionAndAmortization,USD,2009-01-01,2009-12-31,322590000,2010.0,FY,10-K,2011-03-01,0001104659-11-011083
us-gaap,DepreciationDepletionAndAmortization,USD,2009-01-01,2009-12-31,273558000,2011.0,FY,10-K,2012-02-27,0001104659-12-013068
us-gaap,DepreciationDepletionAndAmortization,USD,2010-01-01,2010-03-31,81253000,2010.0,Q1,10-Q,2010-05-04,0001104659-10-024965
us-gaap,DepreciationDepletionAndAmortization,USD,2010-01-01,2010-03-31,69468000,2011.0,Q1,10-Q,2011-05-06,0001104659-11-026837
us-gaap,DepreciationDepletionAndAmortization,USD,2010-01-01,2010-06-30,159743000,2010.0,Q2,10-Q,2010-08-03,0001104659-10-041413
us-gaap,DepreciationDepletionAndAmortization,USD,2010-01-01,2010-06-30,138772000,2011.0,Q2,10-Q,2011-08-08,0001104659-11-044725
us-gaap,DepreciationDepletionAndAmortization,USD,2010-04-01,2010-06-30,78490000,2010.0,Q2,10-Q,2010-08-03,0001104659-10-041413
us-gaap,DepreciationDepletionAndAmortization,USD,2010-04-01,2010-06-30,69304000,2011.0,Q2,10-Q,2011-08-08,0001104659-11-044725
us-gaap,DepreciationDepletionAndAmortization,USD,2010-01-01,2010-09-30,242074000,2010.0,Q3,10-Q,2010-11-05,0001104659-10-056419
us-gaap,DepreciationDepletionAndAmortization,USD,2010-01-01,2010-09-30,210916000,2011.0,Q3,10-Q,2011-11-09,0001104659-11-062516
us-gaap,DepreciationDepletionAndAmortization,USD,2010-07-01,2010-09-30,82330000,2010.0,Q3,10-Q,2010-11-05,0001104659-10-056419
us-gaap,DepreciationDepletionAndAmortization,USD,2010-07-01,2010-09-30,72144000,2011.0,Q3,10-Q,2011-11-09,0001104659-11-062516
us-gaap,DepreciationDepletionAndAmortization,USD,2010-01-01,2010-12-31,323240000,2010.0,FY,10-K,2011-03-01,0001104659-11-011083
us-gaap,DepreciationDepletionAndAmortization,USD,2010-01-01,2010-12-31,281697000,2011.0,FY,10-K,2012-02-27,0001104659-12-013068
us-gaap,DepreciationDepletionAndAmortization,USD,2010-01-01,2010-12-31,281697000,2012.0,FY,10-K,2013-02-28,0001104659-13-015720
us-gaap,DepreciationDepletionAndAmortization,USD,2011-01-01,2011-03-31,70644000,2011.0,Q1,10-Q,2011-05-06,0001104659-11-026837
us-gaap,DepreciationDepletionAndAmortization,USD,2011-01-01,2011-03-31,70644000,2012.0,Q1,10-Q,2012-05-02,0001104659-12-032009
us-gaap,DepreciationDepletionAndAmortization,USD,2011-01-01,2011-06-30,143542000,2011.0,Q2,10-Q,2011-08-08,0001104659-11-044725
us-gaap,DepreciationDepletionAndAmortization,USD,2011-01-01,2011-06-30,143542000,2012.0,Q2,10-Q,2012-08-03,0001104659-12-054018
us-gaap,DepreciationDepletionAndAmortization,USD,2011-04-01,2011-06-30,72898000,2011.0,Q2,10-Q,2011-08-08,0001104659-11-044725
us-gaap,DepreciationDepletionAndAmortization,USD,2011-04-01,2011-06-30,72898000,2012.0,Q2,10-Q,2012-08-03,0001104659-12-054018
us-gaap,DepreciationDepletionAndAmortization,USD,2011-01-01,2011-09-30,216048000,2011.0,Q3,10-Q,2011-11-09,0001104659-11-062516
us-gaap,DepreciationDepletionAndAmortization,USD,2011-01-01,2011-09-30,216048000,2012.0,Q3,10-Q,2012-10-25,0001104659-12-071128
us-gaap,DepreciationDepletionAndAmortization,USD,2011-07-01,2011-09-30,72506000,2011.0,Q3,10-Q,2011-11-09,0001104659-11-062516
us-gaap,DepreciationDepletionAndAmortization,USD,2011-07-01,2011-09-30,72506000,2012.0,Q3,10-Q,2012-10-25,0001104659-12-071128
us-gaap,DepreciationDepletionAndAmortization,USD,2011-01-01,2011-12-31,288138000,2011.0,FY,10-K,2012-02-27,0001104659-12-013068
us-gaap,DepreciationDepletionAndAmortization,USD,2011-01-01,2011-12-31,288138000,2012.0,FY,10-K,2013-02-28,0001104659-13-015720
us-gaap,DepreciationDepletionAndAmortization,USD,2011-01-01,2011-12-31,288138000,2013.0,FY,10-K,2014-02-27,0001104659-14-014124
us-gaap,DepreciationDepletionAndAmortization,USD,2012-01-01,2012-03-31,76944000,2012.0,Q1,10-Q,2012-05-02,0001104659-12-032009
us-gaap,DepreciationDepletionAndAmortization,USD,2012-01-01,2012-03-31,76944000,2013.0,Q1,10-Q,2013-04-30,0001104659-13-035267
us-gaap,DepreciationDepletionAndAmortization,USD,2012-01-01,2012-06-30,155372000,2012.0,Q2,10-Q,2012-08-03,0001104659-12-054018
us-gaap,DepreciationDepletionAndAmortization,USD,2012-01-01,2012-06-30,155372000,2013.0,Q2,10-Q,2013-08-05,0001104659-13-059871
us-gaap,DepreciationDepletionAndAmortization,USD,2012-04-01,2012-06-30,78428000,2012.0,Q2,10-Q,2012-08-03,0001104659-12-054018
us-gaap,DepreciationDepletionAndAmortization,USD,2012-04-01,2012-06-30,78428000,2013.0,Q2,10-Q,2013-08-05,0001104659-13-059871
us-gaap,DepreciationDepletionAndAmortization,USD,2012-01-01,2012-09-30,236655000,2012.0,Q3,10-Q,2012-10-25,0001104659-12-071128
us-gaap,DepreciationDepletionAndAmortization,USD,2012-01-01,2012-09-30,236655000,2013.0,Q3,10-Q,2013-10-30,0001104659-13-079258
us-gaap,DepreciationDepletionAndAmortization,USD,2012-07-01,2012-09-30,81283000,2012.0,Q3,10-Q,2012-10-25,0001104659-12-071128
us-gaap,DepreciationDepletionAndAmortization,USD,2012-07-01,2012-09-30,81283000,2013.0,Q3,10-Q,2013-10-30,0001104659-13-079258
us-gaap,DepreciationDepletionAndAmortization,USD,2012-01-01,2012-12-31,325743000,2012.0,FY,10-K,2013-02-28,0001104659-13-015720
us-gaap,DepreciationDepletionAndAmortization,USD,2012-01-01,2012-12-31,325743000,2013.0,FY,10-K,2014-02-27,0001104659-14-014124
us-gaap,DepreciationDepletionAndAmortization,USD,2012-01-01,2012-12-31,325743000,2014.0,FY,10-K,2015-03-02,0001104659-15-015406
us-gaap,DepreciationDepletionAndAmortization,USD,2013-01-01,2013-03-31,90572000,2013.0,Q1,10-Q,2013-04-30,0001104659-13-035267
us-gaap,DepreciationDepletionAndAmortization,USD,2013-01-01,2013-03-31,90572000,2014.0,Q1,10-Q,2014-05-06,0001104659-14-035021
us-gaap,DepreciationDepletionAndAmortization,USD,2013-01-01,2013-06-30,184088000,2013.0,Q2,10-Q,2013-08-05,0001104659-13-059871
us-gaap,DepreciationDepletionAndAmortization,USD,2013-01-01,2013-06-30,184088000,2014.0,Q2,10-Q,2014-08-05,0001104659-14-057009
us-gaap,DepreciationDepletionAndAmortization,USD,2013-04-01,2013-06-30,93516000,2013.0,Q2,10-Q,2013-08-05,0001104659-13-059871
us-gaap,DepreciationDepletionAndAmortization,USD,2013-04-01,2013-06-30,93516000,2014.0,Q2,10-Q,2014-08-05,0001104659-14-057009
us-gaap,DepreciationDepletionAndAmortization,USD,2013-01-01,2013-09-30,285577000,2013.0,Q3,10-Q,2013-10-30,0001104659-13-079258
us-gaap,DepreciationDepletionAndAmortization,USD,2013-01-01,2013-09-30,285577000,2014.0,Q3,10-Q,2014-10-31,0001104659-14-075626
us-gaap,DepreciationDepletionAndAmortization,USD,2013-07-01,2013-09-30,101489000,2013.0,Q3,10-Q,2013-10-30,0001104659-13-079258
us-gaap,DepreciationDepletionAndAmortization,USD,2013-07-01,2013-09-30,101489000,2014.0,Q3,10-Q,2014-10-31,0001104659-14-075626
us-gaap,DepreciationDepletionAndAmortization,USD,2013-01-01,2013-12-31,395970000,2013.0,FY,10-K,2014-02-27,0001104659-14-014124
us-gaap,DepreciationDepletionAndAmortization,USD,2013-01-01,2013-12-31,395970000,2014.0,FY,10-K,2015-03-02,0001104659-15-015406
us-gaap,DepreciationDepletionAndAmortization,USD,2013-01-01,2013-12-31,396000000,2015.0,FY,10-K,2016-02-26,0001104659-16-100568
us-gaap,DepreciationDepletionAndAmortization,USD,2014-01-01,2014-03-31,110453000,2014.0,Q1,10-Q,2014-05-06,0001104659-14-035021
us-gaap,DepreciationDepletionAndAmortization,USD,2014-01-01,2014-03-31,110453000,2015.0,Q1,10-Q,2015-04-30,0001104659-15-032631
us-gaap,DepreciationDepletionAndAmortization,USD,2014-01-01,2014-06-30,226544000,2014.0,Q2,10-Q,2014-08-05,0001104659-14-057009
us-gaap,DepreciationDepletionAndAmortization,USD,2014-01-01,2014-06-30,226544000,2015.0,Q2,10-Q,2015-07-31,0001104659-15-054941
us-gaap,DepreciationDepletionAndAmortization,USD,2014-04-01,2014-06-30,116091000,2014.0,Q2,10-Q,2014-08-05,0001104659-14-057009
us-gaap,DepreciationDepletionAndAmortization,USD,2014-04-01,2014-06-30,116091000,2015.0,Q2,10-Q,2015-07-31,0001104659-15-054941
us-gaap,DepreciationDepletionAndAmortization,USD,2014-01-01,2014-09-30,340467000,2014.0,Q3,10-Q,2014-10-31,0001104659-14-075626
us-gaap,DepreciationDepletionAndAmortization,USD,2014-01-01,2014-09-30,340467000,2015.0,Q3,10-Q,2015-10-30,0001104659-15-074538
us-gaap,DepreciationDepletionAndAmortization,USD,2014-07-01,2014-09-30,113923000,2014.0,Q3,10-Q,2014-10-31,0001104659-14-075626
us-gaap,DepreciationDepletionAndAmortization,USD,2014-07-01,2014-09-30,113923000,2015.0,Q3,10-Q,2015-10-30,0001104659-15-074538
us-gaap,DepreciationDepletionAndAmortization,USD,2014-01-01,2014-12-31,444971000,2014.0,FY,10-K,2015-03-02,0001104659-15-015406
us-gaap,DepreciationDepletionAndAmortization,USD,2014-01-01,2014-12-31,445000000,2015.0,FY,10-K,2016-02-26,0001104659-16-100568
us-gaap,DepreciationDepletionAndAmortization,USD,2014-01-01,2014-12-31,445000000,2016.0,FY,10-K,2017-03-01,0001047469-17-001143
us-gaap,DepreciationDepletionAndAmortization,USD,2015-01-01,2015-03-31,116963000,2015.0,Q1,10-Q,2015-04-30,0001104659-15-032631
us-gaap,DepreciationDepletionAndAmortization,USD,2015-01-01,2015-03-31,117000000,2016.0,Q1,10-Q,2016-05-02,0001104659-16-116655
us-gaap,DepreciationDepletionAndAmortization,USD,2015-01-01,2015-06-30,242265000,2015.0,Q2,10-Q,2015-07-31,0001104659-15-054941
us-gaap,DepreciationDepletionAndAmortization,USD,2015-01-01,2015-06-30,242300000,2016.0,Q2,10-Q,2016-08-01,0001104659-16-135779
us-gaap,DepreciationDepletionAndAmortization,USD,2015-04-01,2015-06-30,125302000,2015.0,Q2,10-Q,2015-07-31,0001104659-15-054941
us-gaap,DepreciationDepletionAndAmortization,USD,2015-04-01,2015-06-30,125300000,2016.0,Q2,10-Q,2016-08-01,0001104659-16-135779
us-gaap,DepreciationDepletionAndAmortization,USD,2015-01-01,2015-09-30,373841000,2015.0,Q3,10-Q,2015-10-30,0001104659-15-074538
us-gaap,DepreciationDepletionAndAmortization,USD,2015-01-01,2015-09-30,373800000,2016.0,Q3,10-Q,2016-11-08,0001104659-16-155547
us-gaap,DepreciationDepletionAndAmortization,USD,2015-07-01,2015-09-30,131576000,2015.0,Q3,10-Q,2015-10-30,0001104659-15-074538
us-gaap,DepreciationDepletionAndAmortization,USD,2015-07-01,2015-09-30,131600000,2016.0,Q3,10-Q,2016-11-08,0001104659-16-155547
us-gaap,DepreciationDepletionAndAmortization,USD,2015-01-01,2015-12-31,510700000,2015.0,FY,10-K,2016-02-26,0001104659-16-100568
us-gaap,DepreciationDepletionAndAmortization,USD,2015-01-01,2015-12-31,510700000,2016.0,FY,10-K,2017-03-01,0001047469-17-001143
us-gaap,DepreciationDepletionAndAmortization,USD,2015-01-01,2015-12-31,510700000,2017.0,FY,10-K,2018-03-01,0001047469-18-001211
us-gaap,DepreciationDepletionAndAmortization,USD,2016-01-01,2016-03-31,135300000,2016.0,Q1,10-Q,2016-05-02,0001104659-16-116655
us-gaap,DepreciationDepletionAndAmortization,USD,2016-01-01,2016-03-31,135300000,2017.0,Q1,10-Q,2017-05-08,0001104659-17-030725
us-gaap,DepreciationDepletionAndAmortization,USD,2016-01-01,2016-06-30,299800000,2016.0,Q2,10-Q,2016-08-01,0001104659-16-135779
us-gaap,DepreciationDepletionAndAmortization,USD,2016-01-01,2016-06-30,299800000,2017.0,Q2,10-Q,2017-08-02,0001104659-17-048968
us-gaap,DepreciationDepletionAndAmortization,USD,2016-04-01,2016-06-30,164500000,2016.0,Q2,10-Q,2016-08-01,0001104659-16-135779
us-gaap,DepreciationDepletionAndAmortization,USD,2016-04-01,2016-06-30,164500000,2017.0,Q2,10-Q,2017-08-02,0001104659-17-048968
us-gaap,DepreciationDepletionAndAmortization,USD,2016-01-01,2016-09-30,474300000,2016.0,Q3,10-Q,2016-11-08,0001104659-16-155547
us-gaap,DepreciationDepletionAndAmortization,USD,2016-01-01,2016-09-30,474300000,2017.0,Q3,10-Q,2017-11-06,0001104659-17-066129
us-gaap,DepreciationDepletionAndAmortization,USD,2016-07-01,2016-09-30,174500000,2016.0,Q3,10-Q,2016-11-08,0001104659-16-155547
us-gaap,DepreciationDepletionAndAmortization,USD,2016-07-01,2016-09-30,174500000,2017.0,Q3,10-Q,2017-11-06,0001104659-17-066129
us-gaap,DepreciationDepletionAndAmortization,USD,2016-01-01,2016-12-31,647100000,2016.0,FY,10-K,2017-03-01,0001047469-17-001143
us-gaap,DepreciationDepletionAndAmortization,USD,2016-01-01,2016-12-31,647100000,2017.0,FY,10-K,2018-03-01,0001047469-18-001211
us-gaap,DepreciationDepletionAndAmortization,USD,2016-01-01,2016-12-31,647100000,2018.0,FY,10-K,2019-03-01,0001047469-19-000845
us-gaap,DepreciationDepletionAndAmortization,USD,2017-01-01,2017-03-31,153400000,2017.0,Q1,10-Q,2017-05-08,0001104659-17-030725
us-gaap,DepreciationDepletionAndAmortization,USD,2017-01-01,2017-03-31,153400000,2018.0,Q1,10-Q,2018-05-02,0001104659-18-029826
us-gaap,DepreciationDepletionAndAmortization,USD,2017-01-01,2017-06-30,324600000,2017.0,Q2,10-Q,2017-08-02,0001104659-17-048968
us-gaap,DepreciationDepletionAndAmortization,USD,2017-01-01,2017-06-30,324600000,2018.0,Q2,10-Q,2018-07-30,0001104659-18-048110
us-gaap,DepreciationDepletionAndAmortization,USD,2017-04-01,2017-06-30,171200000,2017.0,Q2,10-Q,2017-08-02,0001104659-17-048968
us-gaap,DepreciationDepletionAndAmortization,USD,2017-04-01,2017-06-30,171200000,2018.0,Q2,10-Q,2018-07-30,0001104659-18-048110
us-gaap,DepreciationDepletionAndAmortization,USD,2017-01-01,2017-09-30,493800000,2017.0,Q3,10-Q,2017-11-06,0001104659-17-066129
us-gaap,DepreciationDepletionAndAmortization,USD,2017-01-01,2017-09-30,493800000,2018.0,Q3,10-Q,2018-10-31,0001104659-18-065091
us-gaap,DepreciationDepletionAndAmortization,USD,2017-07-01,2017-09-30,169300000,2017.0,Q3,10-Q,2017-11-06,0001104659-17-066129
us-gaap,DepreciationDepletionAndAmortization,USD,2017-07-01,2017-09-30,169300000,2018.0,Q3,10-Q,2018-10-31,0001104659-18-065091
us-gaap,DepreciationDepletionAndAmortization,USD,2017-01-01,2017-12-31,671100000,2017.0,FY,10-K,2018-03-01,0001047469-18-001211
us-gaap,DepreciationDepletionAndAmortization,USD,2017-01-01,2017-12-31,671100000,2018.0,FY,10-K,2019-03-01,0001047469-19-000845
us-gaap,DepreciationDepletionAndAmortization,USD,2017-01-01,2017-12-31,671100000,2019.0,FY,10-K,2020-02-28,0001558370-20-001781
us-gaap,DepreciationDepletionAndAmortization,USD,2018-01-01,2018-03-31,162000000,2018.0,Q1,10-Q,2018-05-02,0001104659-18-029826
us-gaap,DepreciationDepletionAndAmortization,USD,2018-01-01,2018-03-31,162000000,2019.0,Q1,10-Q,2019-04-29,0001104659-19-024559
us-gaap,DepreciationDepletionAndAmortization,USD,2018-01-01,2018-06-30,324600000,2018.0,Q2,10-Q,2018-07-30,0001104659-18-048110
us-gaap,DepreciationDepletionAndAmortization,USD,2018-01-01,2018-06-30,324600000,2019.0,Q2,10-Q,2019-07-26,0001558370-19-006372
us-gaap,DepreciationDepletionAndAmortization,USD,2018-04-01,2018-06-30,162600000,2018.0,Q2,10-Q,2018-07-30,0001104659-18-048110
us-gaap,DepreciationDepletionAndAmortization,USD,2018-04-01,2018-06-30,162600000,2019.0,Q2,10-Q,2019-07-26,0001558370-19-006372
us-gaap,DepreciationDepletionAndAmortization,USD,2018-01-01,2018-09-30,495200000,2018.0,Q3,10-Q,2018-10-31,0001104659-18-065091
us-gaap,DepreciationDepletionAndAmortization,USD,2018-01-01,2018-09-30,495200000,2019.0,Q3,10-Q,2019-10-28,0001558370-19-009220
us-gaap,DepreciationDepletionAndAmortization,USD,2018-07-01,2018-09-30,170600000,2018.0,Q3,10-Q,2018-10-31,0001104659-18-065091
us-gaap,DepreciationDepletionAndAmortization,USD,2018-07-01,2018-09-30,170600000,2019.0,Q3,10-Q,2019-10-28,0001558370-19-009220
us-gaap,DepreciationDepletionAndAmortization,USD,2018-01-01,2018-12-31,674300000,2018.0,FY,10-K,2019-03-01,0001047469-19-000845
us-gaap,DepreciationDepletionAndAmortization,USD,2018-01-01,2018-12-31,674300000,2019.0,FY,10-K,2020-02-28,0001558370-20-001781
us-gaap,DepreciationDepletionAndAmortization,USD,2018-01-01,2018-12-31,674300000,2020.0,FY,10-K,2021-02-26,0001558370-21-001894
us-gaap,DepreciationDepletionAndAmortization,USD,2019-01-01,2019-03-31,181600000,2019.0,Q1,10-Q,2019-04-29,0001104659-19-024559
us-gaap,DepreciationDepletionAndAmortization,USD,2019-01-01,2019-03-31,181600000,2020.0,Q1,10-Q,2020-05-04,0001558370-20-005051
us-gaap,DepreciationDepletionAndAmortization,USD,2019-01-01,2019-06-30,380400000,2019.0,Q2,10-Q,2019-07-26,0001558370-19-006372
us-gaap,DepreciationDepletionAndAmortization,USD,2019-01-01,2019-06-30,380400000,2020.0,Q2,10-Q,2020-07-30,0001558370-20-008790
us-gaap,DepreciationDepletionAndAmortization,USD,2019-04-01,2019-06-30,198800000,2019.0,Q2,10-Q,2019-07-26,0001558370-19-006372
us-gaap,DepreciationDepletionAndAmortization,USD,2019-04-01,2019-06-30,198800000,2020.0,Q2,10-Q,2020-07-30,0001558370-20-008790
us-gaap,DepreciationDepletionAndAmortization,USD,2019-01-01,2019-09-30,580600000,2019.0,Q3,10-Q,2019-10-28,0001558370-19-009220
us-gaap,DepreciationDepletionAndAmortization,USD,2019-01-01,2019-09-30,580600000,2020.0,Q3,10-Q,2020-10-28,0001558370-20-011919
us-gaap,DepreciationDepletionAndAmortization,USD,2019-07-01,2019-09-30,200300000,2019.0,Q3,10-Q,2019-10-28,0001558370-19-009220
us-gaap,DepreciationDepletionAndAmortization,USD,2019-07-01,2019-09-30,200300000,2020.0,Q3,10-Q,2020-10-28,0001558370-20-011919
us-gaap,DepreciationDepletionAndAmortization,USD,2019-01-01,2019-12-31,764400000,2019.0,FY,10-K,2020-02-28,0001558370-20-001781
us-gaap,DepreciationDepletionAndAmortization,USD,2019-01-01,2019-12-31,764400000,2020.0,FY,10-K,2021-02-26,0001558370-21-001894
us-gaap,DepreciationDepletionAndAmortization,USD,2019-01-01,2019-12-31,764400000,2021.0,FY,10-K,2022-03-07,0001558370-22-002968
us-gaap,DepreciationDepletionAndAmortization,USD,2020-01-01,2020-03-31,192900000,2020.0,Q1,10-Q,2020-05-04,0001558370-20-005051
us-gaap,DepreciationDepletionAndAmortization,USD,2020-01-01,2020-03-31,192900000,2021.0,Q1,10-Q,2021-04-30,0001558370-21-005441
us-gaap,DepreciationDepletionAndAmortization,USD,2020-01-01,2020-06-30,386800000,2020.0,Q2,10-Q,2020-07-30,0001558370-20-008790
us-gaap,DepreciationDepletionAndAmortization,USD,2020-01-01,2020-06-30,386800000,2021.0,Q2,10-Q,2021-07-27,0001558370-21-009358
us-gaap,DepreciationDepletionAndAmortization,USD,2020-04-01,2020-06-30,193800000,2020.0,Q2,10-Q,2020-07-30,0001558370-20-008790
us-gaap,DepreciationDepletionAndAmortization,USD,2020-04-01,2020-06-30,193800000,2021.0,Q2,10-Q,2021-07-27,0001558370-21-009358
us-gaap,DepreciationDepletionAndAmortization,USD,2020-01-01,2020-09-30,582800000,2020.0,Q3,10-Q,2020-10-28,0001558370-20-011919
us-gaap,DepreciationDepletionAndAmortization,USD,2020-01-01,2020-09-30,582800000,2021.0,Q3,10-Q,2021-11-01,0001558370-21-013931
us-gaap,DepreciationDepletionAndAmortization,USD,2020-07-01,2020-09-30,196000000,2020.0,Q3,10-Q,2020-10-28,0001558370-20-011919
us-gaap,DepreciationDepletionAndAmortization,USD,2020-07-01,2020-09-30,196000000,2021.0,Q3,10-Q,2021-11-01,0001558370-21-013931
us-gaap,DepreciationDepletionAndAmortization,USD,2020-01-01,2020-12-31,775600000,2020.0,FY,10-K,2021-02-26,0001558370-21-001894
us-gaap,DepreciationDepletionAndAmortization,USD,2020-01-01,2020-12-31,775600000,2021.0,FY,10-K,2022-03-07,0001558370-22-002968
us-gaap,DepreciationDepletionAndAmortization,USD,2020-01-01,2020-12-31,775600000,2022.0,FY,10-K,2023-02-28,0001558370-23-002328
us-gaap,DepreciationDepletionAndAmortization,USD,2021-01-01,2021-03-31,200600000,2021.0,Q1,10-Q,2021-04-30,0001558370-21-005441
us-gaap,DepreciationDepletionAndAmortization,USD,2021-01-01,2021-03-31,200600000,2022.0,Q1,10-Q,2022-05-05,0001558370-22-007434
us-gaap,DepreciationDepletionAndAmortization,USD,2021-01-01,2021-06-30,396000000,2021.0,Q2,10-Q,2021-07-27,0001558370-21-009358
us-gaap,DepreciationDepletionAndAmortization,USD,2021-01-01,2021-06-30,396000000,2022.0,Q2,10-Q,2022-07-27,0001558370-22-011154
us-gaap,DepreciationDepletionAndAmortization,USD,2021-04-01,2021-06-30,195400000,2021.0,Q2,10-Q,2021-07-27,0001558370-21-009358
us-gaap,DepreciationDepletionAndAmortization,USD,2021-04-01,2021-06-30,195400000,2022.0,Q2,10-Q,2022-07-27,0001558370-22-011154
us-gaap,DepreciationDepletionAndAmortization,USD,2021-01-01,2021-09-30,599400000,2021.0,Q3,10-Q,2021-11-01,0001558370-21-013931
us-gaap,DepreciationDepletionAndAmortization,USD,2021-01-01,2021-09-30,599400000,2022.0,Q3,10-Q,2022-10-31,0001558370-22-015661
us-gaap,DepreciationDepletionAndAmortization,USD,2021-07-01,2021-09-30,203400000,2021.0,Q3,10-Q,2021-11-01,0001558370-21-013931
us-gaap,DepreciationDepletionAndAmortization,USD,2021-07-01,2021-09-30,203400000,2022.0,Q3,10-Q,2022-10-31,0001558370-22-015661
us-gaap,DepreciationDepletionAndAmortization,USD,2021-01-01,2021-12-31,806000000,2021.0,FY,10-K,2022-03-07,0001558370-22-002968
us-gaap,DepreciationDepletionAndAmortization,USD,2021-01-01,2021-12-31,806000000,2022.0,FY,10-K,2023-02-28,0001558370-23-002328
us-gaap,DepreciationDepletionAndAmortization,USD,2021-01-01,2021-12-31,806000000,2023.0,FY,10-K,2024-02-29,0001558370-24-002119
us-gaap,DepreciationDepletionAndAmortization,USD,2022-01-01,2022-03-31,196600000,2022.0,Q1,10-Q,2022-05-05,0001558370-22-007434
us-gaap,DepreciationDepletionAndAmortization,USD,2022-01-01,2022-03-31,196600000,2023.0,Q1,10-Q,2023-05-02,0001558370-23-007689
us-gaap,DepreciationDepletionAndAmortization,USD,2022-01-01,2022-06-30,405600000,2022.0,Q2,10-Q,2022-07-27,0001558370-22-011154
us-gaap,DepreciationDepletionAndAmortization,USD,2022-01-01,2022-06-30,405600000,2023.0,Q2,10-Q,2023-08-01,0001558370-23-012746
us-gaap,DepreciationDepletionAndAmortization,USD,2022-04-01,2022-06-30,209000000,2022.0,Q2,10-Q,2022-07-27,0001558370-22-011154
us-gaap,DepreciationDepletionAndAmortization,USD,2022-04-01,2022-06-30,209000000,2023.0,Q2,10-Q,2023-08-01,0001558370-23-012746
us-gaap,DepreciationDepletionAndAmortization,USD,2022-01-01,2022-09-30,597600000,2022.0,Q3,10-Q,2022-10-31,0001558370-22-015661
us-gaap,DepreciationDepletionAndAmortization,USD,2022-01-01,2022-09-30,597600000,2023.0,Q3,10-Q,2023-11-01,0001558370-23-017203
us-gaap,DepreciationDepletionAndAmortization,USD,2022-07-01,2022-09-30,192000000,2022.0,Q3,10-Q,2022-10-31,0001558370-22-015661
us-gaap,DepreciationDepletionAndAmortization,USD,2022-07-01,2022-09-30,192000000,2023.0,Q3,10-Q,2023-11-01,0001558370-23-017203
us-gaap,DepreciationDepletionAndAmortization,USD,2022-01-01,2022-12-31,796300000,2022.0,FY,10-K,2023-02-28,0001558370-23-002328
us-gaap,DepreciationDepletionAndAmortization,USD,2022-01-01,2022-12-31,796300000,2023.0,FY,10-K,2024-02-29,0001558370-24-002119
us-gaap,DepreciationDepletionAndAmortization,USD,2022-01-01,2022-12-31,796300000,2024.0,FY,10-K,2025-03-03,0001558370-25-002017
us-gaap,DepreciationDepletionAndAmortization,USD,2023-01-01,2023-03-31,203700000,2023.0,Q1,10-Q,2023-05-02,0001558370-23-007689
us-gaap,DepreciationDepletionAndAmortization,USD,2023-01-01,2023-03-31,203700000,2024.0,Q1,10-Q,2024-04-30,0001558370-24-006251
us-gaap,DepreciationDepletionAndAmortization,USD,2023-01-01,2023-06-30,412900000,2023.0,Q2,10-Q,2023-08-01,0001558370-23-012746
us-gaap,DepreciationDepletionAndAmortization,USD,2023-01-01,2023-06-30,412900000,2024.0,Q2,10-Q,2024-08-02,0001558370-24-010710
us-gaap,DepreciationDepletionAndAmortization,USD,2023-04-01,2023-06-30,209200000,2023.0,Q2,10-Q,2023-08-01,0001558370-23-012746
us-gaap,DepreciationDepletionAndAmortization,USD,2023-04-01,2023-06-30,209200000,2024.0,Q2,10-Q,2024-08-02,0001558370-24-010710
us-gaap,DepreciationDepletionAndAmortization,USD,2023-01-01,2023-09-30,625400000,2023.0,Q3,10-Q,2023-11-01,0001558370-23-017203
us-gaap,DepreciationDepletionAndAmortization,USD,2023-01-01,2023-09-30,625400000,2024.0,Q3,10-Q,2024-10-31,0001558370-24-014045
us-gaap,DepreciationDepletionAndAmortization,USD,2023-07-01,2023-09-30,212500000,2023.0,Q3,10-Q,2023-11-01,0001558370-23-017203
us-gaap,DepreciationDepletionAndAmortization,USD,2023-07-01,2023-09-30,212500000,2024.0,Q3,10-Q,2024-10-31,0001558370-24-014045
us-gaap,DepreciationDepletionAndAmortization,USD,2023-01-01,2023-12-31,833600000,2023.0,FY,10-K,2024-02-29,0001558370-24-002119
us-gaap,DepreciationDepletionAndAmortization,USD,2023-01-01,2023-12-31,833600000,2024.0,FY,10-K,2025-03-03,0001558370-25-002017
us-gaap,DepreciationDepletionAndAmortization,USD,2023-01-01,2023-12-31,833600000,2025.0,FY,10-K,2026-02-27,0001104659-26-021492
us-gaap,DepreciationDepletionAndAmortization,USD,2024-01-01,2024-03-31,209000000,2024.0,Q1,10-Q,2024-04-30,0001558370-24-006251
us-gaap,DepreciationDepletionAndAmortization,USD,2024-01-01,2024-03-31,209000000,2025.0,Q1,10-Q,2025-04-30,0001558370-25-005975
us-gaap,DepreciationDepletionAndAmortization,USD,2024-01-01,2024-06-30,418600000,2024.0,Q2,10-Q,2024-08-02,0001558370-24-010710
us-gaap,DepreciationDepletionAndAmortization,USD,2024-01-01,2024-06-30,418600000,2025.0,Q2,10-Q,2025-07-31,0001558370-25-009879
us-gaap,DepreciationDepletionAndAmortization,USD,2024-04-01,2024-06-30,209600000,2024.0,Q2,10-Q,2024-08-02,0001558370-24-010710
us-gaap,DepreciationDepletionAndAmortization,USD,2024-04-01,2024-06-30,209600000,2025.0,Q2,10-Q,2025-07-31,0001558370-25-009879
us-gaap,DepreciationDepletionAndAmortization,USD,2024-01-01,2024-09-30,631700000,2024.0,Q3,10-Q,2024-10-31,0001558370-24-014045
us-gaap,DepreciationDepletionAndAmortization,USD,2024-01-01,2024-09-30,631700000,2025.0,Q3,10-Q,2025-10-31,0001104659-25-104914
us-gaap,DepreciationDepletionAndAmortization,USD,2024-07-01,2024-09-30,213100000,2024.0,Q3,10-Q,2024-10-31,0001558370-24-014045
us-gaap,DepreciationDepletionAndAmortization,USD,2024-07-01,2024-09-30,213100000,2025.0,Q3,10-Q,2025-10-31,0001104659-25-104914
us-gaap,DepreciationDepletionAndAmortization,USD,2024-01-01,2024-12-31,845900000,2024.0,FY,10-K,2025-03-03,0001558370-25-002017
us-gaap,DepreciationDepletionAndAmortization,USD,2024-01-01,2024-12-31,845900000,2025.0,FY,10-K,2026-02-27,0001104659-26-021492
us-gaap,DepreciationDepletionAndAmortization,USD,2025-01-01,2025-03-31,223800000,2025.0,Q1,10-Q,2025-04-30,0001558370-25-005975
us-gaap,DepreciationDepletionAndAmortization,USD,2025-01-01,2025-03-31,223800000,2026.0,Q1,10-Q,2026-04-30,0001104659-26-052647
us-gaap,DepreciationDepletionAndAmortization,USD,2025-01-01,2025-06-30,430000000,2025.0,Q2,10-Q,2025-07-31,0001558370-25-009879
us-gaap,DepreciationDepletionAndAmortization,USD,2025-01-01,2025-06-30,430000000,2026.0,Q2,10-Q,2026-07-31,0001104659-26-089169
us-gaap,DepreciationDepletionAndAmortization,USD,2025-04-01,2025-06-30,206200000,2025.0,Q2,10-Q,2025-07-31,0001558370-25-009879
us-gaap,DepreciationDepletionAndAmortization,USD,2025-04-01,2025-06-30,206200000,2026.0,Q2,10-Q,2026-07-31,0001104659-26-089169
us-gaap,DepreciationDepletionAndAmortization,USD,2025-01-01,2025-09-30,637700000,2025.0,Q3,10-Q,2025-10-31,0001104659-25-104914
us-gaap,DepreciationDepletionAndAmortization,USD,2025-07-01,2025-09-30,207800000,2025.0,Q3,10-Q,2025-10-31,0001104659-25-104914
us-gaap,DepreciationDepletionAndAmortization,USD,2025-01-01,2025-12-31,868400000,2025.0,FY,10-K,2026-02-27,0001104659-26-021492
us-gaap,DepreciationDepletionAndAmortization,USD,2026-01-01,2026-03-31,225700000,2026.0,Q1,10-Q,2026-04-30,0001104659-26-052647
us-gaap,DepreciationDepletionAndAmortization,USD,2026-01-01,2026-06-30,451700000,2026.0,Q2,10-Q,2026-07-31,0001104659-26-089169
us-gaap,DepreciationDepletionAndAmortization,USD,2026-04-01,2026-06-30,226000000,2026.0,Q2,10-Q,2026-07-31,0001104659-26-089169
us-gaap,StockholdersEquity,USD,,2008-12-31,3381259000,2009.0,Q2,10-Q,2009-08-03,0001104659-09-046536
us-gaap,StockholdersEquity,USD,,2008-12-31,3381259000,2009.0,Q3,10-Q,2009-10-30,0001104659-09-061539
us-gaap,StockholdersEquity,USD,,2008-12-31,3381259000,2009.0,FY,10-K,2010-02-26,0001104659-10-010334
us-gaap,StockholdersEquity,USD,,2009-06-30,3426908000,2009.0,Q2,10-Q,2009-08-03,0001104659-09-046536
us-gaap,StockholdersEquity,USD,,2009-09-30,3654816000,2009.0,Q3,10-Q,2009-10-30,0001104659-09-061539
us-gaap,StockholdersEquity,USD,,2009-12-31,3875628000,2009.0,FY,10-K,2010-02-26,0001104659-10-010334
us-gaap,StockholdersEquity,USD,,2009-12-31,3875628000,2010.0,Q1,10-Q,2010-05-04,0001104659-10-024965
us-gaap,StockholdersEquity,USD,,2009-12-31,3875628000,2010.0,Q2,10-Q,2010-08-03,0001104659-10-041413
us-gaap,StockholdersEquity,USD,,2009-12-31,3875628000,2010.0,Q3,10-Q,2010-11-05,0001104659-10-056419
us-gaap,StockholdersEquity,USD,,2009-12-31,3875628000,2010.0,FY,10-K,2011-03-01,0001104659-11-011083
us-gaap,StockholdersEquity,USD,,2010-03-31,3893906000,2010.0,Q1,10-Q,2010-05-04,0001104659-10-024965
us-gaap,StockholdersEquity,USD,,2010-06-30,3825326000,2010.0,Q2,10-Q,2010-08-03,0001104659-10-041413
us-gaap,StockholdersEquity,USD,,2010-09-30,3876527000,2010.0,Q3,10-Q,2010-11-05,0001104659-10-056419
us-gaap,StockholdersEquity,USD,,2010-12-31,3890448000,2010.0,FY,10-K,2011-03-01,0001104659-11-011083
us-gaap,StockholdersEquity,USD,,2010-12-31,3890448000,2011.0,Q1,10-Q,2011-05-06,0001104659-11-026837
us-gaap,StockholdersEquity,USD,,2010-12-31,3890448000,2011.0,Q2,10-Q,2011-08-08,0001104659-11-044725
us-gaap,StockholdersEquity,USD,,2010-12-31,3890448000,2011.0,Q3,10-Q,2011-11-09,0001104659-11-062516
us-gaap,StockholdersEquity,USD,,2010-12-31,3890448000,2011.0,FY,10-K,2012-02-27,0001104659-12-013068
us-gaap,StockholdersEquity,USD,,2011-03-31,3942211000,2011.0,Q1,10-Q,2011-05-06,0001104659-11-026837
us-gaap,StockholdersEquity,USD,,2011-06-30,4000678000,2011.0,Q2,10-Q,2011-08-08,0001104659-11-044725
us-gaap,StockholdersEquity,USD,,2011-09-30,4109306000,2011.0,Q3,10-Q,2011-11-09,0001104659-11-062516
us-gaap,StockholdersEquity,USD,,2011-12-31,4015304000,2011.0,FY,10-K,2012-02-27,0001104659-12-013068
us-gaap,StockholdersEquity,USD,,2011-12-31,4015304000,2012.0,Q1,10-Q,2012-05-02,0001104659-12-032009
us-gaap,StockholdersEquity,USD,,2011-12-31,4015304000,2012.0,Q2,10-Q,2012-08-03,0001104659-12-054018
us-gaap,StockholdersEquity,USD,,2011-12-31,4015304000,2012.0,Q3,10-Q,2012-10-25,0001104659-12-071128
us-gaap,StockholdersEquity,USD,,2011-12-31,4015304000,2012.0,FY,10-K,2013-02-28,0001104659-13-015720
us-gaap,StockholdersEquity,USD,,2012-03-31,4472142000,2012.0,Q1,10-Q,2012-05-02,0001104659-12-032009
us-gaap,StockholdersEquity,USD,,2012-06-30,4553301000,2012.0,Q2,10-Q,2012-08-03,0001104659-12-054018
us-gaap,StockholdersEquity,USD,,2012-09-30,6577143000,2012.0,Q3,10-Q,2012-10-25,0001104659-12-071128
us-gaap,StockholdersEquity,USD,,2012-12-31,4765140000,2012.0,FY,10-K,2013-02-28,0001104659-13-015720
us-gaap,StockholdersEquity,USD,,2012-12-31,4765140000,2013.0,Q1,10-Q,2013-04-30,0001104659-13-035267
us-gaap,StockholdersEquity,USD,,2012-12-31,4765140000,2013.0,Q2,10-Q,2013-08-05,0001104659-13-059871
us-gaap,StockholdersEquity,USD,,2012-12-31,4765140000,2013.0,Q3,10-Q,2013-10-30,0001104659-13-079258
us-gaap,StockholdersEquity,USD,,2012-12-31,4765140000,2013.0,FY,10-K,2014-02-27,0001104659-14-014124
us-gaap,StockholdersEquity,USD,,2013-03-31,5058262000,2013.0,Q1,10-Q,2013-04-30,0001104659-13-035267
us-gaap,StockholdersEquity,USD,,2013-06-30,5198399000,2013.0,Q2,10-Q,2013-08-05,0001104659-13-059871
us-gaap,StockholdersEquity,USD,,2013-09-30,5382826000,2013.0,Q3,10-Q,2013-10-30,0001104659-13-079258
us-gaap,StockholdersEquity,USD,,2013-12-31,5533662000,2013.0,FY,10-K,2014-02-27,0001104659-14-014124
us-gaap,StockholdersEquity,USD,,2013-12-31,5533662000,2014.0,Q1,10-Q,2014-05-06,0001104659-14-035021
us-gaap,StockholdersEquity,USD,,2013-12-31,5533662000,2014.0,Q2,10-Q,2014-08-05,0001104659-14-057009
us-gaap,StockholdersEquity,USD,,2013-12-31,5533662000,2014.0,Q3,10-Q,2014-10-31,0001104659-14-075626
us-gaap,StockholdersEquity,USD,,2013-12-31,5533662000,2014.0,FY,10-K,2015-03-02,0001104659-15-015406
us-gaap,StockholdersEquity,USD,,2014-03-31,5705059000,2014.0,Q1,10-Q,2014-05-06,0001104659-14-035021
us-gaap,StockholdersEquity,USD,,2014-06-30,5946882000,2014.0,Q2,10-Q,2014-08-05,0001104659-14-057009
us-gaap,StockholdersEquity,USD,,2014-09-30,5848851000,2014.0,Q3,10-Q,2014-10-31,0001104659-14-075626
us-gaap,StockholdersEquity,USD,,2014-12-31,5804460000,2014.0,FY,10-K,2015-03-02,0001104659-15-015406
us-gaap,StockholdersEquity,USD,,2014-12-31,5804460000,2015.0,Q1,10-Q,2015-04-30,0001104659-15-032631
us-gaap,StockholdersEquity,USD,,2014-12-31,5804460000,2015.0,Q2,10-Q,2015-07-31,0001104659-15-054941
us-gaap,StockholdersEquity,USD,,2014-12-31,5804460000,2015.0,Q3,10-Q,2015-10-30,0001104659-15-074538
us-gaap,StockholdersEquity,USD,,2014-12-31,5804500000,2015.0,FY,10-K,2016-02-26,0001104659-16-100568
us-gaap,StockholdersEquity,USD,,2015-03-31,5636432000,2015.0,Q1,10-Q,2015-04-30,0001104659-15-032631
us-gaap,StockholdersEquity,USD,,2015-06-30,5807444000,2015.0,Q2,10-Q,2015-07-31,0001104659-15-054941
us-gaap,StockholdersEquity,USD,,2015-09-30,5516894000,2015.0,Q3,10-Q,2015-10-30,0001104659-15-074538
us-gaap,StockholdersEquity,USD,,2015-12-31,5262900000,2015.0,FY,10-K,2016-02-26,0001104659-16-100568
us-gaap,StockholdersEquity,USD,,2015-12-31,5262900000,2016.0,Q1,10-Q,2016-05-02,0001104659-16-116655
us-gaap,StockholdersEquity,USD,,2015-12-31,5262900000,2016.0,Q2,10-Q,2016-08-01,0001104659-16-135779
us-gaap,StockholdersEquity,USD,,2015-12-31,5262900000,2016.0,Q3,10-Q,2016-11-08,0001104659-16-155547
us-gaap,StockholdersEquity,USD,,2015-12-31,5262900000,2016.0,FY,10-K,2017-03-01,0001047469-17-001143
us-gaap,StockholdersEquity,USD,,2016-03-31,5371300000,2016.0,Q1,10-Q,2016-05-02,0001104659-16-116655
us-gaap,StockholdersEquity,USD,,2016-06-30,5555000000,2016.0,Q2,10-Q,2016-08-01,0001104659-16-135779
us-gaap,StockholdersEquity,USD,,2016-09-30,5696300000,2016.0,Q3,10-Q,2016-11-08,0001104659-16-155547
us-gaap,StockholdersEquity,USD,,2016-12-31,5832300000,2016.0,FY,10-K,2017-03-01,0001047469-17-001143
us-gaap,StockholdersEquity,USD,,2016-12-31,5832300000,2017.0,Q1,10-Q,2017-05-08,0001104659-17-030725
us-gaap,StockholdersEquity,USD,,2016-12-31,5832300000,2017.0,Q2,10-Q,2017-08-02,0001104659-17-048968
us-gaap,StockholdersEquity,USD,,2016-12-31,5832300000,2017.0,Q3,10-Q,2017-11-06,0001104659-17-066129
us-gaap,StockholdersEquity,USD,,2016-12-31,5832300000,2017.0,FY,10-K,2018-03-01,0001047469-18-001211
us-gaap,StockholdersEquity,USD,,2017-03-31,6084700000,2017.0,Q1,10-Q,2017-05-08,0001104659-17-030725
us-gaap,StockholdersEquity,USD,,2017-06-30,6292300000,2017.0,Q2,10-Q,2017-08-02,0001104659-17-048968
us-gaap,StockholdersEquity,USD,,2017-09-30,6589500000,2017.0,Q3,10-Q,2017-11-06,0001104659-17-066129
us-gaap,StockholdersEquity,USD,,2017-12-31,6107700000,2017.0,FY,10-K,2018-03-01,0001047469-18-001211
us-gaap,StockholdersEquity,USD,,2017-12-31,6107700000,2018.0,Q1,10-Q,2018-05-02,0001104659-18-029826
us-gaap,StockholdersEquity,USD,,2017-12-31,6107700000,2018.0,Q2,10-Q,2018-07-30,0001104659-18-048110
us-gaap,StockholdersEquity,USD,,2017-12-31,6107700000,2018.0,Q3,10-Q,2018-10-31,0001104659-18-065091
us-gaap,StockholdersEquity,USD,,2017-12-31,6107700000,2018.0,FY,10-K,2019-03-01,0001047469-19-000845
us-gaap,StockholdersEquity,USD,,2018-03-31,6346800000,2018.0,Q1,10-Q,2018-05-02,0001104659-18-029826
us-gaap,StockholdersEquity,USD,,2018-06-30,6525700000,2018.0,Q2,10-Q,2018-07-30,0001104659-18-048110
us-gaap,StockholdersEquity,USD,,2018-09-30,6586100000,2018.0,Q3,10-Q,2018-10-31,0001104659-18-065091
us-gaap,StockholdersEquity,USD,,2018-12-31,6567400000,2018.0,FY,10-K,2019-03-01,0001047469-19-000845
us-gaap,StockholdersEquity,USD,,2018-12-31,6567400000,2019.0,Q1,10-Q,2019-04-29,0001104659-19-024559
us-gaap,StockholdersEquity,USD,,2018-12-31,6567400000,2019.0,Q2,10-Q,2019-07-26,0001558370-19-006372
us-gaap,StockholdersEquity,USD,,2018-12-31,6567400000,2019.0,Q3,10-Q,2019-10-28,0001558370-19-009220
us-gaap,StockholdersEquity,USD,,2018-12-31,6567400000,2019.0,FY,10-K,2020-02-28,0001558370-20-001781
us-gaap,StockholdersEquity,USD,,2019-03-31,6646500000,2019.0,Q1,10-Q,2019-04-29,0001104659-19-024559
us-gaap,StockholdersEquity,USD,,2019-06-30,6740300000,2019.0,Q2,10-Q,2019-07-26,0001558370-19-006372
us-gaap,StockholdersEquity,USD,,2019-09-30,6821300000,2019.0,Q3,10-Q,2019-10-28,0001558370-19-009220
us-gaap,StockholdersEquity,USD,,2019-12-31,6810300000,2019.0,FY,10-K,2020-02-28,0001558370-20-001781
us-gaap,StockholdersEquity,USD,,2019-12-31,6810300000,2020.0,Q1,10-Q,2020-05-04,0001558370-20-005051
us-gaap,StockholdersEquity,USD,,2019-12-31,6810300000,2020.0,Q2,10-Q,2020-07-30,0001558370-20-008790
us-gaap,StockholdersEquity,USD,,2019-12-31,6810300000,2020.0,Q3,10-Q,2020-10-28,0001558370-20-011919
us-gaap,StockholdersEquity,USD,,2019-12-31,6810300000,2020.0,FY,10-K,2021-02-26,0001558370-21-001894
us-gaap,StockholdersEquity,USD,,2020-03-31,6716200000,2020.0,Q1,10-Q,2020-05-04,0001558370-20-005051
us-gaap,StockholdersEquity,USD,,2020-06-30,6821500000,2020.0,Q2,10-Q,2020-07-30,0001558370-20-008790
us-gaap,StockholdersEquity,USD,,2020-09-30,7019200000,2020.0,Q3,10-Q,2020-10-28,0001558370-20-011919
us-gaap,StockholdersEquity,USD,,2020-12-31,7224800000,2020.0,FY,10-K,2021-02-26,0001558370-21-001894
us-gaap,StockholdersEquity,USD,,2020-12-31,7224800000,2021.0,Q1,10-Q,2021-04-30,0001558370-21-005441
us-gaap,StockholdersEquity,USD,,2020-12-31,7224800000,2021.0,Q2,10-Q,2021-07-27,0001558370-21-009358
us-gaap,StockholdersEquity,USD,,2020-12-31,7224800000,2021.0,Q3,10-Q,2021-11-01,0001558370-21-013931
us-gaap,StockholdersEquity,USD,,2020-12-31,7224800000,2021.0,FY,10-K,2022-03-07,0001558370-22-002968
us-gaap,StockholdersEquity,USD,,2021-03-31,7525100000,2021.0,Q1,10-Q,2021-04-30,0001558370-21-005441
us-gaap,StockholdersEquity,USD,,2021-06-30,7917500000,2021.0,Q2,10-Q,2021-07-27,0001558370-21-009358
us-gaap,StockholdersEquity,USD,,2021-09-30,8096000000,2021.0,Q3,10-Q,2021-11-01,0001558370-21-013931
us-gaap,StockholdersEquity,USD,,2021-12-31,8149200000,2021.0,FY,10-K,2022-03-07,0001558370-22-002968
us-gaap,StockholdersEquity,USD,,2021-12-31,8149200000,2022.0,Q1,10-Q,2022-05-05,0001558370-22-007434
us-gaap,StockholdersEquity,USD,,2021-12-31,8149200000,2022.0,Q2,10-Q,2022-07-27,0001558370-22-011154
us-gaap,StockholdersEquity,USD,,2021-12-31,8149200000,2022.0,Q3,10-Q,2022-10-31,0001558370-22-015661
us-gaap,StockholdersEquity,USD,,2021-12-31,8149200000,2022.0,FY,10-K,2023-02-28,0001558370-23-002328
us-gaap,StockholdersEquity,USD,,2022-03-31,8160700000,2022.0,Q1,10-Q,2022-05-05,0001558370-22-007434
us-gaap,StockholdersEquity,USD,,2022-06-30,7627200000,2022.0,Q2,10-Q,2022-07-27,0001558370-22-011154
us-gaap,StockholdersEquity,USD,,2022-09-30,7566800000,2022.0,Q3,10-Q,2022-10-31,0001558370-22-015661
us-gaap,StockholdersEquity,USD,,2022-12-31,8084200000,2022.0,FY,10-K,2023-02-28,0001558370-23-002328
us-gaap,StockholdersEquity,USD,,2022-12-31,8084200000,2023.0,Q1,10-Q,2023-05-02,0001558370-23-007689
us-gaap,StockholdersEquity,USD,,2022-12-31,8084200000,2023.0,Q2,10-Q,2023-08-01,0001558370-23-012746
us-gaap,StockholdersEquity,USD,,2022-12-31,8084200000,2023.0,Q3,10-Q,2023-11-01,0001558370-23-017203
us-gaap,StockholdersEquity,USD,,2022-12-31,8084200000,2023.0,FY,10-K,2024-02-29,0001558370-24-002119
us-gaap,StockholdersEquity,USD,,2023-03-31,8124800000,2023.0,Q1,10-Q,2023-05-02,0001558370-23-007689
us-gaap,StockholdersEquity,USD,,2023-06-30,7899600000,2023.0,Q2,10-Q,2023-08-01,0001558370-23-012746
us-gaap,StockholdersEquity,USD,,2023-09-30,7744800000,2023.0,Q3,10-Q,2023-11-01,0001558370-23-017203
us-gaap,StockholdersEquity,USD,,2023-12-31,7418100000,2023.0,FY,10-K,2024-02-29,0001558370-24-002119
us-gaap,StockholdersEquity,USD,,2023-12-31,7418100000,2024.0,Q1,10-Q,2024-04-30,0001558370-24-006251
us-gaap,StockholdersEquity,USD,,2023-12-31,7418100000,2024.0,Q2,10-Q,2024-08-02,0001558370-24-010710
us-gaap,StockholdersEquity,USD,,2023-12-31,7418100000,2024.0,Q3,10-Q,2024-10-31,0001558370-24-014045
us-gaap,StockholdersEquity,USD,,2023-12-31,7418100000,2024.0,FY,10-K,2025-03-03,0001558370-25-002017
us-gaap,StockholdersEquity,USD,,2024-03-31,7541700000,2024.0,Q1,10-Q,2024-04-30,0001558370-24-006251
us-gaap,StockholdersEquity,USD,,2024-06-30,8492500000,2024.0,Q2,10-Q,2024-08-02,0001558370-24-010710
us-gaap,StockholdersEquity,USD,,2024-09-30,8921000000,2024.0,Q3,10-Q,2024-10-31,0001558370-24-014045
us-gaap,StockholdersEquity,USD,,2024-12-31,9171600000,2024.0,FY,10-K,2025-03-03,0001558370-25-002017
us-gaap,StockholdersEquity,USD,,2024-12-31,9171600000,2025.0,Q1,10-Q,2025-04-30,0001558370-25-005975
us-gaap,StockholdersEquity,USD,,2024-12-31,9171600000,2025.0,Q2,10-Q,2025-07-31,0001558370-25-009879
us-gaap,StockholdersEquity,USD,,2024-12-31,9171600000,2025.0,Q3,10-Q,2025-10-31,0001104659-25-104914
us-gaap,StockholdersEquity,USD,,2024-12-31,9171600000,2025.0,FY,10-K,2026-02-27,0001104659-26-021492
us-gaap,StockholdersEquity,USD,,2025-03-31,9568300000,2025.0,Q1,10-Q,2025-04-30,0001558370-25-005975
us-gaap,StockholdersEquity,USD,,2025-06-30,9984800000,2025.0,Q2,10-Q,2025-07-31,0001558370-25-009879
us-gaap,StockholdersEquity,USD,,2025-09-30,10449900000,2025.0,Q3,10-Q,2025-10-31,0001104659-25-104914
us-gaap,StockholdersEquity,USD,,2025-12-31,11038100000,2025.0,FY,10-K,2026-02-27,0001104659-26-021492
us-gaap,StockholdersEquity,USD,,2025-12-31,11038100000,2026.0,Q1,10-Q,2026-04-30,0001104659-26-052647
us-gaap,StockholdersEquity,USD,,2025-12-31,11038100000,2026.0,Q2,10-Q,2026-07-31,0001104659-26-089169
us-gaap,StockholdersEquity,USD,,2026-03-31,11787600000,2026.0,Q1,10-Q,2026-04-30,0001104659-26-052647
us-gaap,StockholdersEquity,USD,,2026-06-30,12632200000,2026.0,Q2,10-Q,2026-07-31,0001104659-26-089169
us-gaap,LongTermDebt,USD,,2010-12-31,2760400000,2011.0,Q2,10-Q,2011-08-08,0001104659-11-044725
us-gaap,LongTermDebt,USD,,2010-12-31,2760400000,2011.0,Q3,10-Q,2011-11-09,0001104659-11-062516
us-gaap,LongTermDebt,USD,,2010-12-31,2760400000,2011.0,FY,10-K,2012-02-27,0001104659-12-013068
us-gaap,LongTermDebt,USD,,2011-06-30,2750400000,2011.0,Q2,10-Q,2011-08-08,0001104659-11-044725
us-gaap,LongTermDebt,USD,,2011-09-30,2750600000,2011.0,Q3,10-Q,2011-11-09,0001104659-11-062516
us-gaap,LongTermDebt,USD,,2011-12-31,2745700000,2011.0,FY,10-K,2012-02-27,0001104659-12-013068
us-gaap,LongTermDebt,USD,,2011-12-31,2745700000,2012.0,Q1,10-Q,2012-05-02,0001104659-12-032009
us-gaap,LongTermDebt,USD,,2011-12-31,2745700000,2012.0,Q2,10-Q,2012-08-03,0001104659-12-054018
us-gaap,LongTermDebt,USD,,2011-12-31,2745700000,2012.0,Q3,10-Q,2012-10-25,0001104659-12-071128
us-gaap,LongTermDebt,USD,,2011-12-31,2745700000,2012.0,FY,10-K,2013-02-28,0001104659-13-015720
us-gaap,LongTermDebt,USD,,2012-03-31,2745900000,2012.0,Q1,10-Q,2012-05-02,0001104659-12-032009
us-gaap,LongTermDebt,USD,,2012-06-30,2741000000,2012.0,Q2,10-Q,2012-08-03,0001104659-12-054018
us-gaap,LongTermDebt,USD,,2012-09-30,2741200000,2012.0,Q3,10-Q,2012-10-25,0001104659-12-071128
us-gaap,LongTermDebt,USD,,2012-12-31,4213900000,2012.0,FY,10-K,2013-02-28,0001104659-13-015720
us-gaap,LongTermDebt,USD,,2012-12-31,4213900000,2013.0,Q1,10-Q,2013-04-30,0001104659-13-035267
us-gaap,LongTermDebt,USD,,2012-12-31,4213900000,2013.0,Q2,10-Q,2013-08-05,0001104659-13-059871
us-gaap,LongTermDebt,USD,,2012-12-31,4213900000,2013.0,Q3,10-Q,2013-10-30,0001104659-13-079258
us-gaap,LongTermDebt,USD,,2012-12-31,4213900000,2013.0,FY,10-K,2014-02-27,0001104659-14-014124
us-gaap,LongTermDebt,USD,,2013-03-31,4214100000,2013.0,Q1,10-Q,2013-04-30,0001104659-13-035267
us-gaap,LongTermDebt,USD,,2013-06-30,4209400000,2013.0,Q2,10-Q,2013-08-05,0001104659-13-059871
us-gaap,LongTermDebt,USD,,2013-09-30,4209600000,2013.0,Q3,10-Q,2013-10-30,0001104659-13-079258
us-gaap,LongTermDebt,USD,,2013-12-31,4204900000,2013.0,FY,10-K,2014-02-27,0001104659-14-014124
us-gaap,LongTermDebt,USD,,2013-12-31,4204900000,2014.0,Q1,10-Q,2014-05-06,0001104659-14-035021
us-gaap,LongTermDebt,USD,,2013-12-31,4204900000,2014.0,Q2,10-Q,2014-08-05,0001104659-14-057009
us-gaap,LongTermDebt,USD,,2013-12-31,4204900000,2014.0,Q3,10-Q,2014-10-31,0001104659-14-075626
us-gaap,LongTermDebt,USD,,2013-12-31,4204900000,2014.0,FY,10-K,2015-03-02,0001104659-15-015406
us-gaap,LongTermDebt,USD,,2014-03-31,4205200000,2014.0,Q1,10-Q,2014-05-06,0001104659-14-035021
us-gaap,LongTermDebt,USD,,2014-03-31,4206000000,2015.0,Q1,10-Q,2015-04-30,0001104659-15-032631
us-gaap,LongTermDebt,USD,,2014-06-30,4205500000,2014.0,Q2,10-Q,2014-08-05,0001104659-14-057009
us-gaap,LongTermDebt,USD,,2014-09-30,4205700000,2014.0,Q3,10-Q,2014-10-31,0001104659-14-075626
us-gaap,LongTermDebt,USD,,2014-12-31,4206000000,2014.0,FY,10-K,2015-03-02,0001104659-15-015406
us-gaap,LongTermDebt,USD,,2014-12-31,4180900000,2015.0,Q2,10-Q,2015-07-31,0001104659-15-054941
us-gaap,LongTermDebt,USD,,2014-12-31,4180900000,2015.0,Q3,10-Q,2015-10-30,0001104659-15-074538
us-gaap,LongTermDebt,USD,,2014-12-31,4180900000,2015.0,FY,10-K,2016-02-26,0001104659-16-100568
us-gaap,LongTermDebt,USD,,2015-03-31,4206300000,2015.0,Q1,10-Q,2015-04-30,0001104659-15-032631
us-gaap,LongTermDebt,USD,,2015-06-30,6152200000,2015.0,Q2,10-Q,2015-07-31,0001104659-15-054941
us-gaap,LongTermDebt,USD,,2015-09-30,5950900000,2015.0,Q3,10-Q,2015-10-30,0001104659-15-074538
us-gaap,LongTermDebt,USD,,2015-12-31,5951500000,2015.0,FY,10-K,2016-02-26,0001104659-16-100568
us-gaap,LongTermDebt,USD,,2015-12-31,5951500000,2016.0,Q1,10-Q,2016-05-02,0001104659-16-116655
us-gaap,LongTermDebt,USD,,2015-12-31,5951500000,2016.0,Q2,10-Q,2016-08-01,0001104659-16-135779
us-gaap,LongTermDebt,USD,,2015-12-31,5951500000,2016.0,Q3,10-Q,2016-11-08,0001104659-16-155547
us-gaap,LongTermDebt,USD,,2015-12-31,5951500000,2016.0,FY,10-K,2017-03-01,0001047469-17-001143
us-gaap,LongTermDebt,USD,,2016-03-31,5952100000,2016.0,Q1,10-Q,2016-05-02,0001104659-16-116655
us-gaap,LongTermDebt,USD,,2016-06-30,5952900000,2016.0,Q2,10-Q,2016-08-01,0001104659-16-135779
us-gaap,LongTermDebt,USD,,2016-09-30,5953500000,2016.0,Q3,10-Q,2016-11-08,0001104659-16-155547
us-gaap,LongTermDebt,USD,,2016-12-31,5954200000,2016.0,FY,10-K,2017-03-01,0001047469-17-001143
us-gaap,LongTermDebt,USD,,2016-12-31,5954200000,2017.0,Q1,10-Q,2017-05-08,0001104659-17-030725
us-gaap,LongTermDebt,USD,,2016-12-31,5954200000,2017.0,Q2,10-Q,2017-08-02,0001104659-17-048968
us-gaap,LongTermDebt,USD,,2016-12-31,5954200000,2017.0,Q3,10-Q,2017-11-06,0001104659-17-066129
us-gaap,LongTermDebt,USD,,2016-12-31,5954200000,2017.0,FY,10-K,2018-03-01,0001047469-18-001211
us-gaap,LongTermDebt,USD,,2017-03-31,5954900000,2017.0,Q1,10-Q,2017-05-08,0001104659-17-030725
us-gaap,LongTermDebt,USD,,2017-06-30,5955600000,2017.0,Q2,10-Q,2017-08-02,0001104659-17-048968
us-gaap,LongTermDebt,USD,,2017-09-30,5956300000,2017.0,Q3,10-Q,2017-11-06,0001104659-17-066129
us-gaap,LongTermDebt,USD,,2017-12-31,5957100000,2017.0,FY,10-K,2018-03-01,0001047469-18-001211
us-gaap,LongTermDebt,USD,,2017-12-31,5957100000,2018.0,Q1,10-Q,2018-05-02,0001104659-18-029826
us-gaap,LongTermDebt,USD,,2017-12-31,5957100000,2018.0,Q2,10-Q,2018-07-30,0001104659-18-048110
us-gaap,LongTermDebt,USD,,2017-12-31,5957100000,2018.0,Q3,10-Q,2018-10-31,0001104659-18-065091
us-gaap,LongTermDebt,USD,,2017-12-31,5957100000,2018.0,FY,10-K,2019-03-01,0001047469-19-000845
us-gaap,LongTermDebt,USD,,2018-03-31,5957800000,2018.0,Q1,10-Q,2018-05-02,0001104659-18-029826
us-gaap,LongTermDebt,USD,,2018-06-30,5958500000,2018.0,Q2,10-Q,2018-07-30,0001104659-18-048110
us-gaap,LongTermDebt,USD,,2018-09-30,5959300000,2018.0,Q3,10-Q,2018-10-31,0001104659-18-065091
us-gaap,LongTermDebt,USD,,2018-12-31,5960100000,2018.0,FY,10-K,2019-03-01,0001047469-19-000845
us-gaap,LongTermDebt,USD,,2018-12-31,5960100000,2019.0,Q1,10-Q,2019-04-29,0001104659-19-024559
us-gaap,LongTermDebt,USD,,2018-12-31,5960100000,2019.0,Q2,10-Q,2019-07-26,0001558370-19-006372
us-gaap,LongTermDebt,USD,,2018-12-31,5960100000,2019.0,Q3,10-Q,2019-10-28,0001558370-19-009220
us-gaap,LongTermDebt,USD,,2018-12-31,5960100000,2019.0,FY,10-K,2020-02-28,0001558370-20-001781
us-gaap,LongTermDebt,USD,,2019-03-31,5960900000,2019.0,Q1,10-Q,2019-04-29,0001104659-19-024559
us-gaap,LongTermDebt,USD,,2019-06-30,5961700000,2019.0,Q2,10-Q,2019-07-26,0001558370-19-006372
us-gaap,LongTermDebt,USD,,2019-09-30,6940100000,2019.0,Q3,10-Q,2019-10-28,0001558370-19-009220
us-gaap,LongTermDebt,USD,,2019-12-31,6940800000,2019.0,FY,10-K,2020-02-28,0001558370-20-001781
us-gaap,LongTermDebt,USD,,2019-12-31,6940800000,2020.0,Q1,10-Q,2020-05-04,0001558370-20-005051
us-gaap,LongTermDebt,USD,,2019-12-31,6940800000,2020.0,Q2,10-Q,2020-07-30,0001558370-20-008790
us-gaap,LongTermDebt,USD,,2019-12-31,6940800000,2020.0,Q3,10-Q,2020-10-28,0001558370-20-011919
us-gaap,LongTermDebt,USD,,2019-12-31,6940800000,2020.0,FY,10-K,2021-02-26,0001558370-21-001894
us-gaap,LongTermDebt,USD,,2020-03-31,6941800000,2020.0,Q1,10-Q,2020-05-04,0001558370-20-005051
us-gaap,LongTermDebt,USD,,2020-06-30,6542600000,2020.0,Q2,10-Q,2020-07-30,0001558370-20-008790
us-gaap,LongTermDebt,USD,,2020-09-30,6543400000,2020.0,Q3,10-Q,2020-10-28,0001558370-20-011919
us-gaap,LongTermDebt,USD,,2020-12-31,6544200000,2020.0,FY,10-K,2021-02-26,0001558370-21-001894
us-gaap,LongTermDebt,USD,,2020-12-31,6544200000,2021.0,Q1,10-Q,2021-04-30,0001558370-21-005441
us-gaap,LongTermDebt,USD,,2020-12-31,6544200000,2021.0,Q2,10-Q,2021-07-27,0001558370-21-009358
us-gaap,LongTermDebt,USD,,2020-12-31,6544200000,2021.0,Q3,10-Q,2021-11-01,0001558370-21-013931
us-gaap,LongTermDebt,USD,,2020-12-31,6544200000,2021.0,FY,10-K,2022-03-07,0001558370-22-002968
us-gaap,LongTermDebt,USD,,2021-03-31,6545000000,2021.0,Q1,10-Q,2021-04-30,0001558370-21-005441
us-gaap,LongTermDebt,USD,,2021-06-30,6545900000,2021.0,Q2,10-Q,2021-07-27,0001558370-21-009358
us-gaap,LongTermDebt,USD,,2021-09-30,6546700000,2021.0,Q3,10-Q,2021-11-01,0001558370-21-013931
us-gaap,LongTermDebt,USD,,2021-12-31,6547600000,2021.0,FY,10-K,2022-03-07,0001558370-22-002968
us-gaap,LongTermDebt,USD,,2021-12-31,6547600000,2022.0,Q1,10-Q,2022-05-05,0001558370-22-007434
us-gaap,LongTermDebt,USD,,2021-12-31,6547600000,2022.0,Q2,10-Q,2022-07-27,0001558370-22-011154
us-gaap,LongTermDebt,USD,,2021-12-31,6547600000,2022.0,Q3,10-Q,2022-10-31,0001558370-22-015661
us-gaap,LongTermDebt,USD,,2021-12-31,6547600000,2022.0,FY,10-K,2023-02-28,0001558370-23-002328
us-gaap,LongTermDebt,USD,,2022-03-31,6548500000,2022.0,Q1,10-Q,2022-05-05,0001558370-22-007434
us-gaap,LongTermDebt,USD,,2022-06-30,6549400000,2022.0,Q2,10-Q,2022-07-27,0001558370-22-011154
us-gaap,LongTermDebt,USD,,2022-09-30,6550300000,2022.0,Q3,10-Q,2022-10-31,0001558370-22-015661
us-gaap,LongTermDebt,USD,,2022-12-31,6251200000,2022.0,FY,10-K,2023-02-28,0001558370-23-002328
us-gaap,LongTermDebt,USD,,2022-12-31,6251200000,2023.0,Q1,10-Q,2023-05-02,0001558370-23-007689
us-gaap,LongTermDebt,USD,,2022-12-31,6251200000,2023.0,Q2,10-Q,2023-08-01,0001558370-23-012746
us-gaap,LongTermDebt,USD,,2022-12-31,6251200000,2023.0,Q3,10-Q,2023-11-01,0001558370-23-017203
us-gaap,LongTermDebt,USD,,2022-12-31,6251200000,2023.0,FY,10-K,2024-02-29,0001558370-24-002119
us-gaap,LongTermDebt,USD,,2023-03-31,6252000000,2023.0,Q1,10-Q,2023-05-02,0001558370-23-007689
us-gaap,LongTermDebt,USD,,2023-06-30,6252900000,2023.0,Q2,10-Q,2023-08-01,0001558370-23-012746
us-gaap,LongTermDebt,USD,,2023-09-30,6253800000,2023.0,Q3,10-Q,2023-11-01,0001558370-23-017203
us-gaap,LongTermDebt,USD,,2023-12-31,6254600000,2023.0,FY,10-K,2024-02-29,0001558370-24-002119
us-gaap,LongTermDebt,USD,,2023-12-31,6254600000,2024.0,Q1,10-Q,2024-04-30,0001558370-24-006251
us-gaap,LongTermDebt,USD,,2023-12-31,6254600000,2024.0,Q2,10-Q,2024-08-02,0001558370-24-010710
us-gaap,LongTermDebt,USD,,2023-12-31,6254600000,2024.0,FY,10-K,2025-03-03,0001558370-25-002017
us-gaap,LongTermDebt,USD,,2024-03-31,6255500000,2024.0,Q1,10-Q,2024-04-30,0001558370-24-006251
us-gaap,LongTermDebt,USD,,2024-06-30,6256500000,2024.0,Q2,10-Q,2024-08-02,0001558370-24-010710
us-gaap,LongTermDebt,USD,,2024-12-31,6258300000,2024.0,FY,10-K,2025-03-03,0001558370-25-002017
us-gaap,LongTermDebt,USD,,2024-12-31,6258300000,2025.0,FY,10-K,2026-02-27,0001104659-26-021492
us-gaap,LongTermDebt,USD,,2025-12-31,6750700000,2025.0,FY,10-K,2026-02-27,0001104659-26-021492
us-gaap,LongTermDebtNoncurrent,USD,,2008-12-31,1279972000,2009.0,Q2,10-Q,2009-08-03,0001104659-09-046536
us-gaap,LongTermDebtNoncurrent,USD,,2008-12-31,1279972000,2009.0,Q3,10-Q,2009-10-30,0001104659-09-061539
us-gaap,LongTermDebtNoncurrent,USD,,2008-12-31,1279972000,2009.0,FY,10-K,2010-02-26,0001104659-10-010334
us-gaap,LongTermDebtNoncurrent,USD,,2009-06-30,1275112000,2009.0,Q2,10-Q,2009-08-03,0001104659-09-046536
us-gaap,LongTermDebtNoncurrent,USD,,2009-09-30,1275182000,2009.0,Q3,10-Q,2009-10-30,0001104659-09-061539
us-gaap,LongTermDebtNoncurrent,USD,,2009-12-31,1270252000,2009.0,FY,10-K,2010-02-26,0001104659-10-010334
us-gaap,LongTermDebtNoncurrent,USD,,2009-12-31,1270252000,2010.0,Q1,10-Q,2010-05-04,0001104659-10-024965
us-gaap,LongTermDebtNoncurrent,USD,,2009-12-31,1270252000,2010.0,Q2,10-Q,2010-08-03,0001104659-10-041413
us-gaap,LongTermDebtNoncurrent,USD,,2009-12-31,1270252000,2010.0,Q3,10-Q,2010-11-05,0001104659-10-056419
us-gaap,LongTermDebtNoncurrent,USD,,2009-12-31,1270252000,2010.0,FY,10-K,2011-03-01,0001104659-11-011083
us-gaap,LongTermDebtNoncurrent,USD,,2010-03-31,1270327000,2010.0,Q1,10-Q,2010-05-04,0001104659-10-024965
us-gaap,LongTermDebtNoncurrent,USD,,2010-06-30,2755126000,2010.0,Q2,10-Q,2010-08-03,0001104659-10-041413
us-gaap,LongTermDebtNoncurrent,USD,,2010-09-30,2755263000,2010.0,Q3,10-Q,2010-11-05,0001104659-10-056419
us-gaap,LongTermDebtNoncurrent,USD,,2010-12-31,2750401000,2010.0,FY,10-K,2011-03-01,0001104659-11-011083
us-gaap,LongTermDebtNoncurrent,USD,,2010-12-31,2750401000,2011.0,Q1,10-Q,2011-05-06,0001104659-11-026837
us-gaap,LongTermDebtNoncurrent,USD,,2010-12-31,2750401000,2011.0,Q2,10-Q,2011-08-08,0001104659-11-044725
us-gaap,LongTermDebtNoncurrent,USD,,2010-12-31,2750401000,2011.0,Q3,10-Q,2011-11-09,0001104659-11-062516
us-gaap,LongTermDebtNoncurrent,USD,,2010-12-31,2750401000,2011.0,FY,10-K,2012-02-27,0001104659-12-013068
us-gaap,LongTermDebtNoncurrent,USD,,2011-03-31,2745293000,2011.0,Q1,10-Q,2011-05-06,0001104659-11-026837
us-gaap,LongTermDebtNoncurrent,USD,,2011-06-30,2740438000,2011.0,Q2,10-Q,2011-08-08,0001104659-11-044725
us-gaap,LongTermDebtNoncurrent,USD,,2011-09-30,2740585000,2011.0,Q3,10-Q,2011-11-09,0001104659-11-062516
us-gaap,LongTermDebtNoncurrent,USD,,2011-12-31,2735732000,2011.0,FY,10-K,2012-02-27,0001104659-12-013068
us-gaap,LongTermDebtNoncurrent,USD,,2011-12-31,2735732000,2012.0,Q1,10-Q,2012-05-02,0001104659-12-032009
us-gaap,LongTermDebtNoncurrent,USD,,2011-12-31,2735732000,2012.0,Q2,10-Q,2012-08-03,0001104659-12-054018
us-gaap,LongTermDebtNoncurrent,USD,,2011-12-31,2735732000,2012.0,Q3,10-Q,2012-10-25,0001104659-12-071128
us-gaap,LongTermDebtNoncurrent,USD,,2011-12-31,2735732000,2012.0,FY,10-K,2013-02-28,0001104659-13-015720
us-gaap,LongTermDebtNoncurrent,USD,,2012-03-31,2735885000,2012.0,Q1,10-Q,2012-05-02,0001104659-12-032009
us-gaap,LongTermDebtNoncurrent,USD,,2012-06-30,2731040000,2012.0,Q2,10-Q,2012-08-03,0001104659-12-054018
us-gaap,LongTermDebtNoncurrent,USD,,2012-09-30,2731195000,2012.0,Q3,10-Q,2012-10-25,0001104659-12-071128
us-gaap,LongTermDebtNoncurrent,USD,,2012-12-31,4203863000,2012.0,FY,10-K,2013-02-28,0001104659-13-015720
us-gaap,LongTermDebtNoncurrent,USD,,2012-12-31,4203863000,2013.0,Q1,10-Q,2013-04-30,0001104659-13-035267
us-gaap,LongTermDebtNoncurrent,USD,,2012-12-31,4203863000,2013.0,Q2,10-Q,2013-08-05,0001104659-13-059871
us-gaap,LongTermDebtNoncurrent,USD,,2012-12-31,4203863000,2013.0,Q3,10-Q,2013-10-30,0001104659-13-079258
us-gaap,LongTermDebtNoncurrent,USD,,2012-12-31,4203863000,2013.0,FY,10-K,2014-02-27,0001104659-14-014124
us-gaap,LongTermDebtNoncurrent,USD,,2013-03-31,4204121000,2013.0,Q1,10-Q,2013-04-30,0001104659-13-035267
us-gaap,LongTermDebtNoncurrent,USD,,2013-06-30,4204383000,2013.0,Q2,10-Q,2013-08-05,0001104659-13-059871
us-gaap,LongTermDebtNoncurrent,USD,,2013-09-30,4204646000,2013.0,Q3,10-Q,2013-10-30,0001104659-13-079258
us-gaap,LongTermDebtNoncurrent,USD,,2013-12-31,4204915000,2013.0,FY,10-K,2014-02-27,0001104659-14-014124
us-gaap,LongTermDebtNoncurrent,USD,,2013-12-31,4204915000,2014.0,Q1,10-Q,2014-05-06,0001104659-14-035021
us-gaap,LongTermDebtNoncurrent,USD,,2013-12-31,4204915000,2014.0,Q2,10-Q,2014-08-05,0001104659-14-057009
us-gaap,LongTermDebtNoncurrent,USD,,2013-12-31,4204915000,2014.0,Q3,10-Q,2014-10-31,0001104659-14-075626
us-gaap,LongTermDebtNoncurrent,USD,,2013-12-31,4204915000,2014.0,FY,10-K,2015-03-02,0001104659-15-015406
us-gaap,LongTermDebtNoncurrent,USD,,2014-03-31,4205188000,2014.0,Q1,10-Q,2014-05-06,0001104659-14-035021
us-gaap,LongTermDebtNoncurrent,USD,,2014-06-30,4005467000,2014.0,Q2,10-Q,2014-08-05,0001104659-14-057009
us-gaap,LongTermDebtNoncurrent,USD,,2014-09-30,4005746000,2014.0,Q3,10-Q,2014-10-31,0001104659-14-075626
us-gaap,LongTermDebtNoncurrent,USD,,2014-12-31,4006031000,2014.0,FY,10-K,2015-03-02,0001104659-15-015406
us-gaap,LongTermDebtNoncurrent,USD,,2014-12-31,4006031000,2015.0,Q1,10-Q,2015-04-30,0001104659-15-032631
us-gaap,LongTermDebtNoncurrent,USD,,2014-12-31,3980863000,2015.0,Q2,10-Q,2015-07-31,0001104659-15-054941
us-gaap,LongTermDebtNoncurrent,USD,,2014-12-31,3980863000,2015.0,Q3,10-Q,2015-10-30,0001104659-15-074538
us-gaap,LongTermDebtNoncurrent,USD,,2014-12-31,3980900000,2015.0,FY,10-K,2016-02-26,0001104659-16-100568
us-gaap,LongTermDebtNoncurrent,USD,,2015-03-31,4006345000,2015.0,Q1,10-Q,2015-04-30,0001104659-15-032631
us-gaap,LongTermDebtNoncurrent,USD,,2015-06-30,5952219000,2015.0,Q2,10-Q,2015-07-31,0001104659-15-054941
us-gaap,LongTermDebtNoncurrent,USD,,2015-09-30,5950892000,2015.0,Q3,10-Q,2015-10-30,0001104659-15-074538
us-gaap,LongTermDebtNoncurrent,USD,,2015-12-31,5951500000,2015.0,FY,10-K,2016-02-26,0001104659-16-100568
us-gaap,LongTermDebtNoncurrent,USD,,2015-12-31,5951500000,2016.0,Q1,10-Q,2016-05-02,0001104659-16-116655
us-gaap,LongTermDebtNoncurrent,USD,,2015-12-31,5951500000,2016.0,Q2,10-Q,2016-08-01,0001104659-16-135779
us-gaap,LongTermDebtNoncurrent,USD,,2015-12-31,5951500000,2016.0,Q3,10-Q,2016-11-08,0001104659-16-155547
us-gaap,LongTermDebtNoncurrent,USD,,2015-12-31,5951500000,2016.0,FY,10-K,2017-03-01,0001047469-17-001143
us-gaap,LongTermDebtNoncurrent,USD,,2016-03-31,5952100000,2016.0,Q1,10-Q,2016-05-02,0001104659-16-116655
us-gaap,LongTermDebtNoncurrent,USD,,2016-06-30,5952900000,2016.0,Q2,10-Q,2016-08-01,0001104659-16-135779
us-gaap,LongTermDebtNoncurrent,USD,,2016-09-30,5953500000,2016.0,Q3,10-Q,2016-11-08,0001104659-16-155547
us-gaap,LongTermDebtNoncurrent,USD,,2016-12-31,5954200000,2016.0,FY,10-K,2017-03-01,0001047469-17-001143
us-gaap,LongTermDebtNoncurrent,USD,,2016-12-31,5954200000,2017.0,Q1,10-Q,2017-05-08,0001104659-17-030725
us-gaap,LongTermDebtNoncurrent,USD,,2016-12-31,5954200000,2017.0,Q2,10-Q,2017-08-02,0001104659-17-048968
us-gaap,LongTermDebtNoncurrent,USD,,2016-12-31,5954200000,2017.0,Q3,10-Q,2017-11-06,0001104659-17-066129
us-gaap,LongTermDebtNoncurrent,USD,,2016-12-31,5954200000,2017.0,FY,10-K,2018-03-01,0001047469-18-001211
us-gaap,LongTermDebtNoncurrent,USD,,2017-03-31,5954900000,2017.0,Q1,10-Q,2017-05-08,0001104659-17-030725
us-gaap,LongTermDebtNoncurrent,USD,,2017-06-30,5955600000,2017.0,Q2,10-Q,2017-08-02,0001104659-17-048968
us-gaap,LongTermDebtNoncurrent,USD,,2017-09-30,5956300000,2017.0,Q3,10-Q,2017-11-06,0001104659-17-066129
us-gaap,LongTermDebtNoncurrent,USD,,2017-12-31,5957100000,2017.0,FY,10-K,2018-03-01,0001047469-18-001211
us-gaap,LongTermDebtNoncurrent,USD,,2017-12-31,5957100000,2018.0,Q1,10-Q,2018-05-02,0001104659-18-029826
us-gaap,LongTermDebtNoncurrent,USD,,2017-12-31,5957100000,2018.0,Q2,10-Q,2018-07-30,0001104659-18-048110
us-gaap,LongTermDebtNoncurrent,USD,,2017-12-31,5957100000,2018.0,Q3,10-Q,2018-10-31,0001104659-18-065091
us-gaap,LongTermDebtNoncurrent,USD,,2017-12-31,5957100000,2018.0,FY,10-K,2019-03-01,0001047469-19-000845
us-gaap,LongTermDebtNoncurrent,USD,,2018-03-31,5957800000,2018.0,Q1,10-Q,2018-05-02,0001104659-18-029826
us-gaap,LongTermDebtNoncurrent,USD,,2018-06-30,5958500000,2018.0,Q2,10-Q,2018-07-30,0001104659-18-048110
us-gaap,LongTermDebtNoncurrent,USD,,2018-09-30,5959300000,2018.0,Q3,10-Q,2018-10-31,0001104659-18-065091
us-gaap,LongTermDebtNoncurrent,USD,,2018-12-31,5960100000,2018.0,FY,10-K,2019-03-01,0001047469-19-000845
us-gaap,LongTermDebtNoncurrent,USD,,2018-12-31,5960100000,2019.0,Q1,10-Q,2019-04-29,0001104659-19-024559
us-gaap,LongTermDebtNoncurrent,USD,,2018-12-31,5960100000,2019.0,Q2,10-Q,2019-07-26,0001558370-19-006372
us-gaap,LongTermDebtNoncurrent,USD,,2018-12-31,5960100000,2019.0,Q3,10-Q,2019-10-28,0001558370-19-009220
us-gaap,LongTermDebtNoncurrent,USD,,2018-12-31,5960100000,2019.0,FY,10-K,2020-02-28,0001558370-20-001781
us-gaap,LongTermDebtNoncurrent,USD,,2019-03-31,5960900000,2019.0,Q1,10-Q,2019-04-29,0001104659-19-024559
us-gaap,LongTermDebtNoncurrent,USD,,2019-06-30,5562100000,2019.0,Q2,10-Q,2019-07-26,0001558370-19-006372
us-gaap,LongTermDebtNoncurrent,USD,,2019-09-30,6540400000,2019.0,Q3,10-Q,2019-10-28,0001558370-19-009220
us-gaap,LongTermDebtNoncurrent,USD,,2019-12-31,6541000000,2019.0,FY,10-K,2020-02-28,0001558370-20-001781
us-gaap,LongTermDebtNoncurrent,USD,,2019-12-31,6541000000,2020.0,Q1,10-Q,2020-05-04,0001558370-20-005051
us-gaap,LongTermDebtNoncurrent,USD,,2019-12-31,6541000000,2020.0,Q2,10-Q,2020-07-30,0001558370-20-008790
us-gaap,LongTermDebtNoncurrent,USD,,2019-12-31,6541000000,2020.0,Q3,10-Q,2020-10-28,0001558370-20-011919
us-gaap,LongTermDebtNoncurrent,USD,,2019-12-31,6541000000,2020.0,FY,10-K,2021-02-26,0001558370-21-001894
us-gaap,LongTermDebtNoncurrent,USD,,2020-03-31,6541800000,2020.0,Q1,10-Q,2020-05-04,0001558370-20-005051
us-gaap,LongTermDebtNoncurrent,USD,,2020-06-30,6542600000,2020.0,Q2,10-Q,2020-07-30,0001558370-20-008790
us-gaap,LongTermDebtNoncurrent,USD,,2020-09-30,6543400000,2020.0,Q3,10-Q,2020-10-28,0001558370-20-011919
us-gaap,LongTermDebtNoncurrent,USD,,2020-12-31,6544200000,2020.0,FY,10-K,2021-02-26,0001558370-21-001894
us-gaap,LongTermDebtNoncurrent,USD,,2020-12-31,6544200000,2021.0,Q1,10-Q,2021-04-30,0001558370-21-005441
us-gaap,LongTermDebtNoncurrent,USD,,2020-12-31,6544200000,2021.0,Q2,10-Q,2021-07-27,0001558370-21-009358
us-gaap,LongTermDebtNoncurrent,USD,,2020-12-31,6544200000,2021.0,Q3,10-Q,2021-11-01,0001558370-21-013931
us-gaap,LongTermDebtNoncurrent,USD,,2020-12-31,6544200000,2021.0,FY,10-K,2022-03-07,0001558370-22-002968
us-gaap,LongTermDebtNoncurrent,USD,,2021-03-31,6545000000,2021.0,Q1,10-Q,2021-04-30,0001558370-21-005441
us-gaap,LongTermDebtNoncurrent,USD,,2021-06-30,6545900000,2021.0,Q2,10-Q,2021-07-27,0001558370-21-009358
us-gaap,LongTermDebtNoncurrent,USD,,2021-09-30,6546700000,2021.0,Q3,10-Q,2021-11-01,0001558370-21-013931
us-gaap,LongTermDebtNoncurrent,USD,,2021-12-31,6247900000,2021.0,FY,10-K,2022-03-07,0001558370-22-002968
us-gaap,LongTermDebtNoncurrent,USD,,2021-12-31,6247900000,2022.0,Q1,10-Q,2022-05-05,0001558370-22-007434
us-gaap,LongTermDebtNoncurrent,USD,,2021-12-31,6247900000,2022.0,Q2,10-Q,2022-07-27,0001558370-22-011154
us-gaap,LongTermDebtNoncurrent,USD,,2021-12-31,6247900000,2022.0,Q3,10-Q,2022-10-31,0001558370-22-015661
us-gaap,LongTermDebtNoncurrent,USD,,2021-12-31,6247900000,2022.0,FY,10-K,2023-02-28,0001558370-23-002328
us-gaap,LongTermDebtNoncurrent,USD,,2022-03-31,6248700000,2022.0,Q1,10-Q,2022-05-05,0001558370-22-007434
us-gaap,LongTermDebtNoncurrent,USD,,2022-06-30,6249500000,2022.0,Q2,10-Q,2022-07-27,0001558370-22-011154
us-gaap,LongTermDebtNoncurrent,USD,,2022-09-30,6250300000,2022.0,Q3,10-Q,2022-10-31,0001558370-22-015661
us-gaap,LongTermDebtNoncurrent,USD,,2022-12-31,6251200000,2022.0,FY,10-K,2023-02-28,0001558370-23-002328
us-gaap,LongTermDebtNoncurrent,USD,,2022-12-31,6251200000,2023.0,Q1,10-Q,2023-05-02,0001558370-23-007689
us-gaap,LongTermDebtNoncurrent,USD,,2022-12-31,6251200000,2023.0,Q2,10-Q,2023-08-01,0001558370-23-012746
us-gaap,LongTermDebtNoncurrent,USD,,2022-12-31,6251200000,2023.0,Q3,10-Q,2023-11-01,0001558370-23-017203
us-gaap,LongTermDebtNoncurrent,USD,,2022-12-31,6251200000,2023.0,FY,10-K,2024-02-29,0001558370-24-002119
us-gaap,LongTermDebtNoncurrent,USD,,2023-03-31,6252000000,2023.0,Q1,10-Q,2023-05-02,0001558370-23-007689
us-gaap,LongTermDebtNoncurrent,USD,,2023-06-30,6252900000,2023.0,Q2,10-Q,2023-08-01,0001558370-23-012746
us-gaap,LongTermDebtNoncurrent,USD,,2023-09-30,6253800000,2023.0,Q3,10-Q,2023-11-01,0001558370-23-017203
us-gaap,LongTermDebtNoncurrent,USD,,2023-12-31,6254600000,2023.0,FY,10-K,2024-02-29,0001558370-24-002119
us-gaap,LongTermDebtNoncurrent,USD,,2023-12-31,6254600000,2024.0,Q1,10-Q,2024-04-30,0001558370-24-006251
us-gaap,LongTermDebtNoncurrent,USD,,2023-12-31,6254600000,2024.0,Q2,10-Q,2024-08-02,0001558370-24-010710
us-gaap,LongTermDebtNoncurrent,USD,,2023-12-31,6254600000,2024.0,Q3,10-Q,2024-10-31,0001558370-24-014045
us-gaap,LongTermDebtNoncurrent,USD,,2023-12-31,6254600000,2024.0,FY,10-K,2025-03-03,0001558370-25-002017
us-gaap,LongTermDebtNoncurrent,USD,,2024-03-31,6255500000,2024.0,Q1,10-Q,2024-04-30,0001558370-24-006251
us-gaap,LongTermDebtNoncurrent,USD,,2024-06-30,5757000000,2024.0,Q2,10-Q,2024-08-02,0001558370-24-010710
us-gaap,LongTermDebtNoncurrent,USD,,2024-09-30,5757800000,2024.0,Q3,10-Q,2024-10-31,0001558370-24-014045
us-gaap,LongTermDebtNoncurrent,USD,,2024-12-31,5758500000,2024.0,FY,10-K,2025-03-03,0001558370-25-002017
us-gaap,LongTermDebtNoncurrent,USD,,2024-12-31,5758500000,2025.0,Q1,10-Q,2025-04-30,0001558370-25-005975
us-gaap,LongTermDebtNoncurrent,USD,,2024-12-31,5758500000,2025.0,Q2,10-Q,2025-07-31,0001558370-25-009879
us-gaap,LongTermDebtNoncurrent,USD,,2024-12-31,5758500000,2025.0,Q3,10-Q,2025-10-31,0001104659-25-104914
us-gaap,LongTermDebtNoncurrent,USD,,2024-12-31,5758500000,2025.0,FY,10-K,2026-02-27,0001104659-26-021492
us-gaap,LongTermDebtNoncurrent,USD,,2025-03-31,6747000000,2025.0,Q1,10-Q,2025-04-30,0001558370-25-005975
us-gaap,LongTermDebtNoncurrent,USD,,2025-06-30,6748200000,2025.0,Q2,10-Q,2025-07-31,0001558370-25-009879
us-gaap,LongTermDebtNoncurrent,USD,,2025-09-30,6749400000,2025.0,Q3,10-Q,2025-10-31,0001104659-25-104914
us-gaap,LongTermDebtNoncurrent,USD,,2025-12-31,6750700000,2025.0,FY,10-K,2026-02-27,0001104659-26-021492
us-gaap,LongTermDebtNoncurrent,USD,,2025-12-31,6750700000,2026.0,Q1,10-Q,2026-04-30,0001104659-26-052647
us-gaap,LongTermDebtNoncurrent,USD,,2025-12-31,6750700000,2026.0,Q2,10-Q,2026-07-31,0001104659-26-089169
us-gaap,LongTermDebtNoncurrent,USD,,2026-03-31,6751900000,2026.0,Q1,10-Q,2026-04-30,0001104659-26-052647
us-gaap,LongTermDebtNoncurrent,USD,,2026-06-30,7994400000,2026.0,Q2,10-Q,2026-07-31,0001104659-26-089169
us-gaap,LongTermDebtCurrent,USD,,2008-12-31,10000000,2009.0,Q2,10-Q,2009-08-03,0001104659-09-046536
us-gaap,LongTermDebtCurrent,USD,,2008-12-31,10000000,2009.0,Q3,10-Q,2009-10-30,0001104659-09-061539
us-gaap,LongTermDebtCurrent,USD,,2008-12-31,10000000,2009.0,FY,10-K,2010-02-26,0001104659-10-010334
us-gaap,LongTermDebtCurrent,USD,,2009-06-30,10000000,2009.0,Q2,10-Q,2009-08-03,0001104659-09-046536
us-gaap,LongTermDebtCurrent,USD,,2009-09-30,10000000,2009.0,Q3,10-Q,2009-10-30,0001104659-09-061539
us-gaap,LongTermDebtCurrent,USD,,2009-12-31,10000000,2009.0,FY,10-K,2010-02-26,0001104659-10-010334
us-gaap,LongTermDebtCurrent,USD,,2009-12-31,10000000,2010.0,Q1,10-Q,2010-05-04,0001104659-10-024965
us-gaap,LongTermDebtCurrent,USD,,2009-12-31,10000000,2010.0,Q2,10-Q,2010-08-03,0001104659-10-041413
us-gaap,LongTermDebtCurrent,USD,,2009-12-31,10000000,2010.0,Q3,10-Q,2010-11-05,0001104659-10-056419
us-gaap,LongTermDebtCurrent,USD,,2009-12-31,10000000,2010.0,FY,10-K,2011-03-01,0001104659-11-011083
us-gaap,LongTermDebtCurrent,USD,,2010-03-31,10000000,2010.0,Q1,10-Q,2010-05-04,0001104659-10-024965
us-gaap,LongTermDebtCurrent,USD,,2010-06-30,10000000,2010.0,Q2,10-Q,2010-08-03,0001104659-10-041413
us-gaap,LongTermDebtCurrent,USD,,2010-09-30,10000000,2010.0,Q3,10-Q,2010-11-05,0001104659-10-056419
us-gaap,LongTermDebtCurrent,USD,,2010-12-31,10000000,2010.0,FY,10-K,2011-03-01,0001104659-11-011083
us-gaap,LongTermDebtCurrent,USD,,2010-12-31,10000000,2011.0,Q1,10-Q,2011-05-06,0001104659-11-026837
us-gaap,LongTermDebtCurrent,USD,,2010-12-31,10000000,2011.0,Q2,10-Q,2011-08-08,0001104659-11-044725
us-gaap,LongTermDebtCurrent,USD,,2010-12-31,10000000,2011.0,Q3,10-Q,2011-11-09,0001104659-11-062516
us-gaap,LongTermDebtCurrent,USD,,2010-12-31,10000000,2011.0,FY,10-K,2012-02-27,0001104659-12-013068
us-gaap,LongTermDebtCurrent,USD,,2011-03-31,10000000,2011.0,Q1,10-Q,2011-05-06,0001104659-11-026837
us-gaap,LongTermDebtCurrent,USD,,2011-06-30,10000000,2011.0,Q2,10-Q,2011-08-08,0001104659-11-044725
us-gaap,LongTermDebtCurrent,USD,,2011-09-30,10000000,2011.0,Q3,10-Q,2011-11-09,0001104659-11-062516
us-gaap,LongTermDebtCurrent,USD,,2011-12-31,10000000,2011.0,FY,10-K,2012-02-27,0001104659-12-013068
us-gaap,LongTermDebtCurrent,USD,,2011-12-31,10000000,2012.0,Q1,10-Q,2012-05-02,0001104659-12-032009
us-gaap,LongTermDebtCurrent,USD,,2011-12-31,10000000,2012.0,Q2,10-Q,2012-08-03,0001104659-12-054018
us-gaap,LongTermDebtCurrent,USD,,2011-12-31,10000000,2012.0,Q3,10-Q,2012-10-25,0001104659-12-071128
us-gaap,LongTermDebtCurrent,USD,,2011-12-31,10000000,2012.0,FY,10-K,2013-02-28,0001104659-13-015720
us-gaap,LongTermDebtCurrent,USD,,2012-03-31,10000000,2012.0,Q1,10-Q,2012-05-02,0001104659-12-032009
us-gaap,LongTermDebtCurrent,USD,,2012-06-30,10000000,2012.0,Q2,10-Q,2012-08-03,0001104659-12-054018
us-gaap,LongTermDebtCurrent,USD,,2012-09-30,10000000,2012.0,Q3,10-Q,2012-10-25,0001104659-12-071128
us-gaap,LongTermDebtCurrent,USD,,2012-12-31,10000000,2012.0,FY,10-K,2013-02-28,0001104659-13-015720
us-gaap,LongTermDebtCurrent,USD,,2012-12-31,10000000,2013.0,Q1,10-Q,2013-04-30,0001104659-13-035267
us-gaap,LongTermDebtCurrent,USD,,2012-12-31,10000000,2013.0,Q2,10-Q,2013-08-05,0001104659-13-059871
us-gaap,LongTermDebtCurrent,USD,,2012-12-31,10000000,2013.0,Q3,10-Q,2013-10-30,0001104659-13-079258
us-gaap,LongTermDebtCurrent,USD,,2012-12-31,10000000,2013.0,FY,10-K,2014-02-27,0001104659-14-014124
us-gaap,LongTermDebtCurrent,USD,,2013-03-31,10000000,2013.0,Q1,10-Q,2013-04-30,0001104659-13-035267
us-gaap,LongTermDebtCurrent,USD,,2013-06-30,5000000,2013.0,Q2,10-Q,2013-08-05,0001104659-13-059871
us-gaap,LongTermDebtCurrent,USD,,2013-09-30,5000000,2013.0,Q3,10-Q,2013-10-30,0001104659-13-079258
us-gaap,LongTermDebtCurrent,USD,,2014-06-30,200000000,2014.0,Q2,10-Q,2014-08-05,0001104659-14-057009
us-gaap,LongTermDebtCurrent,USD,,2014-09-30,200000000,2014.0,Q3,10-Q,2014-10-31,0001104659-14-075626
us-gaap,LongTermDebtCurrent,USD,,2014-12-31,200000000,2014.0,FY,10-K,2015-03-02,0001104659-15-015406
us-gaap,LongTermDebtCurrent,USD,,2014-12-31,200000000,2015.0,Q1,10-Q,2015-04-30,0001104659-15-032631
us-gaap,LongTermDebtCurrent,USD,,2014-12-31,200000000,2015.0,Q2,10-Q,2015-07-31,0001104659-15-054941
us-gaap,LongTermDebtCurrent,USD,,2014-12-31,200000000,2015.0,Q3,10-Q,2015-10-30,0001104659-15-074538
us-gaap,LongTermDebtCurrent,USD,,2014-12-31,200000000,2015.0,FY,10-K,2016-02-26,0001104659-16-100568
us-gaap,LongTermDebtCurrent,USD,,2015-03-31,200000000,2015.0,Q1,10-Q,2015-04-30,0001104659-15-032631
us-gaap,LongTermDebtCurrent,USD,,2015-06-30,200000000,2015.0,Q2,10-Q,2015-07-31,0001104659-15-054941
us-gaap,LongTermDebtCurrent,USD,,2019-06-30,399600000,2019.0,Q2,10-Q,2019-07-26,0001558370-19-006372
us-gaap,LongTermDebtCurrent,USD,,2019-09-30,399700000,2019.0,Q3,10-Q,2019-10-28,0001558370-19-009220
us-gaap,LongTermDebtCurrent,USD,,2019-12-31,399800000,2019.0,FY,10-K,2020-02-28,0001558370-20-001781
us-gaap,LongTermDebtCurrent,USD,,2019-12-31,399800000,2020.0,Q1,10-Q,2020-05-04,0001558370-20-005051
us-gaap,LongTermDebtCurrent,USD,,2019-12-31,399800000,2020.0,Q2,10-Q,2020-07-30,0001558370-20-008790
us-gaap,LongTermDebtCurrent,USD,,2019-12-31,399800000,2020.0,Q3,10-Q,2020-10-28,0001558370-20-011919
us-gaap,LongTermDebtCurrent,USD,,2019-12-31,399800000,2020.0,FY,10-K,2021-02-26,0001558370-21-001894
us-gaap,LongTermDebtCurrent,USD,,2020-03-31,400000000,2020.0,Q1,10-Q,2020-05-04,0001558370-20-005051
us-gaap,LongTermDebtCurrent,USD,,2021-12-31,299700000,2021.0,FY,10-K,2022-03-07,0001558370-22-002968
us-gaap,LongTermDebtCurrent,USD,,2021-12-31,299700000,2022.0,Q1,10-Q,2022-05-05,0001558370-22-007434
us-gaap,LongTermDebtCurrent,USD,,2021-12-31,299700000,2022.0,Q2,10-Q,2022-07-27,0001558370-22-011154
us-gaap,LongTermDebtCurrent,USD,,2021-12-31,299700000,2022.0,Q3,10-Q,2022-10-31,0001558370-22-015661
us-gaap,LongTermDebtCurrent,USD,,2021-12-31,299700000,2022.0,FY,10-K,2023-02-28,0001558370-23-002328
us-gaap,LongTermDebtCurrent,USD,,2022-03-31,299800000,2022.0,Q1,10-Q,2022-05-05,0001558370-22-007434
us-gaap,LongTermDebtCurrent,USD,,2022-06-30,299900000,2022.0,Q2,10-Q,2022-07-27,0001558370-22-011154
us-gaap,LongTermDebtCurrent,USD,,2022-09-30,300000000,2022.0,Q3,10-Q,2022-10-31,0001558370-22-015661
us-gaap,LongTermDebtCurrent,USD,,2024-06-30,499500000,2024.0,Q2,10-Q,2024-08-02,0001558370-24-010710
us-gaap,LongTermDebtCurrent,USD,,2024-09-30,499600000,2024.0,Q3,10-Q,2024-10-31,0001558370-24-014045
us-gaap,LongTermDebtCurrent,USD,,2024-12-31,499800000,2024.0,FY,10-K,2025-03-03,0001558370-25-002017
us-gaap,LongTermDebtCurrent,USD,,2024-12-31,499800000,2025.0,Q1,10-Q,2025-04-30,0001558370-25-005975
us-gaap,LongTermDebtCurrent,USD,,2024-12-31,499800000,2025.0,Q2,10-Q,2025-07-31,0001558370-25-009879
us-gaap,LongTermDebtCurrent,USD,,2024-12-31,499800000,2025.0,Q3,10-Q,2025-10-31,0001104659-25-104914
us-gaap,LongTermDebtCurrent,USD,,2024-12-31,499800000,2025.0,FY,10-K,2026-02-27,0001104659-26-021492
us-gaap,LongTermDebtCurrent,USD,,2025-03-31,500000000,2025.0,Q1,10-Q,2025-04-30,0001558370-25-005975
us-gaap,CashAndCashEquivalentsAtCarryingValue,USD,,2006-12-31,1022778000,2009.0,FY,10-K,2010-02-26,0001104659-10-010334
us-gaap,CashAndCashEquivalentsAtCarryingValue,USD,,2007-12-31,1409272000,2009.0,Q2,10-Q,2009-08-03,0001104659-09-046536
us-gaap,CashAndCashEquivalentsAtCarryingValue,USD,,2007-12-31,1409272000,2009.0,Q3,10-Q,2009-10-30,0001104659-09-061539
us-gaap,CashAndCashEquivalentsAtCarryingValue,USD,,2007-12-31,1409272000,2009.0,FY,10-K,2010-02-26,0001104659-10-010334
us-gaap,CashAndCashEquivalentsAtCarryingValue,USD,,2007-12-31,1409272000,2010.0,FY,10-K,2011-03-01,0001104659-11-011083
us-gaap,CashAndCashEquivalentsAtCarryingValue,USD,,2008-03-31,1472781000,2009.0,Q2,10-Q,2009-08-03,0001104659-09-046536
us-gaap,CashAndCashEquivalentsAtCarryingValue,USD,,2008-06-30,1150259000,2009.0,Q2,10-Q,2009-08-03,0001104659-09-046536
us-gaap,CashAndCashEquivalentsAtCarryingValue,USD,,2008-06-30,1150259000,2009.0,Q3,10-Q,2009-10-30,0001104659-09-061539
us-gaap,CashAndCashEquivalentsAtCarryingValue,USD,,2008-09-30,1175648000,2009.0,Q3,10-Q,2009-10-30,0001104659-09-061539
us-gaap,CashAndCashEquivalentsAtCarryingValue,USD,,2008-12-31,716740000,2009.0,Q2,10-Q,2009-08-03,0001104659-09-046536
us-gaap,CashAndCashEquivalentsAtCarryingValue,USD,,2008-12-31,716740000,2009.0,Q3,10-Q,2009-10-30,0001104659-09-061539
us-gaap,CashAndCashEquivalentsAtCarryingValue,USD,,2008-12-31,716740000,2009.0,FY,10-K,2010-02-26,0001104659-10-010334
us-gaap,CashAndCashEquivalentsAtCarryingValue,USD,,2008-12-31,716740000,2010.0,Q1,10-Q,2010-05-04,0001104659-10-024965
us-gaap,CashAndCashEquivalentsAtCarryingValue,USD,,2008-12-31,716740000,2010.0,Q2,10-Q,2010-08-03,0001104659-10-041413
us-gaap,CashAndCashEquivalentsAtCarryingValue,USD,,2008-12-31,716740000,2010.0,Q3,10-Q,2010-11-05,0001104659-10-056419
us-gaap,CashAndCashEquivalentsAtCarryingValue,USD,,2008-12-31,716740000,2010.0,FY,10-K,2011-03-01,0001104659-11-011083
us-gaap,CashAndCashEquivalentsAtCarryingValue,USD,,2008-12-31,716740000,2011.0,FY,10-K,2012-02-27,0001104659-12-013068
us-gaap,CashAndCashEquivalentsAtCarryingValue,USD,,2009-03-31,291275000,2009.0,Q2,10-Q,2009-08-03,0001104659-09-046536
us-gaap,CashAndCashEquivalentsAtCarryingValue,USD,,2009-03-31,291275000,2010.0,Q1,10-Q,2010-05-04,0001104659-10-024965
us-gaap,CashAndCashEquivalentsAtCarryingValue,USD,,2009-03-31,291275000,2010.0,Q2,10-Q,2010-08-03,0001104659-10-041413
us-gaap,CashAndCashEquivalentsAtCarryingValue,USD,,2009-06-30,235540000,2009.0,Q2,10-Q,2009-08-03,0001104659-09-046536
us-gaap,CashAndCashEquivalentsAtCarryingValue,USD,,2009-06-30,235540000,2009.0,Q3,10-Q,2009-10-30,0001104659-09-061539
us-gaap,CashAndCashEquivalentsAtCarryingValue,USD,,2009-06-30,235540000,2010.0,Q2,10-Q,2010-08-03,0001104659-10-041413
us-gaap,CashAndCashEquivalentsAtCarryingValue,USD,,2009-06-30,235540000,2010.0,Q3,10-Q,2010-11-05,0001104659-10-056419
us-gaap,CashAndCashEquivalentsAtCarryingValue,USD,,2009-09-30,413280000,2009.0,Q3,10-Q,2009-10-30,0001104659-09-061539
us-gaap,CashAndCashEquivalentsAtCarryingValue,USD,,2009-09-30,413280000,2010.0,Q3,10-Q,2010-11-05,0001104659-10-056419
us-gaap,CashAndCashEquivalentsAtCarryingValue,USD,,2009-12-31,772306000,2009.0,FY,10-K,2010-02-26,0001104659-10-010334
us-gaap,CashAndCashEquivalentsAtCarryingValue,USD,,2009-12-31,772306000,2010.0,Q1,10-Q,2010-05-04,0001104659-10-024965
us-gaap,CashAndCashEquivalentsAtCarryingValue,USD,,2009-12-31,772306000,2010.0,Q2,10-Q,2010-08-03,0001104659-10-041413
us-gaap,CashAndCashEquivalentsAtCarryingValue,USD,,2009-12-31,772306000,2010.0,Q3,10-Q,2010-11-05,0001104659-10-056419
us-gaap,CashAndCashEquivalentsAtCarryingValue,USD,,2009-12-31,772306000,2010.0,FY,10-K,2011-03-01,0001104659-11-011083
us-gaap,CashAndCashEquivalentsAtCarryingValue,USD,,2009-12-31,772306000,2011.0,Q1,10-Q,2011-05-06,0001104659-11-026837
us-gaap,CashAndCashEquivalentsAtCarryingValue,USD,,2009-12-31,772306000,2011.0,Q2,10-Q,2011-08-08,0001104659-11-044725
us-gaap,CashAndCashEquivalentsAtCarryingValue,USD,,2009-12-31,772306000,2011.0,Q3,10-Q,2011-11-09,0001104659-11-062516
us-gaap,CashAndCashEquivalentsAtCarryingValue,USD,,2009-12-31,772306000,2011.0,FY,10-K,2012-02-27,0001104659-12-013068
us-gaap,CashAndCashEquivalentsAtCarryingValue,USD,,2009-12-31,772306000,2012.0,FY,10-K,2013-02-28,0001104659-13-015720
us-gaap,CashAndCashEquivalentsAtCarryingValue,USD,,2010-03-31,651964000,2010.0,Q1,10-Q,2010-05-04,0001104659-10-024965
us-gaap,CashAndCashEquivalentsAtCarryingValue,USD,,2010-03-31,651964000,2010.0,Q2,10-Q,2010-08-03,0001104659-10-041413
us-gaap,CashAndCashEquivalentsAtCarryingValue,USD,,2010-03-31,651964000,2011.0,Q1,10-Q,2011-05-06,0001104659-11-026837
us-gaap,CashAndCashEquivalentsAtCarryingValue,USD,,2010-03-31,651964000,2011.0,Q2,10-Q,2011-08-08,0001104659-11-044725
us-gaap,CashAndCashEquivalentsAtCarryingValue,USD,,2010-06-30,2144623000,2010.0,Q2,10-Q,2010-08-03,0001104659-10-041413
us-gaap,CashAndCashEquivalentsAtCarryingValue,USD,,2010-06-30,2144623000,2010.0,Q3,10-Q,2010-11-05,0001104659-10-056419
us-gaap,CashAndCashEquivalentsAtCarryingValue,USD,,2010-06-30,2144623000,2011.0,Q2,10-Q,2011-08-08,0001104659-11-044725
us-gaap,CashAndCashEquivalentsAtCarryingValue,USD,,2010-06-30,2144623000,2011.0,Q3,10-Q,2011-11-09,0001104659-11-062516
us-gaap,CashAndCashEquivalentsAtCarryingValue,USD,,2010-09-30,2236698000,2010.0,Q3,10-Q,2010-11-05,0001104659-10-056419
us-gaap,CashAndCashEquivalentsAtCarryingValue,USD,,2010-09-30,2236698000,2011.0,Q3,10-Q,2011-11-09,0001104659-11-062516
us-gaap,CashAndCashEquivalentsAtCarryingValue,USD,,2010-12-31,2192677000,2010.0,FY,10-K,2011-03-01,0001104659-11-011083
us-gaap,CashAndCashEquivalentsAtCarryingValue,USD,,2010-12-31,2192677000,2011.0,Q1,10-Q,2011-05-06,0001104659-11-026837
us-gaap,CashAndCashEquivalentsAtCarryingValue,USD,,2010-12-31,2192677000,2011.0,Q2,10-Q,2011-08-08,0001104659-11-044725
us-gaap,CashAndCashEquivalentsAtCarryingValue,USD,,2010-12-31,2192677000,2011.0,Q3,10-Q,2011-11-09,0001104659-11-062516
us-gaap,CashAndCashEquivalentsAtCarryingValue,USD,,2010-12-31,2192677000,2011.0,FY,10-K,2012-02-27,0001104659-12-013068
us-gaap,CashAndCashEquivalentsAtCarryingValue,USD,,2010-12-31,2192677000,2012.0,Q1,10-Q,2012-05-02,0001104659-12-032009
us-gaap,CashAndCashEquivalentsAtCarryingValue,USD,,2010-12-31,2192677000,2012.0,Q2,10-Q,2012-08-03,0001104659-12-054018
us-gaap,CashAndCashEquivalentsAtCarryingValue,USD,,2010-12-31,2192677000,2012.0,Q3,10-Q,2012-10-25,0001104659-12-071128
us-gaap,CashAndCashEquivalentsAtCarryingValue,USD,,2010-12-31,2192677000,2012.0,FY,10-K,2013-02-28,0001104659-13-015720
us-gaap,CashAndCashEquivalentsAtCarryingValue,USD,,2010-12-31,2192677000,2013.0,FY,10-K,2014-02-27,0001104659-14-014124
us-gaap,CashAndCashEquivalentsAtCarryingValue,USD,,2010-12-31,848118000,2014.0,FY,10-K,2015-03-02,0001104659-15-015406
us-gaap,CashAndCashEquivalentsAtCarryingValue,USD,,2011-03-31,1973297000,2011.0,Q1,10-Q,2011-05-06,0001104659-11-026837
us-gaap,CashAndCashEquivalentsAtCarryingValue,USD,,2011-03-31,1973297000,2011.0,Q2,10-Q,2011-08-08,0001104659-11-044725
us-gaap,CashAndCashEquivalentsAtCarryingValue,USD,,2011-03-31,1973297000,2012.0,Q1,10-Q,2012-05-02,0001104659-12-032009
us-gaap,CashAndCashEquivalentsAtCarryingValue,USD,,2011-03-31,1973297000,2012.0,Q2,10-Q,2012-08-03,0001104659-12-054018
us-gaap,CashAndCashEquivalentsAtCarryingValue,USD,,2011-06-30,1453841000,2011.0,Q2,10-Q,2011-08-08,0001104659-11-044725
us-gaap,CashAndCashEquivalentsAtCarryingValue,USD,,2011-06-30,1453841000,2011.0,Q3,10-Q,2011-11-09,0001104659-11-062516
us-gaap,CashAndCashEquivalentsAtCarryingValue,USD,,2011-06-30,1453841000,2012.0,Q2,10-Q,2012-08-03,0001104659-12-054018
us-gaap,CashAndCashEquivalentsAtCarryingValue,USD,,2011-06-30,1453841000,2012.0,Q3,10-Q,2012-10-25,0001104659-12-071128
us-gaap,CashAndCashEquivalentsAtCarryingValue,USD,,2011-09-30,1243135000,2011.0,Q3,10-Q,2011-11-09,0001104659-11-062516
us-gaap,CashAndCashEquivalentsAtCarryingValue,USD,,2011-09-30,1243135000,2012.0,Q3,10-Q,2012-10-25,0001104659-12-071128
us-gaap,CashAndCashEquivalentsAtCarryingValue,USD,,2011-12-31,848118000,2011.0,FY,10-K,2012-02-27,0001104659-12-013068
us-gaap,CashAndCashEquivalentsAtCarryingValue,USD,,2011-12-31,848118000,2012.0,Q1,10-Q,2012-05-02,0001104659-12-032009
us-gaap,CashAndCashEquivalentsAtCarryingValue,USD,,2011-12-31,848118000,2012.0,Q2,10-Q,2012-08-03,0001104659-12-054018
us-gaap,CashAndCashEquivalentsAtCarryingValue,USD,,2011-12-31,848118000,2012.0,Q3,10-Q,2012-10-25,0001104659-12-071128
us-gaap,CashAndCashEquivalentsAtCarryingValue,USD,,2011-12-31,848118000,2012.0,FY,10-K,2013-02-28,0001104659-13-015720
us-gaap,CashAndCashEquivalentsAtCarryingValue,USD,,2011-12-31,848118000,2013.0,Q1,10-Q,2013-04-30,0001104659-13-035267
us-gaap,CashAndCashEquivalentsAtCarryingValue,USD,,2011-12-31,848118000,2013.0,Q2,10-Q,2013-08-05,0001104659-13-059871
us-gaap,CashAndCashEquivalentsAtCarryingValue,USD,,2011-12-31,848118000,2013.0,Q3,10-Q,2013-10-30,0001104659-13-079258
us-gaap,CashAndCashEquivalentsAtCarryingValue,USD,,2011-12-31,848118000,2013.0,FY,10-K,2014-02-27,0001104659-14-014124
us-gaap,CashAndCashEquivalentsAtCarryingValue,USD,,2012-03-31,1518181000,2012.0,Q1,10-Q,2012-05-02,0001104659-12-032009
us-gaap,CashAndCashEquivalentsAtCarryingValue,USD,,2012-03-31,1518181000,2012.0,Q2,10-Q,2012-08-03,0001104659-12-054018
us-gaap,CashAndCashEquivalentsAtCarryingValue,USD,,2012-03-31,1518181000,2013.0,Q1,10-Q,2013-04-30,0001104659-13-035267
us-gaap,CashAndCashEquivalentsAtCarryingValue,USD,,2012-03-31,1518181000,2013.0,Q2,10-Q,2013-08-05,0001104659-13-059871
us-gaap,CashAndCashEquivalentsAtCarryingValue,USD,,2012-06-30,1079371000,2012.0,Q2,10-Q,2012-08-03,0001104659-12-054018
us-gaap,CashAndCashEquivalentsAtCarryingValue,USD,,2012-06-30,1079371000,2012.0,Q3,10-Q,2012-10-25,0001104659-12-071128
us-gaap,CashAndCashEquivalentsAtCarryingValue,USD,,2012-06-30,1079371000,2013.0,Q2,10-Q,2013-08-05,0001104659-13-059871
us-gaap,CashAndCashEquivalentsAtCarryingValue,USD,,2012-06-30,1079371000,2013.0,Q3,10-Q,2013-10-30,0001104659-13-079258
us-gaap,CashAndCashEquivalentsAtCarryingValue,USD,,2012-09-30,1157805000,2012.0,Q3,10-Q,2012-10-25,0001104659-12-071128
us-gaap,CashAndCashEquivalentsAtCarryingValue,USD,,2012-09-30,1157805000,2013.0,Q3,10-Q,2013-10-30,0001104659-13-079258
us-gaap,CashAndCashEquivalentsAtCarryingValue,USD,,2012-12-31,2459488000,2012.0,FY,10-K,2013-02-28,0001104659-13-015720
us-gaap,CashAndCashEquivalentsAtCarryingValue,USD,,2012-12-31,2459488000,2013.0,Q1,10-Q,2013-04-30,0001104659-13-035267
us-gaap,CashAndCashEquivalentsAtCarryingValue,USD,,2012-12-31,2459488000,2013.0,Q2,10-Q,2013-08-05,0001104659-13-059871
us-gaap,CashAndCashEquivalentsAtCarryingValue,USD,,2012-12-31,2459488000,2013.0,Q3,10-Q,2013-10-30,0001104659-13-079258
us-gaap,CashAndCashEquivalentsAtCarryingValue,USD,,2012-12-31,2459488000,2013.0,FY,10-K,2014-02-27,0001104659-14-014124
us-gaap,CashAndCashEquivalentsAtCarryingValue,USD,,2012-12-31,2459488000,2014.0,Q1,10-Q,2014-05-06,0001104659-14-035021
us-gaap,CashAndCashEquivalentsAtCarryingValue,USD,,2012-12-31,2459488000,2014.0,Q2,10-Q,2014-08-05,0001104659-14-057009
us-gaap,CashAndCashEquivalentsAtCarryingValue,USD,,2012-12-31,2459488000,2014.0,Q3,10-Q,2014-10-31,0001104659-14-075626
us-gaap,CashAndCashEquivalentsAtCarryingValue,USD,,2012-12-31,2459488000,2014.0,FY,10-K,2015-03-02,0001104659-15-015406
us-gaap,CashAndCashEquivalentsAtCarryingValue,USD,,2012-12-31,2459500000,2015.0,FY,10-K,2016-02-26,0001104659-16-100568
us-gaap,CashAndCashEquivalentsAtCarryingValue,USD,,2013-03-31,2462350000,2013.0,Q1,10-Q,2013-04-30,0001104659-13-035267
us-gaap,CashAndCashEquivalentsAtCarryingValue,USD,,2013-03-31,2462350000,2013.0,Q2,10-Q,2013-08-05,0001104659-13-059871
us-gaap,CashAndCashEquivalentsAtCarryingValue,USD,,2013-03-31,2462350000,2014.0,Q1,10-Q,2014-05-06,0001104659-14-035021
us-gaap,CashAndCashEquivalentsAtCarryingValue,USD,,2013-03-31,2462350000,2014.0,Q2,10-Q,2014-08-05,0001104659-14-057009
us-gaap,CashAndCashEquivalentsAtCarryingValue,USD,,2013-06-30,1939682000,2013.0,Q2,10-Q,2013-08-05,0001104659-13-059871
us-gaap,CashAndCashEquivalentsAtCarryingValue,USD,,2013-06-30,1939682000,2013.0,Q3,10-Q,2013-10-30,0001104659-13-079258
us-gaap,CashAndCashEquivalentsAtCarryingValue,USD,,2013-06-30,1939682000,2014.0,Q2,10-Q,2014-08-05,0001104659-14-057009
us-gaap,CashAndCashEquivalentsAtCarryingValue,USD,,2013-06-30,1939682000,2014.0,Q3,10-Q,2014-10-31,0001104659-14-075626
us-gaap,CashAndCashEquivalentsAtCarryingValue,USD,,2013-09-30,1795299000,2013.0,Q3,10-Q,2013-10-30,0001104659-13-079258
us-gaap,CashAndCashEquivalentsAtCarryingValue,USD,,2013-09-30,1795299000,2014.0,Q3,10-Q,2014-10-31,0001104659-14-075626
us-gaap,CashAndCashEquivalentsAtCarryingValue,USD,,2013-12-31,1672695000,2013.0,FY,10-K,2014-02-27,0001104659-14-014124
us-gaap,CashAndCashEquivalentsAtCarryingValue,USD,,2013-12-31,1672695000,2014.0,Q1,10-Q,2014-05-06,0001104659-14-035021
us-gaap,CashAndCashEquivalentsAtCarryingValue,USD,,2013-12-31,1672695000,2014.0,Q2,10-Q,2014-08-05,0001104659-14-057009
us-gaap,CashAndCashEquivalentsAtCarryingValue,USD,,2013-12-31,1672695000,2014.0,Q3,10-Q,2014-10-31,0001104659-14-075626
us-gaap,CashAndCashEquivalentsAtCarryingValue,USD,,2013-12-31,1672695000,2014.0,FY,10-K,2015-03-02,0001104659-15-015406
us-gaap,CashAndCashEquivalentsAtCarryingValue,USD,,2013-12-31,1672695000,2015.0,Q1,10-Q,2015-04-30,0001104659-15-032631
us-gaap,CashAndCashEquivalentsAtCarryingValue,USD,,2013-12-31,1672695000,2015.0,Q2,10-Q,2015-07-31,0001104659-15-054941
us-gaap,CashAndCashEquivalentsAtCarryingValue,USD,,2013-12-31,1672695000,2015.0,Q3,10-Q,2015-10-30,0001104659-15-074538
us-gaap,CashAndCashEquivalentsAtCarryingValue,USD,,2013-12-31,1672700000,2015.0,FY,10-K,2016-02-26,0001104659-16-100568
us-gaap,CashAndCashEquivalentsAtCarryingValue,USD,,2013-12-31,1672700000,2016.0,FY,10-K,2017-03-01,0001047469-17-001143
us-gaap,CashAndCashEquivalentsAtCarryingValue,USD,,2014-03-31,1473101000,2014.0,Q1,10-Q,2014-05-06,0001104659-14-035021
us-gaap,CashAndCashEquivalentsAtCarryingValue,USD,,2014-03-31,1473101000,2014.0,Q2,10-Q,2014-08-05,0001104659-14-057009
us-gaap,CashAndCashEquivalentsAtCarryingValue,USD,,2014-03-31,1473101000,2015.0,Q1,10-Q,2015-04-30,0001104659-15-032631
us-gaap,CashAndCashEquivalentsAtCarryingValue,USD,,2014-03-31,1473101000,2015.0,Q2,10-Q,2015-07-31,0001104659-15-054941
us-gaap,CashAndCashEquivalentsAtCarryingValue,USD,,2014-06-30,1335364000,2014.0,Q2,10-Q,2014-08-05,0001104659-14-057009
us-gaap,CashAndCashEquivalentsAtCarryingValue,USD,,2014-06-30,1335364000,2014.0,Q3,10-Q,2014-10-31,0001104659-14-075626
us-gaap,CashAndCashEquivalentsAtCarryingValue,USD,,2014-06-30,1335364000,2015.0,Q2,10-Q,2015-07-31,0001104659-15-054941
us-gaap,CashAndCashEquivalentsAtCarryingValue,USD,,2014-06-30,1335364000,2015.0,Q3,10-Q,2015-10-30,0001104659-15-074538
us-gaap,CashAndCashEquivalentsAtCarryingValue,USD,,2014-09-30,1034174000,2014.0,Q3,10-Q,2014-10-31,0001104659-14-075626
us-gaap,CashAndCashEquivalentsAtCarryingValue,USD,,2014-09-30,1034174000,2015.0,Q3,10-Q,2015-10-30,0001104659-15-074538
us-gaap,CashAndCashEquivalentsAtCarryingValue,USD,,2014-12-31,363970000,2014.0,FY,10-K,2015-03-02,0001104659-15-015406
us-gaap,CashAndCashEquivalentsAtCarryingValue,USD,,2014-12-31,363970000,2015.0,Q1,10-Q,2015-04-30,0001104659-15-032631
us-gaap,CashAndCashEquivalentsAtCarryingValue,USD,,2014-12-31,363970000,2015.0,Q2,10-Q,2015-07-31,0001104659-15-054941
us-gaap,CashAndCashEquivalentsAtCarryingValue,USD,,2014-12-31,363970000,2015.0,Q3,10-Q,2015-10-30,0001104659-15-074538
us-gaap,CashAndCashEquivalentsAtCarryingValue,USD,,2014-12-31,364000000,2015.0,FY,10-K,2016-02-26,0001104659-16-100568
us-gaap,CashAndCashEquivalentsAtCarryingValue,USD,,2014-12-31,364000000,2016.0,Q1,10-Q,2016-05-02,0001104659-16-116655
us-gaap,CashAndCashEquivalentsAtCarryingValue,USD,,2014-12-31,364000000,2016.0,Q2,10-Q,2016-08-01,0001104659-16-135779
us-gaap,CashAndCashEquivalentsAtCarryingValue,USD,,2014-12-31,364000000,2016.0,Q3,10-Q,2016-11-08,0001104659-16-155547
us-gaap,CashAndCashEquivalentsAtCarryingValue,USD,,2014-12-31,364000000,2016.0,FY,10-K,2017-03-01,0001047469-17-001143
us-gaap,CashAndCashEquivalentsAtCarryingValue,USD,,2014-12-31,364000000,2017.0,FY,10-K,2018-03-01,0001047469-18-001211
us-gaap,CashAndCashEquivalentsAtCarryingValue,USD,,2015-03-31,192138000,2015.0,Q1,10-Q,2015-04-30,0001104659-15-032631
us-gaap,CashAndCashEquivalentsAtCarryingValue,USD,,2015-03-31,192138000,2015.0,Q2,10-Q,2015-07-31,0001104659-15-054941
us-gaap,CashAndCashEquivalentsAtCarryingValue,USD,,2015-03-31,192100000,2016.0,Q1,10-Q,2016-05-02,0001104659-16-116655
us-gaap,CashAndCashEquivalentsAtCarryingValue,USD,,2015-03-31,192100000,2016.0,Q2,10-Q,2016-08-01,0001104659-16-135779
us-gaap,CashAndCashEquivalentsAtCarryingValue,USD,,2015-06-30,1572343000,2015.0,Q2,10-Q,2015-07-31,0001104659-15-054941
us-gaap,CashAndCashEquivalentsAtCarryingValue,USD,,2015-06-30,1572343000,2015.0,Q3,10-Q,2015-10-30,0001104659-15-074538
us-gaap,CashAndCashEquivalentsAtCarryingValue,USD,,2015-06-30,1572300000,2016.0,Q2,10-Q,2016-08-01,0001104659-16-135779
us-gaap,CashAndCashEquivalentsAtCarryingValue,USD,,2015-06-30,1572300000,2016.0,Q3,10-Q,2016-11-08,0001104659-16-155547
us-gaap,CashAndCashEquivalentsAtCarryingValue,USD,,2015-09-30,504491000,2015.0,Q3,10-Q,2015-10-30,0001104659-15-074538
us-gaap,CashAndCashEquivalentsAtCarryingValue,USD,,2015-09-30,504500000,2016.0,Q3,10-Q,2016-11-08,0001104659-16-155547
us-gaap,CashAndCashEquivalentsAtCarryingValue,USD,,2015-12-31,274500000,2015.0,FY,10-K,2016-02-26,0001104659-16-100568
us-gaap,CashAndCashEquivalentsAtCarryingValue,USD,,2015-12-31,274500000,2016.0,Q1,10-Q,2016-05-02,0001104659-16-116655
us-gaap,CashAndCashEquivalentsAtCarryingValue,USD,,2015-12-31,274500000,2016.0,Q2,10-Q,2016-08-01,0001104659-16-135779
us-gaap,CashAndCashEquivalentsAtCarryingValue,USD,,2015-12-31,274500000,2016.0,Q3,10-Q,2016-11-08,0001104659-16-155547
us-gaap,CashAndCashEquivalentsAtCarryingValue,USD,,2015-12-31,274500000,2016.0,FY,10-K,2017-03-01,0001047469-17-001143
us-gaap,CashAndCashEquivalentsAtCarryingValue,USD,,2015-12-31,274500000,2017.0,Q1,10-Q,2017-05-08,0001104659-17-030725
us-gaap,CashAndCashEquivalentsAtCarryingValue,USD,,2015-12-31,274500000,2017.0,Q2,10-Q,2017-08-02,0001104659-17-048968
us-gaap,CashAndCashEquivalentsAtCarryingValue,USD,,2015-12-31,274500000,2017.0,Q3,10-Q,2017-11-06,0001104659-17-066129
us-gaap,CashAndCashEquivalentsAtCarryingValue,USD,,2015-12-31,274500000,2017.0,FY,10-K,2018-03-01,0001047469-18-001211
us-gaap,CashAndCashEquivalentsAtCarryingValue,USD,,2016-03-31,376000000,2016.0,Q1,10-Q,2016-05-02,0001104659-16-116655
us-gaap,CashAndCashEquivalentsAtCarryingValue,USD,,2016-03-31,376000000,2016.0,Q2,10-Q,2016-08-01,0001104659-16-135779
us-gaap,CashAndCashEquivalentsAtCarryingValue,USD,,2016-03-31,376000000,2017.0,Q1,10-Q,2017-05-08,0001104659-17-030725
us-gaap,CashAndCashEquivalentsAtCarryingValue,USD,,2016-03-31,376000000,2017.0,Q2,10-Q,2017-08-02,0001104659-17-048968
us-gaap,CashAndCashEquivalentsAtCarryingValue,USD,,2016-06-30,452500000,2016.0,Q2,10-Q,2016-08-01,0001104659-16-135779
us-gaap,CashAndCashEquivalentsAtCarryingValue,USD,,2016-06-30,452500000,2016.0,Q3,10-Q,2016-11-08,0001104659-16-155547
us-gaap,CashAndCashEquivalentsAtCarryingValue,USD,,2016-06-30,452500000,2017.0,Q2,10-Q,2017-08-02,0001104659-17-048968
us-gaap,CashAndCashEquivalentsAtCarryingValue,USD,,2016-06-30,452500000,2017.0,Q3,10-Q,2017-11-06,0001104659-17-066129
us-gaap,CashAndCashEquivalentsAtCarryingValue,USD,,2016-09-30,511500000,2016.0,Q3,10-Q,2016-11-08,0001104659-16-155547
us-gaap,CashAndCashEquivalentsAtCarryingValue,USD,,2016-09-30,511500000,2017.0,Q3,10-Q,2017-11-06,0001104659-17-066129
us-gaap,CashAndCashEquivalentsAtCarryingValue,USD,,2016-12-31,546000000,2016.0,FY,10-K,2017-03-01,0001047469-17-001143
us-gaap,CashAndCashEquivalentsAtCarryingValue,USD,,2016-12-31,546000000,2017.0,Q1,10-Q,2017-05-08,0001104659-17-030725
us-gaap,CashAndCashEquivalentsAtCarryingValue,USD,,2016-12-31,546000000,2017.0,Q2,10-Q,2017-08-02,0001104659-17-048968
us-gaap,CashAndCashEquivalentsAtCarryingValue,USD,,2016-12-31,546000000,2017.0,Q3,10-Q,2017-11-06,0001104659-17-066129
us-gaap,CashAndCashEquivalentsAtCarryingValue,USD,,2016-12-31,546000000,2017.0,FY,10-K,2018-03-01,0001047469-18-001211
us-gaap,CashAndCashEquivalentsAtCarryingValue,USD,,2016-12-31,546000000,2018.0,Q1,10-Q,2018-05-02,0001104659-18-029826
us-gaap,CashAndCashEquivalentsAtCarryingValue,USD,,2017-03-31,698700000,2017.0,Q1,10-Q,2017-05-08,0001104659-17-030725
us-gaap,CashAndCashEquivalentsAtCarryingValue,USD,,2017-03-31,698700000,2017.0,Q2,10-Q,2017-08-02,0001104659-17-048968
us-gaap,CashAndCashEquivalentsAtCarryingValue,USD,,2017-03-31,698700000,2018.0,Q1,10-Q,2018-05-02,0001104659-18-029826
us-gaap,CashAndCashEquivalentsAtCarryingValue,USD,,2017-06-30,688700000,2017.0,Q2,10-Q,2017-08-02,0001104659-17-048968
us-gaap,CashAndCashEquivalentsAtCarryingValue,USD,,2017-06-30,688700000,2017.0,Q3,10-Q,2017-11-06,0001104659-17-066129
us-gaap,CashAndCashEquivalentsAtCarryingValue,USD,,2017-09-30,798500000,2017.0,Q3,10-Q,2017-11-06,0001104659-17-066129
us-gaap,CashAndCashEquivalentsAtCarryingValue,USD,,2017-12-31,1004800000,2017.0,FY,10-K,2018-03-01,0001047469-18-001211
us-gaap,CashAndCashEquivalentsAtCarryingValue,USD,,2017-12-31,1004800000,2018.0,Q1,10-Q,2018-05-02,0001104659-18-029826
us-gaap,CashAndCashEquivalentsAtCarryingValue,USD,,2017-12-31,1004800000,2018.0,Q2,10-Q,2018-07-30,0001104659-18-048110
us-gaap,CashAndCashEquivalentsAtCarryingValue,USD,,2017-12-31,1004800000,2018.0,Q3,10-Q,2018-10-31,0001104659-18-065091
us-gaap,CashAndCashEquivalentsAtCarryingValue,USD,,2017-12-31,1004800000,2018.0,FY,10-K,2019-03-01,0001047469-19-000845
us-gaap,CashAndCashEquivalentsAtCarryingValue,USD,,2018-03-31,1068200000,2018.0,Q1,10-Q,2018-05-02,0001104659-18-029826
us-gaap,CashAndCashEquivalentsAtCarryingValue,USD,,2018-06-30,1032500000,2018.0,Q2,10-Q,2018-07-30,0001104659-18-048110
us-gaap,CashAndCashEquivalentsAtCarryingValue,USD,,2018-09-30,967300000,2018.0,Q3,10-Q,2018-10-31,0001104659-18-065091
us-gaap,CashAndCashEquivalentsAtCarryingValue,USD,,2018-12-31,844600000,2018.0,FY,10-K,2019-03-01,0001047469-19-000845
us-gaap,CashAndCashEquivalentsAtCarryingValue,USD,,2018-12-31,844600000,2019.0,Q1,10-Q,2019-04-29,0001104659-19-024559
us-gaap,CashAndCashEquivalentsAtCarryingValue,USD,,2018-12-31,844600000,2019.0,Q2,10-Q,2019-07-26,0001558370-19-006372
us-gaap,CashAndCashEquivalentsAtCarryingValue,USD,,2018-12-31,844600000,2019.0,Q3,10-Q,2019-10-28,0001558370-19-009220
us-gaap,CashAndCashEquivalentsAtCarryingValue,USD,,2018-12-31,844600000,2019.0,FY,10-K,2020-02-28,0001558370-20-001781
us-gaap,CashAndCashEquivalentsAtCarryingValue,USD,,2019-03-31,737000000,2019.0,Q1,10-Q,2019-04-29,0001104659-19-024559
us-gaap,CashAndCashEquivalentsAtCarryingValue,USD,,2019-06-30,752200000,2019.0,Q2,10-Q,2019-07-26,0001558370-19-006372
us-gaap,CashAndCashEquivalentsAtCarryingValue,USD,,2019-09-30,1935200000,2019.0,Q3,10-Q,2019-10-28,0001558370-19-009220
us-gaap,CashAndCashEquivalentsAtCarryingValue,USD,,2019-12-31,1925100000,2019.0,FY,10-K,2020-02-28,0001558370-20-001781
us-gaap,CashAndCashEquivalentsAtCarryingValue,USD,,2019-12-31,1925100000,2020.0,Q1,10-Q,2020-05-04,0001558370-20-005051
us-gaap,CashAndCashEquivalentsAtCarryingValue,USD,,2019-12-31,1925100000,2020.0,Q2,10-Q,2020-07-30,0001558370-20-008790
us-gaap,CashAndCashEquivalentsAtCarryingValue,USD,,2019-12-31,1925100000,2020.0,Q3,10-Q,2020-10-28,0001558370-20-011919
us-gaap,CashAndCashEquivalentsAtCarryingValue,USD,,2019-12-31,1925100000,2020.0,FY,10-K,2021-02-26,0001558370-21-001894
us-gaap,CashAndCashEquivalentsAtCarryingValue,USD,,2020-03-31,2051600000,2020.0,Q1,10-Q,2020-05-04,0001558370-20-005051
us-gaap,CashAndCashEquivalentsAtCarryingValue,USD,,2020-06-30,1808800000,2020.0,Q2,10-Q,2020-07-30,0001558370-20-008790
us-gaap,CashAndCashEquivalentsAtCarryingValue,USD,,2020-09-30,2145400000,2020.0,Q3,10-Q,2020-10-28,0001558370-20-011919
us-gaap,CashAndCashEquivalentsAtCarryingValue,USD,,2020-12-31,2183600000,2020.0,FY,10-K,2021-02-26,0001558370-21-001894
us-gaap,CashAndCashEquivalentsAtCarryingValue,USD,,2020-12-31,2183600000,2021.0,Q1,10-Q,2021-04-30,0001558370-21-005441
us-gaap,CashAndCashEquivalentsAtCarryingValue,USD,,2020-12-31,2183600000,2021.0,Q2,10-Q,2021-07-27,0001558370-21-009358
us-gaap,CashAndCashEquivalentsAtCarryingValue,USD,,2020-12-31,2183600000,2021.0,Q3,10-Q,2021-11-01,0001558370-21-013931
us-gaap,CashAndCashEquivalentsAtCarryingValue,USD,,2020-12-31,2183600000,2021.0,FY,10-K,2022-03-07,0001558370-22-002968
us-gaap,CashAndCashEquivalentsAtCarryingValue,USD,,2021-03-31,2267300000,2021.0,Q1,10-Q,2021-04-30,0001558370-21-005441
us-gaap,CashAndCashEquivalentsAtCarryingValue,USD,,2021-06-30,2394300000,2021.0,Q2,10-Q,2021-07-27,0001558370-21-009358
us-gaap,CashAndCashEquivalentsAtCarryingValue,USD,,2021-09-30,2583700000,2021.0,Q3,10-Q,2021-11-01,0001558370-21-013931
us-gaap,CashAndCashEquivalentsAtCarryingValue,USD,,2021-12-31,3002000000,2021.0,FY,10-K,2022-03-07,0001558370-22-002968
us-gaap,CashAndCashEquivalentsAtCarryingValue,USD,,2021-12-31,3002000000,2022.0,Q1,10-Q,2022-05-05,0001558370-22-007434
us-gaap,CashAndCashEquivalentsAtCarryingValue,USD,,2021-12-31,3002000000,2022.0,Q2,10-Q,2022-07-27,0001558370-22-011154
us-gaap,CashAndCashEquivalentsAtCarryingValue,USD,,2021-12-31,3002000000,2022.0,Q3,10-Q,2022-10-31,0001558370-22-015661
us-gaap,CashAndCashEquivalentsAtCarryingValue,USD,,2021-12-31,3002000000,2022.0,FY,10-K,2023-02-28,0001558370-23-002328
us-gaap,CashAndCashEquivalentsAtCarryingValue,USD,,2022-03-31,2847200000,2022.0,Q1,10-Q,2022-05-05,0001558370-22-007434
us-gaap,CashAndCashEquivalentsAtCarryingValue,USD,,2022-06-30,2113100000,2022.0,Q2,10-Q,2022-07-27,0001558370-22-011154
us-gaap,CashAndCashEquivalentsAtCarryingValue,USD,,2022-09-30,2184500000,2022.0,Q3,10-Q,2022-10-31,0001558370-22-015661
us-gaap,CashAndCashEquivalentsAtCarryingValue,USD,,2022-12-31,2069700000,2022.0,FY,10-K,2023-02-28,0001558370-23-002328
us-gaap,CashAndCashEquivalentsAtCarryingValue,USD,,2022-12-31,2069700000,2023.0,Q1,10-Q,2023-05-02,0001558370-23-007689
us-gaap,CashAndCashEquivalentsAtCarryingValue,USD,,2022-12-31,2069700000,2023.0,Q2,10-Q,2023-08-01,0001558370-23-012746
us-gaap,CashAndCashEquivalentsAtCarryingValue,USD,,2022-12-31,2069700000,2023.0,Q3,10-Q,2023-11-01,0001558370-23-017203
us-gaap,CashAndCashEquivalentsAtCarryingValue,USD,,2022-12-31,2069700000,2023.0,FY,10-K,2024-02-29,0001558370-24-002119
us-gaap,CashAndCashEquivalentsAtCarryingValue,USD,,2023-03-31,2299800000,2023.0,Q1,10-Q,2023-05-02,0001558370-23-007689
us-gaap,CashAndCashEquivalentsAtCarryingValue,USD,,2023-06-30,2199000000,2023.0,Q2,10-Q,2023-08-01,0001558370-23-012746
us-gaap,CashAndCashEquivalentsAtCarryingValue,USD,,2023-09-30,1967100000,2023.0,Q3,10-Q,2023-11-01,0001558370-23-017203
us-gaap,CashAndCashEquivalentsAtCarryingValue,USD,,2023-12-31,1151500000,2023.0,FY,10-K,2024-02-29,0001558370-24-002119
us-gaap,CashAndCashEquivalentsAtCarryingValue,USD,,2023-12-31,1151500000,2024.0,Q1,10-Q,2024-04-30,0001558370-24-006251
us-gaap,CashAndCashEquivalentsAtCarryingValue,USD,,2023-12-31,1151500000,2024.0,Q2,10-Q,2024-08-02,0001558370-24-010710
us-gaap,CashAndCashEquivalentsAtCarryingValue,USD,,2023-12-31,1151500000,2024.0,Q3,10-Q,2024-10-31,0001558370-24-014045
us-gaap,CashAndCashEquivalentsAtCarryingValue,USD,,2023-12-31,1151500000,2024.0,FY,10-K,2025-03-03,0001558370-25-002017
us-gaap,CashAndCashEquivalentsAtCarryingValue,USD,,2024-03-31,1252200000,2024.0,Q1,10-Q,2024-04-30,0001558370-24-006251
us-gaap,CashAndCashEquivalentsAtCarryingValue,USD,,2024-06-30,1875300000,2024.0,Q2,10-Q,2024-08-02,0001558370-24-010710
us-gaap,CashAndCashEquivalentsAtCarryingValue,USD,,2024-09-30,2654800000,2024.0,Q3,10-Q,2024-10-31,0001558370-24-014045
us-gaap,CashAndCashEquivalentsAtCarryingValue,USD,,2024-12-31,3258100000,2024.0,FY,10-K,2025-03-03,0001558370-25-002017
us-gaap,CashAndCashEquivalentsAtCarryingValue,USD,,2024-12-31,3258100000,2025.0,Q1,10-Q,2025-04-30,0001558370-25-005975
us-gaap,CashAndCashEquivalentsAtCarryingValue,USD,,2024-12-31,3258100000,2025.0,Q2,10-Q,2025-07-31,0001558370-25-009879
us-gaap,CashAndCashEquivalentsAtCarryingValue,USD,,2024-12-31,3258100000,2025.0,Q3,10-Q,2025-10-31,0001104659-25-104914
us-gaap,CashAndCashEquivalentsAtCarryingValue,USD,,2024-12-31,3258100000,2025.0,FY,10-K,2026-02-27,0001104659-26-021492
us-gaap,CashAndCashEquivalentsAtCarryingValue,USD,,2025-03-31,4116300000,2025.0,Q1,10-Q,2025-04-30,0001558370-25-005975
us-gaap,CashAndCashEquivalentsAtCarryingValue,USD,,2025-06-30,3334900000,2025.0,Q2,10-Q,2025-07-31,0001558370-25-009879
us-gaap,CashAndCashEquivalentsAtCarryingValue,USD,,2025-09-30,3949600000,2025.0,Q3,10-Q,2025-10-31,0001104659-25-104914
us-gaap,CashAndCashEquivalentsAtCarryingValue,USD,,2025-12-31,4304600000,2025.0,FY,10-K,2026-02-27,0001104659-26-021492
us-gaap,CashAndCashEquivalentsAtCarryingValue,USD,,2025-12-31,4304600000,2026.0,Q1,10-Q,2026-04-30,0001104659-26-052647
us-gaap,CashAndCashEquivalentsAtCarryingValue,USD,,2025-12-31,4304600000,2026.0,Q2,10-Q,2026-07-31,0001104659-26-089169
us-gaap,CashAndCashEquivalentsAtCarryingValue,USD,,2026-03-31,4915400000,2026.0,Q1,10-Q,2026-04-30,0001104659-26-052647
us-gaap,CashAndCashEquivalentsAtCarryingValue,USD,,2026-06-30,5665000000,2026.0,Q2,10-Q,2026-07-31,0001104659-26-089169
dei,EntityCommonStockSharesOutstanding,shares,,2009-07-31,850012000,2009.0,Q2,10-Q,2009-08-03,0001104659-09-046536
dei,EntityCommonStockSharesOutstanding,shares,,2009-10-31,850000000,2009.0,Q3,10-Q,2009-10-30,0001104659-09-061539
dei,EntityCommonStockSharesOutstanding,shares,,2010-01-31,850000000,2009.0,FY,10-K,2010-02-26,0001104659-10-010334
dei,EntityCommonStockSharesOutstanding,shares,,2010-04-30,850000000,2010.0,Q1,10-Q,2010-05-04,0001104659-10-024965
dei,EntityCommonStockSharesOutstanding,shares,,2010-07-30,850000000,2010.0,Q2,10-Q,2010-08-03,0001104659-10-041413
dei,EntityCommonStockSharesOutstanding,shares,,2010-10-29,850000000,2010.0,Q3,10-Q,2010-11-05,0001104659-10-056419
dei,EntityCommonStockSharesOutstanding,shares,,2011-01-31,850000000,2010.0,FY,10-K,2011-03-01,0001104659-11-011083
dei,EntityCommonStockSharesOutstanding,shares,,2011-04-30,850000000,2011.0,Q1,10-Q,2011-05-06,0001104659-11-026837
dei,EntityCommonStockSharesOutstanding,shares,,2011-07-30,845432480,2011.0,Q2,10-Q,2011-08-08,0001104659-11-044725
dei,EntityCommonStockSharesOutstanding,shares,,2011-10-31,840980000,2011.0,Q3,10-Q,2011-11-09,0001104659-11-062516
dei,EntityCommonStockSharesOutstanding,shares,,2012-01-31,840980000,2011.0,FY,10-K,2012-02-27,0001104659-12-013068
dei,EntityCommonStockSharesOutstanding,shares,,2012-04-30,849700000,2012.0,Q1,10-Q,2012-05-02,0001104659-12-032009
dei,EntityCommonStockSharesOutstanding,shares,,2012-07-31,848844400,2012.0,Q2,10-Q,2012-08-03,0001104659-12-054018
dei,EntityCommonStockSharesOutstanding,shares,,2012-10-25,845550550,2012.0,Q3,10-Q,2012-10-25,0001104659-12-071128
dei,EntityCommonStockSharesOutstanding,shares,,2013-01-31,845550550,2012.0,FY,10-K,2013-02-28,0001104659-13-015720
dei,EntityCommonStockSharesOutstanding,shares,,2013-04-30,845550550,2013.0,Q1,10-Q,2013-04-30,0001104659-13-035267
dei,EntityCommonStockSharesOutstanding,shares,,2013-07-31,842128250,2013.0,Q2,10-Q,2013-08-05,0001104659-13-059871
dei,EntityCommonStockSharesOutstanding,shares,,2013-10-25,839992838,2013.0,Q3,10-Q,2013-10-30,0001104659-13-079258
dei,EntityCommonStockSharesOutstanding,shares,,2014-01-31,833549550,2013.0,FY,10-K,2014-02-27,0001104659-14-014124
dei,EntityCommonStockSharesOutstanding,shares,,2014-04-30,833443471,2014.0,Q1,10-Q,2014-05-06,0001104659-14-035021
dei,EntityCommonStockSharesOutstanding,shares,,2014-07-31,832280423,2014.0,Q2,10-Q,2014-08-05,0001104659-14-057009
dei,EntityCommonStockSharesOutstanding,shares,,2014-10-29,818167302,2014.0,Q3,10-Q,2014-10-31,0001104659-14-075626
dei,EntityCommonStockSharesOutstanding,shares,,2015-01-31,806690968,2014.0,FY,10-K,2015-03-02,0001104659-15-015406
dei,EntityCommonStockSharesOutstanding,shares,,2015-04-24,798026043,2015.0,Q1,10-Q,2015-04-30,0001104659-15-032631
dei,EntityCommonStockSharesOutstanding,shares,,2015-07-30,797014243,2015.0,Q2,10-Q,2015-07-31,0001104659-15-054941
dei,EntityCommonStockSharesOutstanding,shares,,2015-10-30,785376170,2015.0,Q3,10-Q,2015-10-30,0001104659-15-074538
dei,EntityCommonStockSharesOutstanding,shares,,2016-01-31,773707070,2015.0,FY,10-K,2016-02-26,0001104659-16-100568
dei,EntityCommonStockSharesOutstanding,shares,,2016-04-25,773707070,2016.0,Q1,10-Q,2016-05-02,0001104659-16-116655
dei,EntityCommonStockSharesOutstanding,shares,,2016-07-25,773719070,2016.0,Q2,10-Q,2016-08-01,0001104659-16-135779
dei,EntityCommonStockSharesOutstanding,shares,,2016-10-31,773016469,2016.0,Q3,10-Q,2016-11-08,0001104659-16-155547
dei,EntityCommonStockSharesOutstanding,shares,,2017-02-15,773016469,2016.0,FY,10-K,2017-03-01,0001047469-17-001143
dei,EntityCommonStockSharesOutstanding,shares,,2017-04-30,773016469,2017.0,Q1,10-Q,2017-05-08,0001104659-17-030725
dei,EntityCommonStockSharesOutstanding,shares,,2017-07-31,773027269,2017.0,Q2,10-Q,2017-08-02,0001104659-17-048968
dei,EntityCommonStockSharesOutstanding,shares,,2017-10-27,773028469,2017.0,Q3,10-Q,2017-11-06,0001104659-17-066129
dei,EntityCommonStockSharesOutstanding,shares,,2018-02-23,773028469,2017.0,FY,10-K,2018-03-01,0001047469-18-001211
dei,EntityCommonStockSharesOutstanding,shares,,2018-04-26,773028469,2018.0,Q1,10-Q,2018-05-02,0001104659-18-029826
dei,EntityCommonStockSharesOutstanding,shares,,2018-07-27,773044469,2018.0,Q2,10-Q,2018-07-30,0001104659-18-048110
dei,EntityCommonStockSharesOutstanding,shares,,2018-10-26,773044469,2018.0,Q3,10-Q,2018-10-31,0001104659-18-065091
dei,EntityCommonStockSharesOutstanding,shares,,2019-02-27,773044469,2018.0,FY,10-K,2019-03-01,0001047469-19-000845
dei,EntityCommonStockSharesOutstanding,shares,,2019-04-26,773044469,2019.0,Q1,10-Q,2019-04-29,0001104659-19-024559
dei,EntityCommonStockSharesOutstanding,shares,,2019-07-24,773058869,2019.0,Q2,10-Q,2019-07-26,0001558370-19-006372
dei,EntityCommonStockSharesOutstanding,shares,,2019-10-28,773058869,2019.0,Q3,10-Q,2019-10-28,0001558370-19-009220
dei,EntityCommonStockSharesOutstanding,shares,,2020-02-26,773058869,2019.0,FY,10-K,2020-02-28,0001558370-20-001781
dei,EntityCommonStockSharesOutstanding,shares,,2020-02-26,773058869,2019.0,FY,10-K/A,2020-04-29,0001104659-20-053164
dei,EntityCommonStockSharesOutstanding,shares,,2020-04-30,773058869,2020.0,Q1,10-Q,2020-05-04,0001558370-20-005051
dei,EntityCommonStockSharesOutstanding,shares,,2020-07-29,773073269,2020.0,Q2,10-Q,2020-07-30,0001558370-20-008790
dei,EntityCommonStockSharesOutstanding,shares,,2020-10-28,773073269,2020.0,Q3,10-Q,2020-10-28,0001558370-20-011919
dei,EntityCommonStockSharesOutstanding,shares,,2021-02-24,773073269,2020.0,FY,10-K,2021-02-26,0001558370-21-001894
dei,EntityCommonStockSharesOutstanding,shares,,2021-04-30,773073269,2021.0,Q1,10-Q,2021-04-30,0001558370-21-005441
dei,EntityCommonStockSharesOutstanding,shares,,2021-07-26,773081269,2021.0,Q2,10-Q,2021-07-27,0001558370-21-009358
dei,EntityCommonStockSharesOutstanding,shares,,2021-11-01,773081269,2021.0,Q3,10-Q,2021-11-01,0001558370-21-013931
dei,EntityCommonStockSharesOutstanding,shares,,2022-03-04,773086869,2021.0,FY,10-K,2022-03-07,0001558370-22-002968
dei,EntityCommonStockSharesOutstanding,shares,,2022-03-04,773086869,2021.0,FY,10-K/A,2022-03-08,0001558370-22-002995
dei,EntityCommonStockSharesOutstanding,shares,,2022-03-04,773086869,2021.0,FY,10-K/A,2022-03-08,0001558370-22-002999
dei,EntityCommonStockSharesOutstanding,shares,,2022-05-03,773090069,2022.0,Q1,10-Q,2022-05-05,0001558370-22-007434
dei,EntityCommonStockSharesOutstanding,shares,,2022-07-27,773092469,2022.0,Q2,10-Q,2022-07-27,0001558370-22-011154
dei,EntityCommonStockSharesOutstanding,shares,,2022-10-31,773098469,2022.0,Q3,10-Q,2022-10-31,0001558370-22-015661
dei,EntityCommonStockSharesOutstanding,shares,,2023-02-28,773101669,2022.0,FY,10-K,2023-02-28,0001558370-23-002328
dei,EntityCommonStockSharesOutstanding,shares,,2023-02-28,773101669,2022.0,FY,10-K/A,2023-03-01,0001558370-23-002434
dei,EntityCommonStockSharesOutstanding,shares,,2023-05-02,773101669,2023.0,Q1,10-Q,2023-05-02,0001558370-23-007689
dei,EntityCommonStockSharesOutstanding,shares,,2023-07-31,773108069,2023.0,Q2,10-Q,2023-08-01,0001558370-23-012746
dei,EntityCommonStockSharesOutstanding,shares,,2023-10-31,773110469,2023.0,Q3,10-Q,2023-11-01,0001558370-23-017203
dei,EntityCommonStockSharesOutstanding,shares,,2024-02-28,773113269,2023.0,FY,10-K,2024-02-29,0001558370-24-002119
dei,EntityCommonStockSharesOutstanding,shares,,2024-04-30,773116069,2024.0,Q1,10-Q,2024-04-30,0001558370-24-006251
dei,EntityCommonStockSharesOutstanding,shares,,2024-07-30,781159261,2024.0,Q2,10-Q,2024-08-02,0001558370-24-010710
dei,EntityCommonStockSharesOutstanding,shares,,2024-10-31,785540179,2024.0,Q3,10-Q,2024-10-31,0001558370-24-014045
dei,EntityCommonStockSharesOutstanding,shares,,2025-02-28,796182905,2024.0,FY,10-K,2025-03-03,0001558370-25-002017
dei,EntityCommonStockSharesOutstanding,shares,,2025-04-30,796186105,2025.0,Q1,10-Q,2025-04-30,0001558370-25-005975
dei,EntityCommonStockSharesOutstanding,shares,,2025-07-31,804067925,2025.0,Q2,10-Q,2025-07-31,0001558370-25-009879
dei,EntityCommonStockSharesOutstanding,shares,,2025-10-31,812191830,2025.0,Q3,10-Q,2025-10-31,0001104659-25-104914
dei,EntityCommonStockSharesOutstanding,shares,,2026-02-26,819103082,2025.0,FY,10-K,2026-02-27,0001104659-26-021492
dei,EntityCommonStockSharesOutstanding,shares,,2026-04-29,826065041,2026.0,Q1,10-Q,2026-04-30,0001104659-26-052647
dei,EntityCommonStockSharesOutstanding,shares,,2026-07-30,834331706,2026.0,Q2,10-Q,2026-07-31,0001104659-26-089169
