Date,Open,High,Low,Close,Adj Close,Volume,Dividends,Stock Splits
2015-01-02 00:00:00-05:00,26.22334861755371,26.718656539916992,26.176620483398438,26.578475952148438,18.006032943725586,1345253,0.0,0.0
2015-01-05 00:00:00-05:00,26.083166122436523,26.139238357543945,25.13927459716797,25.270111083984375,17.11965560913086,2011780,0.0,0.0
2015-01-06 00:00:00-05:00,25.270111083984375,25.681310653686523,25.214038848876953,25.298147201538086,17.13865089416504,2467831,0.0,0.0
2015-01-07 00:00:00-05:00,25.36356544494629,25.858875274658203,25.214038848876953,25.737384796142578,17.43622398376465,1386770,0.0,0.0
2015-01-08 00:00:00-05:00,25.980365753173828,26.559783935546875,25.858875274658203,26.475675582885742,17.9363956451416,1248093,0.0,0.0
2015-01-09 00:00:00-05:00,26.494365692138672,26.6812744140625,26.382219314575195,26.522401809692383,17.968046188354492,943988,0.0,0.0
2015-01-12 00:00:00-05:00,26.092510223388672,26.260730743408203,25.513093948364258,26.06447410583496,17.657819747924805,1954212,0.0,0.0
2015-01-13 00:00:00-05:00,25.728038787841797,25.905601501464844,24.559856414794922,24.812183380126953,16.809425354003906,3847111,0.0,0.0
2015-01-14 00:00:00-05:00,23.22345733642578,23.961748123168945,22.055274963378906,23.88698387145996,16.182636260986328,8864309,0.0,0.0
2015-01-15 00:00:00-05:00,24.25145721435547,24.541166305541992,23.728111267089844,23.999128341674805,16.25861930847168,3740963,0.0,0.0
2015-01-16 00:00:00-05:00,24.204729080200195,25.410293579101562,24.139310836791992,25.31683921813965,17.151321411132812,3935924,0.0,0.0
2015-01-20 00:00:00-05:00,25.232728958129883,25.38225746154785,24.94301986694336,25.279457092285156,17.12598991394043,2443862,0.0,0.0
2015-01-21 00:00:00-05:00,25.288801193237305,26.055130004882812,25.15796661376953,25.98971176147461,17.607166290283203,2061430,0.0,0.0
2015-01-22 00:00:00-05:00,26.251384735107422,26.625202178955078,26.20465660095215,26.419601440429688,17.89840316772461,1812325,0.0,0.0
2015-01-23 00:00:00-05:00,25.849529266357422,25.98971176147461,25.31683921813965,25.34487533569336,17.170310974121094,2017451,0.0,0.0
2015-01-26 00:00:00-05:00,25.232728958129883,26.073820114135742,25.083202362060547,25.849529266357422,17.512191772460938,1852023,0.0,0.0
2015-01-27 00:00:00-05:00,24.71872901916504,25.513093948364258,24.6720027923584,25.214038848876953,17.081676483154297,2856255,0.0,0.0
2015-01-28 00:00:00-05:00,25.186002731323242,25.606548309326172,24.89629364013672,24.95236587524414,16.904401779174805,1795632,0.0,0.0
2015-01-29 00:00:00-05:00,24.91498374938965,24.98040199279785,24.419675827026367,24.877601623535156,16.853742599487305,2132801,0.0,0.0
2015-01-30 00:00:00-05:00,24.643966674804688,25.830839157104492,24.438365936279297,25.494401931762695,17.271610260009766,3238686,0.0,0.0
2015-02-02 00:00:00-05:00,25.671966552734375,26.04578399658203,25.270111083984375,25.578510284423828,17.328590393066406,2502393,0.0,0.0
2015-02-03 00:00:00-05:00,26.148584365844727,27.045747756958008,26.139238357543945,27.008365631103516,18.297269821166992,3678579,0.0,0.0
2015-02-04 00:00:00-05:00,26.69062042236328,27.933565139770508,26.625202178955078,27.30742073059082,18.4998722076416,3560661,0.0,0.0
2015-02-05 00:00:00-05:00,27.167238235473633,27.90553092956543,26.802766799926758,27.793384552001953,18.82909393310547,2882578,0.0,0.0
2015-02-06 00:00:00-05:00,27.270038604736328,27.615821838378906,27.167238235473633,27.223310470581055,18.442890167236328,1896109,0.0,0.0
2015-02-09 00:00:00-05:00,27.27938461303711,27.89618492126465,27.185930252075195,27.653202056884766,18.73412322998047,1355739,0.0,0.0
2015-02-10 00:00:00-05:00,27.428911209106445,27.75600242614746,27.15789222717285,27.606475830078125,18.702465057373047,2033395,0.0,0.0
2015-02-11 00:00:00-05:00,27.49432945251465,27.541057586669922,26.961639404296875,27.354148864746094,18.53152847290039,2773434,0.0,0.0
2015-02-12 00:00:00-05:00,27.812074661254883,28.17654800415039,27.75600242614746,28.15785789489746,19.141407012939453,1836508,0.093455,0.0
2015-02-13 00:00:00-05:00,28.438220977783203,28.924184799194336,28.213930130004883,28.438220977783203,19.331995010375977,1581731,0.0,0.0
2015-02-17 00:00:00-05:00,28.092439651489258,28.671857833862305,28.064401626586914,28.466257095336914,19.351057052612305,1343006,0.0,0.0
2015-02-18 00:00:00-05:00,28.410184860229492,28.924184799194336,28.316730499267578,28.709238052368164,19.516231536865234,1264358,0.0,0.0
2015-02-19 00:00:00-05:00,28.484947204589844,28.5410213470459,28.12047576904297,28.2045841217041,19.17317771911621,1278589,0.0,0.0
2015-02-20 00:00:00-05:00,28.12982177734375,28.316730499267578,28.073747634887695,28.22327423095703,19.18587875366211,1115622,0.0,0.0
2015-02-23 00:00:00-05:00,27.849456787109375,28.2045841217041,27.681238174438477,28.111129760742188,19.109647750854492,1380243,0.0,0.0
2015-02-24 00:00:00-05:00,28.410184860229492,28.522329330444336,28.064401626586914,28.101783752441406,19.103290557861328,1405496,0.0,0.0
2015-02-25 00:00:00-05:00,28.213930130004883,28.232620239257812,27.94291114807129,28.101783752441406,19.103290557861328,1153823,0.0,0.0
2015-02-26 00:00:00-05:00,28.22327423095703,28.288692474365234,27.90553092956543,27.95225715637207,19.001644134521484,1417587,0.0,0.0
2015-02-27 00:00:00-05:00,28.101783752441406,28.298038482666016,27.821420669555664,27.821420669555664,18.912704467773438,1726294,0.0,0.0
2015-03-02 00:00:00-05:00,27.77469253540039,28.307384490966797,27.625165939331055,27.868148803710938,18.9444637298584,1863580,0.0,0.0
2015-03-03 00:00:00-05:00,27.858802795410156,28.101783752441406,27.597129821777344,27.625165939331055,18.77928924560547,1258045,0.0,0.0
2015-03-04 00:00:00-05:00,27.29807472229004,27.96160125732422,27.176584243774414,27.868148803710938,18.9444637298584,1442091,0.0,0.0
2015-03-05 00:00:00-05:00,27.75600242614746,28.12982177734375,27.484983444213867,27.53171157836914,18.715757369995117,1725224,0.0,0.0
2015-03-06 00:00:00-05:00,26.93360137939453,27.167238235473633,26.70931053161621,26.952293395996094,18.32187843322754,1936877,0.0,0.0
2015-03-09 00:00:00-04:00,27.045747756958008,27.195274353027344,26.765384674072266,27.008365631103516,18.35999870300293,1537539,0.0,0.0
2015-03-10 00:00:00-04:00,26.606510162353516,26.999021530151367,26.288766860961914,26.475675582885742,17.997875213623047,2025369,0.0,0.0
2015-03-11 00:00:00-04:00,26.46632957458496,27.12051010131836,26.111202239990234,27.017711639404297,18.366350173950195,1920185,0.0,0.0
2015-03-12 00:00:00-04:00,27.51302146911621,27.886838912963867,27.204620361328125,27.29807472229004,18.55694007873535,2081333,0.0,0.0
2015-03-13 00:00:00-04:00,27.12985610961914,27.185930252075195,26.65323829650879,27.0831298828125,18.410825729370117,1398541,0.0,0.0
2015-03-16 00:00:00-04:00,27.148548126220703,27.3167667388916,26.821456909179688,27.09247589111328,18.417171478271484,1079134,0.0,0.0
2015-03-17 00:00:00-04:00,26.9149112701416,27.47563934326172,26.9149112701416,27.270038604736328,18.537879943847656,1160564,0.0,0.0
2015-03-18 00:00:00-04:00,26.896221160888672,27.793384552001953,26.868183135986328,27.662548065185547,18.804706573486328,1633842,0.0,0.0
2015-03-19 00:00:00-04:00,27.55974769592285,27.71862030029297,27.3167667388916,27.484983444213867,18.683998107910156,1239319,0.0,0.0
2015-03-20 00:00:00-04:00,27.784038543701172,28.522329330444336,27.765348434448242,28.064401626586914,19.077880859375,3039017,0.0,0.0
2015-03-23 00:00:00-04:00,28.34476661682129,28.494293212890625,27.92422103881836,28.40083885192871,19.306583404541016,1628920,0.0,0.0
2015-03-24 00:00:00-04:00,28.38214874267578,28.718584060668945,27.94291114807129,28.101783752441406,19.103290557861328,1926284,0.0,0.0
2015-03-25 00:00:00-04:00,28.335420608520508,28.38214874267578,27.71862030029297,27.71862030029297,18.842823028564453,1770914,0.0,0.0
2015-03-26 00:00:00-04:00,27.765348434448242,28.17654800415039,27.428911209106445,27.484983444213867,18.683998107910156,1745340,0.0,0.0
2015-03-27 00:00:00-04:00,27.223310470581055,27.382183074951172,26.176620483398438,26.475675582885742,17.997875213623047,4190700,0.0,0.0
2015-03-30 00:00:00-04:00,26.513057708740234,27.812074661254883,26.475675582885742,27.653202056884766,18.798351287841797,2282714,0.0,0.0
2015-03-31 00:00:00-04:00,27.0831298828125,27.344802856445312,26.90556526184082,27.270038604736328,18.537879943847656,1536255,0.0,0.0
2015-04-01 00:00:00-04:00,27.28873062133789,27.606475830078125,26.924257278442383,27.017711639404297,18.366350173950195,1615438,0.0,0.0
2015-04-02 00:00:00-04:00,26.83080291748047,27.29807472229004,26.821456909179688,27.270038604736328,18.537879943847656,1014504,0.0,0.0
2015-04-06 00:00:00-04:00,27.49432945251465,27.72796630859375,27.354148864746094,27.587783813476562,18.753875732421875,1074212,0.0,0.0
2015-04-07 00:00:00-04:00,27.55974769592285,27.74665641784668,27.419565200805664,27.50367546081543,18.696706771850586,1102782,0.0,0.0
2015-04-08 00:00:00-04:00,27.89618492126465,27.95225715637207,27.53171157836914,27.578439712524414,18.747529983520508,839873,0.0,0.0
2015-04-09 00:00:00-04:00,27.382183074951172,27.53171157836914,27.148548126220703,27.176584243774414,18.474349975585938,1355632,0.0,0.0
2015-04-10 00:00:00-04:00,27.204620361328125,27.428911209106445,26.93360137939453,27.139202117919922,18.44894027709961,1614261,0.0,0.0
2015-04-13 00:00:00-04:00,27.204620361328125,27.33545684814453,26.84014892578125,27.09247589111328,18.417171478271484,1646041,0.0,0.0
2015-04-14 00:00:00-04:00,27.53171157836914,27.625165939331055,26.999021530151367,27.438257217407227,18.652233123779297,1243278,0.0,0.0
2015-04-15 00:00:00-04:00,27.51302146911621,28.16720199584961,27.400875091552734,28.083093643188477,19.090585708618164,1842393,0.0,0.0
2015-04-16 00:00:00-04:00,28.232620239257812,28.232620239257812,27.821420669555664,28.092439651489258,19.096939086914062,1113803,0.0,0.0
2015-04-17 00:00:00-04:00,27.914875030517578,28.12047576904297,27.849456787109375,28.036365509033203,19.058815002441406,1106741,0.0,0.0
2015-04-20 00:00:00-04:00,27.970947265625,28.298038482666016,27.970947265625,28.036365509033203,19.058815002441406,924086,0.0,0.0
2015-04-21 00:00:00-04:00,28.045711517333984,28.064401626586914,27.447601318359375,27.569093704223633,18.741174697875977,907286,0.0,0.0
2015-04-22 00:00:00-04:00,27.784038543701172,27.92422103881836,27.55040168762207,27.886838912963867,18.957176208496094,719708,0.0,0.0
2015-04-23 00:00:00-04:00,27.53171157836914,28.270002365112305,27.484983444213867,28.16720199584961,19.14775848388672,1100000,0.0,0.0
2015-04-24 00:00:00-04:00,28.484947204589844,28.952220916748047,28.428874969482422,28.914838790893555,19.65599250793457,2142325,0.0,0.0
2015-04-27 00:00:00-04:00,28.97091293334961,29.6624755859375,28.942874908447266,29.298002243041992,19.91646957397461,2003541,0.0,0.0
2015-04-28 00:00:00-04:00,29.559675216674805,30.232547760009766,29.522293090820312,30.204511642456055,20.5327091217041,2380194,0.0,0.0
2015-04-29 00:00:00-04:00,29.970874786376953,30.438148498535156,29.793312072753906,30.260583877563477,20.570816040039062,1758181,0.0,0.0
2015-04-30 00:00:00-04:00,30.017602920532227,30.643747329711914,29.830692291259766,30.447494506835938,20.6978759765625,2329368,0.0,0.0
2015-05-01 00:00:00-04:00,30.7185115814209,31.129711151123047,30.653093338012695,30.97083854675293,21.05364990234375,1412558,0.0,0.0
2015-05-04 00:00:00-04:00,31.120365142822266,31.120365142822266,30.484874725341797,30.50356674194336,20.73600196838379,1607412,0.0,0.0
2015-05-05 00:00:00-04:00,30.634403228759766,30.849348068237305,30.494220733642578,30.793275833129883,20.932933807373047,1894290,0.0,0.0
2015-05-06 00:00:00-04:00,30.840002059936523,30.9521484375,30.33534812927246,30.494220733642578,20.729644775390625,1208930,0.0,0.0
2015-05-07 00:00:00-04:00,30.064329147338867,30.213857650756836,29.774620056152344,30.10171127319336,20.46282196044922,1572422,0.0,0.0
2015-05-08 00:00:00-04:00,30.372730255126953,30.56898307800293,29.998912811279297,30.32600212097168,20.61528968811035,1881663,0.0,0.0
2015-05-11 00:00:00-04:00,30.35403823852539,30.3820743560791,29.998912811279297,30.10171127319336,20.526077270507812,1097111,0.093455,0.0
2015-05-12 00:00:00-04:00,30.07367515563965,30.7185115814209,29.88676643371582,30.241893768310547,20.621662139892578,2396352,0.0,0.0
2015-05-13 00:00:00-04:00,30.28862190246582,30.681129455566406,30.195165634155273,30.28862190246582,20.653533935546875,1069076,0.0,0.0
2015-05-14 00:00:00-04:00,30.550294876098633,30.877384185791016,30.344694137573242,30.840002059936523,21.029508590698242,1305768,0.0,0.0
2015-05-15 00:00:00-04:00,30.802621841430664,30.821311950683594,30.344694137573242,30.643747329711914,20.895687103271484,1086303,0.0,0.0
2015-05-18 00:00:00-04:00,30.241893768310547,30.391420364379883,29.942838668823242,30.120403289794922,20.538818359375,1384202,0.0,0.0
2015-05-19 00:00:00-04:00,29.699857711791992,29.88676643371582,29.344730377197266,29.587711334228516,20.175582885742188,1350282,0.0,0.0
2015-05-20 00:00:00-04:00,29.6624755859375,30.232547760009766,29.6624755859375,30.017602920532227,20.468721389770508,1224873,0.0,0.0
2015-05-21 00:00:00-04:00,30.092365264892578,30.11105728149414,29.354074478149414,29.44753074645996,20.079998016357422,1015788,0.0,0.0
2015-05-22 00:00:00-04:00,29.382112503051758,29.569021224975586,29.139129638671875,29.316692352294922,19.99077796936035,859241,0.0,0.0
2015-05-26 00:00:00-04:00,29.092403411865234,29.148475646972656,28.58774757385254,28.662511825561523,19.544700622558594,977801,0.0,0.0
2015-05-27 00:00:00-04:00,28.522329330444336,28.76531219482422,28.466257095336914,28.718584060668945,19.582935333251953,1312510,0.0,0.0
2015-05-28 00:00:00-04:00,28.718584060668945,28.718584060668945,28.241966247558594,28.503639221191406,19.436363220214844,927189,0.0,0.0
2015-05-29 00:00:00-04:00,28.466257095336914,28.746620178222656,28.045711517333984,28.055057525634766,19.13047981262207,1749513,0.0,0.0
2015-06-01 00:00:00-04:00,28.083093643188477,28.326074600219727,27.784038543701172,28.101783752441406,19.16234016418457,1124611,0.0,0.0
2015-06-02 00:00:00-04:00,28.15785789489746,29.18585777282715,28.15785789489746,28.877456665039062,19.691265106201172,1254835,0.0,0.0
2015-06-03 00:00:00-04:00,28.980257034301758,29.101747512817383,28.522329330444336,28.662511825561523,19.544700622558594,994173,0.0,0.0
2015-06-04 00:00:00-04:00,28.410184860229492,28.634475708007812,28.213930130004883,28.372802734375,19.347148895263672,539835,0.0,0.0
2015-06-05 00:00:00-04:00,28.251312255859375,28.718584060668945,28.083093643188477,28.410184860229492,19.37264060974121,891556,0.0,0.0
2015-06-08 00:00:00-04:00,28.35411262512207,28.438220977783203,28.12047576904297,28.260656356811523,19.270675659179688,879679,0.0,0.0
2015-06-09 00:00:00-04:00,28.326074600219727,28.709238052368164,28.2045841217041,28.38214874267578,19.353519439697266,745389,0.0,0.0
2015-06-10 00:00:00-04:00,29.111093521118164,29.24193000793457,28.61578369140625,28.699893951416016,19.570186614990234,848862,0.0,0.0
2015-06-11 00:00:00-04:00,28.662511825561523,28.774656295776367,28.241966247558594,28.466257095336914,19.410879135131836,1513677,0.0,0.0
2015-06-12 00:00:00-04:00,28.456911087036133,28.78400230407715,28.34476661682129,28.699893951416016,19.570186614990234,605856,0.0,0.0
2015-06-15 00:00:00-04:00,28.22327423095703,28.36345672607422,28.027021408081055,28.17654800415039,19.213321685791016,1260185,0.0,0.0
2015-06-16 00:00:00-04:00,28.241966247558594,28.81203842163086,28.17654800415039,28.727930068969727,19.589305877685547,1053774,0.0,0.0
2015-06-17 00:00:00-04:00,28.78400230407715,28.78400230407715,28.12982177734375,28.494293212890625,19.429988861083984,1092403,0.0,0.0
2015-06-18 00:00:00-04:00,28.709238052368164,29.298002243041992,28.58774757385254,29.23258399963379,19.933427810668945,1004552,0.0,0.0
2015-06-19 00:00:00-04:00,29.01763916015625,29.01763916015625,28.1391658782959,28.17654800415039,19.213321685791016,1501799,0.0,0.0
2015-06-22 00:00:00-04:00,28.19523811340332,28.326074600219727,27.94291114807129,28.017675399780273,19.10498809814453,1191916,0.0,0.0
2015-06-23 00:00:00-04:00,28.111129760742188,28.44756507873535,27.914875030517578,28.17654800415039,19.213321685791016,1518278,0.0,0.0
2015-06-24 00:00:00-04:00,28.410184860229492,29.279312133789062,28.410184860229492,29.0269832611084,19.79322624206543,1820885,0.0,0.0
2015-06-25 00:00:00-04:00,28.97091293334961,29.167165756225586,28.326074600219727,28.34476661682129,19.328027725219727,1269815,0.0,0.0
2015-06-26 00:00:00-04:00,28.34476661682129,28.643821716308594,28.16720199584961,28.550365447998047,19.468229293823242,2872519,0.0,0.0
2015-06-29 00:00:00-04:00,28.241966247558594,28.58774757385254,28.19523811340332,28.22327423095703,19.245180130004883,861274,0.0,0.0
2015-06-30 00:00:00-04:00,28.22327423095703,28.279348373413086,27.372838973999023,27.484983444213867,18.741750717163086,2253502,0.0,0.0
2015-07-01 00:00:00-04:00,27.51302146911621,27.587783813476562,27.148548126220703,27.32611083984375,18.633413314819336,1426469,0.0,0.0
2015-07-02 00:00:00-04:00,27.466293334960938,27.681238174438477,27.242002487182617,27.625165939331055,18.837343215942383,1429465,0.0,0.0
2015-07-06 00:00:00-04:00,26.980329513549805,27.55040168762207,26.961639404296875,27.15789222717285,18.518709182739258,1589008,0.0,0.0
2015-07-07 00:00:00-04:00,26.587820053100586,27.12051010131836,25.737384796142578,27.017711639404297,18.423124313354492,2439689,0.0,0.0
2015-07-08 00:00:00-04:00,26.88687515258789,27.260692596435547,26.382219314575195,26.42894744873047,18.021650314331055,1723191,0.0,0.0
2015-07-09 00:00:00-04:00,26.728002548217773,27.027057647705078,26.316801071166992,26.316801071166992,17.945178985595703,1006265,0.0,0.0
2015-07-10 00:00:00-04:00,26.868183135986328,27.0831298828125,26.541093826293945,26.615856170654297,18.149097442626953,833346,0.0,0.0
2015-07-13 00:00:00-04:00,26.69062042236328,27.47563934326172,26.531747817993164,27.400875091552734,18.684402465820312,890593,0.0,0.0
2015-07-14 00:00:00-04:00,27.270038604736328,27.372838973999023,26.942947387695312,27.28873062133789,18.607925415039062,1456430,0.0,0.0
2015-07-15 00:00:00-04:00,27.223310470581055,27.223310470581055,26.90556526184082,27.027057647705078,18.429492950439453,1204864,0.0,0.0
2015-07-16 00:00:00-04:00,27.167238235473633,27.410221099853516,26.999021530151367,27.07378387451172,18.461355209350586,1156819,0.0,0.0
2015-07-17 00:00:00-04:00,26.83080291748047,26.980329513549805,26.335493087768555,26.597166061401367,18.1363582611084,1388054,0.0,0.0
2015-07-20 00:00:00-04:00,26.22334861755371,26.550439834594727,25.971019744873047,26.00840187072754,17.734878540039062,1037617,0.0,0.0
2015-07-21 00:00:00-04:00,26.139238357543945,26.9149112701416,26.055130004882812,26.494365692138672,18.06625747680664,1847636,0.0,0.0
2015-07-22 00:00:00-04:00,25.980365753173828,26.400911331176758,25.76542091369629,25.896257400512695,17.65841293334961,2049980,0.0,0.0
2015-07-23 00:00:00-04:00,26.036439895629883,26.176620483398438,25.15796661376953,25.6252384185791,17.473608016967773,2565632,0.0,0.0
2015-07-24 00:00:00-04:00,25.354219436645508,25.37291145324707,24.6720027923584,25.186002731323242,17.17409896850586,3728550,0.0,0.0
2015-07-27 00:00:00-04:00,24.662656784057617,25.232728958129883,24.32621955871582,24.382293701171875,16.62605857849121,2063891,0.0,0.0
2015-07-28 00:00:00-04:00,24.74676513671875,25.77476692199707,24.363601684570312,25.513093948364258,17.397138595581055,2579436,0.0,0.0
2015-07-29 00:00:00-04:00,25.419639587402344,26.279420852661133,25.288801193237305,26.120548248291016,17.811355590820312,2357724,0.0,0.0
2015-07-30 00:00:00-04:00,26.083166122436523,26.092510223388672,25.335529327392578,25.606548309326172,17.46086311340332,2418074,0.0,0.0
2015-07-31 00:00:00-04:00,25.942983627319336,26.22334861755371,25.61589241027832,26.036439895629883,17.754003524780273,1451187,0.0,0.0
2015-08-03 00:00:00-04:00,25.76542091369629,25.98971176147461,25.242074966430664,25.307493209838867,17.256946563720703,2004611,0.0,0.0
2015-08-04 00:00:00-04:00,25.64392852783203,26.083166122436523,25.58785629272461,25.98971176147461,17.722137451171875,1890652,0.0,0.0
2015-08-05 00:00:00-04:00,26.21400260925293,26.541093826293945,25.700002670288086,25.718692779541016,17.537334442138672,2646313,0.0,0.0
2015-08-06 00:00:00-04:00,25.58785629272461,26.363529205322266,25.38225746154785,26.344839096069336,17.96430206298828,1979893,0.0,0.0
2015-08-07 00:00:00-04:00,26.129892349243164,26.46632957458496,25.58785629272461,25.700002670288086,17.524593353271484,1691731,0.0,0.0
2015-08-10 00:00:00-04:00,25.606548309326172,26.952293395996094,25.438329696655273,26.793420791625977,18.270183563232422,1683492,0.0,0.0
2015-08-11 00:00:00-04:00,26.111202239990234,26.111202239990234,25.204692840576172,25.849529266357422,17.688247680664062,2460661,0.093455,0.0
2015-08-12 00:00:00-04:00,25.541128158569336,25.9616756439209,25.419639587402344,25.914947509765625,17.73300552368164,2391109,0.0,0.0
2015-08-13 00:00:00-04:00,25.718692779541016,25.952329635620117,25.475711822509766,25.61589241027832,17.52837562561035,1944689,0.0,0.0
2015-08-14 00:00:00-04:00,25.653274536132812,25.99905776977539,25.457019805908203,25.80280113220215,17.65627670288086,1605486,0.0,0.0
2015-08-17 00:00:00-04:00,25.6252384185791,25.942983627319336,25.428983688354492,25.858875274658203,17.694644927978516,1254621,0.0,0.0
2015-08-18 00:00:00-04:00,25.466365814208984,25.494401931762695,24.569202423095703,25.223384857177734,17.25979232788086,2948492,0.0,0.0
2015-08-19 00:00:00-04:00,24.72807502746582,25.186002731323242,24.51312828063965,24.94301986694336,17.067943572998047,2643103,0.0,0.0
2015-08-20 00:00:00-04:00,25.111238479614258,25.428983688354492,24.91498374938965,24.94301986694336,17.067943572998047,1648502,0.0,0.0
2015-08-21 00:00:00-04:00,24.821529388427734,25.083202362060547,24.176692962646484,24.204729080200195,16.562746047973633,2264951,0.0,0.0
2015-08-24 00:00:00-04:00,22.251529693603516,24.09258460998535,21.877710342407227,23.24214744567871,15.904074668884277,6103287,0.0,0.0
2015-08-25 00:00:00-04:00,24.139310836791992,24.148656845092773,22.877674102783203,22.905710220336914,15.673863410949707,2790447,0.0,0.0
2015-08-26 00:00:00-04:00,23.39167594909668,23.44774627685547,22.34498405456543,22.80291175842285,15.603514671325684,3472276,0.0,0.0
2015-08-27 00:00:00-04:00,23.344947814941406,25.59720230102539,23.176729202270508,25.16731071472168,17.221426010131836,4316109,0.0,0.0
2015-08-28 00:00:00-04:00,25.186002731323242,26.083166122436523,25.17665672302246,25.5598201751709,17.490009307861328,2714688,0.0,0.0
2015-08-31 00:00:00-04:00,24.372947692871094,25.214038848876953,24.017820358276367,24.91498374938965,17.04875946044922,3363774,0.0,0.0
2015-09-01 00:00:00-04:00,23.924365997314453,24.429019927978516,23.67203712463379,23.774837493896484,16.268583297729492,2741546,0.0,0.0
2015-09-02 00:00:00-04:00,24.363601684570312,24.73741912841797,23.83091163635254,24.70938491821289,16.90807342529297,2271371,0.0,0.0
2015-09-03 00:00:00-04:00,24.73741912841797,25.849529266357422,24.73741912841797,25.37291145324707,17.362106323242188,1982033,0.0,0.0
2015-09-04 00:00:00-04:00,24.77480125427246,25.326183319091797,24.47574806213379,24.643966674804688,16.863304138183594,1455039,0.0,0.0
2015-09-08 00:00:00-04:00,25.690656661987305,26.01774787902832,25.251419067382812,25.924293518066406,17.739404678344727,1970048,0.0,0.0
2015-09-09 00:00:00-04:00,26.531747817993164,26.924257278442383,25.606548309326172,25.709348678588867,17.59232521057129,2098453,0.0,0.0
2015-09-10 00:00:00-04:00,25.924293518066406,26.354183197021484,25.671966552734375,26.298110961914062,17.99520492553711,1935486,0.0,0.0
2015-09-11 00:00:00-04:00,26.251384735107422,26.354183197021484,25.905601501464844,26.344839096069336,18.02718162536621,1137130,0.0,0.0
2015-09-14 00:00:00-04:00,26.139238357543945,26.307456970214844,25.61589241027832,25.896257400512695,17.7202205657959,1590078,0.0,0.0
2015-09-15 00:00:00-04:00,25.877565383911133,26.400911331176758,25.756074905395508,26.01774787902832,17.803356170654297,2068813,0.0,0.0
2015-09-16 00:00:00-04:00,26.120548248291016,26.63454818725586,26.120548248291016,26.419601440429688,18.07833480834961,1823132,0.0,0.0
2015-09-17 00:00:00-04:00,26.27007484436035,26.896221160888672,26.167274475097656,26.326147079467773,18.014385223388672,1628492,0.0,0.0
2015-09-18 00:00:00-04:00,25.86821937561035,25.952329635620117,25.288801193237305,25.354219436645508,17.349315643310547,3174270,0.0,0.0
2015-09-21 00:00:00-04:00,25.503747940063477,25.56916618347168,25.16731071472168,25.270111083984375,17.291765213012695,1179932,0.0,0.0
2015-09-22 00:00:00-04:00,24.541166305541992,25.17665672302246,24.25145721435547,24.91498374938965,17.04875946044922,2333648,0.0,0.0
2015-09-23 00:00:00-04:00,25.036474227905273,25.12058448791504,24.587892532348633,24.643966674804688,16.863304138183594,1617471,0.0,0.0
2015-09-24 00:00:00-04:00,24.363601684570312,25.204692840576172,24.30752944946289,25.101892471313477,17.176658630371094,1802373,0.0,0.0
2015-09-25 00:00:00-04:00,25.223384857177734,25.38225746154785,24.765457153320312,24.92432975769043,17.055160522460938,1713453,0.0,0.0
2015-09-28 00:00:00-04:00,24.232765197753906,24.372947692871094,23.896329879760742,24.186037063598633,16.549957275390625,2177636,0.0,0.0
2015-09-29 00:00:00-04:00,24.158002853393555,24.410329818725586,23.88698387145996,24.382293701171875,16.684255599975586,2082724,0.0,0.0
2015-09-30 00:00:00-04:00,24.849565505981445,25.036474227905273,24.429019927978516,24.971057891845703,17.087127685546875,2093424,0.0,0.0
2015-10-01 00:00:00-04:00,25.438329696655273,25.81214714050293,25.017784118652344,25.428983688354492,17.40047836303711,2230068,0.0,0.0
2015-10-02 00:00:00-04:00,25.31683921813965,25.80280113220215,24.99909210205078,25.80280113220215,17.65627670288086,2003862,0.0,0.0
2015-10-05 00:00:00-04:00,25.98971176147461,26.550439834594727,25.886911392211914,26.494365692138672,18.129491806030273,1403998,0.0,0.0
2015-10-06 00:00:00-04:00,26.23269271850586,27.008365631103516,26.20465660095215,26.802766799926758,18.340526580810547,2150243,0.0,0.0
2015-10-07 00:00:00-04:00,27.597129821777344,27.7373104095459,26.812110900878906,26.999021530151367,18.47482681274414,2135155,0.0,0.0
2015-10-08 00:00:00-04:00,26.989675521850586,27.213966369628906,26.513057708740234,27.036401748657227,18.50040054321289,2306469,0.0,0.0
2015-10-09 00:00:00-04:00,27.709274291992188,28.251312255859375,27.634511947631836,28.18589210510254,19.28696632385254,2912646,0.0,0.0
2015-10-12 00:00:00-04:00,28.270002365112305,28.270002365112305,27.391529083251953,27.886838912963867,19.082334518432617,1537111,0.0,0.0
2015-10-13 00:00:00-04:00,27.438257217407227,27.77469253540039,27.12985610961914,27.438257217407227,18.775379180908203,1116157,0.0,0.0
2015-10-14 00:00:00-04:00,27.643856048583984,27.821420669555664,27.29807472229004,27.484983444213867,18.80735206604004,1283833,0.0,0.0
2015-10-15 00:00:00-04:00,27.28873062133789,27.53171157836914,27.12051010131836,27.428911209106445,18.768983840942383,1297636,0.0,0.0
2015-10-16 00:00:00-04:00,27.354148864746094,27.354148864746094,26.746692657470703,26.88687515258789,18.39807891845703,1241780,0.0,0.0
2015-10-19 00:00:00-04:00,26.587820053100586,26.90556526184082,26.344839096069336,26.615856170654297,18.21262550354004,1476975,0.0,0.0
2015-10-20 00:00:00-04:00,26.559783935546875,26.83080291748047,26.288766860961914,26.67193031311035,18.25100326538086,1397150,0.0,0.0
2015-10-21 00:00:00-04:00,26.756038665771484,26.868183135986328,26.18596649169922,26.23269271850586,17.950435638427734,1132529,0.0,0.0
2015-10-22 00:00:00-04:00,26.260730743408203,26.87752914428711,26.260730743408203,26.578475952148438,18.187040328979492,1140126,0.0,0.0
2015-10-23 00:00:00-04:00,26.989675521850586,27.363492965698242,26.793420791625977,27.101821899414062,18.545166015625,1553054,0.0,0.0
2015-10-26 00:00:00-04:00,27.12051010131836,27.260692596435547,26.65323829650879,26.718656539916992,18.282976150512695,938103,0.0,0.0
2015-10-27 00:00:00-04:00,26.475675582885742,26.615856170654297,26.148584365844727,26.316801071166992,18.00798988342285,1247772,0.0,0.0
2015-10-28 00:00:00-04:00,26.04578399658203,26.793420791625977,25.849529266357422,26.23269271850586,17.950435638427734,1594893,0.0,0.0
2015-10-29 00:00:00-04:00,26.055130004882812,26.18596649169922,25.728038787841797,25.82149314880371,17.6690616607666,1143443,0.0,0.0
2015-10-30 00:00:00-04:00,25.86821937561035,26.20465660095215,25.690656661987305,25.942983627319336,17.7522029876709,1206790,0.0,0.0
2015-11-02 00:00:00-05:00,25.746728897094727,26.307456970214844,25.550474166870117,26.20465660095215,17.93126106262207,1200584,0.0,0.0
2015-11-03 00:00:00-05:00,26.055130004882812,26.578475952148438,25.99905776977539,26.307456970214844,18.001598358154297,1313152,0.0,0.0
2015-11-04 00:00:00-05:00,26.45698356628418,26.513057708740234,25.830839157104492,26.036439895629883,17.81614875793457,1375963,0.0,0.0
2015-11-05 00:00:00-05:00,25.79345703125,25.886911392211914,25.466365814208984,25.80280113220215,17.65627670288086,1414805,0.0,0.0
2015-11-06 00:00:00-05:00,25.111238479614258,25.419639587402344,24.98040199279785,25.186002731323242,17.259214401245117,1653638,0.037382,0.0
2015-11-09 00:00:00-05:00,25.064510345458984,25.186002731323242,24.391637802124023,24.92432975769043,17.079898834228516,1791031,0.0,0.0
2015-11-10 00:00:00-05:00,24.75611114501953,25.195348739624023,24.73741912841797,25.045820236206055,17.16314697265625,1746624,0.0,0.0
2015-11-11 00:00:00-05:00,25.13927459716797,25.214038848876953,24.625274658203125,24.877601623535156,17.047874450683594,1239319,0.0,0.0
2015-11-12 00:00:00-05:00,24.447711944580078,24.662656784057617,24.223419189453125,24.466402053833008,16.766096115112305,2041420,0.0,0.0
2015-11-13 00:00:00-05:00,24.569202423095703,24.690692901611328,24.186037063598633,24.391637802124023,16.714860916137695,1611157,0.0,0.0
2015-11-16 00:00:00-05:00,24.382293701171875,24.587892532348633,24.008474349975586,24.09258460998535,16.509923934936523,1910126,0.0,0.0
2015-11-17 00:00:00-05:00,24.11127471923828,24.11127471923828,23.475784301757812,23.943056106567383,16.407466888427734,2233813,0.0,0.0
2015-11-18 00:00:00-05:00,24.204729080200195,24.71872901916504,23.943056106567383,24.643966674804688,16.887771606445312,2301868,0.0,0.0
2015-11-19 00:00:00-05:00,24.765457153320312,25.466365814208984,24.765457153320312,24.99909210205078,17.131134033203125,2257140,0.0,0.0
2015-11-20 00:00:00-05:00,25.232728958129883,25.77476692199707,25.017784118652344,25.550474166870117,17.508981704711914,2939611,0.0,0.0
2015-11-23 00:00:00-05:00,25.410293579101562,25.457019805908203,24.27949333190918,24.29818344116211,16.65081214904785,3338628,0.0,0.0
2015-11-24 00:00:00-05:00,24.344911575317383,24.653310775756836,24.232765197753906,24.363601684570312,16.695650100708008,3266508,0.0,0.0
2015-11-25 00:00:00-05:00,24.27949333190918,24.382293701171875,23.68138313293457,24.008474349975586,16.452285766601562,1751975,0.0,0.0
2015-11-27 00:00:00-05:00,23.905675888061523,24.25145721435547,23.84025764465332,23.999128341674805,16.445890426635742,819864,0.0,0.0
2015-11-30 00:00:00-05:00,24.11127471923828,24.51312828063965,23.924365997314453,24.045856475830078,16.4779052734375,2219689,0.0,0.0
2015-12-01 00:00:00-05:00,24.05520248413086,24.45705795288086,23.84025764465332,24.429019927978516,16.740478515625,1793385,0.0,0.0
2015-12-02 00:00:00-05:00,24.25145721435547,24.372947692871094,23.559892654418945,23.597274780273438,16.170509338378906,2358794,0.0,0.0
2015-12-03 00:00:00-05:00,23.793529510498047,24.08323860168457,23.597274780273438,23.999128341674805,16.445890426635742,1902529,0.0,0.0
2015-12-04 00:00:00-05:00,24.06454849243164,25.083202362060547,23.980438232421875,25.036474227905273,17.15674591064453,2125204,0.0,0.0
2015-12-07 00:00:00-05:00,24.74676513671875,24.793493270874023,24.129966735839844,24.260801315307617,16.62520408630371,1492918,0.0,0.0
2015-12-08 00:00:00-05:00,23.550546646118164,23.70941925048828,23.158037185668945,23.176729202270508,15.882318496704102,2631225,0.0,0.0
2015-12-09 00:00:00-05:00,23.42905616760254,24.1019287109375,23.279529571533203,23.559892654418945,16.144887924194336,1451615,0.0,0.0
2015-12-10 00:00:00-05:00,23.550546646118164,23.943056106567383,23.354293823242188,23.67203712463379,16.221744537353516,1141303,0.0,0.0
2015-12-11 00:00:00-05:00,23.39167594909668,23.86829376220703,23.130001068115234,23.270183563232422,15.946362495422363,1555301,0.0,0.0
2015-12-14 00:00:00-05:00,23.139347076416016,23.62531089782715,22.924402236938477,23.39167594909668,16.029619216918945,1485107,0.0,0.0
2015-12-15 00:00:00-05:00,23.587928771972656,23.989784240722656,23.522510528564453,23.784183502197266,16.298585891723633,1718803,0.0,0.0
2015-12-16 00:00:00-05:00,23.88698387145996,24.242111206054688,23.812219619750977,24.02716636657715,16.465099334716797,1907879,0.0,0.0
2015-12-17 00:00:00-05:00,23.531856536865234,23.700075149536133,23.00851058959961,23.307565689086914,15.971978187561035,1781294,0.0,0.0
2015-12-18 00:00:00-05:00,23.372983932495117,23.700075149536133,23.20476531982422,23.26083755493164,15.939953804016113,2049338,0.0,0.0
2015-12-21 00:00:00-05:00,23.42905616760254,23.559892654418945,22.709457397460938,22.849637985229492,15.658173561096191,2106906,0.0,0.0
2015-12-22 00:00:00-05:00,22.877674102783203,23.39167594909668,22.82160186767578,23.24214744567871,15.927145004272461,1337228,0.0,0.0
2015-12-23 00:00:00-05:00,23.88698387145996,25.036474227905273,23.569238662719727,24.94301986694336,17.09270477294922,2312782,0.0,0.0
2015-12-24 00:00:00-05:00,24.95236587524414,25.31683921813965,24.877601623535156,25.14862060546875,17.233598709106445,643628,0.0,0.0
2015-12-28 00:00:00-05:00,24.812183380126953,24.89629364013672,24.419675827026367,24.55051040649414,16.823732376098633,1222626,0.0,0.0
2015-12-29 00:00:00-05:00,24.94301986694336,25.083202362060547,24.75611114501953,24.93367576599121,17.086299896240234,1010438,0.0,0.0
2015-12-30 00:00:00-05:00,24.569202423095703,24.784147262573242,24.214075088500977,24.615928649902344,16.868560791015625,1063084,0.0,0.0
2015-12-31 00:00:00-05:00,24.391637802124023,24.73741912841797,24.382293701171875,24.410329818725586,16.727672576904297,877539,0.0,0.0
2016-01-04 00:00:00-05:00,23.737457275390625,24.447711944580078,23.60662078857422,23.980438232421875,16.433080673217773,1754971,0.0,0.0
2016-01-05 00:00:00-05:00,24.447711944580078,24.73741912841797,23.9337100982666,24.25145721435547,16.61879539489746,1821420,0.0,0.0
2016-01-06 00:00:00-05:00,23.69072914123535,23.896329879760742,23.401020050048828,23.550546646118164,16.138490676879883,1634805,0.0,0.0
2016-01-07 00:00:00-05:00,22.933746337890625,23.298219680786133,22.55992889404297,22.952438354492188,15.728618621826172,2509562,0.0,0.0
2016-01-08 00:00:00-05:00,22.96178436279297,23.158037185668945,22.466474533081055,22.494510650634766,15.414813995361328,1329737,0.0,0.0
2016-01-11 00:00:00-05:00,22.662729263305664,22.718801498413086,21.588001251220703,21.859020233154297,14.97933578491211,2693181,0.0,0.0
2016-01-12 00:00:00-05:00,21.70014762878418,21.859020233154297,20.718875885009766,21.27960205078125,14.582277297973633,2507422,0.0,0.0
2016-01-13 00:00:00-05:00,21.606693267822266,21.6908016204834,20.84971046447754,21.176801681518555,14.511833190917969,1780438,0.0,0.0
2016-01-14 00:00:00-05:00,21.242219924926758,21.457164764404297,20.84971046447754,21.373056411743164,14.646316528320312,1440914,0.0,0.0
2016-01-15 00:00:00-05:00,20.513273239135742,21.363710403442383,20.513273239135742,21.223529815673828,14.543852806091309,2133764,0.0,0.0
2016-01-19 00:00:00-05:00,21.559965133666992,21.681455612182617,20.578693389892578,20.83102035522461,14.27487850189209,1310049,0.0,0.0
2016-01-20 00:00:00-05:00,20.279638290405273,21.401092529296875,20.139455795288086,21.176801681518555,14.511833190917969,2410048,0.0,0.0
2016-01-21 00:00:00-05:00,21.148765563964844,21.765565872192383,20.774946212768555,21.50389289855957,14.735977172851562,1170194,0.0,0.0
2016-01-22 00:00:00-05:00,22.008546829223633,22.41974639892578,21.802946090698242,22.073965072631836,15.126629829406738,1475477,0.0,0.0
2016-01-25 00:00:00-05:00,21.70949363708496,22.1580753326416,21.70949363708496,21.95247459411621,15.043373107910156,1209251,0.0,0.0
2016-01-26 00:00:00-05:00,22.78421974182129,23.475784301757812,22.672075271606445,23.354293823242188,16.00400161743164,2319844,0.0,0.0
2016-01-27 00:00:00-05:00,23.148693084716797,23.728111267089844,22.943092346191406,23.120656967163086,15.843894958496094,1349640,0.0,0.0
2016-01-28 00:00:00-05:00,23.39167594909668,23.597274780273438,22.971128463745117,23.344947814941406,15.997593879699707,1178434,0.0,0.0
2016-01-29 00:00:00-05:00,23.176729202270508,24.232765197753906,22.971128463745117,24.223419189453125,16.59958839416504,1666050,0.0,0.0
2016-02-01 00:00:00-05:00,23.905675888061523,24.167348861694336,23.214111328125,23.718765258789062,16.253761291503906,1287150,0.0,0.0
2016-02-02 00:00:00-05:00,22.915056228637695,23.214111328125,22.447784423828125,22.59731101989746,15.485262870788574,1574027,0.0,0.0
2016-02-03 00:00:00-05:00,23.01785659790039,23.765493392944336,22.36367416381836,23.765493392944336,16.285778045654297,1360768,0.0,0.0
2016-02-04 00:00:00-05:00,24.129966735839844,25.475711822509766,23.943056106567383,25.16731071472168,17.24641227722168,2110973,0.0,0.0
2016-02-05 00:00:00-05:00,24.606584548950195,25.298147201538086,24.391637802124023,24.765457153320312,16.971023559570312,1396080,0.0,0.0
2016-02-08 00:00:00-05:00,24.653310775756836,25.008438110351562,23.971092224121094,24.372947692871094,16.702051162719727,1020603,0.0,0.0
2016-02-09 00:00:00-05:00,23.700075149536133,23.980438232421875,23.083274841308594,23.718765258789062,16.253761291503906,2379873,0.0,0.0
2016-02-10 00:00:00-05:00,23.550546646118164,23.84960174560547,23.298219680786133,23.45709228515625,16.074445724487305,1526410,0.0,0.0
2016-02-11 00:00:00-05:00,22.78421974182129,24.139310836791992,22.19545555114746,23.03654670715332,15.805145263671875,2571731,0.028036,0.0
2016-02-12 00:00:00-05:00,23.03654670715332,24.70938491821289,22.634693145751953,24.643966674804688,16.90797996520996,1762140,0.0,0.0
2016-02-16 00:00:00-05:00,24.72807502746582,25.251419067382812,24.485092163085938,24.6720027923584,16.927215576171875,2094173,0.0,0.0
2016-02-17 00:00:00-05:00,24.05520248413086,24.466402053833008,23.279529571533203,23.821565628051758,16.3437442779541,3412461,0.0,0.0
2016-02-18 00:00:00-05:00,23.700075149536133,23.718765258789062,22.37302017211914,22.662729263305664,15.548670768737793,3091128,0.0,0.0
2016-02-19 00:00:00-05:00,22.494510650634766,22.55058479309082,22.017892837524414,22.19545555114746,15.22808837890625,2005895,0.0,0.0
2016-02-22 00:00:00-05:00,22.73749351501465,23.3823299407959,22.587966918945312,23.326257705688477,16.003915786743164,2487519,0.0,0.0
2016-02-23 00:00:00-05:00,23.130001068115234,23.130001068115234,22.61600112915039,22.73749351501465,15.599969863891602,1653745,0.0,0.0
2016-02-24 00:00:00-05:00,22.40105628967285,22.78421974182129,21.999202728271484,22.73749351501465,15.599969863891602,1575846,0.0,0.0
2016-02-25 00:00:00-05:00,22.61600112915039,22.887020111083984,22.242183685302734,22.858983993530273,15.68332576751709,1097860,0.0,0.0
2016-02-26 00:00:00-05:00,23.43840217590332,23.43840217590332,22.924402236938477,23.01785659790039,15.792325973510742,1262646,0.0,0.0
2016-02-29 00:00:00-05:00,22.943092346191406,23.027202606201172,22.242183685302734,22.37302017211914,15.3499116897583,1885622,0.0,0.0
2016-03-01 00:00:00-05:00,22.840293884277344,23.195419311523438,22.447784423828125,23.120656967163086,15.862854957580566,1452043,0.0,0.0
2016-03-02 00:00:00-05:00,23.344947814941406,24.07389259338379,23.298219680786133,24.045856475830078,16.497623443603516,1792422,0.0,0.0
2016-03-03 00:00:00-05:00,24.02716636657715,24.5037841796875,23.812219619750977,24.419675827026367,16.754100799560547,2252967,0.0,0.0
2016-03-04 00:00:00-05:00,24.802839279174805,25.86821937561035,24.802839279174805,25.17665672302246,17.273456573486328,2663434,0.0,0.0
2016-03-07 00:00:00-05:00,25.31683921813965,25.634584426879883,25.073856353759766,25.186002731323242,17.27986717224121,1787928,0.0,0.0
2016-03-08 00:00:00-05:00,24.73741912841797,24.886947631835938,24.017820358276367,24.232765197753906,16.625865936279297,1849134,0.0,0.0
2016-03-09 00:00:00-05:00,24.382293701171875,24.578548431396484,23.86829376220703,24.47574806213379,16.792570114135742,1528336,0.0,0.0
2016-03-10 00:00:00-05:00,24.49443817138672,24.74676513671875,24.195383071899414,24.559856414794922,16.85027503967285,1028307,0.0,0.0
2016-03-11 00:00:00-05:00,24.70938491821289,25.15796661376953,24.51312828063965,25.092548370361328,17.21575355529785,1552091,0.0,0.0
2016-03-14 00:00:00-04:00,24.868257522583008,25.31683921813965,24.690692901611328,25.111238479614258,17.228572845458984,1219844,0.0,0.0
2016-03-15 00:00:00-04:00,24.765457153320312,25.008438110351562,24.52247428894043,24.886947631835938,17.074695587158203,975982,0.0,0.0
2016-03-16 00:00:00-04:00,24.70003890991211,25.905601501464844,24.55051040649414,25.86821937561035,17.747928619384766,1524056,0.0,0.0
2016-03-17 00:00:00-04:00,26.157930374145508,26.746692657470703,26.0270938873291,26.578475952148438,18.2352294921875,1510574,0.0,0.0
2016-03-18 00:00:00-04:00,26.63454818725586,27.28873062133789,26.335493087768555,26.48501968383789,18.171110153198242,2376770,0.0,0.0
2016-03-21 00:00:00-04:00,26.44763946533203,26.793420791625977,26.111202239990234,26.372875213623047,18.094167709350586,1013220,0.0,0.0
2016-03-22 00:00:00-04:00,26.176620483398438,26.718656539916992,26.176620483398438,26.541093826293945,18.209583282470703,729338,0.0,0.0
2016-03-23 00:00:00-04:00,26.129892349243164,26.195310592651367,25.634584426879883,25.662620544433594,17.606868743896484,822753,0.0,0.0
2016-03-24 00:00:00-04:00,25.37291145324707,26.21400260925293,25.064510345458984,26.139238357543945,17.933876037597656,1088443,0.0,0.0
2016-03-28 00:00:00-04:00,26.139238357543945,26.344839096069336,25.5598201751709,25.933639526367188,17.792818069458008,774601,0.0,0.0
2016-03-29 00:00:00-04:00,25.550474166870117,26.44763946533203,25.447675704956055,26.419601440429688,18.126230239868164,710613,0.0,0.0
2016-03-30 00:00:00-04:00,26.63454818725586,27.07378387451172,25.99905776977539,26.344839096069336,18.07493782043457,958113,0.0,0.0
2016-03-31 00:00:00-04:00,26.251384735107422,26.44763946533203,25.858875274658203,25.896257400512695,17.767168045043945,1143764,0.0,0.0
2016-04-01 00:00:00-04:00,25.055166244506836,25.80280113220215,25.055166244506836,25.756074905395508,17.670989990234375,1672578,0.0,0.0
2016-04-04 00:00:00-04:00,25.718692779541016,25.830839157104492,25.036474227905273,25.036474227905273,17.177274703979492,1199621,0.0,0.0
2016-04-05 00:00:00-04:00,24.89629364013672,25.40094757080078,24.802839279174805,25.204692840576172,17.292694091796875,1437811,0.0,0.0
2016-04-06 00:00:00-04:00,25.186002731323242,25.326183319091797,24.858911514282227,25.101892471313477,17.2221622467041,1228833,0.0,0.0
2016-04-07 00:00:00-04:00,24.868257522583008,25.111238479614258,23.896329879760742,23.999128341674805,16.4655704498291,1772626,0.0,0.0
2016-04-08 00:00:00-04:00,24.400983810424805,24.68134880065918,23.9337100982666,24.223419189453125,16.61945343017578,2246332,0.0,0.0
2016-04-11 00:00:00-04:00,24.55051040649414,25.288801193237305,24.55051040649414,24.68134880065918,16.933629989624023,1415340,0.0,0.0
2016-04-12 00:00:00-04:00,24.92432975769043,25.700002670288086,24.6720027923584,25.475711822509766,17.4786376953125,1527159,0.0,0.0
2016-04-13 00:00:00-04:00,26.00840187072754,26.307456970214844,25.914947509765625,25.971019744873047,17.81846046447754,1218346,0.0,0.0
2016-04-14 00:00:00-04:00,25.99905776977539,26.101856231689453,25.634584426879883,25.849529266357422,17.735103607177734,642344,0.0,0.0
2016-04-15 00:00:00-04:00,25.681310653686523,26.157930374145508,25.326183319091797,26.148584365844727,17.94028663635254,837091,0.0,0.0
2016-04-18 00:00:00-04:00,25.830839157104492,26.522401809692383,25.494401931762695,26.503711700439453,18.18393898010254,808200,0.0,0.0
2016-04-19 00:00:00-04:00,26.85883903503418,27.33545684814453,26.821456909179688,27.195274353027344,18.658411026000977,1154144,0.0,0.0
2016-04-20 00:00:00-04:00,27.260692596435547,27.372838973999023,26.93360137939453,27.148548126220703,18.626352310180664,1140126,0.0,0.0
2016-04-21 00:00:00-04:00,27.765348434448242,27.765348434448242,26.952293395996094,26.980329513549805,18.51093864440918,1351245,0.0,0.0
2016-04-22 00:00:00-04:00,27.213966369628906,27.606475830078125,26.924257278442383,27.27938461303711,18.716121673583984,1043609,0.0,0.0
2016-04-25 00:00:00-04:00,26.559783935546875,27.27938461303711,26.475675582885742,27.09247589111328,18.587879180908203,1159601,0.0,0.0
2016-04-26 00:00:00-04:00,27.232656478881836,27.94291114807129,26.980329513549805,27.92422103881836,19.15853500366211,1972189,0.0,0.0
2016-04-27 00:00:00-04:00,27.858802795410156,28.270002365112305,27.709274291992188,28.232620239257812,19.3701229095459,1939231,0.0,0.0
2016-04-28 00:00:00-04:00,28.681201934814453,29.2606201171875,27.71862030029297,27.89618492126465,19.139301300048828,2102519,0.0,0.0
2016-04-29 00:00:00-04:00,28.045711517333984,28.419530868530273,27.49432945251465,27.72796630859375,19.023893356323242,1908628,0.0,0.0
2016-05-02 00:00:00-04:00,27.858802795410156,27.92422103881836,27.382183074951172,27.597129821777344,18.93412208557129,1228512,0.0,0.0
2016-05-03 00:00:00-04:00,27.204620361328125,27.32611083984375,26.774730682373047,27.017711639404297,18.536588668823242,1647111,0.0,0.0
2016-05-04 00:00:00-04:00,26.774730682373047,27.15789222717285,26.48501968383789,26.63454818725586,18.273696899414062,1608910,0.0,0.0
2016-05-05 00:00:00-04:00,26.924257278442383,27.008365631103516,26.157930374145508,26.391565322875977,18.106992721557617,1182500,0.0,0.0
2016-05-06 00:00:00-04:00,26.195310592651367,26.87752914428711,26.176620483398438,26.66258430480957,18.32538604736328,799640,0.046727,0.0
2016-05-09 00:00:00-04:00,26.06447410583496,26.06447410583496,25.326183319091797,25.718692779541016,17.676639556884766,1189883,0.0,0.0
2016-05-10 00:00:00-04:00,25.914947509765625,25.942983627319336,25.503747940063477,25.924293518066406,17.817947387695312,1346644,0.0,0.0
2016-05-11 00:00:00-04:00,25.98971176147461,26.46632957458496,25.98971176147461,26.055130004882812,17.907880783081055,734154,0.0,0.0
2016-05-12 00:00:00-04:00,26.288766860961914,26.372875213623047,25.737384796142578,25.9616756439209,17.84364128112793,1029591,0.0,0.0
2016-05-13 00:00:00-04:00,25.914947509765625,25.9616756439209,25.101892471313477,25.288801193237305,17.38117027282715,2072130,0.0,0.0
2016-05-16 00:00:00-04:00,25.475711822509766,25.78411102294922,25.37291145324707,25.5598201751709,17.567447662353516,1799912,0.0,0.0
2016-05-17 00:00:00-04:00,25.419639587402344,26.01774787902832,25.260765075683594,25.77476692199707,17.71518325805664,1067364,0.0,0.0
2016-05-18 00:00:00-04:00,25.419639587402344,25.513093948364258,24.886947631835938,25.045820236206055,17.21416473388672,2131410,0.0,0.0
2016-05-19 00:00:00-04:00,24.74676513671875,25.242074966430664,24.47574806213379,25.195348739624023,17.316940307617188,1671080,0.0,0.0
2016-05-20 00:00:00-04:00,25.428983688354492,25.64392852783203,24.868257522583008,24.95236587524414,17.149938583374023,2101556,0.0,0.0
2016-05-23 00:00:00-04:00,24.73741912841797,25.17665672302246,24.587892532348633,24.989748001098633,17.17563247680664,1194163,0.0,0.0
2016-05-24 00:00:00-04:00,25.12058448791504,25.242074966430664,24.45705795288086,24.74676513671875,17.00862693786621,1629455,0.0,0.0
2016-05-25 00:00:00-04:00,24.961711883544922,25.204692840576172,24.634620666503906,25.101892471313477,17.25271224975586,1517315,0.0,0.0
2016-05-26 00:00:00-04:00,25.40094757080078,25.578510284423828,24.877601623535156,24.94301986694336,17.143512725830078,985934,0.0,0.0
2016-05-27 00:00:00-04:00,24.94301986694336,25.073856353759766,24.615928649902344,24.868257522583008,17.092124938964844,1168268,0.0,0.0
2016-05-31 00:00:00-04:00,24.91498374938965,25.232728958129883,24.32621955871582,24.344911575317383,16.732431411743164,13107762,0.0,0.0
2016-06-01 00:00:00-04:00,24.09258460998535,24.429019927978516,23.70941925048828,24.344911575317383,16.732431411743164,1887227,0.0,0.0
2016-06-02 00:00:00-04:00,24.08323860168457,24.625274658203125,24.036510467529297,24.55051040649414,16.873737335205078,1090370,0.0,0.0
2016-06-03 00:00:00-04:00,24.92432975769043,25.260765075683594,24.47574806213379,24.690692901611328,16.9700927734375,1174903,0.0,0.0
2016-06-06 00:00:00-04:00,24.877601623535156,25.251419067382812,24.849565505981445,25.214038848876953,17.329782485961914,1244883,0.0,0.0
2016-06-07 00:00:00-04:00,24.971057891845703,25.111238479614258,24.634620666503906,24.802839279174805,17.047168731689453,1134990,0.0,0.0
2016-06-08 00:00:00-04:00,25.279457092285156,25.475711822509766,25.064510345458984,25.064510345458984,17.22701644897461,981975,0.0,0.0
2016-06-09 00:00:00-04:00,24.72807502746582,24.72807502746582,24.32621955871582,24.45705795288086,16.80950927734375,867587,0.0,0.0
2016-06-10 00:00:00-04:00,24.260801315307617,24.419675827026367,24.148656845092773,24.2701473236084,16.68104362487793,1252480,0.0,0.0
2016-06-13 00:00:00-04:00,24.260801315307617,24.52247428894043,24.214075088500977,24.30752944946289,16.706737518310547,996206,0.0,0.0
2016-06-14 00:00:00-04:00,24.195383071899414,24.30752944946289,23.65334701538086,23.905675888061523,16.430540084838867,1143122,0.0,0.0
2016-06-15 00:00:00-04:00,24.344911575317383,24.821529388427734,24.25145721435547,24.49443817138672,16.835195541381836,1504368,0.0,0.0
2016-06-16 00:00:00-04:00,24.139310836791992,24.382293701171875,23.989784240722656,24.363601684570312,16.745271682739258,1451294,0.0,0.0
2016-06-17 00:00:00-04:00,24.55051040649414,24.971057891845703,24.466402053833008,24.849565505981445,17.079288482666016,1538181,0.0,0.0
2016-06-20 00:00:00-04:00,25.186002731323242,25.681310653686523,25.17665672302246,25.457019805908203,17.49679183959961,1396615,0.0,0.0
2016-06-21 00:00:00-04:00,25.260765075683594,25.531784057617188,24.961711883544922,25.457019805908203,17.49679183959961,1247558,0.0,0.0
2016-06-22 00:00:00-04:00,25.681310653686523,25.746728897094727,25.38225746154785,25.457019805908203,17.49679183959961,1638978,0.0,0.0
2016-06-23 00:00:00-04:00,25.84018325805664,26.22334861755371,25.653274536132812,26.167274475097656,17.98495101928711,1359377,0.0,0.0
2016-06-24 00:00:00-04:00,24.29818344116211,25.335529327392578,23.86829376220703,23.88698387145996,16.417695999145508,4650068,0.0,0.0
2016-06-27 00:00:00-04:00,23.63465690612793,23.952402114868164,23.372983932495117,23.84960174560547,16.392000198364258,1553054,0.0,0.0
2016-06-28 00:00:00-04:00,24.07389259338379,24.5037841796875,24.036510467529297,24.382293701171875,16.75812339782715,1489708,0.0,0.0
2016-06-29 00:00:00-04:00,24.793493270874023,24.92432975769043,24.541166305541992,24.643966674804688,16.937969207763672,1125253,0.0,0.0
2016-06-30 00:00:00-04:00,24.821529388427734,25.223384857177734,24.662656784057617,25.214038848876953,17.329782485961914,965710,0.0,0.0
2016-07-01 00:00:00-04:00,24.662656784057617,24.840219497680664,24.485092163085938,24.70938491821289,16.982934951782227,1360768,0.0,0.0
2016-07-05 00:00:00-04:00,24.391637802124023,24.400983810424805,23.62531089782715,23.765493392944336,16.334192276000977,1455467,0.0,0.0
2016-07-06 00:00:00-04:00,23.68138313293457,23.802875518798828,23.279529571533203,23.728111267089844,16.308502197265625,1614475,0.0,0.0
2016-07-07 00:00:00-04:00,23.84025764465332,24.036510467529297,23.44774627685547,23.63465690612793,16.244264602661133,1323424,0.0,0.0
2016-07-08 00:00:00-04:00,23.971092224121094,24.288837432861328,23.896329879760742,24.08323860168457,16.552581787109375,1271420,0.0,0.0
2016-07-11 00:00:00-04:00,24.232765197753906,24.391637802124023,24.176692962646484,24.363601684570312,16.745271682739258,1264358,0.0,0.0
2016-07-12 00:00:00-04:00,24.74676513671875,24.961711883544922,24.438365936279297,24.615928649902344,16.918703079223633,2074377,0.0,0.0
2016-07-13 00:00:00-04:00,24.765457153320312,25.017784118652344,24.690692901611328,25.008438110351562,17.188472747802734,1657276,0.0,0.0
2016-07-14 00:00:00-04:00,25.092548370361328,25.17665672302246,24.784147262573242,24.849565505981445,17.079288482666016,1011508,0.0,0.0
2016-07-15 00:00:00-04:00,24.821529388427734,25.008438110351562,24.643966674804688,24.690692901611328,16.9700927734375,646303,0.0,0.0
2016-07-18 00:00:00-04:00,24.51312828063965,24.74676513671875,24.30752944946289,24.71872901916504,16.989356994628906,662033,0.0,0.0
2016-07-19 00:00:00-04:00,24.45705795288086,24.606584548950195,24.316875457763672,24.391637802124023,16.764543533325195,817617,0.0,0.0
2016-07-20 00:00:00-04:00,24.260801315307617,24.51312828063965,24.07389259338379,24.410329818725586,16.777395248413086,992033,0.0,0.0
2016-07-21 00:00:00-04:00,24.51312828063965,24.72807502746582,24.354257583618164,24.615928649902344,16.918703079223633,846187,0.0,0.0
2016-07-22 00:00:00-04:00,24.53182029724121,24.662656784057617,24.148656845092773,24.541166305541992,16.867319107055664,783696,0.0,0.0
2016-07-25 00:00:00-04:00,24.587892532348633,24.615928649902344,24.167348861694336,24.47574806213379,16.822351455688477,1017393,0.0,0.0
2016-07-26 00:00:00-04:00,24.242111206054688,24.858911514282227,24.242111206054688,24.812183380126953,17.053590774536133,1129854,0.0,0.0
2016-07-27 00:00:00-04:00,24.971057891845703,25.31683921813965,24.569202423095703,24.70938491821289,16.982934951782227,2228784,0.0,0.0
2016-07-28 00:00:00-04:00,24.6720027923584,24.886947631835938,24.3355655670166,24.3355655670166,16.72600555419922,1467130,0.0,0.0
2016-07-29 00:00:00-04:00,24.260801315307617,24.438365936279297,23.924365997314453,24.288837432861328,16.693889617919922,1364299,0.0,0.0
2016-08-01 00:00:00-04:00,24.316875457763672,24.316875457763672,23.63465690612793,23.756147384643555,16.32776641845703,1047140,0.0,0.0
2016-08-02 00:00:00-04:00,23.86829376220703,24.354257583618164,23.774837493896484,24.158002853393555,16.603965759277344,1475156,0.0,0.0
2016-08-03 00:00:00-04:00,23.961748123168945,24.94301986694336,23.83091163635254,24.9056396484375,17.11782455444336,1932490,0.0,0.0
2016-08-04 00:00:00-04:00,24.77480125427246,25.073856353759766,24.77480125427246,24.886947631835938,17.10497283935547,820292,0.0,0.0
2016-08-05 00:00:00-04:00,24.961711883544922,25.036474227905273,24.447711944580078,24.5037841796875,16.841623306274414,1287257,0.0,0.0
2016-08-08 00:00:00-04:00,24.690692901611328,24.89629364013672,24.2701473236084,24.27949333190918,16.687471389770508,1267782,0.0,0.0
2016-08-09 00:00:00-04:00,24.214075088500977,24.53182029724121,24.195383071899414,24.260801315307617,16.706771850585938,1080525,0.046727,0.0
2016-08-10 00:00:00-04:00,24.447711944580078,24.72807502746582,24.06454849243164,24.2701473236084,16.71320915222168,1197159,0.0,0.0
2016-08-11 00:00:00-04:00,24.29818344116211,24.597238540649414,24.195383071899414,24.316875457763672,16.745389938354492,1239533,0.0,0.0
2016-08-12 00:00:00-04:00,24.09258460998535,24.419675827026367,23.924365997314453,24.382293701171875,16.790437698364258,2321235,0.0,0.0
2016-08-15 00:00:00-04:00,24.485092163085938,24.74676513671875,24.45705795288086,24.485092163085938,16.86122703552246,650049,0.0,0.0
2016-08-16 00:00:00-04:00,24.597238540649414,24.653310775756836,24.382293701171875,24.429019927978516,16.822614669799805,806488,0.0,0.0
2016-08-17 00:00:00-04:00,24.32621955871582,24.541166305541992,24.158002853393555,24.52247428894043,16.8869686126709,662782,0.0,0.0
2016-08-18 00:00:00-04:00,24.71872901916504,24.765457153320312,24.569202423095703,24.662656784057617,16.983495712280273,449630,0.0,0.0
2016-08-19 00:00:00-04:00,24.438365936279297,24.53182029724121,24.223419189453125,24.30752944946289,16.73895263671875,461722,0.0,0.0
2016-08-22 00:00:00-04:00,24.139310836791992,24.587892532348633,24.036510467529297,24.578548431396484,16.925588607788086,660107,0.0,0.0
2016-08-23 00:00:00-04:00,24.74676513671875,24.89629364013672,24.569202423095703,24.569202423095703,16.919151306152344,551712,0.0,0.0
2016-08-24 00:00:00-04:00,24.49443817138672,24.559856414794922,24.036510467529297,24.045856475830078,16.558757781982422,1240603,0.0,0.0
2016-08-25 00:00:00-04:00,24.008474349975586,24.372947692871094,23.915019989013672,24.30752944946289,16.73895263671875,793969,0.0,0.0
2016-08-26 00:00:00-04:00,24.72807502746582,25.232728958129883,24.400983810424805,24.419675827026367,16.81618309020996,1188599,0.0,0.0
2016-08-29 00:00:00-04:00,24.354257583618164,24.587892532348633,24.354257583618164,24.53182029724121,16.893404006958008,572471,0.0,0.0
2016-08-30 00:00:00-04:00,24.49443817138672,24.569202423095703,24.129966735839844,24.288837432861328,16.726078033447266,818794,0.0,0.0
2016-08-31 00:00:00-04:00,24.1019287109375,24.419675827026367,23.961748123168945,24.129966735839844,16.616676330566406,1439523,0.0,0.0
2016-09-01 00:00:00-04:00,24.167348861694336,24.30752944946289,23.961748123168945,24.186037063598633,16.655288696289062,715428,0.0,0.0
2016-09-02 00:00:00-04:00,24.485092163085938,24.75611114501953,24.288837432861328,24.391637802124023,16.796871185302734,643842,0.0,0.0
2016-09-06 00:00:00-04:00,24.3355655670166,24.6720027923584,24.3355655670166,24.6720027923584,16.98993682861328,667811,0.0,0.0
2016-09-07 00:00:00-04:00,24.578548431396484,24.690692901611328,24.195383071899414,24.260801315307617,16.706771850585938,943988,0.0,0.0
2016-09-08 00:00:00-04:00,24.29818344116211,24.447711944580078,24.158002853393555,24.3355655670166,16.758256912231445,1030447,0.0,0.0
2016-09-09 00:00:00-04:00,24.129966735839844,24.139310836791992,23.569238662719727,23.60662078857422,16.25628662109375,1185496,0.0,0.0
2016-09-12 00:00:00-04:00,23.335601806640625,24.214075088500977,23.270183563232422,24.148656845092773,16.62954330444336,1378103,0.0,0.0
2016-09-13 00:00:00-04:00,23.812219619750977,23.812219619750977,23.354293823242188,23.550546646118164,16.21766471862793,1312938,0.0,0.0
2016-09-14 00:00:00-04:00,23.62531089782715,23.87763786315918,23.43840217590332,23.68138313293457,16.307767868041992,1117335,0.0,0.0
2016-09-15 00:00:00-04:00,23.65334701538086,24.008474349975586,23.513166427612305,23.746801376342773,16.352815628051758,755340,0.0,0.0
2016-09-16 00:00:00-04:00,23.3823299407959,23.84960174560547,23.372983932495117,23.67203712463379,16.30133819580078,1090477,0.0,0.0
2016-09-19 00:00:00-04:00,24.06454849243164,24.120620727539062,23.68138313293457,23.83091163635254,16.41073989868164,795681,0.0,0.0
2016-09-20 00:00:00-04:00,23.924365997314453,23.989784240722656,23.728111267089844,23.9337100982666,16.481529235839844,449523,0.0,0.0
2016-09-21 00:00:00-04:00,24.148656845092773,24.49443817138672,23.952402114868164,24.447711944580078,16.835481643676758,995992,0.0,0.0
2016-09-22 00:00:00-04:00,24.765457153320312,25.045820236206055,24.466402053833008,24.55051040649414,16.906274795532227,928259,0.0,0.0
2016-09-23 00:00:00-04:00,24.400983810424805,24.653310775756836,24.176692962646484,24.260801315307617,16.706771850585938,1085340,0.0,0.0
2016-09-26 00:00:00-04:00,24.2701473236084,24.354257583618164,24.08323860168457,24.08323860168457,16.584497451782227,474027,0.0,0.0
2016-09-27 00:00:00-04:00,23.88698387145996,24.148656845092773,23.793529510498047,24.036510467529297,16.55232048034668,555350,0.0,0.0
2016-09-28 00:00:00-04:00,24.316875457763672,24.94301986694336,24.167348861694336,24.93367576599121,17.170135498046875,1018784,0.0,0.0
2016-09-29 00:00:00-04:00,24.858911514282227,24.93367576599121,24.578548431396484,24.70003890991211,17.009252548217773,1621858,0.0,0.0
2016-09-30 00:00:00-04:00,24.765457153320312,24.95236587524414,24.578548431396484,24.578548431396484,16.925588607788086,988395,0.0,0.0
2016-10-03 00:00:00-04:00,24.74676513671875,24.77480125427246,24.429019927978516,24.615928649902344,16.951330184936523,972023,0.0,0.0
2016-10-04 00:00:00-04:00,24.51312828063965,24.615928649902344,24.242111206054688,24.30752944946289,16.73895263671875,1042325,0.0,0.0
2016-10-05 00:00:00-04:00,24.354257583618164,24.94301986694336,24.32621955871582,24.877601623535156,17.13152313232422,1223803,0.0,0.0
2016-10-06 00:00:00-04:00,24.578548431396484,24.92432975769043,24.51312828063965,24.587892532348633,16.932022094726562,500350,0.0,0.0
2016-10-07 00:00:00-04:00,24.793493270874023,24.886947631835938,24.344911575317383,24.5037841796875,16.874099731445312,605749,0.0,0.0
2016-10-10 00:00:00-04:00,24.75611114501953,25.111238479614258,24.73741912841797,24.99909210205078,17.21518898010254,830243,0.0,0.0
2016-10-11 00:00:00-04:00,24.989748001098633,25.083202362060547,24.419675827026367,24.466402053833008,16.848356246948242,1195340,0.0,0.0
2016-10-12 00:00:00-04:00,24.5037841796875,25.064510345458984,24.47574806213379,24.91498374938965,17.157264709472656,547325,0.0,0.0
2016-10-13 00:00:00-04:00,24.1019287109375,24.606584548950195,24.1019287109375,24.55051040649414,16.906274795532227,582101,0.0,0.0
2016-10-14 00:00:00-04:00,24.68134880065918,24.9056396484375,24.242111206054688,24.30752944946289,16.73895263671875,858278,0.0,0.0
2016-10-17 00:00:00-04:00,24.410329818725586,24.71872901916504,24.344911575317383,24.70003890991211,17.009252548217773,607354,0.0,0.0
2016-10-18 00:00:00-04:00,25.036474227905273,25.036474227905273,24.45705795288086,24.886947631835938,17.137954711914062,777704,0.0,0.0
2016-10-19 00:00:00-04:00,24.99909210205078,25.634584426879883,24.812183380126953,25.606548309326172,17.633501052856445,1304270,0.0,0.0
2016-10-20 00:00:00-04:00,25.457019805908203,25.933639526367188,25.232728958129883,25.924293518066406,17.852306365966797,1372860,0.0,0.0
2016-10-21 00:00:00-04:00,25.737384796142578,25.933639526367188,25.59720230102539,25.606548309326172,17.633501052856445,858706,0.0,0.0
2016-10-24 00:00:00-04:00,25.80280113220215,25.933639526367188,25.634584426879883,25.886911392211914,17.82656478881836,551819,0.0,0.0
2016-10-25 00:00:00-04:00,26.148584365844727,26.643892288208008,26.01774787902832,26.20465660095215,18.045377731323242,1301916,0.0,0.0
2016-10-26 00:00:00-04:00,25.952329635620117,26.382219314575195,25.82149314880371,26.23269271850586,18.064682006835938,1080311,0.0,0.0
2016-10-27 00:00:00-04:00,26.316801071166992,26.475675582885742,26.083166122436523,26.316801071166992,18.12260627746582,728054,0.0,0.0
2016-10-28 00:00:00-04:00,26.260730743408203,26.503711700439453,25.849529266357422,25.98971176147461,17.897357940673828,1130389,0.0,0.0
2016-10-31 00:00:00-04:00,26.167274475097656,26.70931053161621,26.157930374145508,26.531747817993164,18.270618438720703,1699971,0.0,0.0
2016-11-01 00:00:00-04:00,26.821456909179688,26.821456909179688,25.9616756439209,25.9616756439209,17.878047943115234,1293249,0.0,0.0
2016-11-02 00:00:00-04:00,25.80280113220215,26.00840187072754,25.045820236206055,25.055166244506836,17.25379753112793,1203580,0.0,0.0
2016-11-03 00:00:00-04:00,25.17665672302246,25.34487533569336,24.971057891845703,25.017784118652344,17.228055953979492,1152325,0.0,0.0
2016-11-04 00:00:00-04:00,24.89629364013672,25.662620544433594,24.784147262573242,25.541128158569336,17.588449478149414,1487354,0.0,0.0
2016-11-07 00:00:00-05:00,25.86821937561035,26.167274475097656,25.77476692199707,26.129892349243164,18.026870727539062,1007977,0.046727,0.0
2016-11-08 00:00:00-05:00,26.157930374145508,26.961639404296875,26.04578399658203,26.90556526184082,18.562002182006836,1529299,0.0,0.0
2016-11-09 00:00:00-05:00,27.29807472229004,28.055057525634766,27.139202117919922,27.69993019104004,19.110029220581055,2770652,0.0,0.0
2016-11-10 00:00:00-05:00,28.241966247558594,31.80258560180664,28.241966247558594,31.512874603271484,21.740562438964844,5841877,0.0,0.0
2016-11-11 00:00:00-05:00,32.34461975097656,32.512840270996094,29.354074478149414,30.653093338012695,21.147403717041016,3803346,0.0,0.0
2016-11-14 00:00:00-05:00,30.7185115814209,31.008220672607422,30.447494506835938,30.9521484375,21.353717803955078,2156877,0.0,0.0
2016-11-15 00:00:00-05:00,30.223203659057617,30.550294876098633,29.91480255126953,30.232547760009766,20.857269287109375,1303307,0.0,0.0
2016-11-16 00:00:00-05:00,29.699857711791992,30.12974739074707,29.43818473815918,29.727893829345703,20.50910758972168,1796595,0.0,0.0
2016-11-17 00:00:00-05:00,29.998912811279297,30.653093338012695,29.45687484741211,29.606403350830078,20.4252986907959,1145263,0.0,0.0
2016-11-18 00:00:00-05:00,29.204547882080078,29.68116569519043,29.111093521118164,29.625093460083008,20.438194274902344,1267889,0.0,0.0
2016-11-21 00:00:00-05:00,30.03629493713379,30.185821533203125,29.737239837646484,29.8961124420166,20.625165939331055,985185,0.0,0.0
2016-11-22 00:00:00-05:00,30.372730255126953,30.793275833129883,30.10171127319336,30.77458381652832,21.231216430664062,1390408,0.0,0.0
2016-11-23 00:00:00-05:00,30.484874725341797,31.325965881347656,30.33534812927246,31.241857528686523,21.5535888671875,1743628,0.0,0.0
2016-11-25 00:00:00-05:00,31.35400390625,31.475494384765625,31.026912689208984,31.40073013305664,21.663198471069336,830136,0.0,0.0
2016-11-28 00:00:00-05:00,31.269893646240234,31.307275772094727,30.877384185791016,30.94280242919922,21.347272872924805,855710,0.0,0.0
2016-11-29 00:00:00-05:00,30.08302116394043,30.410112380981445,29.63443946838379,30.204511642456055,20.837932586669922,995671,0.0,0.0
2016-11-30 00:00:00-05:00,30.653093338012695,30.905420303344727,30.28862190246582,30.681129455566406,21.166748046875,1611157,0.0,0.0
2016-12-01 00:00:00-05:00,30.877384185791016,31.20447540283203,30.709165573120117,30.868038177490234,21.295692443847656,1091012,0.0,0.0
2016-12-02 00:00:00-05:00,30.7185115814209,30.9521484375,30.587675094604492,30.94280242919922,21.347272872924805,741644,0.0,0.0
2016-12-05 00:00:00-05:00,31.39138412475586,31.653057098388672,31.260547637939453,31.62502098083496,21.817930221557617,1074212,0.0,0.0
2016-12-06 00:00:00-05:00,31.503530502319336,31.970802307128906,31.34465789794922,31.924074172973633,22.02424430847168,1195554,0.0,0.0
2016-12-07 00:00:00-05:00,32.2418212890625,32.456764221191406,31.690439224243164,32.1764030456543,22.19831657409668,1400574,0.0,0.0
2016-12-08 00:00:00-05:00,32.410037994384766,32.67171096801758,32.03622055053711,32.559566497802734,22.46266746520996,1108132,0.0,0.0
2016-12-09 00:00:00-05:00,32.568912506103516,32.69974899291992,32.39134979248047,32.69040298461914,22.552934646606445,773959,0.0,0.0
2016-12-12 00:00:00-05:00,32.68105697631836,32.71843719482422,32.2418212890625,32.27920150756836,22.269245147705078,1401965,0.0,0.0
2016-12-13 00:00:00-05:00,31.952112197875977,32.167057037353516,30.681129455566406,31.157747268676758,21.49555778503418,1787072,0.0,0.0
2016-12-14 00:00:00-05:00,30.92411231994629,31.58763885498047,30.793275833129883,31.008220672607422,21.39240074157715,1010973,0.0,0.0
2016-12-15 00:00:00-05:00,30.615711212158203,31.279239654541016,30.344694137573242,31.026912689208984,21.405296325683594,857636,0.0,0.0
2016-12-16 00:00:00-05:00,30.77458381652832,30.77458381652832,30.251239776611328,30.27927589416504,20.889507293701172,1887655,0.0,0.0
2016-12-19 00:00:00-05:00,30.08302116394043,30.428802490234375,29.503602981567383,29.597057342529297,20.41884994506836,1950681,0.0,0.0
2016-12-20 00:00:00-05:00,29.737239837646484,30.30731201171875,29.484912872314453,30.28862190246582,20.895954132080078,885992,0.0,0.0
2016-12-21 00:00:00-05:00,30.33534812927246,30.466184616088867,30.10171127319336,30.30731201171875,20.908849716186523,758872,0.0,0.0
2016-12-22 00:00:00-05:00,30.484874725341797,30.484874725341797,29.718547821044922,29.924148559570312,20.644512176513672,1040185,0.0,0.0
2016-12-23 00:00:00-05:00,29.924148559570312,30.120403289794922,29.821348190307617,29.989566802978516,20.689645767211914,499922,0.0,0.0
2016-12-27 00:00:00-05:00,30.148439407348633,30.33534812927246,29.961530685424805,30.167129516601562,20.8121395111084,617305,0.0,0.0
2016-12-28 00:00:00-05:00,30.35403823852539,30.57832908630371,30.03629493713379,30.13909339904785,20.792795181274414,751595,0.0,0.0
2016-12-29 00:00:00-05:00,30.223203659057617,30.32600212097168,29.755929946899414,29.93349266052246,20.650955200195312,806595,0.0,0.0
2016-12-30 00:00:00-05:00,30.12974739074707,30.269929885864258,29.793312072753906,29.849384307861328,20.592927932739258,630467,0.0,0.0
2017-01-03 00:00:00-05:00,30.167129516601562,30.363384246826172,29.998912811279297,30.260583877563477,20.876615524291992,912422,0.0,0.0
2017-01-04 00:00:00-05:00,30.494220733642578,31.307275772094727,30.494220733642578,31.279239654541016,21.579374313354492,1263823,0.0,0.0
2017-01-05 00:00:00-05:00,31.297929763793945,31.63436508178711,31.017566680908203,31.297929763793945,21.592275619506836,1033657,0.0,0.0
2017-01-06 00:00:00-05:00,31.22316551208496,31.466148376464844,31.045602798461914,31.39138412475586,21.6567440032959,887276,0.0,0.0
2017-01-09 00:00:00-05:00,31.35400390625,31.475494384765625,31.017566680908203,31.120365142822266,21.46977424621582,709436,0.0,0.0
2017-01-10 00:00:00-05:00,32.073604583740234,32.18574905395508,31.755857467651367,31.942766189575195,22.03714370727539,1206148,0.0,0.0
2017-01-11 00:00:00-05:00,31.961456298828125,32.05491256713867,31.325965881347656,31.522220611572266,21.74700927734375,989251,0.0,0.0
2017-01-12 00:00:00-05:00,31.858657836914062,32.7932014465332,31.681093215942383,32.5782585144043,22.475566864013672,1558619,0.0,0.0
2017-01-13 00:00:00-05:00,32.512840270996094,33.129638671875,32.204437255859375,33.03618621826172,22.791484832763672,1147938,0.0,0.0
2017-01-17 00:00:00-05:00,32.755821228027344,33.157676696777344,32.74647521972656,32.84927749633789,22.662532806396484,854533,0.0,0.0
2017-01-18 00:00:00-05:00,33.02684020996094,33.8679313659668,32.961421966552734,33.54084014892578,23.139644622802734,1265214,0.0,0.0
2017-01-19 00:00:00-05:00,33.51280212402344,33.78382110595703,33.204402923583984,33.503456115722656,23.113855361938477,846615,0.0,0.0
2017-01-20 00:00:00-05:00,33.48476791381836,34.045494079589844,33.33523941040039,33.652984619140625,23.217010498046875,977587,0.0,0.0
2017-01-23 00:00:00-05:00,34.092220306396484,34.3538932800293,33.82120132446289,34.31651306152344,23.674772262573242,884387,0.0,0.0
2017-01-24 00:00:00-05:00,34.86789321899414,35.540767669677734,34.81182098388672,35.45665740966797,24.46135902404785,1458784,0.0,0.0
2017-01-25 00:00:00-05:00,35.05480194091797,36.16691207885742,34.83985900878906,36.11083984375,24.912675857543945,1531119,0.0,0.0
2017-01-26 00:00:00-05:00,35.71833038330078,36.32578659057617,34.933311462402344,35.344512939453125,24.383991241455078,1580447,0.0,0.0
2017-01-27 00:00:00-05:00,35.148258209228516,36.12018585205078,35.00807571411133,35.92393112182617,24.783729553222656,1477831,0.0,0.0
2017-01-30 00:00:00-05:00,35.60618591308594,36.07345962524414,35.344512939453125,35.84916687011719,24.732145309448242,1895253,0.0,0.0
2017-01-31 00:00:00-05:00,35.989349365234375,36.30709457397461,35.50338363647461,35.84916687011719,24.732145309448242,1738385,0.0,0.0
2017-02-01 00:00:00-05:00,35.88655090332031,36.15756607055664,35.30712890625,36.07345962524414,24.886890411376953,1992626,0.0,0.0
2017-02-02 00:00:00-05:00,36.026729583740234,36.6622200012207,35.92393112182617,36.54072952270508,25.20924949645996,2377305,0.0,0.0
2017-02-03 00:00:00-05:00,36.54072952270508,36.54072952270508,35.76505661010742,35.92393112182617,24.783729553222656,1526089,0.0,0.0
2017-02-06 00:00:00-05:00,35.81178665161133,36.06411361694336,35.02676773071289,35.391239166259766,24.416227340698242,1671080,0.0,0.0
2017-02-07 00:00:00-05:00,35.391239166259766,35.65291213989258,35.12956619262695,35.46600341796875,24.467798233032227,1254835,0.0,0.0
2017-02-08 00:00:00-05:00,35.61552810668945,36.428585052490234,35.61552810668945,36.16691207885742,24.95136070251465,1813716,0.0,0.0
2017-02-09 00:00:00-05:00,35.634220123291016,35.85851287841797,34.65294647216797,34.97069549560547,24.1260929107666,1900496,0.0,0.0
2017-02-10 00:00:00-05:00,36.05476760864258,36.91455078125,35.11087417602539,35.47534942626953,24.526687622070312,2172714,0.074764,0.0
2017-02-13 00:00:00-05:00,35.91458511352539,36.5126953125,35.81178665161133,36.11083984375,24.96605110168457,1313152,0.0,0.0
2017-02-14 00:00:00-05:00,35.94261932373047,36.21363830566406,35.7744026184082,36.10149383544922,24.9595890045166,1232257,0.0,0.0
2017-02-15 00:00:00-05:00,35.95196533203125,36.05476760864258,35.60618591308594,35.793094635009766,24.746362686157227,875185,0.0,0.0
2017-02-16 00:00:00-05:00,35.84916687011719,35.980003356933594,35.26974868774414,35.49403762817383,24.539608001708984,1021780,0.0,0.0
2017-02-17 00:00:00-05:00,35.30712890625,35.30712890625,34.39127731323242,34.85854721069336,24.100244522094727,1539465,0.0,0.0
2017-02-21 00:00:00-05:00,35.06414794921875,35.596839904785156,34.80247497558594,35.53142166137695,24.56545066833496,1235788,0.0,0.0
2017-02-22 00:00:00-05:00,34.793128967285156,35.66225814819336,34.793128967285156,35.00807571411133,24.20362091064453,1062442,0.0,0.0
2017-02-23 00:00:00-05:00,35.23236846923828,35.36320114135742,34.2697868347168,34.43800354003906,23.80949592590332,1294212,0.0,0.0
2017-02-24 00:00:00-05:00,34.204368591308594,34.4193115234375,33.76512908935547,33.91465759277344,23.447668075561523,1750262,0.0,0.0
2017-02-27 00:00:00-05:00,34.11091232299805,34.56884002685547,33.98942184448242,34.40996551513672,23.790109634399414,2746255,0.0,0.0
2017-02-28 00:00:00-05:00,34.307167053222656,34.737056732177734,34.16698455810547,34.260440826416016,23.68673324584961,1708745,0.0,0.0
2017-03-01 00:00:00-05:00,34.85854721069336,35.624874114990234,34.8211669921875,35.44731140136719,24.507295608520508,1169017,0.0,0.0
2017-03-02 00:00:00-05:00,35.16694641113281,35.5594596862793,34.43800354003906,34.447349548339844,23.815950393676758,1082451,0.0,0.0
2017-03-03 00:00:00-05:00,34.60622024536133,34.81182098388672,34.251094818115234,34.80247497558594,24.061487197875977,1142694,0.0,0.0
2017-03-06 00:00:00-05:00,34.251094818115234,34.46603775024414,33.9520378112793,34.40996551513672,23.790109634399414,773103,0.0,0.0
2017-03-07 00:00:00-05:00,34.39127731323242,34.56884002685547,34.045494079589844,34.07352828979492,23.557510375976562,1021566,0.0,0.0
2017-03-08 00:00:00-05:00,34.148292541503906,34.22305679321289,33.615604400634766,33.699710845947266,23.299055099487305,829173,0.0,0.0
2017-03-09 00:00:00-05:00,33.58756637573242,33.74644088745117,32.7932014465332,32.84927749633789,22.71108627319336,1896002,0.0,0.0
2017-03-10 00:00:00-05:00,33.38196563720703,33.606258392333984,32.98945617675781,33.07356643676758,22.86615562438965,1055914,0.0,0.0
2017-03-13 00:00:00-04:00,33.4660758972168,33.55952835083008,33.07356643676758,33.30720138549805,23.027687072753906,993317,0.0,0.0
2017-03-14 00:00:00-04:00,33.054874420166016,33.14833068847656,32.606292724609375,32.774513244628906,22.659404754638672,790973,0.0,0.0
2017-03-15 00:00:00-04:00,33.054874420166016,33.79316711425781,32.858619689941406,33.69036865234375,23.2925968170166,1156605,0.0,0.0
2017-03-16 00:00:00-04:00,34.15763854980469,34.16698455810547,33.494110107421875,33.643638610839844,23.260295867919922,534698,0.0,0.0
2017-03-17 00:00:00-04:00,33.94269561767578,34.3538932800293,33.643638610839844,33.76512908935547,23.344280242919922,1200049,0.0,0.0
2017-03-20 00:00:00-04:00,33.82120132446289,34.101566314697266,33.652984619140625,34.0174560546875,23.518747329711914,898833,0.0,0.0
2017-03-21 00:00:00-04:00,33.96138381958008,34.11091232299805,33.48476791381836,33.54084014892578,23.18922233581543,1353920,0.0,0.0
2017-03-22 00:00:00-04:00,33.54084014892578,34.12960433959961,33.400657653808594,34.101566314697266,23.57689094543457,1214066,0.0,0.0
2017-03-23 00:00:00-04:00,33.98942184448242,34.18567657470703,33.72774887084961,34.02680206298828,23.52519416809082,1024562,0.0,0.0
2017-03-24 00:00:00-04:00,33.98007583618164,34.19502258300781,33.83989334106445,34.15763854980469,23.61565399169922,1083949,0.0,0.0
2017-03-27 00:00:00-04:00,33.22309494018555,33.47542190551758,32.50349426269531,33.447383880615234,23.124605178833008,1372753,0.0,0.0
2017-03-28 00:00:00-04:00,33.400657653808594,33.858585357666016,33.31654739379883,33.67167663574219,23.279672622680664,1073463,0.0,0.0
2017-03-29 00:00:00-04:00,33.55952835083008,33.886619567871094,33.251129150390625,33.78382110595703,23.35721206665039,1527694,0.0,0.0
2017-03-30 00:00:00-04:00,33.82120132446289,33.98007583618164,33.63429260253906,33.83054733276367,23.38951873779297,815798,0.0,0.0
2017-03-31 00:00:00-04:00,33.699710845947266,33.82120132446289,33.35393142700195,33.54084014892578,23.18922233581543,932967,0.0,0.0
2017-04-03 00:00:00-04:00,33.699710845947266,33.886619567871094,33.18571090698242,33.662330627441406,23.27321434020996,501527,0.0,0.0
2017-04-04 00:00:00-04:00,33.606258392333984,33.858585357666016,33.129638671875,33.77447509765625,23.350749969482422,1284689,0.0,0.0
2017-04-05 00:00:00-04:00,34.12960433959961,34.21371078491211,33.72774887084961,33.78382110595703,23.35721206665039,1137665,0.0,0.0
2017-04-06 00:00:00-04:00,33.91465759277344,34.24174880981445,33.849239349365234,33.98007583618164,23.492889404296875,690603,0.0,0.0
2017-04-07 00:00:00-04:00,33.76512908935547,34.18567657470703,33.52214813232422,33.858585357666016,23.408905029296875,980477,0.0,0.0
2017-04-10 00:00:00-04:00,33.886619567871094,34.11091232299805,33.42869567871094,33.82120132446289,23.38304901123047,870798,0.0,0.0
2017-04-11 00:00:00-04:00,34.23240280151367,34.23240280151367,33.5969123840332,34.092220306396484,23.5704288482666,1196303,0.0,0.0
2017-04-12 00:00:00-04:00,33.55952835083008,33.71840286254883,32.88665771484375,33.02684020996094,22.83384895324707,1365049,0.0,0.0
2017-04-13 00:00:00-04:00,33.008148193359375,33.37261962890625,32.6623649597168,32.68105697631836,22.594785690307617,402656,0.0,0.0
2017-04-17 00:00:00-04:00,32.98011016845703,33.129638671875,32.86796569824219,33.12029266357422,22.89846420288086,509338,0.0,0.0
2017-04-18 00:00:00-04:00,32.568912506103516,32.94272994995117,32.512840270996094,32.67171096801758,22.588327407836914,1097967,0.0,0.0
2017-04-19 00:00:00-04:00,32.97076416015625,33.10160446166992,32.54087448120117,32.615638732910156,22.549558639526367,653794,0.0,0.0
2017-04-20 00:00:00-04:00,33.0642204284668,33.32589340209961,32.811893463134766,33.07356643676758,22.86615562438965,741965,0.0,0.0
2017-04-21 00:00:00-04:00,33.12029266357422,33.213748931884766,32.83058547973633,32.97076416015625,22.795080184936523,799212,0.0,0.0
2017-04-24 00:00:00-04:00,33.297855377197266,33.42869567871094,33.167022705078125,33.1950569152832,22.950153350830078,718210,0.0,0.0
2017-04-25 00:00:00-04:00,33.37261962890625,33.531494140625,32.998802185058594,33.363277435302734,23.066455841064453,934358,0.0,0.0
2017-04-26 00:00:00-04:00,32.90534973144531,33.74644088745117,32.568912506103516,33.699710845947266,23.299055099487305,851002,0.0,0.0
2017-04-27 00:00:00-04:00,33.75578689575195,33.79316711425781,32.774513244628906,33.08291244506836,22.87261962890625,702587,0.0,0.0
2017-04-28 00:00:00-04:00,33.33523941040039,33.33523941040039,32.94272994995117,33.054874420166016,22.85323715209961,667062,0.0,0.0
2017-05-01 00:00:00-04:00,33.10160446166992,33.241783142089844,32.765167236328125,32.95207595825195,22.782163619995117,553317,0.0,0.0
2017-05-02 00:00:00-04:00,32.68105697631836,33.400657653808594,31.774547576904297,32.961421966552734,22.788623809814453,1101498,0.0,0.0
2017-05-03 00:00:00-04:00,32.456764221191406,32.606292724609375,31.64371109008789,31.662403106689453,21.890522003173828,1359377,0.0,0.0
2017-05-04 00:00:00-04:00,31.494184494018555,31.550256729125977,30.72785758972168,30.849348068237305,21.328393936157227,1868181,0.0,0.0
2017-05-05 00:00:00-04:00,30.840002059936523,31.727821350097656,30.830656051635742,31.484838485717773,21.767757415771484,1108132,0.0,0.0
2017-05-08 00:00:00-04:00,30.905420303344727,31.56894874572754,30.494220733642578,31.503530502319336,21.78067970275879,650263,0.0,0.0
2017-05-09 00:00:00-04:00,31.58763885498047,31.783893585205078,31.522220611572266,31.61567497253418,21.858211517333984,622656,0.0,0.0
2017-05-10 00:00:00-04:00,31.80258560180664,32.14836502075195,31.755857467651367,31.933420181274414,22.077896118164062,897549,0.0,0.0
2017-05-11 00:00:00-04:00,32.22312927246094,32.765167236328125,31.80258560180664,32.63433074951172,22.562484741210938,1292928,0.0,0.0
2017-05-12 00:00:00-04:00,32.49414825439453,32.7090950012207,32.14836502075195,32.33527755737305,22.35572052001953,720029,0.0,0.0
2017-05-15 00:00:00-04:00,32.54087448120117,32.74647521972656,32.38200378417969,32.410037994384766,22.48539924621582,542403,0.112145,0.0
2017-05-16 00:00:00-04:00,32.512840270996094,32.68105697631836,32.26985549926758,32.33527755737305,22.433528900146484,857636,0.0,0.0
2017-05-17 00:00:00-04:00,32.03622055053711,32.08294677734375,31.438112258911133,31.456802368164062,21.824060440063477,1059445,0.0,0.0
2017-05-18 00:00:00-04:00,31.111021041870117,31.550256729125977,30.821311950683594,31.456802368164062,21.824060440063477,819543,0.0,0.0
2017-05-19 00:00:00-04:00,31.746511459350586,32.55022048950195,31.662403106689453,32.316585540771484,22.420564651489258,556848,0.0,0.0
2017-05-22 00:00:00-04:00,32.38200378417969,33.008148193359375,32.26051330566406,32.802547454833984,22.757713317871094,674017,0.0,0.0
2017-05-23 00:00:00-04:00,32.6436767578125,32.90534973144531,32.58760452270508,32.71843719482422,22.69935417175293,415603,0.0,0.0
2017-05-24 00:00:00-04:00,32.50349426269531,32.89600372314453,32.25116729736328,32.53152847290039,22.56968879699707,610671,0.0,0.0
2017-05-25 00:00:00-04:00,32.58760452270508,32.94272994995117,32.353965759277344,32.615638732910156,22.628032684326172,494144,0.0,0.0
2017-05-26 00:00:00-04:00,32.596946716308594,32.811893463134766,32.43807601928711,32.606292724609375,22.62155532836914,544329,0.0,0.0
2017-05-30 00:00:00-04:00,32.58760452270508,33.08291244506836,32.50349426269531,32.811893463134766,22.76420021057129,941527,0.0,0.0
2017-05-31 00:00:00-04:00,32.50349426269531,32.73712921142578,32.06425857543945,32.67171096801758,22.666942596435547,878823,0.0,0.0
2017-06-01 00:00:00-04:00,32.63433074951172,32.858619689941406,32.26985549926758,32.44742202758789,22.511337280273438,745710,0.0,0.0
2017-06-02 00:00:00-04:00,32.34461975097656,32.38200378417969,31.905384063720703,32.26985549926758,22.38814353942871,497033,0.0,0.0
2017-06-05 00:00:00-04:00,32.204437255859375,32.606292724609375,32.110984802246094,32.41938400268555,22.49188232421875,560379,0.0,0.0
2017-06-06 00:00:00-04:00,32.372657775878906,32.78385543823242,32.28854751586914,32.7090950012207,22.692882537841797,439251,0.0,0.0
2017-06-07 00:00:00-04:00,32.65302276611328,32.97076416015625,32.596946716308594,32.765167236328125,22.731775283813477,666741,0.0,0.0
2017-06-08 00:00:00-04:00,32.68105697631836,33.67167663574219,32.65302276611328,33.652984619140625,23.34772491455078,855068,0.0,0.0
2017-06-09 00:00:00-04:00,33.643638610839844,34.335201263427734,33.55018615722656,33.895965576171875,23.51630210876465,766041,0.0,0.0
2017-06-12 00:00:00-04:00,33.83054733276367,34.251094818115234,33.48476791381836,33.531494140625,23.263444900512695,508910,0.0,0.0
2017-06-13 00:00:00-04:00,33.55952835083008,33.81185531616211,33.47542190551758,33.79316711425781,23.44498062133789,465360,0.0,0.0
2017-06-14 00:00:00-04:00,33.92400360107422,33.92400360107422,32.94272994995117,33.02684020996094,22.913320541381836,686430,0.0,0.0
2017-06-15 00:00:00-04:00,32.69040298461914,32.83993148803711,31.933420181274414,32.10163879394531,22.271432876586914,848541,0.0,0.0
2017-06-16 00:00:00-04:00,32.08294677734375,32.54087448120117,31.905384063720703,32.18574905395508,22.329792022705078,950836,0.0,0.0
2017-06-19 00:00:00-04:00,32.29789352416992,32.6623649597168,32.29789352416992,32.44742202758789,22.511337280273438,419562,0.0,0.0
2017-06-20 00:00:00-04:00,32.08294677734375,32.157711029052734,31.42876625061035,31.466148376464844,21.83055305480957,646410,0.0,0.0
2017-06-21 00:00:00-04:00,31.681093215942383,32.14836502075195,31.456802368164062,31.783893585205078,22.050996780395508,430584,0.0,0.0
2017-06-22 00:00:00-04:00,31.84931182861328,32.49414825439453,31.80258560180664,32.13902282714844,22.29737663269043,610350,0.0,0.0
2017-06-23 00:00:00-04:00,32.41938400268555,32.755821228027344,32.03622055053711,32.596946716308594,22.61507225036621,1291002,0.0,0.0
2017-06-26 00:00:00-04:00,32.74647521972656,32.84927749633789,32.39134979248047,32.73712921142578,22.71232795715332,597724,0.0,0.0
2017-06-27 00:00:00-04:00,32.98011016845703,33.26982116699219,32.10163879394531,32.110984802246094,22.277921676635742,737150,0.0,0.0
2017-06-28 00:00:00-04:00,32.44742202758789,32.5782585144043,32.129676818847656,32.316585540771484,22.420564651489258,671984,0.0,0.0
2017-06-29 00:00:00-04:00,32.42873001098633,32.90534973144531,32.25116729736328,32.49414825439453,22.54375457763672,965175,0.0,0.0
2017-06-30 00:00:00-04:00,32.512840270996094,32.6623649597168,32.325931549072266,32.363311767578125,22.45298194885254,510730,0.0,0.0
2017-07-03 00:00:00-04:00,32.47545623779297,32.89600372314453,32.39134979248047,32.7932014465332,22.751230239868164,521965,0.0,0.0
2017-07-05 00:00:00-04:00,32.68105697631836,33.054874420166016,32.25116729736328,32.94272994995117,22.854969024658203,831634,0.0,0.0
2017-07-06 00:00:00-04:00,32.95207595825195,33.10160446166992,32.25116729736328,32.47545623779297,22.530784606933594,1254728,0.0,0.0
2017-07-07 00:00:00-04:00,32.512840270996094,32.89600372314453,32.48480224609375,32.69040298461914,22.67991065979004,490827,0.0,0.0
2017-07-10 00:00:00-04:00,32.512840270996094,33.72774887084961,32.26051330566406,33.447383880615234,23.20508575439453,788512,0.0,0.0
2017-07-11 00:00:00-04:00,33.52214813232422,33.83054733276367,33.241783142089844,33.62494659423828,23.328279495239258,711790,0.0,0.0
2017-07-12 00:00:00-04:00,33.97072982788086,34.37258529663086,33.74644088745117,34.0174560546875,23.600597381591797,1016216,0.0,0.0
2017-07-13 00:00:00-04:00,33.98007583618164,34.288475036621094,33.98007583618164,34.17633056640625,23.7108154296875,505807,0.0,0.0
2017-07-14 00:00:00-04:00,34.38193130493164,34.737056732177734,34.36323928833008,34.66229248046875,24.047964096069336,615700,0.0,0.0
2017-07-17 00:00:00-04:00,34.7557487487793,35.550113677978516,34.68098449707031,35.44731140136719,24.59258460998535,895729,0.0,0.0
2017-07-18 00:00:00-04:00,35.3725471496582,35.66225814819336,35.138912200927734,35.335166931152344,24.514789581298828,547432,0.0,0.0
2017-07-19 00:00:00-04:00,35.3725471496582,35.69029235839844,35.3725471496582,35.48469543457031,24.618532180786133,629718,0.0,0.0
2017-07-20 00:00:00-04:00,35.51272964477539,35.60618591308594,35.20433044433594,35.26040267944336,24.462921142578125,719494,0.0,0.0
2017-07-21 00:00:00-04:00,35.11087417602539,35.46600341796875,34.933311462402344,35.353858947753906,24.52776527404785,455302,0.0,0.0
2017-07-24 00:00:00-04:00,35.32582092285156,35.66225814819336,35.07349395751953,35.6435661315918,24.7287540435791,567549,0.0,0.0
2017-07-25 00:00:00-04:00,36.428585052490234,37.0640754699707,36.26036834716797,36.77436828613281,25.51328468322754,978872,0.0,0.0
2017-07-26 00:00:00-04:00,36.886512756347656,37.21360397338867,36.60614776611328,37.120147705078125,25.7531681060791,911459,0.0,0.0
2017-07-27 00:00:00-04:00,37.24163818359375,37.316402435302734,36.28840255737305,36.75567626953125,25.500314712524414,841479,0.0,0.0
2017-07-28 00:00:00-04:00,36.634185791015625,37.026695251464844,36.5781135559082,36.877166748046875,25.5846004486084,565195,0.0,0.0
2017-07-31 00:00:00-04:00,36.95193099975586,37.325748443603516,36.680912017822266,36.76502227783203,25.50680160522461,771926,0.0,0.0
2017-08-01 00:00:00-04:00,36.75567626953125,37.05472946166992,36.54072952270508,36.9332389831543,25.62350082397461,1059124,0.0,0.0
2017-08-02 00:00:00-04:00,36.80240249633789,36.91455078125,36.31644058227539,36.81174850463867,25.539203643798828,862986,0.0,0.0
2017-08-03 00:00:00-04:00,36.81174850463867,37.073421478271484,36.4472770690918,36.85847473144531,25.571630477905273,812694,0.0,0.0
2017-08-04 00:00:00-04:00,36.84912872314453,36.84912872314453,36.05476760864258,36.185604095458984,25.104801177978516,1164523,0.0,0.0
2017-08-07 00:00:00-04:00,36.36316680908203,36.6622200012207,36.15756607055664,36.30709457397461,25.280502319335938,675087,0.130836,0.0
2017-08-08 00:00:00-04:00,36.194950103759766,36.886512756347656,35.93327713012695,36.70895004272461,25.560312271118164,701410,0.0,0.0
2017-08-09 00:00:00-04:00,36.5968017578125,36.82109451293945,36.5126953125,36.680912017822266,25.54079246520996,588628,0.0,0.0
2017-08-10 00:00:00-04:00,36.75567626953125,36.77436828613281,35.90523910522461,36.026729583740234,25.08527946472168,847899,0.0,0.0
2017-08-11 00:00:00-04:00,35.138912200927734,36.01738357543945,34.699676513671875,35.86785888671875,24.974666595458984,898619,0.0,0.0
2017-08-14 00:00:00-04:00,36.07345962524414,36.60614776611328,35.86785888671875,36.55007553100586,25.449689865112305,858171,0.0,0.0
2017-08-15 00:00:00-04:00,36.437931060791016,36.5126953125,36.05476760864258,36.082801818847656,25.12432289123535,853463,0.0,0.0
2017-08-16 00:00:00-04:00,35.998695373535156,37.59676742553711,35.97065734863281,37.29771041870117,25.970260620117188,1962130,0.0,0.0
2017-08-17 00:00:00-04:00,37.110801696777344,37.316402435302734,36.437931060791016,36.465965270996094,25.39112091064453,1116479,0.0,0.0
2017-08-18 00:00:00-04:00,36.52204132080078,36.839786529541016,36.32578659057617,36.55942153930664,25.456193923950195,753307,0.0,0.0
2017-08-21 00:00:00-04:00,36.877166748046875,37.671531677246094,36.84912872314453,37.43789291381836,26.067869186401367,721634,0.0,0.0
2017-08-22 00:00:00-04:00,37.78367614746094,38.51262283325195,37.78367614746094,38.14814758300781,26.56241226196289,1066722,0.0,0.0
2017-08-23 00:00:00-04:00,37.933204650878906,38.50327682495117,37.69021987915039,38.02665710449219,26.47783088684082,644912,0.0,0.0
2017-08-24 00:00:00-04:00,38.03600311279297,38.43785858154297,37.811710357666016,38.419166564941406,26.75111961364746,542724,0.0,0.0
2017-08-25 00:00:00-04:00,38.578041076660156,38.802330017089844,38.03600311279297,38.05469512939453,26.497346878051758,771926,0.0,0.0
2017-08-28 00:00:00-04:00,38.27898406982422,39.03596878051758,38.18553161621094,39.03596878051758,27.180599212646484,1199728,0.0,0.0
2017-08-29 00:00:00-04:00,38.92382049560547,38.92382049560547,38.44720458984375,38.69953155517578,26.94634437561035,1411060,0.0,0.0
2017-08-30 00:00:00-04:00,38.652801513671875,38.652801513671875,37.50331115722656,37.63414764404297,26.20451545715332,1468307,0.0,0.0
2017-08-31 00:00:00-04:00,38.2229118347168,38.2229118347168,37.40985870361328,38.03600311279297,26.484336853027344,1119689,0.0,0.0
2017-09-01 00:00:00-04:00,38.32571029663086,38.69953155517578,38.213565826416016,38.59672927856445,26.874765396118164,669951,0.0,0.0
2017-09-05 00:00:00-04:00,38.606075286865234,39.250911712646484,37.61545944213867,38.02665710449219,26.47783088684082,1463706,0.0,0.0
2017-09-06 00:00:00-04:00,38.2229118347168,38.55000305175781,37.98927688598633,38.54065704345703,26.835721969604492,877218,0.0,0.0
2017-09-07 00:00:00-04:00,38.59672927856445,38.7556037902832,38.166839599609375,38.363094329833984,26.712085723876953,1016537,0.0,0.0
2017-09-08 00:00:00-04:00,38.129459381103516,38.129459381103516,36.74633026123047,36.9986572265625,25.76202964782715,1163132,0.0,0.0
2017-09-11 00:00:00-04:00,37.19491195678711,37.62480163574219,37.19491195678711,37.50331115722656,26.11342430114746,687607,0.0,0.0
2017-09-12 00:00:00-04:00,37.484619140625,37.811710357666016,37.3350944519043,37.38182067871094,26.02882957458496,630467,0.0,0.0
2017-09-13 00:00:00-04:00,36.76502227783203,37.21360397338867,36.54072952270508,36.74633026123047,25.58633804321289,988181,0.0,0.0
2017-09-14 00:00:00-04:00,36.45661926269531,36.69025802612305,36.05476760864258,36.65287780761719,25.521270751953125,805846,0.0,0.0
2017-09-15 00:00:00-04:00,36.624839782714844,37.05472946166992,36.50334930419922,36.77436828613281,25.605871200561523,1362801,0.0,0.0
2017-09-18 00:00:00-04:00,36.867820739746094,37.325748443603516,36.867820739746094,37.269676208496094,25.950740814208984,1479971,0.0,0.0
2017-09-19 00:00:00-04:00,37.35378646850586,38.017311096191406,37.14818572998047,37.89582061767578,26.386722564697266,920661,0.0,0.0
2017-09-20 00:00:00-04:00,37.8677864074707,38.06404113769531,36.970619201660156,37.14818572998047,25.866151809692383,796216,0.0,0.0
2017-09-21 00:00:00-04:00,36.877166748046875,37.23229217529297,36.61549377441406,37.026695251464844,25.78155517578125,979407,0.0,0.0
2017-09-22 00:00:00-04:00,36.79305648803711,37.14818572998047,36.400550842285156,36.55007553100586,25.449689865112305,616342,0.0,0.0
2017-09-25 00:00:00-04:00,36.465965270996094,36.6622200012207,36.28840255737305,36.475311279296875,25.397621154785156,559309,0.0,0.0
2017-09-26 00:00:00-04:00,36.643531799316406,36.81174850463867,36.138877868652344,36.14822006225586,25.169876098632812,834202,0.0,0.0
2017-09-27 00:00:00-04:00,36.25102233886719,36.45661926269531,35.830474853515625,36.35382080078125,25.313030242919922,883745,0.0,0.0
2017-09-28 00:00:00-04:00,36.20429229736328,37.363128662109375,36.06411361694336,37.026695251464844,25.78155517578125,1165272,0.0,0.0
2017-09-29 00:00:00-04:00,37.20425796508789,37.39116668701172,36.77436828613281,37.15753173828125,25.87265396118164,796002,0.0,0.0
2017-10-02 00:00:00-04:00,37.04538345336914,37.363128662109375,36.624839782714844,37.15753173828125,25.87265396118164,1274095,0.0,0.0
2017-10-03 00:00:00-04:00,37.34444046020508,38.166839599609375,37.09211349487305,38.157493591308594,26.56892967224121,1063833,0.0,0.0
2017-10-04 00:00:00-04:00,38.2696418762207,38.50327682495117,38.19487762451172,38.419166564941406,26.75111961364746,906430,0.0,0.0
2017-10-05 00:00:00-04:00,38.91447448730469,39.72753143310547,38.86774826049805,39.092041015625,27.219646453857422,1490243,0.0,0.0
2017-10-06 00:00:00-04:00,38.858402252197266,39.064002990722656,38.51262283325195,38.91447448730469,27.096010208129883,892626,0.0,0.0
2017-10-09 00:00:00-04:00,39.03596878051758,39.03596878051758,38.18553161621094,38.2696418762207,26.64700698852539,1083842,0.0,0.0
2017-10-10 00:00:00-04:00,38.419166564941406,38.961204528808594,38.32571029663086,38.83036804199219,27.037446975708008,964212,0.0,0.0
2017-10-11 00:00:00-04:00,38.73691177368164,39.67145919799805,38.70887756347656,38.99858474731445,27.15457534790039,1163453,0.0,0.0
2017-10-12 00:00:00-04:00,39.08269500732422,39.68080139160156,38.91447448730469,39.68080139160156,27.629600524902344,1325243,0.0,0.0
2017-10-13 00:00:00-04:00,40.21349334716797,40.52189254760742,40.138729095458984,40.334983825683594,28.08510971069336,1429144,0.0,0.0
2017-10-16 00:00:00-04:00,40.67142105102539,41.26018524169922,40.42844009399414,40.83964157104492,28.436491012573242,1425613,0.0,0.0
2017-10-17 00:00:00-04:00,40.652732849121094,40.76487731933594,39.9144401550293,40.63404083251953,28.293338775634766,761226,0.0,0.0
2017-10-18 00:00:00-04:00,40.40974807739258,40.86767578125,40.194801330566406,40.58731460571289,28.260801315307617,871547,0.0,0.0
2017-10-19 00:00:00-04:00,40.37236785888672,40.699459075927734,39.9798583984375,40.45647430419922,28.169696807861328,841907,0.0,0.0
2017-10-20 00:00:00-04:00,40.792911529541016,41.01720428466797,40.22283935546875,40.306949615478516,28.06558609008789,1024990,0.0,0.0
2017-10-23 00:00:00-04:00,40.110694885253906,40.76487731933594,39.88640213012695,40.57796859741211,28.254281997680664,978765,0.0,0.0
2017-10-24 00:00:00-04:00,40.68076705932617,41.76483917236328,40.60600280761719,41.46578598022461,28.87247657775879,1697510,0.0,0.0
2017-10-25 00:00:00-04:00,41.45643997192383,41.53120422363281,40.20414733886719,40.792911529541016,28.403961181640625,1490885,0.0,0.0
2017-10-26 00:00:00-04:00,40.84898376464844,41.02655029296875,40.260223388671875,40.39105987548828,28.124155044555664,1527052,0.0,0.0
2017-10-27 00:00:00-04:00,39.52193069458008,40.0452766418457,38.94251251220703,39.699493408203125,27.642616271972656,981226,0.0,0.0
2017-10-30 00:00:00-04:00,39.61538314819336,40.297603607177734,39.43782043457031,39.97051239013672,27.831323623657227,913064,0.0,0.0
2017-10-31 00:00:00-04:00,39.9144401550293,40.61534881591797,39.74622344970703,40.138729095458984,27.94845199584961,1594786,0.0,0.0
2017-11-01 00:00:00-04:00,40.942440032958984,41.3349494934082,40.03593063354492,40.18545913696289,27.98099136352539,992354,0.0,0.0
2017-11-02 00:00:00-04:00,39.98920440673828,40.60600280761719,39.98920440673828,40.12938690185547,27.941951751708984,619980,0.0,0.0
2017-11-03 00:00:00-04:00,40.4004020690918,40.43778610229492,39.699493408203125,40.08265686035156,27.90941619873047,737899,0.0,0.0
2017-11-06 00:00:00-05:00,40.344329833984375,41.643348693847656,40.08265686035156,41.54989242553711,28.931032180786133,1098288,0.0,0.0
2017-11-07 00:00:00-05:00,41.2041130065918,41.381675720214844,40.82094955444336,41.138694763183594,28.806703567504883,972558,0.233636,0.0
2017-11-08 00:00:00-05:00,41.2041130065918,41.67138671875,40.905059814453125,41.484474182128906,29.048839569091797,869835,0.0,0.0
2017-11-09 00:00:00-05:00,41.12000274658203,41.353641510009766,40.260223388671875,41.2041130065918,28.852519989013672,1221556,0.0,0.0
2017-11-10 00:00:00-05:00,41.47513198852539,41.56858444213867,40.951786041259766,41.035892486572266,28.734722137451172,1025525,0.0,0.0
2017-11-13 00:00:00-05:00,41.00785827636719,41.40971374511719,40.72749328613281,41.05458450317383,28.7478084564209,739183,0.0,0.0
2017-11-14 00:00:00-05:00,40.652732849121094,40.652732849121094,39.92378616333008,40.092002868652344,28.073781967163086,706547,0.0,0.0
2017-11-15 00:00:00-05:00,39.73687744140625,39.88640213012695,39.12942123413086,39.61538314819336,27.74003791809082,954582,0.0,0.0
2017-11-16 00:00:00-05:00,39.93313217163086,40.24153137207031,39.68080139160156,39.68080139160156,27.785839080810547,929436,0.0,0.0
2017-11-17 00:00:00-05:00,39.72753143310547,40.18545913696289,39.699493408203125,40.138729095458984,28.106502532958984,889523,0.0,0.0
2017-11-20 00:00:00-05:00,40.18545913696289,40.39105987548828,39.858367919921875,40.306949615478516,28.224287033081055,590019,0.0,0.0
2017-11-21 00:00:00-05:00,40.699459075927734,41.01720428466797,40.596656799316406,40.87702178955078,28.623470306396484,1234076,0.0,0.0
2017-11-22 00:00:00-05:00,41.12000274658203,41.30691146850586,40.58731460571289,40.942440032958984,28.66928482055664,1282228,0.0,0.0
2017-11-24 00:00:00-05:00,41.07327651977539,41.353641510009766,40.96113204956055,41.241493225097656,28.878692626953125,219251,0.0,0.0
2017-11-27 00:00:00-05:00,41.12000274658203,41.30691146850586,40.15742111206055,40.334983825683594,28.243927001953125,825321,0.0,0.0
2017-11-28 00:00:00-05:00,40.18545913696289,40.43778610229492,39.78360366821289,40.24153137207031,28.178483963012695,1264786,0.0,0.0
2017-11-29 00:00:00-05:00,39.93313217163086,40.24153137207031,38.718223571777344,39.71818542480469,27.812013626098633,1507364,0.0,0.0
2017-11-30 00:00:00-05:00,40.03593063354492,40.18545913696289,39.23222351074219,39.29764175415039,27.517536163330078,1640477,0.0,0.0
2017-12-01 00:00:00-05:00,39.39109420776367,40.00789260864258,39.1107292175293,39.96116638183594,27.982160568237305,1330593,0.0,0.0
2017-12-04 00:00:00-05:00,40.39105987548828,40.72749328613281,40.00789260864258,40.297603607177734,28.217750549316406,1066829,0.0,0.0
2017-12-05 00:00:00-05:00,39.447166442871094,39.9144401550293,39.23222351074219,39.6434211730957,27.759662628173828,2312354,0.0,0.0
2017-12-06 00:00:00-05:00,39.61538314819336,39.9798583984375,39.1574592590332,39.42847442626953,27.609155654907227,1507685,0.0,0.0
2017-12-07 00:00:00-05:00,39.23222351074219,39.61538314819336,39.03596878051758,39.48455047607422,27.648414611816406,1108239,0.0,0.0
2017-12-08 00:00:00-05:00,39.75556564331055,39.811641693115234,39.12007522583008,39.2415657043457,27.478275299072266,1018249,0.0,0.0
2017-12-11 00:00:00-05:00,39.306983947753906,39.73687744140625,38.93316650390625,39.5593147277832,27.700777053833008,1050029,0.0,0.0
2017-12-12 00:00:00-05:00,39.74622344970703,40.063968658447266,39.465858459472656,39.5125846862793,27.668048858642578,1247665,0.0,0.0
2017-12-13 00:00:00-05:00,39.690147399902344,40.4004020690918,39.606040954589844,40.4004020690918,28.28972625732422,1143336,0.0,0.0
2017-12-14 00:00:00-05:00,40.3162956237793,40.755531311035156,40.07331466674805,40.101348876953125,28.080320358276367,790010,0.0,0.0
2017-12-15 00:00:00-05:00,40.39105987548828,40.736839294433594,40.27891159057617,40.48451232910156,28.34861946105957,1617899,0.0,0.0
2017-12-18 00:00:00-05:00,41.00785827636719,41.86764144897461,40.979820251464844,41.68073272705078,29.186256408691406,1590078,0.0,0.0
2017-12-19 00:00:00-05:00,41.69942092895508,42.16669464111328,41.400367736816406,42.06389617919922,29.454561233520508,1204436,0.0,0.0
2017-12-20 00:00:00-05:00,42.80218505859375,43.278804779052734,42.58723831176758,43.1105842590332,30.187488555908203,1115943,0.0,0.0
2017-12-21 00:00:00-05:00,43.325531005859375,43.718040466308594,43.13862228393555,43.41898727416992,30.40345001220703,1405496,0.0,0.0
2017-12-22 00:00:00-05:00,43.484405517578125,43.559165954589844,43.082550048828125,43.18534851074219,30.239835739135742,604679,0.0,0.0
2017-12-26 00:00:00-05:00,43.23207473754883,43.568511962890625,42.82087707519531,43.521785736083984,30.47543716430664,516401,0.0,0.0
2017-12-27 00:00:00-05:00,43.727386474609375,44.2694206237793,43.63393020629883,44.007747650146484,30.815715789794922,683113,0.0,0.0
2017-12-28 00:00:00-05:00,44.24138641357422,44.6712760925293,44.05447769165039,44.51240539550781,31.169078826904297,782091,0.0,0.0
2017-12-29 00:00:00-05:00,44.6712760925293,44.79276657104492,44.017093658447266,44.34418487548828,31.051298141479492,787763,0.0,0.0
2018-01-02 00:00:00-05:00,44.8021125793457,45.699275970458984,44.8021125793457,45.699275970458984,32.000179290771484,997276,0.0,0.0
2018-01-03 00:00:00-05:00,45.6058235168457,45.84880447387695,45.17593002319336,45.78338623046875,32.059078216552734,888025,0.0,0.0
2018-01-04 00:00:00-05:00,45.998329162597656,46.11982345581055,45.5404052734375,45.549747467041016,31.895475387573242,676479,0.0,0.0
2018-01-05 00:00:00-05:00,45.43760299682617,46.11982345581055,45.32545852661133,45.904876708984375,32.144161224365234,573327,0.0,0.0
2018-01-08 00:00:00-05:00,45.98898696899414,46.22262191772461,45.78338623046875,46.11982345581055,32.2946662902832,898191,0.0,0.0
2018-01-09 00:00:00-05:00,46.0917854309082,46.101131439208984,45.5404052734375,45.84880447387695,32.104888916015625,1023278,0.0,0.0
2018-01-10 00:00:00-05:00,46.157203674316406,46.596439361572266,46.07309341430664,46.22262191772461,32.36663055419922,1137130,0.0,0.0
2018-01-11 00:00:00-05:00,46.47494888305664,46.830078125,46.138511657714844,46.82073211669922,32.785465240478516,1035156,0.0,0.0
2018-01-12 00:00:00-05:00,47.02633285522461,47.02633285522461,46.559059143066406,46.66185760498047,32.67421340942383,597189,0.0,0.0
2018-01-16 00:00:00-05:00,46.540367126464844,46.65251159667969,46.01702117919922,46.110477447509766,32.288116455078125,890486,0.0,0.0
2018-01-17 00:00:00-05:00,46.157203674316406,46.81138610839844,46.110477447509766,46.56840515136719,32.6087646484375,704407,0.0,0.0
2018-01-18 00:00:00-05:00,46.56840515136719,46.65251159667969,46.18524169921875,46.27869415283203,32.40591049194336,814407,0.0,0.0
2018-01-19 00:00:00-05:00,46.40953063964844,47.06371307373047,46.37215042114258,47.045021057128906,32.9425163269043,826926,0.0,0.0
2018-01-22 00:00:00-05:00,46.11982345581055,46.85811233520508,45.93291473388672,46.81138610839844,32.778907775878906,1027451,0.0,0.0
2018-01-23 00:00:00-05:00,46.5123291015625,46.5123291015625,45.699275970458984,45.9422607421875,32.17033004760742,1319358,0.0,0.0
2018-01-24 00:00:00-05:00,46.67120361328125,46.81138610839844,46.27869415283203,46.71792984008789,32.71346664428711,1074854,0.0,0.0
2018-01-25 00:00:00-05:00,47.26931381225586,47.56836700439453,46.67120361328125,46.77400588989258,32.752742767333984,910496,0.0,0.0
2018-01-26 00:00:00-05:00,46.839420318603516,47.40949630737305,46.839420318603516,47.3160400390625,33.13228988647461,461829,0.0,0.0
2018-01-29 00:00:00-05:00,47.26931381225586,47.37211227416992,46.47494888305664,46.4936408996582,32.556419372558594,584883,0.0,0.0
2018-01-30 00:00:00-05:00,46.297386169433594,46.549713134765625,44.867530822753906,44.88622283935547,31.430856704711914,1297101,0.0,0.0
2018-01-31 00:00:00-05:00,45.43760299682617,45.512367248535156,44.94229507446289,45.37218475341797,31.771142959594727,841158,0.0,0.0
2018-02-01 00:00:00-05:00,45.1385498046875,46.138511657714844,45.110511779785156,45.93291473388672,32.16377639770508,699377,0.0,0.0
2018-02-02 00:00:00-05:00,45.43760299682617,45.57778549194336,43.718040466308594,44.29745864868164,31.018579483032227,1131780,0.0,0.0
2018-02-05 00:00:00-05:00,43.66196823120117,45.38153076171875,43.035823822021484,43.7834587097168,30.658658981323242,1564076,0.0,0.0
2018-02-06 00:00:00-05:00,42.98909378051758,45.12920379638672,42.98909378051758,44.87687683105469,31.424306869506836,1314757,0.0,0.0
2018-02-07 00:00:00-05:00,44.47502136230469,44.605857849121094,43.94232940673828,44.12923812866211,30.900781631469727,1242957,0.0,0.0
2018-02-08 00:00:00-05:00,44.12923812866211,44.222694396972656,42.232112884521484,42.4937858581543,29.755590438842773,1517315,0.0,0.0
2018-02-09 00:00:00-05:00,42.9797477722168,43.83018493652344,42.35360336303711,43.45636749267578,30.42962074279785,1667227,0.0,0.0
2018-02-12 00:00:00-05:00,43.54982376098633,44.10120391845703,43.54047775268555,43.80215072631836,30.870914459228516,592159,0.280364,0.0
2018-02-13 00:00:00-05:00,43.75542068481445,45.19462203979492,43.75542068481445,45.1385498046875,31.81278419494629,983045,0.0,0.0
2018-02-14 00:00:00-05:00,44.624549865722656,47.89545822143555,44.44698715209961,47.69920349121094,33.61748123168945,1950788,0.0,0.0
2018-02-15 00:00:00-05:00,47.886112213134766,48.25992965698242,46.92353057861328,47.48426055908203,33.46599578857422,1353813,0.0,0.0
2018-02-16 00:00:00-05:00,47.17585754394531,48.00760269165039,47.00764083862305,47.194549560546875,33.261817932128906,855710,0.0,0.0
2018-02-20 00:00:00-05:00,46.64316940307617,47.74592971801758,46.06374740600586,47.16651153564453,33.24204635620117,835914,0.0,0.0
2018-02-21 00:00:00-05:00,47.185203552246094,47.689857482910156,46.5777473449707,46.5777473449707,32.82711410522461,1093152,0.0,0.0
2018-02-22 00:00:00-05:00,47.03567886352539,47.61509323120117,46.951568603515625,47.36276626586914,33.38037109375,990963,0.0,0.0
2018-02-23 00:00:00-05:00,47.52164077758789,48.80196762084961,47.52164077758789,48.75524139404297,34.361759185791016,1645827,0.0,0.0
2018-02-26 00:00:00-05:00,49.20382308959961,50.34396743774414,49.0729866027832,50.259857177734375,35.422183990478516,1689484,0.0,0.0
2018-02-27 00:00:00-05:00,49.95145797729492,50.31593322753906,49.4748420715332,49.923423767089844,35.1850700378418,2231352,0.0,0.0
2018-02-28 00:00:00-05:00,49.727169036865234,49.979496002197266,49.16644287109375,49.278587341308594,34.73059844970703,2128735,0.0,0.0
2018-03-01 00:00:00-05:00,49.540260314941406,49.90473175048828,48.680477142333984,49.624366760253906,34.974300384521484,1553054,0.0,0.0
2018-03-02 00:00:00-05:00,49.26924133300781,49.51222229003906,48.521602630615234,49.48418426513672,34.8754997253418,1425078,0.0,0.0
2018-03-05 00:00:00-05:00,49.06364059448242,50.09164047241211,48.979530334472656,49.773895263671875,35.07969284057617,1161099,0.0,0.0
2018-03-06 00:00:00-05:00,50.465457916259766,51.88596725463867,50.465457916259766,51.16636657714844,36.061073303222656,1708638,0.0,0.0
2018-03-07 00:00:00-05:00,50.60564041137695,51.306549072265625,50.250511169433594,51.222442626953125,36.10059356689453,1316148,0.0,0.0
2018-03-08 00:00:00-05:00,50.904693603515625,50.904693603515625,50.11967849731445,50.428077697753906,35.54074478149414,1133599,0.0,0.0
2018-03-09 00:00:00-05:00,50.48414993286133,51.456077575683594,50.48414993286133,50.98880386352539,35.9359245300293,1274844,0.0,0.0
2018-03-12 00:00:00-04:00,51.054222106933594,51.20375061035156,50.09164047241211,50.829933166503906,35.8239631652832,984222,0.0,0.0
2018-03-13 00:00:00-04:00,50.97011184692383,51.37196731567383,50.568260192871094,50.661712646484375,35.70541000366211,945272,0.0,0.0
2018-03-14 00:00:00-04:00,51.213096618652344,51.40000534057617,50.88600540161133,51.1196403503418,36.02814483642578,972772,0.0,0.0
2018-03-15 00:00:00-04:00,51.213096618652344,51.269168853759766,50.671058654785156,50.93273162841797,35.896419525146484,682792,0.0,0.0
2018-03-16 00:00:00-04:00,51.072914123535156,51.502803802490234,50.74582290649414,51.08226013183594,36.00179672241211,1249805,0.0,0.0
2018-03-19 00:00:00-04:00,50.6990966796875,50.97011184692383,50.372005462646484,50.87665939331055,35.85689926147461,674552,0.0,0.0
2018-03-20 00:00:00-04:00,51.20375061035156,51.84858703613281,50.53087615966797,51.512149810791016,36.30476760864258,1334445,0.0,0.0
2018-03-21 00:00:00-04:00,51.76447677612305,52.90462112426758,51.6523323059082,52.194366455078125,36.78559112548828,1317325,0.0,0.0
2018-03-22 00:00:00-04:00,51.37196731567383,51.89531326293945,50.409385681152344,50.75516891479492,35.77127456665039,1031624,0.0,0.0
2018-03-23 00:00:00-04:00,51.026187896728516,51.026187896728516,49.95145797729492,49.9608039855957,35.21141052246094,1149971,0.0,0.0
2018-03-26 00:00:00-04:00,50.52153015136719,50.57760238647461,49.39073181152344,50.47480392456055,35.573673248291016,1165593,0.0,0.0
2018-03-27 00:00:00-04:00,50.60564041137695,50.94207763671875,49.624366760253906,49.88603973388672,35.158721923828125,772889,0.0,0.0
2018-03-28 00:00:00-04:00,49.65240478515625,49.8953857421875,48.74589538574219,48.99822235107422,34.53300857543945,881391,0.0,0.0
2018-03-29 00:00:00-04:00,49.48418426513672,50.99814987182617,49.06364059448242,50.6336784362793,35.685646057128906,1148901,0.0,0.0
2018-04-02 00:00:00-04:00,50.77385711669922,52.0541877746582,50.52153015136719,50.68040466308594,35.71858215332031,1212889,0.0,0.0
2018-04-03 00:00:00-04:00,50.867313385009766,51.40935134887695,50.60564041137695,51.2504768371582,36.12034606933594,982403,0.0,0.0
2018-04-04 00:00:00-04:00,50.60564041137695,52.1382942199707,49.8953857421875,51.86727523803711,36.5550651550293,1345360,0.0,0.0
2018-04-05 00:00:00-04:00,52.26913070678711,52.951351165771484,52.147640228271484,52.41865921020508,36.943660736083984,1041041,0.0,0.0
2018-04-06 00:00:00-04:00,52.147640228271484,52.27847671508789,50.867313385009766,51.13833236694336,36.04131317138672,765506,0.0,0.0
2018-04-09 00:00:00-04:00,51.297203063964844,51.33458709716797,50.59629440307617,50.811241149902344,35.810787200927734,1130175,0.0,0.0
2018-04-10 00:00:00-04:00,52.3252067565918,53.035457611083984,51.84858703613281,52.502769470214844,37.00294494628906,1295282,0.0,0.0
2018-04-11 00:00:00-04:00,52.22240447998047,52.8111686706543,51.97942352294922,52.21305847167969,36.79876708984375,890593,0.0,0.0
2018-04-12 00:00:00-04:00,52.18502426147461,52.66164016723633,51.81120300292969,52.41865921020508,36.943660736083984,942918,0.0,0.0
2018-04-13 00:00:00-04:00,51.40000534057617,51.68036651611328,50.8486213684082,51.306549072265625,36.15986251831055,1435350,0.0,0.0
2018-04-16 00:00:00-04:00,51.82054901123047,52.53080368041992,51.57756805419922,52.16633224487305,36.76582717895508,839766,0.0,0.0
2018-04-17 00:00:00-04:00,52.52145767211914,52.998077392578125,52.22240447998047,52.8952751159668,37.27959060668945,784017,0.0,0.0
2018-04-18 00:00:00-04:00,53.74571228027344,54.287750244140625,53.47469711303711,53.58684158325195,37.766971588134766,1312296,0.0,0.0
2018-04-19 00:00:00-04:00,53.18498611450195,53.46535110473633,52.33454895019531,53.3438606262207,37.59573745727539,1161955,0.0,0.0
2018-04-20 00:00:00-04:00,53.17564010620117,53.241058349609375,52.28782272338867,52.48407745361328,36.989776611328125,680224,0.0,0.0
2018-04-23 00:00:00-04:00,51.9233512878418,52.33454895019531,51.63364028930664,51.745784759521484,36.469444274902344,938852,0.0,0.0
2018-04-24 00:00:00-04:00,52.3252067565918,52.362586975097656,50.54022216796875,51.072914123535156,35.99520492553711,1023385,0.0,0.0
2018-04-25 00:00:00-04:00,50.80189514160156,51.110294342041016,49.3440055847168,49.54960250854492,34.92161560058594,1692801,0.0,0.0
2018-04-26 00:00:00-04:00,49.04494857788086,50.50284194946289,47.998260498046875,49.8299674987793,35.119197845458984,2193366,0.0,0.0
2018-04-27 00:00:00-04:00,49.287933349609375,49.84865951538086,48.5402946472168,49.783241271972656,35.08626174926758,1742558,0.0,0.0
2018-04-30 00:00:00-04:00,49.811275482177734,50.05426025390625,49.3440055847168,49.35335159301758,34.783294677734375,1098395,0.0,0.0
2018-05-01 00:00:00-04:00,49.0729866027832,49.26924133300781,47.22258758544922,48.36273193359375,34.08512878417969,1273453,0.0,0.0
2018-05-02 00:00:00-04:00,48.923458099365234,49.04494857788086,48.250587463378906,48.35338592529297,34.07855224609375,856031,0.0,0.0
2018-05-03 00:00:00-04:00,48.46553039550781,48.78327560424805,48.1851692199707,48.41880416870117,34.12464904785156,985185,0.0,0.0
2018-05-04 00:00:00-04:00,48.15713119506836,49.70847702026367,47.97956848144531,49.4935302734375,34.88209533691406,1257189,0.0,0.0
2018-05-07 00:00:00-04:00,49.521568298339844,49.764549255371094,48.437496185302734,48.6711311340332,34.3024787902832,1036868,0.0,0.0
2018-05-08 00:00:00-04:00,48.1384391784668,48.95149612426758,47.45622253417969,47.72724151611328,33.83213424682617,1107704,0.280364,0.0
2018-05-09 00:00:00-04:00,48.10105895996094,48.46553039550781,47.680511474609375,48.231895446777344,34.18986511230469,1172442,0.0,0.0
2018-05-10 00:00:00-04:00,48.65243911743164,49.0729866027832,48.40945816040039,48.90476989746094,34.66683578491211,1491527,0.0,0.0
2018-05-11 00:00:00-04:00,49.21316909790039,49.3440055847168,48.30665969848633,48.38142013549805,34.29585266113281,688784,0.0,0.0
2018-05-14 00:00:00-04:00,48.29731369018555,48.633750915527344,48.073020935058594,48.39076614379883,34.3024787902832,633463,0.0,0.0
2018-05-15 00:00:00-04:00,48.01694869995117,48.40945816040039,47.27865982055664,48.39076614379883,34.3024787902832,916595,0.0,0.0
2018-05-16 00:00:00-04:00,48.59636688232422,49.15709686279297,48.129093170166016,48.62440490722656,34.46810531616211,1395117,0.0,0.0
2018-05-17 00:00:00-04:00,48.727203369140625,48.979530334472656,48.50291442871094,48.58702087402344,34.441593170166016,442889,0.0,0.0
2018-05-18 00:00:00-04:00,48.091712951660156,48.287967681884766,47.549678802490234,47.988914489746094,34.017616271972656,1118405,0.0,0.0
2018-05-21 00:00:00-04:00,48.446842193603516,48.62440490722656,48.0543327331543,48.2692756652832,34.21635818481445,903220,0.0,0.0
2018-05-22 00:00:00-04:00,48.689823150634766,48.85803985595703,48.19451141357422,48.39076614379883,34.3024787902832,532665,0.0,0.0
2018-05-23 00:00:00-04:00,47.92349624633789,47.92349624633789,46.88615036010742,47.802005767822266,33.8851318359375,746994,0.0,0.0
2018-05-24 00:00:00-04:00,47.90480422973633,48.11040496826172,47.50294876098633,47.988914489746094,34.017616271972656,831955,0.0,0.0
2018-05-25 00:00:00-04:00,47.66182327270508,47.7178955078125,46.549713134765625,46.77400588989258,33.15641403198242,773852,0.0,0.0
2018-05-29 00:00:00-04:00,46.20392990112305,46.62447738647461,45.08247756958008,45.15724182128906,32.010353088378906,1036012,0.0,0.0
2018-05-30 00:00:00-04:00,45.63385772705078,46.456260681152344,45.297420501708984,46.110477447509766,32.686065673828125,1139056,0.0,0.0
2018-05-31 00:00:00-04:00,46.26000213623047,46.71792984008789,45.5404052734375,45.6899299621582,32.38795852661133,1305233,0.0,0.0
2018-06-01 00:00:00-04:00,45.92356872558594,46.306732177734375,45.736656188964844,46.03571319580078,32.63306427001953,813979,0.0,0.0
2018-06-04 00:00:00-04:00,46.40953063964844,46.92353057861328,46.11982345581055,46.38149642944336,32.878177642822266,821897,0.0,0.0
2018-06-05 00:00:00-04:00,46.63382339477539,47.998260498046875,46.61513137817383,47.91415023803711,33.96461486816406,1150185,0.0,0.0
2018-06-06 00:00:00-04:00,48.50291442871094,49.18513107299805,48.40011215209961,49.14775085449219,34.839073181152344,1380029,0.0,0.0
2018-06-07 00:00:00-04:00,49.10102081298828,49.11036682128906,47.633785247802734,48.21320343017578,34.17660903930664,914455,0.0,0.0
2018-06-08 00:00:00-04:00,48.241241455078125,48.474876403808594,47.75527572631836,48.091712951660156,34.09049987792969,725700,0.0,0.0
2018-06-11 00:00:00-04:00,48.01694869995117,48.40945816040039,47.848731994628906,47.96087646484375,33.99774169921875,695953,0.0,0.0
2018-06-12 00:00:00-04:00,47.96087646484375,48.091712951660156,47.49360275268555,47.792659759521484,33.87849807739258,539835,0.0,0.0
2018-06-13 00:00:00-04:00,47.830039978027344,48.091712951660156,46.8487663269043,47.203895568847656,33.461151123046875,671128,0.0,0.0
2018-06-14 00:00:00-04:00,47.2973518371582,47.446876525878906,46.82073211669922,46.9796028137207,33.30215835571289,769893,0.0,0.0
2018-06-15 00:00:00-04:00,46.42822265625,46.42822265625,44.96098709106445,45.39087677001953,32.175968170166016,1430428,0.0,0.0
2018-06-18 00:00:00-04:00,44.98902130126953,45.4749870300293,44.69931411743164,45.418914794921875,32.195831298828125,855175,0.0,0.0
2018-06-19 00:00:00-04:00,44.409603118896484,44.68996810913086,43.615238189697266,44.166622161865234,31.308135986328125,996206,0.0,0.0
2018-06-20 00:00:00-04:00,44.418949127197266,44.418949127197266,43.60589599609375,43.961021423339844,31.16238784790039,1003268,0.0,0.0
2018-06-21 00:00:00-04:00,43.932987213134766,43.932987213134766,43.45636749267578,43.615238189697266,30.917280197143555,688784,0.0,0.0
2018-06-22 00:00:00-04:00,44.27876663208008,44.48436737060547,43.60589599609375,43.66196823120117,30.950410842895508,1711741,0.0,0.0
2018-06-25 00:00:00-04:00,43.362911224365234,43.58720397949219,42.671348571777344,43.5124397277832,30.84440040588379,2041955,0.0,0.0
2018-06-26 00:00:00-04:00,43.65262222290039,43.923641204833984,43.362911224365234,43.88625717163086,31.10939598083496,1049922,0.0,0.0
2018-06-27 00:00:00-04:00,43.475059509277344,43.774112701416016,42.98909378051758,42.99843978881836,30.48004913330078,1000700,0.0,0.0
2018-06-28 00:00:00-04:00,42.75545883178711,42.98909378051758,41.802223205566406,42.8956413269043,30.407188415527344,1063619,0.0,0.0
2018-06-29 00:00:00-04:00,43.325531005859375,43.99840545654297,43.0264778137207,43.80215072631836,31.04977035522461,977373,0.0,0.0
2018-07-02 00:00:00-04:00,42.876949310302734,43.334877014160156,42.10127639770508,42.46574783325195,30.102449417114258,1063833,0.0,0.0
2018-07-03 00:00:00-04:00,42.84891128540039,42.933021545410156,41.484474182128906,41.68073272705078,29.545970916748047,961430,0.0,0.0
2018-07-05 00:00:00-04:00,41.74614715576172,42.633968353271484,41.624656677246094,42.437713623046875,30.082569122314453,1400253,0.0,0.0
2018-07-06 00:00:00-04:00,42.232112884521484,43.00778579711914,41.72745895385742,42.79283905029297,30.334304809570312,1273988,0.0,0.0
2018-07-09 00:00:00-04:00,43.42832946777344,43.54982376098633,42.94236755371094,43.447021484375,30.79804039001465,772782,0.0,0.0
2018-07-10 00:00:00-04:00,43.23207473754883,43.63393020629883,42.914329528808594,43.278804779052734,30.678791046142578,745282,0.0,0.0
2018-07-11 00:00:00-04:00,42.36294937133789,42.78349685668945,41.26018524169922,41.6059684753418,29.492982864379883,1152860,0.0,0.0
2018-07-12 00:00:00-04:00,41.90502166748047,42.26014709472656,41.21345901489258,41.85829544067383,29.67184829711914,1714844,0.0,0.0
2018-07-13 00:00:00-04:00,41.886329650878906,42.31622314453125,41.57793045043945,42.13865661621094,29.87058448791504,1375321,0.0,0.0
2018-07-16 00:00:00-04:00,42.194732666015625,42.31622314453125,41.66204071044922,41.792877197265625,29.62547492980957,1089942,0.0,0.0
2018-07-17 00:00:00-04:00,41.6900749206543,42.37229537963867,41.6900749206543,42.1573486328125,29.883832931518555,1378531,0.0,0.0
2018-07-18 00:00:00-04:00,42.33491134643555,42.84891128540039,42.185386657714844,42.633968353271484,30.221691131591797,928366,0.0,0.0
2018-07-19 00:00:00-04:00,41.783531188964844,41.8209114074707,40.69011306762695,40.72749328613281,28.870258331298828,999844,0.0,0.0
2018-07-20 00:00:00-04:00,40.81160354614258,41.30691146850586,40.81160354614258,40.905059814453125,28.99614143371582,1341936,0.0,0.0
2018-07-23 00:00:00-04:00,41.01720428466797,41.6900749206543,40.792911529541016,41.53120422363281,29.439979553222656,2144572,0.0,0.0
2018-07-24 00:00:00-04:00,43.119930267333984,44.204002380371094,42.82087707519531,43.45636749267578,30.804662704467773,2011138,0.0,0.0
2018-07-25 00:00:00-04:00,43.41898727416992,44.42829513549805,43.35356521606445,44.38156509399414,31.460500717163086,1137772,0.0,0.0
2018-07-26 00:00:00-04:00,44.10120391845703,44.605857849121094,43.87691116333008,44.568477630615234,31.593006134033203,1285331,0.0,0.0
2018-07-27 00:00:00-04:00,44.89556884765625,44.93294906616211,44.465675354003906,44.75538635253906,31.725488662719727,1150506,0.0,0.0
2018-07-30 00:00:00-04:00,44.811458587646484,45.12920379638672,44.59651184082031,44.92360305786133,31.844741821289062,1313687,0.0,0.0
2018-07-31 00:00:00-04:00,45.43760299682617,46.316078186035156,44.325496673583984,46.12916946411133,32.69932174682617,1327383,0.0,0.0
2018-08-01 00:00:00-04:00,45.465641021728516,45.82076644897461,44.26007843017578,44.652587890625,31.652624130249023,1244776,0.0,0.0
2018-08-02 00:00:00-04:00,43.848876953125,44.02643966674805,43.073204040527344,43.81149673461914,31.056396484375,1113589,0.0,0.0
2018-08-03 00:00:00-04:00,43.923641204833984,44.577823638916016,43.727386474609375,44.456329345703125,31.513505935668945,710720,0.0,0.0
2018-08-06 00:00:00-04:00,44.10120391845703,44.10120391845703,43.40964126586914,43.521785736083984,30.851032257080078,1162918,0.0,0.0
2018-08-07 00:00:00-04:00,43.9142951965332,44.03578567504883,42.78349685668945,42.886295318603516,30.663936614990234,801031,0.373818,0.0
2018-08-08 00:00:00-04:00,42.8956413269043,43.045166015625,42.61527633666992,42.690040588378906,30.523611068725586,764008,0.0,0.0
2018-08-09 00:00:00-04:00,42.690040588378906,43.091896057128906,42.4937858581543,42.69938659667969,30.530298233032227,788298,0.0,0.0
2018-08-10 00:00:00-04:00,42.0919303894043,42.633968353271484,41.624656677246094,42.34425735473633,30.27638053894043,1009047,0.0,0.0
2018-08-13 00:00:00-04:00,42.34425735473633,42.643314361572266,41.51251220703125,41.624656677246094,29.761856079101562,926868,0.0,0.0
2018-08-14 00:00:00-04:00,41.783531188964844,41.839603424072266,40.914405822753906,41.101314544677734,29.38766860961914,1363015,0.0,0.0
2018-08-15 00:00:00-04:00,40.36302185058594,40.36302185058594,39.007930755615234,39.465858459472656,28.21830940246582,1412023,0.0,0.0
2018-08-16 00:00:00-04:00,39.942474365234375,40.4471321105957,39.29764175415039,40.101348876953125,28.67268180847168,1029056,0.0,0.0
2018-08-17 00:00:00-04:00,40.092002868652344,40.96113204956055,39.951820373535156,40.77422332763672,29.153785705566406,601362,0.0,0.0
2018-08-20 00:00:00-04:00,40.96113204956055,41.21345901489258,40.64338684082031,40.914405822753906,29.254018783569336,877111,0.0,0.0
2018-08-21 00:00:00-04:00,40.84898376464844,41.484474182128906,40.736839294433594,41.11065673828125,29.39435386657715,620837,0.0,0.0
2018-08-22 00:00:00-04:00,41.381675720214844,41.587276458740234,41.06393051147461,41.47513198852539,29.65494155883789,460010,0.0,0.0
2018-08-23 00:00:00-04:00,41.12934875488281,41.12934875488281,40.3817138671875,40.4471321105957,28.9199161529541,681294,0.0,0.0
2018-08-24 00:00:00-04:00,41.32560348510742,41.540550231933594,40.8022575378418,41.46578598022461,29.648265838623047,599971,0.0,0.0
2018-08-27 00:00:00-04:00,41.57793045043945,42.633968353271484,41.55923843383789,42.40967559814453,30.32315444946289,719066,0.0,0.0
2018-08-28 00:00:00-04:00,42.97040557861328,42.97040557861328,42.50313186645508,42.70873260498047,30.5369873046875,903648,0.0,0.0
2018-08-29 00:00:00-04:00,42.6246223449707,42.933021545410156,42.278839111328125,42.40032958984375,30.31647491455078,828745,0.0,0.0
2018-08-30 00:00:00-04:00,42.026512145996094,42.17604064941406,40.596656799316406,40.84898376464844,29.207244873046875,669095,0.0,0.0
2018-08-31 00:00:00-04:00,40.61534881591797,41.17607498168945,40.3817138671875,40.783565521240234,29.16046714782715,479591,0.0,0.0
2018-09-04 00:00:00-04:00,39.96116638183594,40.0452766418457,39.045310974121094,39.5780029296875,28.29848861694336,973307,0.0,0.0
2018-09-05 00:00:00-04:00,39.5780029296875,39.68080139160156,39.07334899902344,39.447166442871094,28.204944610595703,1465525,0.0,0.0
2018-09-06 00:00:00-04:00,39.77425765991211,39.99855041503906,38.652801513671875,38.73691177368164,27.697101593017578,1502549,0.0,0.0
2018-09-07 00:00:00-04:00,38.43785858154297,38.68083953857422,37.74629211425781,37.79302215576172,27.022226333618164,1571994,0.0,0.0
2018-09-10 00:00:00-04:00,37.97993087768555,37.97993087768555,37.35378646850586,37.41920471191406,26.754926681518555,1279873,0.0,0.0
2018-09-11 00:00:00-04:00,37.0640754699707,37.40985870361328,36.61549377441406,37.19491195678711,26.59456443786621,1066187,0.0,0.0
2018-09-12 00:00:00-04:00,37.35378646850586,38.70887756347656,37.34444046020508,38.419166564941406,27.469919204711914,1289290,0.0,0.0
2018-09-13 00:00:00-04:00,39.12942123413086,39.56865692138672,38.05469512939453,38.48458480834961,27.516685485839844,1120224,0.0,0.0
2018-09-14 00:00:00-04:00,38.568695068359375,38.91447448730469,38.42851257324219,38.652801513671875,27.636959075927734,491897,0.0,0.0
2018-09-17 00:00:00-04:00,38.78364181518555,38.93316650390625,38.32571029663086,38.409820556640625,27.46323013305664,793755,0.0,0.0
2018-09-18 00:00:00-04:00,39.18549346923828,39.27894973754883,38.7556037902832,39.07334899902344,27.937658309936523,931255,0.0,0.0
2018-09-19 00:00:00-04:00,38.68083953857422,39.867713928222656,38.615421295166016,39.59669494628906,28.311851501464844,967422,0.0,0.0
2018-09-20 00:00:00-04:00,40.42844009399414,40.72749328613281,39.96116638183594,40.42844009399414,28.906557083129883,897870,0.0,0.0
2018-09-21 00:00:00-04:00,41.07327651977539,41.67138671875,40.88636779785156,41.36298370361328,29.57476234436035,1403249,0.0,0.0
2018-09-24 00:00:00-04:00,41.31625747680664,41.52185821533203,40.57796859741211,40.58731460571289,29.02015495300293,673589,0.0,0.0
2018-09-25 00:00:00-04:00,40.755531311035156,40.998512268066406,40.3817138671875,40.9330940246582,29.26738929748535,889523,0.0,0.0
2018-09-26 00:00:00-04:00,40.60600280761719,41.29756546020508,40.47516632080078,40.69011306762695,29.09365463256836,679047,0.0,0.0
2018-09-27 00:00:00-04:00,40.3162956237793,40.67142105102539,40.0452766418457,40.503204345703125,28.96001625061035,710399,0.0,0.0
2018-09-28 00:00:00-04:00,40.41909408569336,40.84898376464844,40.3162956237793,40.3162956237793,28.826370239257812,703230,0.0,0.0
2018-10-01 00:00:00-04:00,40.36302185058594,40.45647430419922,39.54996871948242,40.36302185058594,28.859785079956055,959183,0.0,0.0
2018-10-02 00:00:00-04:00,40.5312385559082,41.035892486572266,40.42844009399414,40.76487731933594,29.147109985351562,678619,0.0,0.0
2018-10-03 00:00:00-04:00,40.989166259765625,41.25083923339844,40.512550354003906,40.88636779785156,29.233985900878906,1043823,0.0,0.0
2018-10-04 00:00:00-04:00,41.09196853637695,41.26018524169922,39.78360366821289,39.867713928222656,28.505634307861328,824251,0.0,0.0
2018-10-05 00:00:00-04:00,39.465858459472656,39.5780029296875,38.64345932006836,39.503238677978516,28.24502944946289,1122257,0.0,0.0
2018-10-08 00:00:00-04:00,39.23222351074219,39.83967590332031,38.92382049560547,39.652767181396484,28.351947784423828,801673,0.0,0.0
2018-10-09 00:00:00-04:00,39.456512451171875,39.72753143310547,39.054656982421875,39.456512451171875,28.211624145507812,737257,0.0,0.0
2018-10-10 00:00:00-04:00,39.2415657043457,39.26960372924805,38.10142135620117,38.64345932006836,27.630285263061523,1027986,0.0,0.0
2018-10-11 00:00:00-04:00,38.48458480834961,40.00789260864258,38.48458480834961,39.895748138427734,28.525678634643555,1477938,0.0,0.0
2018-10-12 00:00:00-04:00,40.47516632080078,40.58731460571289,39.007930755615234,39.0266227722168,27.904253005981445,1114766,0.0,0.0
2018-10-15 00:00:00-04:00,39.19483947753906,39.79294967651367,39.101383209228516,39.38174819946289,28.158153533935547,981012,0.0,0.0
2018-10-16 00:00:00-04:00,39.27894973754883,39.63407516479492,38.802330017089844,39.1574592590332,27.997800827026367,882996,0.0,0.0
2018-10-17 00:00:00-04:00,39.31632995605469,39.503238677978516,38.961204528808594,39.12007522583008,27.971067428588867,670807,0.0,0.0
2018-10-18 00:00:00-04:00,38.568695068359375,38.73691177368164,37.34444046020508,37.38182067871094,26.72821044921875,1304484,0.0,0.0
2018-10-19 00:00:00-04:00,37.512657165527344,37.64349365234375,35.65291213989258,35.7744026184082,25.578893661499023,1913122,0.0,0.0
2018-10-22 00:00:00-04:00,36.036075592041016,36.25102233886719,35.41927719116211,35.75571060180664,25.565528869628906,1252052,0.0,0.0
2018-10-23 00:00:00-04:00,35.03611373901367,35.05480194091797,34.148292541503906,34.7557487487793,24.850547790527344,1290574,0.0,0.0
2018-10-24 00:00:00-04:00,34.7557487487793,35.44731140136719,33.503456115722656,33.55952835083008,23.9952449798584,1502013,0.0,0.0
2018-10-25 00:00:00-04:00,33.895965576171875,35.11087417602539,33.8679313659668,34.550148010253906,24.703550338745117,1298171,0.0,0.0
2018-10-26 00:00:00-04:00,33.70905685424805,35.176292419433594,33.70905685424805,34.952003479003906,24.990875244140625,1026488,0.0,0.0
2018-10-29 00:00:00-04:00,35.52207565307617,35.67160415649414,33.260475158691406,33.52214813232422,23.96851921081543,953084,0.0,0.0
2018-10-30 00:00:00-04:00,33.43803787231445,34.4193115234375,33.38196563720703,34.39127731323242,24.589956283569336,1082023,0.0,0.0
2018-10-31 00:00:00-04:00,34.7557487487793,35.86785888671875,34.72771072387695,35.830474853515625,25.618980407714844,1712169,0.0,0.0
2018-11-01 00:00:00-04:00,36.40989303588867,37.568729400634766,36.16691207885742,37.16687774658203,26.574525833129883,1879202,0.0,0.0
2018-11-02 00:00:00-04:00,38.652801513671875,38.70887756347656,37.57807540893555,37.9518928527832,27.135818481445312,1261148,0.0,0.0
2018-11-05 00:00:00-05:00,37.933204650878906,38.18553161621094,36.60614776611328,37.01734924316406,26.467609405517578,1043288,0.0,0.0
2018-11-06 00:00:00-05:00,36.5313835144043,37.14818572998047,36.5126953125,37.120147705078125,26.811861038208008,842870,0.373818,0.0
2018-11-07 00:00:00-05:00,37.25098419189453,37.43789291381836,36.89585876464844,37.120147705078125,26.811861038208008,657860,0.0,0.0
2018-11-08 00:00:00-05:00,36.89585876464844,37.316402435302734,36.30709457397461,36.49400329589844,26.359603881835938,707938,0.0,0.0
2018-11-09 00:00:00-05:00,35.71833038330078,35.7744026184082,35.12956619262695,35.44731140136719,25.60358238220215,836235,0.0,0.0
2018-11-12 00:00:00-05:00,34.83051300048828,35.297786712646484,34.138946533203125,34.46603775024414,24.89480209350586,729445,0.0,0.0
2018-11-13 00:00:00-05:00,34.587528228759766,34.84920120239258,33.79316711425781,34.17633056640625,24.685550689697266,838803,0.0,0.0
2018-11-14 00:00:00-05:00,34.15763854980469,34.78378677368164,34.15763854980469,34.61556625366211,25.002805709838867,789475,0.0,0.0
2018-11-15 00:00:00-05:00,34.53145980834961,35.624874114990234,34.39127731323242,35.26974868774414,25.47533416748047,653366,0.0,0.0
2018-11-16 00:00:00-05:00,35.26974868774414,35.60618591308594,34.942657470703125,35.335166931152344,25.5225772857666,423521,0.0,0.0
2018-11-19 00:00:00-05:00,35.3725471496582,35.40993118286133,34.67163848876953,34.83051300048828,25.158069610595703,370340,0.0,0.0
2018-11-20 00:00:00-05:00,34.307167053222656,34.46603775024414,33.054874420166016,33.26982116699219,24.030773162841797,872403,0.0,0.0
2018-11-21 00:00:00-05:00,33.63429260253906,34.07352828979492,33.18571090698242,33.54084014892578,24.22653579711914,1681780,0.0,0.0
2018-11-23 00:00:00-05:00,32.5782585144043,32.5782585144043,29.129783630371094,30.017602920532227,21.681699752807617,3474737,0.0,0.0
2018-11-26 00:00:00-05:00,29.615747451782227,31.34465789794922,29.615747451782227,29.849384307861328,21.560197830200195,2672208,0.0,0.0
2018-11-27 00:00:00-05:00,29.550329208374023,31.092330932617188,29.43818473815918,30.830656051635742,22.26896858215332,1259543,0.0,0.0
2018-11-28 00:00:00-05:00,31.036256790161133,31.896038055419922,30.419456481933594,31.63436508178711,22.8494930267334,937675,0.0,0.0
2018-11-29 00:00:00-05:00,31.64371109008789,32.04556655883789,31.111021041870117,31.34465789794922,22.640235900878906,686965,0.0,0.0
2018-11-30 00:00:00-05:00,31.157747268676758,31.35400390625,30.72785758972168,31.288585662841797,22.599735260009766,814942,0.0,0.0
2018-12-03 00:00:00-05:00,32.33527755737305,32.69974899291992,31.20447540283203,31.494184494018555,22.748241424560547,1719017,0.0,0.0
2018-12-04 00:00:00-05:00,31.56894874572754,31.82127571105957,30.56898307800293,30.662439346313477,22.147464752197266,1043930,0.0,0.0
2018-12-06 00:00:00-05:00,29.90545654296875,30.30731201171875,29.21389389038086,30.28862190246582,21.877460479736328,1090263,0.0,0.0
2018-12-07 00:00:00-05:00,30.550294876098633,30.886730194091797,30.372730255126953,30.54094886779785,22.059717178344727,1142801,0.0,0.0
2018-12-10 00:00:00-05:00,30.55963897705078,30.73720359802246,30.08302116394043,30.148439407348633,21.776208877563477,1024348,0.0,0.0
2018-12-11 00:00:00-05:00,30.821311950683594,31.120365142822266,29.569021224975586,30.045639038085938,21.70195198059082,849504,0.0,0.0
2018-12-12 00:00:00-05:00,30.045639038085938,30.662439346313477,29.849384307861328,29.8961124420166,21.593948364257812,947840,0.0,0.0
2018-12-13 00:00:00-05:00,30.47553062438965,30.634403228759766,29.783966064453125,29.980220794677734,21.65469741821289,750846,0.0,0.0
2018-12-14 00:00:00-05:00,29.335384368896484,30.11105728149414,29.073711395263672,29.625093460083008,21.398191452026367,792150,0.0,0.0
2018-12-17 00:00:00-05:00,29.606403350830078,30.185821533203125,29.04567527770996,29.120439529418945,21.03368377685547,807986,0.0,0.0
2018-12-18 00:00:00-05:00,29.22323989868164,29.765274047851562,28.952220916748047,29.18585777282715,21.080928802490234,1189241,0.0,0.0
2018-12-19 00:00:00-05:00,29.46622085571289,30.017602920532227,27.914875030517578,28.288692474365234,20.432910919189453,1049708,0.0,0.0
2018-12-20 00:00:00-05:00,28.512983322143555,28.961566925048828,27.49432945251465,27.830766677856445,20.102149963378906,1418657,0.0,0.0
2018-12-21 00:00:00-05:00,27.933565139770508,28.6064395904541,27.849456787109375,28.22327423095703,20.38566017150879,1893755,0.0,0.0
2018-12-24 00:00:00-05:00,28.17654800415039,28.307384490966797,27.634511947631836,27.92422103881836,20.16965675354004,438181,0.0,0.0
2018-12-26 00:00:00-05:00,28.260656356811523,28.802692413330078,27.47563934326172,28.802692413330078,20.804168701171875,766469,0.0,0.0
2018-12-27 00:00:00-05:00,28.213930130004883,29.00829315185547,27.914875030517578,29.00829315185547,20.952678680419922,631002,0.0,0.0
2018-12-28 00:00:00-05:00,29.148475646972656,29.363420486450195,28.39149284362793,28.58774757385254,20.64891242980957,998988,0.0,0.0
2018-12-31 00:00:00-05:00,28.5410213470459,28.942874908447266,27.99898338317871,28.755966186523438,20.77042579650879,915953,0.0,0.0
2019-01-02 00:00:00-05:00,28.1391658782959,28.531675338745117,27.625165939331055,28.213930130004883,20.378904342651367,1998404,0.0,0.0
2019-01-03 00:00:00-05:00,28.064401626586914,28.39149284362793,27.11116600036621,27.29807472229004,19.71738624572754,1804834,0.0,0.0
2019-01-04 00:00:00-05:00,28.18589210510254,29.737239837646484,28.064401626586914,29.101747512817383,21.02018165588379,1896216,0.0,0.0
2019-01-07 00:00:00-05:00,29.19520378112793,29.802656173706055,29.083057403564453,29.26996612548828,21.141685485839844,1095827,0.0,0.0
2019-01-08 00:00:00-05:00,29.419492721557617,29.718547821044922,29.139129638671875,29.643783569335938,21.411693572998047,1145370,0.0,0.0
2019-01-09 00:00:00-05:00,29.643783569335938,30.176475524902344,29.606403350830078,29.830692291259766,21.546701431274414,1115301,0.0,0.0
2019-01-10 00:00:00-05:00,29.43818473815918,29.868074417114258,29.2606201171875,29.821348190307617,21.539941787719727,1501264,0.0,0.0
2019-01-11 00:00:00-05:00,29.755929946899414,29.93349266052246,29.298002243041992,29.63443946838379,21.40494728088379,1186780,0.0,0.0
2019-01-14 00:00:00-05:00,29.26996612548828,30.120403289794922,29.26996612548828,30.120403289794922,21.755952835083008,1202510,0.0,0.0
2019-01-15 00:00:00-05:00,30.27927589416504,30.69982147216797,28.522329330444336,28.690547943115234,20.72317123413086,1889047,0.0,0.0
2019-01-16 00:00:00-05:00,28.690547943115234,29.475566864013672,28.662511825561523,29.326038360595703,21.18218231201172,1119689,0.0,0.0
2019-01-17 00:00:00-05:00,29.157821655273438,30.11105728149414,29.157821655273438,29.91480255126953,21.607452392578125,848969,0.0,0.0
2019-01-18 00:00:00-05:00,30.167129516601562,30.53160285949707,29.980220794677734,30.176475524902344,21.79645538330078,1162704,0.0,0.0
2019-01-22 00:00:00-05:00,29.783966064453125,29.88676643371582,29.354074478149414,29.727893829345703,21.472448348999023,1007442,0.0,0.0
2019-01-23 00:00:00-05:00,29.727893829345703,29.774620056152344,28.97091293334961,29.157821655273438,21.060686111450195,835272,0.0,0.0
2019-01-24 00:00:00-05:00,28.727930068969727,29.45687484741211,28.727930068969727,29.0269832611084,20.966175079345703,944416,0.0,0.0
2019-01-25 00:00:00-05:00,29.812002182006836,30.57832908630371,29.6624755859375,30.12974739074707,21.762704849243164,1028414,0.0,0.0
2019-01-28 00:00:00-05:00,29.67182159423828,29.85873031616211,29.391456604003906,29.69051170349121,21.445449829101562,1008619,0.0,0.0
2019-01-29 00:00:00-05:00,30.52225685119629,30.858694076538086,30.260583877563477,30.57832908630371,22.086713790893555,1625068,0.0,0.0
2019-01-30 00:00:00-05:00,31.111021041870117,31.76520347595215,30.634403228759766,31.503530502319336,22.754989624023438,2089786,0.0,0.0
2019-01-31 00:00:00-05:00,31.36334800720215,31.998838424682617,31.213821411132812,31.41942024230957,22.694232940673828,1685204,0.0,0.0
2019-02-01 00:00:00-05:00,31.1857852935791,31.60633087158203,31.045602798461914,31.279239654541016,22.592981338500977,800603,0.0,0.0
2019-02-04 00:00:00-05:00,31.20447540283203,31.727821350097656,31.064294815063477,31.559602737426758,22.79548454284668,725700,0.0,0.0
2019-02-05 00:00:00-05:00,31.44745635986328,32.3072395324707,31.44745635986328,31.718475341796875,22.91023826599121,1119689,0.0,0.0
2019-02-06 00:00:00-05:00,31.61567497253418,32.120330810546875,31.58763885498047,32.05491256713867,23.15325355529785,1161955,0.0,0.0
2019-02-07 00:00:00-05:00,31.914730072021484,31.914730072021484,30.55963897705078,30.765239715576172,22.22172737121582,1432675,0.0,0.0
2019-02-08 00:00:00-05:00,30.30731201171875,30.606365203857422,29.980220794677734,30.410112380981445,22.265514373779297,1049173,0.414938,0.0
2019-02-11 00:00:00-05:00,29.91480255126953,30.092365264892578,29.055021286010742,29.129783630371094,21.593528747558594,1502120,0.373818,0.0
2019-02-12 00:00:00-05:00,29.06436538696289,29.625093460083008,28.017675399780273,28.22327423095703,20.921546936035156,1883054,0.0,0.0
2019-02-13 00:00:00-05:00,28.466257095336914,28.802692413330078,28.326074600219727,28.61578369140625,21.212501525878906,1303414,0.0,0.0
2019-02-14 00:00:00-05:00,28.522329330444336,29.51294708251953,28.34476661682129,29.382112503051758,21.78057289123535,1301702,0.0,0.0
2019-02-15 00:00:00-05:00,30.08302116394043,30.92411231994629,30.026948928833008,30.372730255126953,22.51490592956543,2043453,0.0,0.0
2019-02-19 00:00:00-05:00,31.37269401550293,32.65302276611328,31.073638916015625,32.157711029052734,23.838088989257812,2325943,0.0,0.0
2019-02-20 00:00:00-05:00,32.998802185058594,33.69036865234375,32.71843719482422,33.48476791381836,24.821823120117188,2665681,0.0,0.0
2019-02-21 00:00:00-05:00,33.42869567871094,33.606258392333984,32.961421966552734,33.51280212402344,24.842605590820312,1893969,0.0,0.0
2019-02-22 00:00:00-05:00,33.96138381958008,34.55949401855469,33.71840286254883,33.82120132446289,25.07121467590332,1620574,0.0,0.0
2019-02-25 00:00:00-05:00,34.008113861083984,34.709022521972656,33.97072982788086,34.46603775024414,25.549219131469727,1523842,0.0,0.0
2019-02-26 00:00:00-05:00,34.40996551513672,34.62491226196289,34.0828742980957,34.38193130493164,25.486875534057617,1248307,0.0,0.0
2019-02-27 00:00:00-05:00,34.447349548339844,34.793128967285156,34.18567657470703,34.31651306152344,25.438379287719727,1005194,0.0,0.0
2019-02-28 00:00:00-05:00,34.32585906982422,34.32585906982422,33.26982116699219,33.27916717529297,24.669410705566406,1024455,0.0,0.0
2019-03-01 00:00:00-05:00,33.26982116699219,33.73709487915039,33.23243713378906,33.42869567871094,24.780258178710938,1100749,0.0,0.0
2019-03-04 00:00:00-05:00,33.643638610839844,33.81185531616211,32.774513244628906,33.39131164550781,24.752538681030273,1159815,0.0,0.0
2019-03-05 00:00:00-05:00,33.37261962890625,33.92400360107422,33.22309494018555,33.87727737426758,25.11277961730957,1047675,0.0,0.0
2019-03-06 00:00:00-05:00,33.94269561767578,34.12025833129883,33.74644088745117,33.76512908935547,25.029644012451172,982296,0.0,0.0
2019-03-07 00:00:00-05:00,33.54084014892578,33.71840286254883,33.260475158691406,33.42869567871094,24.780258178710938,916167,0.0,0.0
2019-03-08 00:00:00-05:00,33.054874420166016,33.55952835083008,32.7090950012207,33.494110107421875,24.82874298095703,1013862,0.0,0.0
2019-03-11 00:00:00-04:00,33.75578689575195,34.65294647216797,33.662330627441406,34.60622024536133,25.65313720703125,876362,0.0,0.0
2019-03-12 00:00:00-04:00,34.83051300048828,35.40993118286133,34.83051300048828,35.353858947753906,26.207351684570312,1313045,0.0,0.0
2019-03-13 00:00:00-04:00,35.6435661315918,36.05476760864258,35.540767669677734,35.746368408203125,26.49831771850586,1276984,0.0,0.0
2019-03-14 00:00:00-04:00,35.12956619262695,35.60618591308594,34.59687423706055,34.65294647216797,25.68777847290039,1203687,0.0,0.0
2019-03-15 00:00:00-04:00,34.83051300048828,35.353858947753906,34.699676513671875,35.1576042175293,26.061870574951172,1618220,0.0,0.0
2019-03-18 00:00:00-04:00,35.344512939453125,35.783748626708984,35.344512939453125,35.578147888183594,26.373613357543945,888560,0.0,0.0
2019-03-19 00:00:00-04:00,36.5968017578125,36.97996520996094,36.12953186035156,36.29774856567383,26.907047271728516,1567393,0.0,0.0
2019-03-20 00:00:00-04:00,36.194950103759766,36.89585876464844,35.89589309692383,36.56876754760742,27.107948303222656,1464669,0.0,0.0
2019-03-21 00:00:00-04:00,36.4472770690918,36.90520477294922,36.30709457397461,36.85847473144531,27.32270622253418,651868,0.0,0.0
2019-03-22 00:00:00-04:00,36.31644058227539,36.400550842285156,35.07349395751953,35.12956619262695,26.041093826293945,877325,0.0,0.0
2019-03-25 00:00:00-04:00,35.12022018432617,35.85851287841797,35.05480194091797,35.44731140136719,26.27662467956543,705584,0.0,0.0
2019-03-26 00:00:00-04:00,35.839820861816406,36.643531799316406,35.80244064331055,36.5781135559082,27.114879608154297,867908,0.0,0.0
2019-03-27 00:00:00-04:00,36.75567626953125,36.923892974853516,35.94261932373047,36.31644058227539,26.92090606689453,906002,0.0,0.0
2019-03-28 00:00:00-04:00,36.16691207885742,36.587459564208984,36.12018585205078,36.465965270996094,27.031740188598633,590233,0.0,0.0
2019-03-29 00:00:00-04:00,37.3350944519043,37.59676742553711,36.830440521240234,37.082767486572266,27.488967895507812,949338,0.0,0.0
2019-04-01 00:00:00-04:00,37.718257904052734,37.9518928527832,37.40985870361328,37.60611343383789,27.876920700073242,829708,0.0,0.0
2019-04-02 00:00:00-04:00,37.58742141723633,37.58742141723633,36.65287780761719,37.279022216796875,27.63445472717285,740681,0.0,0.0
2019-04-03 00:00:00-04:00,37.79302215576172,38.120113372802734,37.522003173828125,37.774330139160156,28.001617431640625,853249,0.0,0.0
2019-04-04 00:00:00-04:00,37.60611343383789,38.316368103027344,37.4005126953125,38.316368103027344,28.403423309326172,977052,0.0,0.0
2019-04-05 00:00:00-04:00,38.419166564941406,38.47523880004883,38.05469512939453,38.34440231323242,28.424209594726562,553959,0.0,0.0
2019-04-08 00:00:00-04:00,38.288330078125,39.03596878051758,38.288330078125,38.961204528808594,28.881431579589844,558239,0.0,0.0
2019-04-09 00:00:00-04:00,38.78364181518555,38.95185852050781,37.914512634277344,38.08272933959961,28.2302303314209,669523,0.0,0.0
2019-04-10 00:00:00-04:00,38.129459381103516,38.47523880004883,37.98927688598633,38.38178634643555,28.451923370361328,469319,0.0,0.0
2019-04-11 00:00:00-04:00,38.07338333129883,38.07338333129883,37.30705642700195,37.70891189575195,27.953123092651367,1032801,0.0,0.0
2019-04-12 00:00:00-04:00,38.24160385131836,38.811676025390625,38.09207534790039,38.316368103027344,28.403423309326172,778774,0.0,0.0
2019-04-15 00:00:00-04:00,38.2696418762207,38.53131103515625,37.774330139160156,37.961238861083984,28.140172958374023,741002,0.0,0.0
2019-04-16 00:00:00-04:00,38.08272933959961,38.6247673034668,37.54069519042969,38.568695068359375,28.59046745300293,630039,0.0,0.0
2019-04-17 00:00:00-04:00,38.849056243896484,39.6434211730957,38.811676025390625,39.101383209228516,28.9853458404541,727412,0.0,0.0
2019-04-18 00:00:00-04:00,38.970550537109375,39.1107292175293,37.970584869384766,38.34440231323242,28.424209594726562,949873,0.0,0.0
2019-04-22 00:00:00-04:00,38.04534912109375,38.05469512939453,37.57807540893555,37.66218566894531,27.918481826782227,691994,0.0,0.0
2019-04-23 00:00:00-04:00,37.62480163574219,37.811710357666016,37.41920471191406,37.559383392333984,27.842275619506836,886634,0.0,0.0
2019-04-24 00:00:00-04:00,37.559383392333984,37.559383392333984,36.381858825683594,36.77436828613281,27.260356903076172,1108560,0.0,0.0
2019-04-25 00:00:00-04:00,36.475311279296875,36.55942153930664,35.44731140136719,35.51272964477539,26.325124740600586,1126858,0.0,0.0
2019-04-26 00:00:00-04:00,35.596839904785156,36.643531799316406,35.587493896484375,36.381858825683594,26.969396591186523,707082,0.0,0.0
2019-04-29 00:00:00-04:00,36.45661926269531,36.84912872314453,36.06411361694336,36.32578659057617,26.927833557128906,800817,0.0,0.0
2019-04-30 00:00:00-04:00,36.269710540771484,36.35382080078125,35.185638427734375,35.90523910522461,26.6160831451416,840622,0.0,0.0
2019-05-01 00:00:00-04:00,35.53142166137695,36.07345962524414,34.27912902832031,34.297821044921875,25.424524307250977,1240389,0.0,0.0
2019-05-02 00:00:00-04:00,33.94269561767578,34.092220306396484,33.363277435302734,34.008113861083984,25.48756217956543,1342471,0.373818,0.0
2019-05-03 00:00:00-04:00,34.47538375854492,35.437965393066406,34.46603775024414,35.27909469604492,26.44011116027832,956936,0.0,0.0
2019-05-06 00:00:00-04:00,34.40061950683594,34.60622024536133,33.83989334106445,34.064186096191406,25.529584884643555,1107704,0.0,0.0
2019-05-07 00:00:00-04:00,33.77447509765625,34.587528228759766,33.699710845947266,34.12025833129883,25.57161521911621,1327704,0.0,0.0
2019-05-08 00:00:00-04:00,33.8679313659668,34.39127731323242,33.70905685424805,33.933349609375,25.431529998779297,787977,0.0,0.0
2019-05-09 00:00:00-04:00,33.54084014892578,33.63429260253906,32.83993148803711,33.11094665527344,24.815174102783203,1390836,0.0,0.0
2019-05-10 00:00:00-04:00,33.10160446166992,33.494110107421875,32.559566497802734,33.31654739379883,24.969266891479492,1548453,0.0,0.0
2019-05-13 00:00:00-04:00,32.50349426269531,32.67171096801758,31.774547576904297,32.40069580078125,24.282880783081055,1019747,0.0,0.0
2019-05-14 00:00:00-04:00,32.68105697631836,32.93338394165039,32.38200378417969,32.727783203125,24.528011322021484,734047,0.0,0.0
2019-05-15 00:00:00-04:00,32.3072395324707,32.95207595825195,32.00818634033203,32.774513244628906,24.563034057617188,564980,0.0,0.0
2019-05-16 00:00:00-04:00,33.10160446166992,33.32589340209961,32.774513244628906,32.7932014465332,24.577043533325195,734582,0.0,0.0
2019-05-17 00:00:00-04:00,32.48480224609375,32.69974899291992,32.29789352416992,32.44742202758789,24.317895889282227,665885,0.0,0.0
2019-05-20 00:00:00-04:00,32.26985549926758,32.522186279296875,31.998838424682617,32.06425857543945,24.030729293823242,527636,0.0,0.0
2019-05-21 00:00:00-04:00,31.924074172973633,32.40069580078125,31.783893585205078,32.29789352416992,24.205827713012695,595477,0.0,0.0
2019-05-22 00:00:00-04:00,32.13902282714844,32.13902282714844,31.251203536987305,31.288585662841797,23.449399948120117,1051848,0.0,0.0
2019-05-23 00:00:00-04:00,30.830656051635742,31.157747268676758,30.47553062438965,31.092330932617188,23.30231475830078,1156177,0.0,0.0
2019-05-24 00:00:00-04:00,31.550256729125977,31.737165451049805,31.213821411132812,31.288585662841797,23.449399948120117,635389,0.0,0.0
2019-05-28 00:00:00-04:00,31.44745635986328,31.76520347595215,31.35400390625,31.63436508178711,23.708545684814453,1270457,0.0,0.0
2019-05-29 00:00:00-04:00,31.279239654541016,31.952112197875977,31.157747268676758,31.924074172973633,23.925668716430664,751488,0.0,0.0
2019-05-30 00:00:00-04:00,32.01752853393555,32.29789352416992,31.6717472076416,31.718475341796875,23.77157974243164,557490,0.0,0.0
2019-05-31 00:00:00-04:00,31.157747268676758,31.64371109008789,30.98018455505371,31.522220611572266,23.624502182006836,656148,0.0,0.0
2019-06-03 00:00:00-04:00,31.709129333496094,32.512840270996094,31.6717472076416,32.42873001098633,24.30388641357422,496391,0.0,0.0
2019-06-04 00:00:00-04:00,32.7090950012207,33.13898468017578,32.3072395324707,33.12029266357422,24.822181701660156,554173,0.0,0.0
2019-06-05 00:00:00-04:00,33.37261962890625,33.43803787231445,32.44742202758789,32.78385543823242,24.570037841796875,626722,0.0,0.0
2019-06-06 00:00:00-04:00,32.961421966552734,33.11094665527344,32.596946716308594,32.93338394165039,24.682104110717773,453268,0.0,0.0
2019-06-07 00:00:00-04:00,33.11094665527344,33.905311584472656,32.97076416015625,33.69036865234375,25.249435424804688,687286,0.0,0.0
2019-06-10 00:00:00-04:00,34.07352828979492,34.17633056640625,33.72774887084961,33.98007583618164,25.466548919677734,792364,0.0,0.0
2019-06-11 00:00:00-04:00,34.92396545410156,35.2884407043457,34.64360427856445,34.77444076538086,26.061885833740234,717140,0.0,0.0
2019-06-12 00:00:00-04:00,34.57818603515625,34.97069549560547,34.47538375854492,34.503421783447266,25.858774185180664,504737,0.0,0.0
2019-06-13 00:00:00-04:00,34.72771072387695,35.194984436035156,34.53145980834961,34.980037689208984,26.215978622436523,566907,0.0,0.0
2019-06-14 00:00:00-04:00,34.83051300048828,34.97069549560547,34.447349548339844,34.56884002685547,25.907804489135742,494893,0.0,0.0
2019-06-17 00:00:00-04:00,34.59687423706055,35.03611373901367,34.31651306152344,34.8211669921875,26.096908569335938,409183,0.0,0.0
2019-06-18 00:00:00-04:00,35.26040267944336,36.34447479248047,35.26040267944336,36.082801818847656,27.042455673217773,722276,0.0,0.0
2019-06-19 00:00:00-04:00,35.97065734863281,36.30709457397461,35.353858947753906,35.72767639160156,26.77630043029785,634854,0.0,0.0
2019-06-20 00:00:00-04:00,36.4472770690918,36.75567626953125,36.10149383544922,36.4472770690918,27.315603256225586,741216,0.0,0.0
2019-06-21 00:00:00-04:00,36.437931060791016,36.78371047973633,36.30709457397461,36.680912017822266,27.49070930480957,1207967,0.0,0.0
2019-06-24 00:00:00-04:00,36.5968017578125,36.9332389831543,36.14822006225586,36.867820739746094,27.630783081054688,729552,0.0,0.0
2019-06-25 00:00:00-04:00,36.830440521240234,36.9332389831543,36.269710540771484,36.279056549072266,27.189533233642578,556741,0.0,0.0
2019-06-26 00:00:00-04:00,36.222984313964844,36.49400329589844,35.839820861816406,36.465965270996094,27.32961082458496,822860,0.0,0.0
2019-06-27 00:00:00-04:00,36.4472770690918,36.82109451293945,36.00803756713867,36.428585052490234,27.301593780517578,661391,0.0,0.0
2019-06-28 00:00:00-04:00,36.55007553100586,36.55007553100586,35.821128845214844,36.30709457397461,27.21055030822754,1074961,0.0,0.0
2019-07-01 00:00:00-04:00,36.61549377441406,36.624839782714844,35.746368408203125,35.97065734863281,26.95840072631836,777276,0.0,0.0
2019-07-02 00:00:00-04:00,35.72767639160156,35.81178665161133,34.81182098388672,35.5594596862793,26.650226593017578,1001021,0.0,0.0
2019-07-03 00:00:00-04:00,35.5594596862793,35.97065734863281,35.44731140136719,35.97065734863281,26.95840072631836,417529,0.0,0.0
2019-07-05 00:00:00-04:00,35.26974868774414,35.821128845214844,34.85854721069336,35.66225814819336,26.72727394104004,453589,0.0,0.0
2019-07-08 00:00:00-04:00,35.60618591308594,36.01738357543945,35.437965393066406,35.50338363647461,26.60820198059082,630681,0.0,0.0
2019-07-09 00:00:00-04:00,35.138912200927734,35.176292419433594,34.045494079589844,34.81182098388672,26.08990478515625,1212461,0.0,0.0
2019-07-10 00:00:00-04:00,35.00807571411133,35.297786712646484,34.4847297668457,34.81182098388672,26.08990478515625,938638,0.0,0.0
2019-07-11 00:00:00-04:00,34.344547271728516,34.503421783447266,34.11091232299805,34.43800354003906,25.809751510620117,988181,0.0,0.0
2019-07-12 00:00:00-04:00,34.31651306152344,34.87723922729492,34.31651306152344,34.456695556640625,25.82375717163086,612062,0.0,0.0
2019-07-15 00:00:00-04:00,34.66229248046875,35.20433044433594,34.56884002685547,34.952003479003906,26.194969177246094,836556,0.0,0.0
2019-07-16 00:00:00-04:00,35.00807571411133,35.5594596862793,34.8211669921875,34.8865852355957,26.145938873291016,724416,0.0,0.0
2019-07-17 00:00:00-04:00,34.895931243896484,35.2884407043457,34.447349548339844,34.46603775024414,25.830753326416016,613881,0.0,0.0
2019-07-18 00:00:00-04:00,34.344547271728516,34.55949401855469,34.02680206298828,34.3538932800293,25.746707916259766,967208,0.0,0.0
2019-07-19 00:00:00-04:00,34.97069549560547,35.61552810668945,34.737056732177734,35.16694641113281,26.35605812072754,978122,0.0,0.0
2019-07-22 00:00:00-04:00,35.27909469604492,35.47534942626953,34.86789321899414,35.16694641113281,26.35605812072754,778025,0.0,0.0
2019-07-23 00:00:00-04:00,35.21367645263672,35.80244064331055,34.91461944580078,34.952003479003906,26.194969177246094,866303,0.0,0.0
2019-07-24 00:00:00-04:00,34.72771072387695,35.550113677978516,34.67163848876953,35.194984436035156,26.37706756591797,758123,0.0,0.0
2019-07-25 00:00:00-04:00,35.2884407043457,35.48469543457031,34.690330505371094,34.97069549560547,26.208984375,796323,0.0,0.0
2019-07-26 00:00:00-04:00,35.02676773071289,35.02676773071289,34.51276779174805,34.91461944580078,26.166948318481445,507947,0.0,0.0
2019-07-29 00:00:00-04:00,34.91461944580078,34.96134948730469,34.3538932800293,34.81182098388672,26.08990478515625,555350,0.0,0.0
2019-07-30 00:00:00-04:00,34.699676513671875,34.83985900878906,34.148292541503906,34.63425827026367,25.956832885742188,622870,0.0,0.0
2019-07-31 00:00:00-04:00,34.447349548339844,34.61556625366211,33.28851318359375,33.447383880615234,25.067325592041016,971381,0.0,0.0
2019-08-01 00:00:00-04:00,33.054874420166016,33.55952835083008,32.26985549926758,32.28854751586914,24.19882583618164,1345895,0.0,0.0
2019-08-02 00:00:00-04:00,31.79323959350586,32.19509506225586,30.896074295043945,30.94280242919922,23.190248489379883,1187743,0.0,0.0
2019-08-05 00:00:00-04:00,30.372730255126953,30.830656051635742,29.68116569519043,30.148439407348633,22.594907760620117,1152325,0.0,0.0
2019-08-06 00:00:00-04:00,30.363384246826172,30.428802490234375,29.774620056152344,30.241893768310547,22.66495132446289,992247,0.0,0.0
2019-08-07 00:00:00-04:00,29.65312957763672,30.176475524902344,29.44753074645996,30.10171127319336,22.842235565185547,1014825,0.373818,0.0
2019-08-08 00:00:00-04:00,30.3166561126709,31.213821411132812,30.3166561126709,31.101675033569336,23.601045608520508,1070039,0.0,0.0
2019-08-09 00:00:00-04:00,30.7839298248291,30.802621841430664,29.783966064453125,29.88676643371582,22.679134368896484,874329,0.0,0.0
2019-08-12 00:00:00-04:00,29.625093460083008,29.783966064453125,28.97091293334961,29.0269832611084,22.02669906616211,793862,0.0,0.0
2019-08-13 00:00:00-04:00,29.111093521118164,30.017602920532227,28.924184799194336,29.699857711791992,22.537294387817383,1279552,0.0,0.0
2019-08-14 00:00:00-04:00,29.073711395263672,29.176511764526367,28.59709358215332,28.61578369140625,21.71466827392578,1013434,0.0,0.0
2019-08-15 00:00:00-04:00,28.466257095336914,28.802692413330078,27.597129821777344,27.868148803710938,21.1473331451416,1070574,0.0,0.0
2019-08-16 00:00:00-04:00,28.017675399780273,28.12047576904297,27.71862030029297,27.95225715637207,21.211158752441406,983152,0.0,0.0
2019-08-19 00:00:00-04:00,28.438220977783203,28.643821716308594,28.213930130004883,28.316730499267578,21.487733840942383,1275486,0.0,0.0
2019-08-20 00:00:00-04:00,28.232620239257812,28.36345672607422,27.868148803710938,28.18589210510254,21.388444900512695,827675,0.0,0.0
2019-08-21 00:00:00-04:00,28.2045841217041,28.494293212890625,27.877492904663086,27.96160125732422,21.21824836730957,996420,0.0,0.0
2019-08-22 00:00:00-04:00,28.2045841217041,28.372802734375,28.036365509033203,28.19523811340332,21.39554214477539,839338,0.0,0.0
2019-08-23 00:00:00-04:00,28.008329391479492,28.484947204589844,27.51302146911621,27.615821838378906,20.955862045288086,933930,0.0,0.0
2019-08-26 00:00:00-04:00,27.75600242614746,27.877492904663086,27.466293334960938,27.597129821777344,20.94167709350586,776206,0.0,0.0
2019-08-27 00:00:00-04:00,27.858802795410156,28.1391658782959,27.709274291992188,27.868148803710938,21.1473331451416,1787928,0.0,0.0
2019-08-28 00:00:00-04:00,27.849456787109375,28.6064395904541,27.541057586669922,28.40083885192871,21.551555633544922,837626,0.0,0.0
2019-08-29 00:00:00-04:00,28.97091293334961,29.531639099121094,28.877456665039062,29.120439529418945,22.097618103027344,1383560,0.0,0.0
2019-08-30 00:00:00-04:00,29.4288387298584,29.793312072753906,29.23258399963379,29.531639099121094,22.409652709960938,999844,0.0,0.0
2019-09-03 00:00:00-04:00,28.97091293334961,29.298002243041992,28.727930068969727,29.21389389038086,22.168535232543945,830778,0.0,0.0
2019-09-04 00:00:00-04:00,29.8961124420166,30.08302116394043,29.43818473815918,29.531639099121094,22.409652709960938,576002,0.0,0.0
2019-09-05 00:00:00-04:00,29.812002182006836,30.886730194091797,29.783966064453125,30.793275833129883,23.367021560668945,1253015,0.0,0.0
2019-09-06 00:00:00-04:00,30.840002059936523,31.36334800720215,30.56898307800293,30.94280242919922,23.480491638183594,1008833,0.0,0.0
2019-09-09 00:00:00-04:00,31.092330932617188,31.44745635986328,30.933456420898438,31.40073013305664,23.827983856201172,862879,0.0,0.0
2019-09-10 00:00:00-04:00,31.522220611572266,32.26051330566406,31.279239654541016,32.25116729736328,24.473323822021484,792257,0.0,0.0
2019-09-11 00:00:00-04:00,32.41938400268555,32.53152847290039,31.44745635986328,32.29789352416992,24.508777618408203,634319,0.0,0.0
2019-09-12 00:00:00-04:00,32.512840270996094,33.176368713378906,31.896038055419922,33.017494201660156,25.054841995239258,718210,0.0,0.0
2019-09-13 00:00:00-04:00,33.73709487915039,34.02680206298828,33.02684020996094,33.363277435302734,25.31723976135254,1206576,0.0,0.0
2019-09-16 00:00:00-04:00,33.31654739379883,33.31654739379883,32.559566497802734,32.83993148803711,24.92009735107422,911673,0.0,0.0
2019-09-17 00:00:00-04:00,32.58760452270508,32.755821228027344,32.28854751586914,32.63433074951172,24.76408576965332,514261,0.0,0.0
2019-09-18 00:00:00-04:00,32.522186279296875,32.71843719482422,32.10163879394531,32.410037994384766,24.5938777923584,953298,0.0,0.0
2019-09-19 00:00:00-04:00,32.316585540771484,32.73712921142578,32.26051330566406,32.40069580078125,24.586795806884766,475204,0.0,0.0
2019-09-20 00:00:00-04:00,32.522186279296875,32.83993148803711,32.19509506225586,32.23247528076172,24.45914077758789,842977,0.0,0.0
2019-09-23 00:00:00-04:00,31.81192970275879,32.372657775878906,31.540912628173828,32.3072395324707,24.515871047973633,800710,0.0,0.0
2019-09-24 00:00:00-04:00,32.48480224609375,32.7090950012207,31.241857528686523,31.39138412475586,23.820886611938477,724309,0.0,0.0
2019-09-25 00:00:00-04:00,31.297929763793945,32.120330810546875,31.16709327697754,31.961456298828125,24.253480911254883,629076,0.0,0.0
2019-09-26 00:00:00-04:00,31.718475341796875,31.905384063720703,31.56894874572754,31.690439224243164,24.04782485961914,453482,0.0,0.0
2019-09-27 00:00:00-04:00,31.79323959350586,32.09229278564453,31.559602737426758,31.868003845214844,24.182565689086914,750204,0.0,0.0
2019-09-30 00:00:00-04:00,31.783893585205078,32.01752853393555,31.61567497253418,31.896038055419922,24.20383644104004,745068,0.0,0.0
2019-10-01 00:00:00-04:00,31.709129333496094,31.914730072021484,30.840002059936523,30.933456420898438,23.473398208618164,988181,0.0,0.0
2019-10-02 00:00:00-04:00,30.47553062438965,30.55963897705078,29.998912811279297,30.400766372680664,23.06917381286621,686002,0.0,0.0
2019-10-03 00:00:00-04:00,30.204511642456055,30.681129455566406,30.07367515563965,30.587675094604492,23.211002349853516,515010,0.0,0.0
2019-10-04 00:00:00-04:00,30.53160285949707,30.868038177490234,30.410112380981445,30.840002059936523,23.40247917175293,493930,0.0,0.0
2019-10-07 00:00:00-04:00,30.877384185791016,31.316621780395508,30.662439346313477,30.840002059936523,23.40247917175293,467607,0.0,0.0
2019-10-08 00:00:00-04:00,30.52225685119629,30.653093338012695,30.13909339904785,30.232547760009766,22.941524505615234,699698,0.0,0.0
2019-10-09 00:00:00-04:00,30.55963897705078,30.55963897705078,29.952184677124023,30.30731201171875,22.998260498046875,562412,0.0,0.0
2019-10-10 00:00:00-04:00,30.73720359802246,31.35400390625,30.400766372680664,31.101675033569336,23.601045608520508,695097,0.0,0.0
2019-10-11 00:00:00-04:00,31.690439224243164,32.512840270996094,31.438112258911133,32.23247528076172,24.45914077758789,858064,0.0,0.0
2019-10-14 00:00:00-04:00,31.774547576904297,32.89600372314453,31.60633087158203,32.62498474121094,24.756988525390625,774066,0.0,0.0
2019-10-15 00:00:00-04:00,32.40069580078125,32.68105697631836,31.905384063720703,31.961456298828125,24.253480911254883,623619,0.0,0.0
2019-10-16 00:00:00-04:00,31.84931182861328,32.363311767578125,31.783893585205078,31.858657836914062,24.175474166870117,479698,0.0,0.0
2019-10-17 00:00:00-04:00,32.073604583740234,32.213783264160156,31.269893646240234,31.36334800720215,23.799610137939453,896158,0.0,0.0
2019-10-18 00:00:00-04:00,31.466148376464844,32.1764030456543,31.466148376464844,31.662403106689453,24.026546478271484,604893,0.0,0.0
2019-10-21 00:00:00-04:00,32.22312927246094,32.67171096801758,32.157711029052734,32.6623649597168,24.78535270690918,779523,0.0,0.0
2019-10-22 00:00:00-04:00,32.49414825439453,33.09225845336914,32.410037994384766,33.02684020996094,25.061927795410156,605856,0.0,0.0
2019-10-23 00:00:00-04:00,33.51280212402344,33.79316711425781,33.10160446166992,33.71840286254883,25.586711883544922,955866,0.0,0.0
2019-10-24 00:00:00-04:00,33.9520378112793,34.52211380004883,32.89600372314453,33.11094665527344,25.125755310058594,1250661,0.0,0.0
2019-10-25 00:00:00-04:00,33.30720138549805,33.71840286254883,33.129638671875,33.615604400634766,25.50870704650879,609494,0.0,0.0
2019-10-28 00:00:00-04:00,33.91465759277344,34.297821044921875,33.75578689575195,34.02680206298828,25.82073211669922,837733,0.0,0.0
2019-10-29 00:00:00-04:00,33.74644088745117,34.335201263427734,33.70905685424805,34.32585906982422,26.047666549682617,1404319,0.0,0.0
2019-10-30 00:00:00-04:00,34.15763854980469,34.31651306152344,33.57822036743164,34.12960433959961,25.898746490478516,1178862,0.0,0.0
2019-10-31 00:00:00-04:00,33.886619567871094,34.03614807128906,33.0642204284668,33.251129150390625,25.23212432861328,861274,0.0,0.0
2019-11-01 00:00:00-04:00,33.57822036743164,34.91461944580078,33.57822036743164,34.905277252197266,26.487354278564453,810126,0.0,0.0
2019-11-04 00:00:00-05:00,35.32582092285156,35.708984375,35.2417106628418,35.634220123291016,27.040504455566406,820506,0.0,0.0
2019-11-05 00:00:00-05:00,35.587493896484375,36.05476760864258,35.23236846923828,35.48469543457031,26.927040100097656,906323,0.0,0.0
2019-11-06 00:00:00-05:00,35.176292419433594,35.176292419433594,34.42865753173828,34.52211380004883,26.475507736206055,817403,0.373818,0.0
2019-11-07 00:00:00-05:00,34.92396545410156,35.68095016479492,34.85854721069336,35.53142166137695,27.24955940246582,1016858,0.0,0.0
2019-11-08 00:00:00-05:00,35.30712890625,35.53142166137695,35.10152816772461,35.31647491455078,27.084712982177734,495321,0.0,0.0
2019-11-11 00:00:00-05:00,34.92396545410156,35.6435661315918,34.7557487487793,35.587493896484375,27.29256248474121,740360,0.0,0.0
2019-11-12 00:00:00-05:00,35.68095016479492,35.84916687011719,35.2884407043457,35.30712890625,27.077547073364258,691673,0.0,0.0
2019-11-13 00:00:00-05:00,34.92396545410156,35.40993118286133,34.8865852355957,34.895931243896484,26.762191772460938,514903,0.0,0.0
2019-11-14 00:00:00-05:00,34.80247497558594,35.194984436035156,34.494075775146484,34.72771072387695,26.63319206237793,428123,0.0,0.0
2019-11-15 00:00:00-05:00,34.83985900878906,35.50338363647461,34.83985900878906,35.25105667114258,27.0345458984375,404689,0.0,0.0
2019-11-18 00:00:00-05:00,34.97069549560547,35.2230224609375,34.64360427856445,34.85854721069336,26.733524322509766,556741,0.0,0.0
2019-11-19 00:00:00-05:00,35.391239166259766,35.391239166259766,34.47538375854492,35.12956619262695,26.941377639770508,543152,0.0,0.0
2019-11-20 00:00:00-05:00,35.00807571411133,35.194984436035156,34.503421783447266,34.550148010253906,26.497007369995117,771070,0.0,0.0
2019-11-21 00:00:00-05:00,34.503421783447266,34.99872970581055,34.39127731323242,34.67163848876953,26.590177536010742,664173,0.0,0.0
2019-11-22 00:00:00-05:00,34.933311462402344,35.65291213989258,34.746402740478516,35.41927719116211,27.163558959960938,702587,0.0,0.0
2019-11-25 00:00:00-05:00,35.634220123291016,35.92393112182617,35.437965393066406,35.69963836669922,27.37857437133789,435078,0.0,0.0
2019-11-26 00:00:00-05:00,35.6435661315918,35.90523910522461,35.40058517456055,35.587493896484375,27.29256248474121,884601,0.0,0.0
2019-11-27 00:00:00-05:00,35.60618591308594,36.12018585205078,35.32582092285156,35.998695373535156,27.60791778564453,501206,0.0,0.0
2019-11-29 00:00:00-05:00,36.10149383544922,36.232330322265625,35.3725471496582,35.540767669677734,27.256731033325195,387033,0.0,0.0
2019-12-02 00:00:00-05:00,35.50338363647461,35.81178665161133,35.1576042175293,35.46600341796875,27.199390411376953,742072,0.0,0.0
2019-12-03 00:00:00-05:00,34.690330505371094,35.04545974731445,34.39127731323242,34.56884002685547,26.51134490966797,1754864,0.0,0.0
2019-12-04 00:00:00-05:00,35.02676773071289,35.737022399902344,35.02676773071289,35.23236846923828,27.02020835876465,820720,0.0,0.0
2019-12-05 00:00:00-05:00,35.353858947753906,35.95196533203125,35.26974868774414,35.87720489501953,27.514745712280273,683434,0.0,0.0
2019-12-06 00:00:00-05:00,36.4472770690918,36.718292236328125,36.232330322265625,36.269710540771484,27.815765380859375,730944,0.0,0.0
2019-12-09 00:00:00-05:00,36.400550842285156,36.877166748046875,36.391204833984375,36.80240249633789,28.224292755126953,607247,0.0,0.0
2019-12-10 00:00:00-05:00,36.886512756347656,37.16687774658203,36.76502227783203,37.04538345336914,28.41063690185547,729980,0.0,0.0
2019-12-11 00:00:00-05:00,37.21360397338867,37.961238861083984,37.14818572998047,37.90516662597656,29.070018768310547,952121,0.0,0.0
2019-12-12 00:00:00-05:00,37.428550720214844,38.568695068359375,37.316402435302734,38.521968841552734,29.54305648803711,809270,0.0,0.0
2019-12-13 00:00:00-05:00,38.79298400878906,39.306983947753906,38.49393081665039,38.774295806884766,29.7365665435791,1117870,0.0,0.0
2019-12-16 00:00:00-05:00,39.36305618286133,39.456512451171875,38.48458480834961,38.53131103515625,29.550220489501953,706440,0.0,0.0
2019-12-17 00:00:00-05:00,38.157493591308594,39.32567596435547,37.85844039916992,39.260257720947266,30.10926055908203,997383,0.0,0.0
2019-12-18 00:00:00-05:00,39.29764175415039,39.93313217163086,39.27894973754883,39.83967590332031,30.553625106811523,1383239,0.0,0.0
2019-12-19 00:00:00-05:00,39.858367919921875,40.054622650146484,39.71818542480469,40.0452766418457,30.7113037109375,696274,0.0,0.0
2019-12-20 00:00:00-05:00,40.054622650146484,40.18545913696289,39.52193069458008,39.52193069458008,30.3099422454834,1250554,0.0,0.0
2019-12-23 00:00:00-05:00,39.5780029296875,39.88640213012695,39.48455047607422,39.87705612182617,30.582290649414062,490613,0.0,0.0
2019-12-24 00:00:00-05:00,39.99855041503906,40.063968658447266,39.76491165161133,39.80229568481445,30.52495002746582,227062,0.0,0.0
2019-12-26 00:00:00-05:00,39.9798583984375,40.3817138671875,39.951820373535156,40.36302185058594,30.954984664916992,292977,0.0,0.0
2019-12-27 00:00:00-05:00,40.540584564208984,40.540584564208984,39.74622344970703,39.78360366821289,30.5106201171875,310311,0.0,0.0
2019-12-30 00:00:00-05:00,39.78360366821289,39.93313217163086,39.5125846862793,39.708839416503906,30.45327377319336,352043,0.0,0.0
2019-12-31 00:00:00-05:00,39.72753143310547,39.74622344970703,39.503238677978516,39.699493408203125,30.44611167907715,567335,0.0,0.0
2020-01-02 00:00:00-05:00,40.148075103759766,40.22283935546875,39.699493408203125,39.9144401550293,30.610965728759766,449737,0.0,0.0
2020-01-03 00:00:00-05:00,39.260257720947266,39.606040954589844,38.68083953857422,38.83036804199219,29.77957534790039,848862,0.0,0.0
2020-01-06 00:00:00-05:00,38.78364181518555,38.961204528808594,38.42851257324219,38.89578628540039,29.829736709594727,633891,0.0,0.0
2020-01-07 00:00:00-05:00,38.69953155517578,39.13876724243164,38.64345932006836,38.95185852050781,29.872745513916016,634426,0.0,0.0
2020-01-08 00:00:00-05:00,39.064002990722656,39.260257720947266,38.78364181518555,39.1761474609375,30.044754028320312,634426,0.0,0.0
2020-01-09 00:00:00-05:00,39.2415657043457,39.5593147277832,39.054656982421875,39.47520446777344,30.274112701416016,615700,0.0,0.0
2020-01-10 00:00:00-05:00,39.47520446777344,40.3817138671875,39.47520446777344,40.17611312866211,30.8116397857666,788619,0.0,0.0
2020-01-13 00:00:00-05:00,40.3817138671875,41.56858444213867,40.18545913696289,41.50316619873047,31.829378128051758,694669,0.0,0.0
2020-01-14 00:00:00-05:00,41.391021728515625,41.886329650878906,41.11065673828125,41.391021728515625,31.743370056152344,767967,0.0,0.0
2020-01-15 00:00:00-05:00,41.185420989990234,41.27887725830078,40.68076705932617,40.951786041259766,31.406511306762695,480340,0.0,0.0
2020-01-16 00:00:00-05:00,41.26953125,41.46578598022461,40.4004020690918,40.652732849121094,31.177167892456055,774280,0.0,0.0
2020-01-17 00:00:00-05:00,41.035892486572266,41.29756546020508,40.708805084228516,41.05458450317383,31.48534393310547,722490,0.0,0.0
2020-01-21 00:00:00-05:00,40.41909408569336,40.56862258911133,39.36305618286133,39.493892669677734,30.288434982299805,1099465,0.0,0.0
2020-01-22 00:00:00-05:00,39.6434211730957,39.80229568481445,38.88644027709961,39.1107292175293,29.994586944580078,980477,0.0,0.0
2020-01-23 00:00:00-05:00,38.316368103027344,38.39113235473633,37.09211349487305,38.316368103027344,29.385377883911133,1695477,0.0,0.0
2020-01-24 00:00:00-05:00,38.10142135620117,38.10142135620117,37.05472946166992,37.24163818359375,28.5611515045166,1229047,0.0,0.0
2020-01-27 00:00:00-05:00,36.31644058227539,36.5126953125,35.41927719116211,35.48469543457031,27.213722229003906,1221342,0.0,0.0
2020-01-28 00:00:00-05:00,35.821128845214844,36.4472770690918,35.31647491455078,36.32578659057617,27.85877799987793,958220,0.0,0.0
2020-01-29 00:00:00-05:00,36.437931060791016,36.680912017822266,36.05476760864258,36.082801818847656,27.672426223754883,753949,0.0,0.0
2020-01-30 00:00:00-05:00,35.6435661315918,36.34447479248047,35.48469543457031,36.32578659057617,27.85877799987793,767111,0.0,0.0
2020-01-31 00:00:00-05:00,35.84916687011719,35.89589309692383,35.1576042175293,35.21367645263672,27.005878448486328,1141945,0.0,0.0
2020-02-03 00:00:00-05:00,35.634220123291016,35.85851287841797,35.16694641113281,35.69963836669922,27.37857437133789,809912,0.0,0.0
2020-02-04 00:00:00-05:00,36.5968017578125,37.428550720214844,36.5968017578125,37.39116668701172,28.675827026367188,1241566,0.0,0.0
2020-02-05 00:00:00-05:00,38.204219818115234,38.39113235473633,37.325748443603516,37.512657165527344,28.76899528503418,679903,0.0,0.0
2020-02-06 00:00:00-05:00,37.933204650878906,37.9518928527832,36.830440521240234,36.9986572265625,28.374801635742188,610457,0.0,0.0
2020-02-07 00:00:00-05:00,36.35382080078125,36.56876754760742,35.980003356933594,36.11083984375,27.693927764892578,531274,0.0,0.0
2020-02-10 00:00:00-05:00,35.89589309692383,36.036075592041016,35.51272964477539,35.830474853515625,27.478904724121094,1017928,0.0,0.0
2020-02-11 00:00:00-05:00,36.31644058227539,36.839786529541016,36.14822006225586,36.391204833984375,27.9089412689209,1000914,0.0,0.0
2020-02-12 00:00:00-05:00,36.970619201660156,37.120147705078125,36.465965270996094,36.923892974853516,28.31747055053711,671021,0.0,0.0
2020-02-13 00:00:00-05:00,36.89585876464844,37.073421478271484,36.5313835144043,36.877166748046875,28.28163719177246,595905,0.0,0.0
2020-02-14 00:00:00-05:00,36.839786529541016,37.129493713378906,36.232330322265625,36.69025802612305,28.13828468322754,528385,0.0,0.0
2020-02-18 00:00:00-05:00,35.80244064331055,35.97065734863281,35.148258209228516,35.66225814819336,27.34990119934082,882247,0.0,0.0
2020-02-19 00:00:00-05:00,35.7744026184082,36.4472770690918,35.708984375,36.28840255737305,27.830102920532227,482481,0.0,0.0
2020-02-20 00:00:00-05:00,36.082801818847656,36.671566009521484,35.793094635009766,35.793094635009766,27.450239181518555,436362,0.0,0.0
2020-02-21 00:00:00-05:00,35.550113677978516,35.61552810668945,34.989383697509766,35.3725471496582,27.127714157104492,548181,0.0,0.0
2020-02-24 00:00:00-05:00,33.78382110595703,33.87727737426758,33.204402923583984,33.77447509765625,25.90213394165039,1102033,0.0,0.0
2020-02-25 00:00:00-05:00,33.97072982788086,34.045494079589844,32.69040298461914,32.755821228027344,25.12091827392578,1127928,0.0,0.0
2020-02-26 00:00:00-05:00,32.98945617675781,33.419349670410156,32.53152847290039,32.73712921142578,25.1065731048584,944416,0.0,0.0
2020-02-27 00:00:00-05:00,31.80258560180664,32.55022048950195,31.16709327697754,31.37269401550293,24.060169219970703,1656955,0.0,0.0
2020-02-28 00:00:00-05:00,30.03629493713379,31.550256729125977,29.802656173706055,31.44745635986328,24.117507934570312,1751761,0.0,0.0
2020-03-02 00:00:00-05:00,31.727821350097656,32.94272994995117,31.073638916015625,32.84927749633789,25.192583084106445,1355525,0.0,0.0
2020-03-03 00:00:00-05:00,32.998802185058594,33.56887435913086,31.868003845214844,32.40069580078125,24.84856414794922,1876955,0.0,0.0
2020-03-04 00:00:00-05:00,33.129638671875,33.75578689575195,32.6436767578125,33.4660758972168,25.665624618530273,1137130,0.0,0.0
2020-03-05 00:00:00-05:00,32.6436767578125,33.167022705078125,32.55022048950195,33.045528411865234,25.34309196472168,974591,0.0,0.0
2020-03-06 00:00:00-05:00,32.110984802246094,33.02684020996094,31.905384063720703,32.95207595825195,25.27142333984375,1149008,0.0,0.0
2020-03-09 00:00:00-04:00,30.35403823852539,30.625057220458984,28.84007453918457,29.91480255126953,23.205345153808594,1384737,0.373818,0.0
2020-03-10 00:00:00-04:00,31.082984924316406,33.30720138549805,30.989530563354492,32.93338394165039,25.54689598083496,1552305,0.0,0.0
2020-03-11 00:00:00-04:00,31.774547576904297,31.896038055419922,29.073711395263672,29.46622085571289,22.857372283935547,1485749,0.0,0.0
2020-03-12 00:00:00-04:00,27.484983444213867,27.484983444213867,24.429019927978516,24.840219497680664,19.26891326904297,2020340,0.0,0.0
2020-03-13 00:00:00-04:00,26.65323829650879,27.447601318359375,25.653274536132812,27.372838973999023,21.233503341674805,1392442,0.0,0.0
2020-03-16 00:00:00-04:00,24.176692962646484,26.279420852661133,24.06454849243164,25.82149314880371,20.030105590820312,1305233,0.0,0.0
2020-03-17 00:00:00-04:00,26.092510223388672,28.241966247558594,25.475711822509766,26.06447410583496,20.218591690063477,2231031,0.0,0.0
2020-03-18 00:00:00-04:00,24.08323860168457,26.44763946533203,22.887020111083984,24.204729080200195,18.775959014892578,1679212,0.0,0.0
2020-03-19 00:00:00-04:00,23.84960174560547,25.728038787841797,22.896366119384766,25.354219436645508,19.667633056640625,1359698,0.0,0.0
2020-03-20 00:00:00-04:00,25.82149314880371,26.04578399658203,23.494474411010742,23.746801376342773,18.420734405517578,1641012,0.0,0.0
2020-03-23 00:00:00-04:00,23.3823299407959,23.737457275390625,21.89640235900879,21.989856719970703,17.057851791381836,1534971,0.0,0.0
2020-03-24 00:00:00-04:00,23.148693084716797,25.17665672302246,23.0458927154541,24.830875396728516,19.26166534423828,1135204,0.0,0.0
2020-03-25 00:00:00-04:00,24.849565505981445,26.88687515258789,23.989784240722656,25.700002670288086,19.935863494873047,1100214,0.0,0.0
2020-03-26 00:00:00-04:00,26.055130004882812,26.83080291748047,25.76542091369629,26.550439834594727,20.595556259155273,976089,0.0,0.0
2020-03-27 00:00:00-04:00,25.354219436645508,25.737384796142578,24.653310775756836,24.849565505981445,19.276168823242188,766148,0.0,0.0
2020-03-30 00:00:00-04:00,25.073856353759766,25.877565383911133,24.438365936279297,25.81214714050293,20.022851943969727,799426,0.0,0.0
2020-03-31 00:00:00-04:00,25.942983627319336,27.232656478881836,25.849529266357422,26.316801071166992,20.414321899414062,927724,0.0,0.0
2020-04-01 00:00:00-04:00,25.073856353759766,25.952329635620117,24.662656784057617,24.802839279174805,19.239917755126953,1099572,0.0,0.0
2020-04-02 00:00:00-04:00,25.186002731323242,26.326147079467773,24.653310775756836,25.550474166870117,19.819868087768555,799961,0.0,0.0
2020-04-03 00:00:00-04:00,25.288801193237305,25.79345703125,24.840219497680664,25.045820236206055,19.42840003967285,929436,0.0,0.0
2020-04-06 00:00:00-04:00,26.718656539916992,26.728002548217773,25.76542091369629,26.541093826293945,20.588308334350586,787549,0.0,0.0
2020-04-07 00:00:00-04:00,27.840110778808594,28.410184860229492,27.27938461303711,27.606475830078125,21.41473960876465,1420691,0.0,0.0
2020-04-08 00:00:00-04:00,27.71862030029297,28.38214874267578,27.456947326660156,28.2045841217041,21.878698348999023,721848,0.0,0.0
2020-04-09 00:00:00-04:00,28.76531219482422,29.709203720092773,28.438220977783203,29.083057403564453,22.560144424438477,973414,0.0,0.0
2020-04-13 00:00:00-04:00,29.167165756225586,29.503602981567383,27.90553092956543,28.858766555786133,22.386159896850586,891235,0.0,0.0
2020-04-14 00:00:00-04:00,29.4942569732666,30.15778350830078,28.550365447998047,28.97091293334961,22.47315216064453,804241,0.0,0.0
2020-04-15 00:00:00-04:00,27.419565200805664,28.017675399780273,26.961639404296875,26.980329513549805,20.92902946472168,928259,0.0,0.0
2020-04-16 00:00:00-04:00,27.11116600036621,27.456947326660156,26.279420852661133,26.503711700439453,20.559307098388672,874436,0.0,0.0
2020-04-17 00:00:00-04:00,27.49432945251465,28.372802734375,27.49432945251465,28.279348373413086,21.93670082092285,767646,0.0,0.0
2020-04-20 00:00:00-04:00,27.95225715637207,28.61578369140625,27.49432945251465,27.653202056884766,21.450990676879883,1082986,0.0,0.0
2020-04-21 00:00:00-04:00,26.363529205322266,27.400875091552734,26.21400260925293,27.12051010131836,21.03777313232422,706440,0.0,0.0
2020-04-22 00:00:00-04:00,27.933565139770508,28.18589210510254,27.438257217407227,28.15785789489746,21.84246063232422,742393,0.0,0.0
2020-04-23 00:00:00-04:00,28.44756507873535,29.24193000793457,28.251312255859375,28.858766555786133,22.386159896850586,888132,0.0,0.0
2020-04-24 00:00:00-04:00,29.41014862060547,29.746583938598633,28.59709358215332,28.737274169921875,22.291915893554688,779951,0.0,0.0
2020-04-27 00:00:00-04:00,29.157821655273438,30.466184616088867,28.868112564086914,30.438148498535156,23.61130714416504,1423794,0.0,0.0
2020-04-28 00:00:00-04:00,31.466148376464844,31.466148376464844,30.74654769897461,31.17643928527832,24.184011459350586,1220807,0.0,0.0
2020-04-29 00:00:00-04:00,32.110984802246094,32.50349426269531,31.83062171936035,32.372657775878906,25.111936569213867,608317,0.0,0.0
2020-04-30 00:00:00-04:00,31.690439224243164,31.81192970275879,30.167129516601562,30.3166561126709,23.51706314086914,1193307,0.0,0.0
2020-05-01 00:00:00-04:00,29.41014862060547,29.91480255126953,29.176511764526367,29.68116569519043,23.024105072021484,574290,0.0,0.0
2020-05-04 00:00:00-04:00,29.569021224975586,30.241893768310547,29.083057403564453,30.223203659057617,23.444576263427734,914348,0.0,0.0
2020-05-05 00:00:00-04:00,30.75589370727539,31.307275772094727,30.148439407348633,30.223203659057617,23.444576263427734,990856,0.0,0.0
2020-05-06 00:00:00-04:00,30.51291275024414,30.69982147216797,30.148439407348633,30.29796600341797,23.5025691986084,675087,0.0,0.0
2020-05-07 00:00:00-04:00,30.793275833129883,31.438112258911133,30.148439407348633,30.75589370727539,23.857789993286133,886099,0.0,0.0
2020-05-08 00:00:00-04:00,31.37269401550293,32.316585540771484,31.092330932617188,32.19509506225586,24.974199295043945,678512,0.0,0.0
2020-05-11 00:00:00-04:00,31.335311889648438,31.858657836914062,31.036256790161133,31.653057098388672,24.55373191833496,705049,0.0,0.0
2020-05-12 00:00:00-04:00,31.755857467651367,32.33527755737305,30.877384185791016,30.914766311645508,24.123472213745117,590340,0.186909,0.0
2020-05-13 00:00:00-04:00,31.064294815063477,31.260547637939453,30.120403289794922,30.466184616088867,23.773439407348633,731158,0.0,0.0
2020-05-14 00:00:00-04:00,29.765274047851562,31.20447540283203,29.326038360595703,30.7839298248291,24.021385192871094,1419835,0.0,0.0
2020-05-15 00:00:00-04:00,30.671783447265625,31.503530502319336,30.456838607788086,30.662439346313477,23.926578521728516,787121,0.0,0.0
2020-05-18 00:00:00-04:00,31.98949432373047,33.54084014892578,31.98949432373047,33.297855377197266,25.98305320739746,847792,0.0,0.0
2020-05-19 00:00:00-04:00,33.37261962890625,33.87727737426758,33.054874420166016,33.55952835083008,26.187238693237305,675730,0.0,0.0
2020-05-20 00:00:00-04:00,34.11091232299805,34.32585906982422,33.54084014892578,33.68102264404297,26.28205108642578,634212,0.0,0.0
2020-05-21 00:00:00-04:00,33.39131164550781,33.55018615722656,32.755821228027344,33.157676696777344,25.87367057800293,432510,0.0,0.0
2020-05-22 00:00:00-04:00,32.596946716308594,33.02684020996094,32.58760452270508,32.87731170654297,25.65489959716797,564338,0.0,0.0
2020-05-26 00:00:00-04:00,34.138946533203125,34.138946533203125,33.157676696777344,33.615604400634766,26.231002807617188,716605,0.0,0.0
2020-05-27 00:00:00-04:00,33.886619567871094,34.46603775024414,33.13898468017578,33.92400360107422,26.471649169921875,1001984,0.0,0.0
2020-05-28 00:00:00-04:00,34.4847297668457,34.68098449707031,34.17633056640625,34.38193130493164,26.8289737701416,1063405,0.0,0.0
2020-05-29 00:00:00-04:00,34.51276779174805,34.51276779174805,33.22309494018555,33.92400360107422,26.471649169921875,1546420,0.0,0.0
2020-06-01 00:00:00-04:00,33.76512908935547,34.77444076538086,33.73709487915039,34.43800354003906,26.872737884521484,660642,0.0,0.0
2020-06-02 00:00:00-04:00,34.87723922729492,35.52207565307617,34.587528228759766,35.05480194091797,27.354036331176758,815584,0.0,0.0
2020-06-03 00:00:00-04:00,35.46600341796875,36.279056549072266,35.148258209228516,35.783748626708984,27.922847747802734,1102033,0.0,0.0
2020-06-04 00:00:00-04:00,35.634220123291016,36.194950103759766,35.20433044433594,35.587493896484375,27.76970863342285,910496,0.0,0.0
2020-06-05 00:00:00-04:00,36.89585876464844,37.671531677246094,36.194950103759766,36.400550842285156,28.404150009155273,1050350,0.0,0.0
2020-06-08 00:00:00-04:00,36.1762580871582,36.718292236328125,35.69029235839844,36.25102233886719,28.287477493286133,995992,0.0,0.0
2020-06-09 00:00:00-04:00,35.437965393066406,36.5781135559082,34.97069549560547,36.381858825683594,28.38957405090332,654115,0.0,0.0
2020-06-10 00:00:00-04:00,36.643531799316406,37.25098419189453,36.10149383544922,36.867820739746094,28.768770217895508,747743,0.0,0.0
2020-06-11 00:00:00-04:00,35.31647491455078,35.45665740966797,33.55952835083008,33.70905685424805,26.30392074584961,1275807,0.0,0.0
2020-06-12 00:00:00-04:00,35.297786712646484,35.44731140136719,33.9520378112793,34.59687423706055,26.996706008911133,979514,0.0,0.0
2020-06-15 00:00:00-04:00,33.55018615722656,35.12022018432617,33.129638671875,34.78378677368164,27.142559051513672,912957,0.0,0.0
2020-06-16 00:00:00-04:00,35.53142166137695,35.87720489501953,34.38193130493164,34.8865852355957,27.222774505615234,617412,0.0,0.0
2020-06-17 00:00:00-04:00,34.905277252197266,35.391239166259766,34.8865852355957,35.138912200927734,27.419677734375,562305,0.0,0.0
2020-06-18 00:00:00-04:00,34.587528228759766,34.905277252197266,34.02680206298828,34.46603775024414,26.89461326599121,814514,0.0,0.0
2020-06-19 00:00:00-04:00,35.12022018432617,35.344512939453125,34.51276779174805,35.32582092285156,27.565521240234375,1649572,0.0,0.0
2020-06-22 00:00:00-04:00,34.933311462402344,35.297786712646484,34.550148010253906,34.980037689208984,27.295696258544922,960360,0.0,0.0
2020-06-23 00:00:00-04:00,35.587493896484375,36.05476760864258,35.41927719116211,35.81178665161133,27.94472312927246,587130,0.0,0.0
2020-06-24 00:00:00-04:00,35.50338363647461,35.60618591308594,34.76509475708008,35.02676773071289,27.332157135009766,856031,0.0,0.0
2020-06-25 00:00:00-04:00,35.03611373901367,35.839820861816406,34.737056732177734,35.81178665161133,27.94472312927246,664494,0.0,0.0
2020-06-26 00:00:00-04:00,35.69029235839844,35.94261932373047,34.933311462402344,35.25105667114258,27.507183074951172,1484465,0.0,0.0
2020-06-29 00:00:00-04:00,35.550113677978516,36.05476760864258,35.45665740966797,35.85851287841797,27.981191635131836,428016,0.0,0.0
2020-06-30 00:00:00-04:00,35.76505661010742,37.29771041870117,35.596839904785156,37.16687774658203,29.002140045166016,1276556,0.0,0.0
2020-07-01 00:00:00-04:00,37.25098419189453,37.316402435302734,35.634220123291016,36.06411361694336,28.141624450683594,985613,0.0,0.0
2020-07-02 00:00:00-04:00,36.79305648803711,37.269676208496094,36.33512878417969,36.36316680908203,28.374982833862305,599971,0.0,0.0
2020-07-06 00:00:00-04:00,37.38182067871094,38.07338333129883,36.94258499145508,38.07338333129883,29.70950698852539,1241031,0.0,0.0
2020-07-07 00:00:00-04:00,37.7369499206543,38.00796890258789,37.35378646850586,37.38182067871094,29.16986846923828,1382918,0.0,0.0
2020-07-08 00:00:00-04:00,37.755638122558594,38.14814758300781,37.29771041870117,37.98927688598633,29.643877029418945,815905,0.0,0.0
2020-07-09 00:00:00-04:00,38.316368103027344,38.316368103027344,37.316402435302734,37.69021987915039,29.410511016845703,774494,0.0,0.0
2020-07-10 00:00:00-04:00,37.9518928527832,38.961204528808594,37.38182067871094,38.93316650390625,30.38041114807129,942276,0.0,0.0
2020-07-13 00:00:00-04:00,39.606040954589844,39.79294967651367,38.166839599609375,38.49393081665039,30.03767204284668,1243385,0.0,0.0
2020-07-14 00:00:00-04:00,38.24160385131836,39.76491165161133,38.05469512939453,39.690147399902344,30.97110366821289,1055058,0.0,0.0
2020-07-15 00:00:00-04:00,40.18545913696289,40.334983825683594,39.42847442626953,40.00789260864258,31.219043731689453,1015574,0.0,0.0
2020-07-16 00:00:00-04:00,39.48455047607422,40.26956558227539,39.1761474609375,39.83967590332031,31.087783813476562,735224,0.0,0.0
2020-07-17 00:00:00-04:00,40.21349334716797,40.96113204956055,39.79294967651367,40.82094955444336,31.853487014770508,718638,0.0,0.0
2020-07-20 00:00:00-04:00,40.66207504272461,41.08262252807617,40.22283935546875,40.92374801635742,31.93370819091797,851002,0.0,0.0
2020-07-21 00:00:00-04:00,40.998512268066406,41.3349494934082,40.344329833984375,40.41909408569336,31.53990364074707,706333,0.0,0.0
2020-07-22 00:00:00-04:00,40.64338684082031,41.02655029296875,40.16676712036133,40.85832977294922,31.882658004760742,931148,0.0,0.0
2020-07-23 00:00:00-04:00,41.06393051147461,41.45643997192383,40.28825759887695,40.5312385559082,31.627416610717773,658395,0.0,0.0
2020-07-24 00:00:00-04:00,40.12938690185547,40.493858337402344,39.48455047607422,40.260223388671875,31.415937423706055,993852,0.0,0.0
2020-07-27 00:00:00-04:00,40.77422332763672,43.129276275634766,40.4658203125,43.05451202392578,33.59638595581055,1113589,0.0,0.0
2020-07-28 00:00:00-04:00,42.46574783325195,42.59658432006836,41.46578598022461,41.942405700683594,32.72858810424805,1031731,0.0,0.0
2020-07-29 00:00:00-04:00,42.026512145996094,42.680694580078125,40.71814727783203,41.37232971191406,32.28373718261719,850360,0.0,0.0
2020-07-30 00:00:00-04:00,40.43778610229492,41.2041130065918,40.260223388671875,40.96113204956055,31.962875366210938,944630,0.0,0.0
2020-07-31 00:00:00-04:00,40.895713806152344,41.035892486572266,40.32564163208008,40.84898376464844,31.875364303588867,708259,0.0,0.0
2020-08-03 00:00:00-04:00,41.344295501708984,41.65269470214844,40.84898376464844,41.26953125,32.20353317260742,713181,0.0,0.0
2020-08-04 00:00:00-04:00,40.0452766418457,40.72749328613281,39.26960372924805,40.71814727783203,31.77327537536621,1159280,0.0,0.0
2020-08-05 00:00:00-04:00,41.8209114074707,42.727420806884766,41.8209114074707,42.31622314453125,33.02029037475586,697130,0.0,0.0
2020-08-06 00:00:00-04:00,42.66200256347656,43.559165954589844,42.14800262451172,43.14796829223633,33.6693115234375,984222,0.0,0.0
2020-08-07 00:00:00-04:00,42.60593032836914,42.79283905029297,41.624656677246094,42.11062240600586,32.85985565185547,893696,0.0,0.0
2020-08-10 00:00:00-04:00,42.475093841552734,43.176002502441406,42.325565338134766,42.84891128540039,33.43595504760742,678833,0.0,0.0
2020-08-11 00:00:00-04:00,42.484439849853516,42.57789611816406,41.437747955322266,41.6059684753418,32.75178527832031,971809,0.373818,0.0
2020-08-12 00:00:00-04:00,42.34425735473633,42.76480484008789,42.082584381103516,42.36294937133789,33.3476676940918,759193,0.0,0.0
2020-08-13 00:00:00-04:00,42.05455017089844,42.78349685668945,41.6059684753418,41.93305969238281,33.00926971435547,711148,0.0,0.0
2020-08-14 00:00:00-04:00,41.876983642578125,42.25080490112305,41.69942092895508,42.232112884521484,33.24467468261719,535875,0.0,0.0
2020-08-17 00:00:00-04:00,42.98909378051758,43.66196823120117,42.73676681518555,42.923675537109375,33.7890739440918,578142,0.0,0.0
2020-08-18 00:00:00-04:00,43.69000244140625,44.325496673583984,43.49374771118164,43.50309371948242,34.24518585205078,878823,0.0,0.0
2020-08-19 00:00:00-04:00,43.79280471801758,44.43764114379883,43.60589599609375,43.67131423950195,34.37760925292969,815370,0.0,0.0
2020-08-20 00:00:00-04:00,43.01713180541992,43.49374771118164,42.6246223449707,43.45636749267578,34.20840072631836,534912,0.0,0.0
2020-08-21 00:00:00-04:00,42.914329528808594,43.21338653564453,42.727420806884766,42.9797477722168,33.83320999145508,494037,0.0,0.0
2020-08-24 00:00:00-04:00,43.615238189697266,43.74607849121094,43.01713180541992,43.559165954589844,34.28932571411133,502811,0.0,0.0
2020-08-25 00:00:00-04:00,43.718040466308594,43.83018493652344,42.9610595703125,43.25076675415039,34.04655838012695,441926,0.0,0.0
2020-08-26 00:00:00-04:00,43.46571350097656,44.15727615356445,43.40964126586914,44.09185791015625,34.70865249633789,422344,0.0,0.0
2020-08-27 00:00:00-04:00,44.456329345703125,44.54978561401367,43.045166015625,43.288150787353516,34.07598876953125,493609,0.0,0.0
2020-08-28 00:00:00-04:00,44.13858413696289,45.34415054321289,43.85822296142578,45.054439544677734,35.466392517089844,660963,0.0,0.0
2020-08-31 00:00:00-04:00,45.36283874511719,45.512367248535156,44.87687683105469,44.95164108276367,35.38547134399414,838054,0.0,0.0
2020-09-01 00:00:00-04:00,45.28807830810547,45.97029495239258,44.867530822753906,45.34415054321289,35.69444274902344,1363764,0.0,0.0
2020-09-02 00:00:00-04:00,45.39087677001953,45.44694900512695,44.30680465698242,44.83949661254883,35.29718017578125,814728,0.0,0.0
2020-09-03 00:00:00-04:00,44.175968170166016,44.175968170166016,42.4937858581543,43.54982376098633,34.2819709777832,932432,0.0,0.0
2020-09-04 00:00:00-04:00,44.09185791015625,44.4002571105957,42.95171356201172,43.90494918823242,34.561519622802734,674873,0.0,0.0
2020-09-08 00:00:00-04:00,42.90498733520508,43.484405517578125,41.989131927490234,42.80218505859375,33.69343185424805,846294,0.0,0.0
2020-09-09 00:00:00-04:00,43.60589599609375,44.2694206237793,43.40964126586914,43.80215072631836,34.4806022644043,1136916,0.0,0.0
2020-09-10 00:00:00-04:00,43.69934844970703,43.932987213134766,42.40032958984375,42.50313186645508,33.45801544189453,902685,0.0,0.0
2020-09-11 00:00:00-04:00,43.2974967956543,44.12923812866211,43.15731430053711,43.820838928222656,34.49531555175781,1015360,0.0,0.0
2020-09-14 00:00:00-04:00,44.52174758911133,44.811458587646484,44.166622161865234,44.23204040527344,34.81900405883789,784766,0.0,0.0
2020-09-15 00:00:00-04:00,44.848838806152344,45.09182357788086,44.11054992675781,44.19465637207031,34.789581298828125,576858,0.0,0.0
2020-09-16 00:00:00-04:00,44.49371337890625,44.74604034423828,43.8675651550293,43.970367431640625,34.61301803588867,758765,0.0,0.0
2020-09-17 00:00:00-04:00,43.447021484375,44.24138641357422,43.176002502441406,44.10120391845703,34.71601104736328,852607,0.0,0.0
2020-09-18 00:00:00-04:00,44.30680465698242,44.35353088378906,43.362911224365234,43.43767547607422,34.19368362426758,1154251,0.0,0.0
2020-09-21 00:00:00-04:00,42.40032958984375,42.52182388305664,41.232147216796875,42.21342086791992,33.2299690246582,1050029,0.0,0.0
2020-09-22 00:00:00-04:00,42.643314361572266,42.84891128540039,41.8209114074707,42.41902160644531,33.39181900024414,723132,0.0,0.0
2020-09-23 00:00:00-04:00,42.12931442260742,42.38164138793945,41.05458450317383,41.07327651977539,32.332462310791016,840622,0.0,0.0
2020-09-24 00:00:00-04:00,40.746185302734375,42.14800262451172,40.42844009399414,41.634002685546875,32.77386474609375,846722,0.0,0.0
2020-09-25 00:00:00-04:00,41.27887725830078,41.69942092895508,41.101314544677734,41.56858444213867,32.722354888916016,680652,0.0,0.0
2020-09-28 00:00:00-04:00,42.46574783325195,42.74611282348633,41.91436767578125,41.95174789428711,33.023983001708984,878395,0.0,0.0
2020-09-29 00:00:00-04:00,41.8209114074707,42.06389617919922,41.52185821533203,41.540550231933594,32.70029067993164,1063512,0.0,0.0
2020-09-30 00:00:00-04:00,41.89567565917969,42.447059631347656,41.6900749206543,42.30687713623047,33.30353927612305,1449689,0.0,0.0
2020-10-01 00:00:00-04:00,42.46574783325195,42.69938659667969,41.26018524169922,41.57793045043945,32.72971725463867,929115,0.0,0.0
2020-10-02 00:00:00-04:00,40.792911529541016,43.23207473754883,40.77422332763672,42.643314361572266,33.56837844848633,746780,0.0,0.0
2020-10-05 00:00:00-04:00,42.84891128540039,44.06382369995117,42.77415084838867,43.727386474609375,34.421749114990234,831099,0.0,0.0
2020-10-06 00:00:00-04:00,43.7834587097168,43.8675651550293,42.58723831176758,42.6246223449707,33.55365753173828,779202,0.0,0.0
2020-10-07 00:00:00-04:00,43.521785736083984,44.98902130126953,43.334877014160156,44.06382369995117,34.686588287353516,850574,0.0,0.0
2020-10-08 00:00:00-04:00,44.4002571105957,44.661930084228516,43.80215072631836,44.325496673583984,34.892578125,482588,0.0,0.0
2020-10-09 00:00:00-04:00,45.10116958618164,45.306766510009766,44.64324188232422,44.93294906616211,35.37074661254883,976838,0.0,0.0
2020-10-12 00:00:00-04:00,44.858184814453125,44.95164108276367,44.418949127197266,44.820804595947266,35.28246307373047,419455,0.0,0.0
2020-10-13 00:00:00-04:00,44.764732360839844,44.88622283935547,44.09185791015625,44.28811264038086,34.86314392089844,504951,0.0,0.0
2020-10-14 00:00:00-04:00,43.3816032409668,44.68996810913086,42.876949310302734,44.44698715209961,34.98822021484375,530525,0.0,0.0
2020-10-15 00:00:00-04:00,43.764766693115234,45.213314056396484,43.736732482910156,44.83949661254883,35.29718017578125,760370,0.0,0.0
2020-10-16 00:00:00-04:00,45.18527603149414,45.36283874511719,44.74604034423828,44.8021125793457,35.267757415771484,671128,0.0,0.0
2020-10-19 00:00:00-04:00,44.99836730957031,45.84880447387695,44.52174758911133,44.6712760925293,35.16476058959961,695311,0.0,0.0
2020-10-20 00:00:00-04:00,45.260040283203125,46.44691467285156,44.97032928466797,46.03571319580078,36.23883819580078,1148366,0.0,0.0
2020-10-21 00:00:00-04:00,46.46560287475586,47.36276626586914,46.297386169433594,46.64316940307617,36.71702194213867,1215243,0.0,0.0
2020-10-22 00:00:00-04:00,46.64316940307617,47.3814582824707,46.46560287475586,46.9796028137207,36.98185729980469,1105992,0.0,0.0
2020-10-23 00:00:00-04:00,47.13847732543945,48.773929595947266,46.88615036010742,48.54964065551758,38.217777252197266,1098823,0.0,0.0
2020-10-26 00:00:00-04:00,47.75527572631836,48.605712890625,47.08240509033203,47.7833137512207,37.61451721191406,821469,0.0,0.0
2020-10-27 00:00:00-04:00,47.89545822143555,49.20382308959961,47.802005767822266,48.54964065551758,38.217777252197266,1671294,0.0,0.0
2020-10-28 00:00:00-04:00,47.30669403076172,48.40945816040039,46.63382339477539,48.0543327331543,37.82787322998047,987325,0.0,0.0
2020-10-29 00:00:00-04:00,47.680511474609375,49.119712829589844,47.50294876098633,49.0729866027832,38.62975311279297,1224552,0.0,0.0
2020-10-30 00:00:00-04:00,48.876731872558594,49.51222229003906,48.521602630615234,48.91411209106445,38.50468063354492,1207646,0.0,0.0
2020-11-02 00:00:00-05:00,49.409423828125,50.73647689819336,49.334659576416016,50.661712646484375,39.880367279052734,1328881,0.0,0.0
2020-11-03 00:00:00-05:00,51.259822845458984,51.34393310546875,50.10098648071289,50.39069366455078,39.667030334472656,794076,0.0,0.0
2020-11-04 00:00:00-05:00,50.50284194946289,50.652366638183594,49.25989532470703,49.41876983642578,38.901939392089844,610778,0.0,0.0
2020-11-05 00:00:00-05:00,50.24116897583008,51.072914123535156,50.07294845581055,50.6990966796875,39.90980911254883,900438,0.0,0.0
2020-11-06 00:00:00-05:00,51.297203063964844,51.717750549316406,50.94207763671875,51.5214958190918,40.55718994140625,625545,0.0,0.0
2020-11-09 00:00:00-05:00,52.45603942871094,53.250404357910156,51.063568115234375,51.08226013183594,40.579463958740234,1424436,0.467273,0.0
2020-11-10 00:00:00-05:00,50.867313385009766,51.269168853759766,50.007530212402344,50.614986419677734,40.20825958251953,957578,0.0,0.0
2020-11-11 00:00:00-05:00,50.652366638183594,50.857967376708984,50.213130950927734,50.59629440307617,40.19341278076172,744426,0.0,0.0
2020-11-12 00:00:00-05:00,50.8486213684082,51.699058532714844,49.80193328857422,50.07294845581055,39.777679443359375,1076673,0.0,0.0
2020-11-13 00:00:00-05:00,50.58694839477539,50.88600540161133,50.34396743774414,50.829933166503906,40.37900924682617,1063619,0.0,0.0
2020-11-16 00:00:00-05:00,51.671024322509766,52.3252067565918,51.44673156738281,51.904659271240234,41.23277282714844,729338,0.0,0.0
2020-11-17 00:00:00-05:00,51.904659271240234,52.78313064575195,51.43738555908203,52.41865921020508,41.641090393066406,1566644,0.0,0.0
2020-11-18 00:00:00-05:00,52.68967819213867,52.93265914916992,51.699058532714844,52.21305847167969,41.477760314941406,651547,0.0,0.0
2020-11-19 00:00:00-05:00,51.97942352294922,52.53080368041992,51.315895080566406,52.38127517700195,41.61139678955078,475311,0.0,0.0
2020-11-20 00:00:00-05:00,52.97938537597656,53.689640045166016,52.8111686706543,53.11022186279297,42.190460205078125,1318395,0.0,0.0
2020-11-23 00:00:00-05:00,53.85786056518555,54.5026969909668,53.70833206176758,54.34382247924805,43.17043685913086,925905,0.0,0.0
2020-11-24 00:00:00-05:00,54.96062469482422,56.06338882446289,54.86716842651367,55.614803314208984,44.180091857910156,1203473,0.0,0.0
2020-11-25 00:00:00-05:00,55.418548583984375,56.259639739990234,54.82044219970703,56.05404281616211,44.529022216796875,725807,0.0,0.0
2020-11-27 00:00:00-05:00,56.58673095703125,57.268951416015625,56.427860260009766,56.867095947265625,45.17490768432617,529241,0.0,0.0
2020-11-30 00:00:00-05:00,56.661495208740234,57.18484115600586,55.46527862548828,55.48396682739258,44.07615280151367,1905525,0.0,0.0
2020-12-01 00:00:00-05:00,56.54000473022461,56.98858642578125,55.8764762878418,56.212913513183594,44.65522766113281,1106313,0.0,0.0
2020-12-02 00:00:00-05:00,56.259639739990234,56.76429748535156,55.736297607421875,56.259639739990234,44.69234085083008,1264037,0.0,0.0
2020-12-03 00:00:00-05:00,56.73625946044922,57.18484115600586,56.14749526977539,56.36244201660156,44.77400588989258,1135632,0.0,0.0
2020-12-04 00:00:00-05:00,56.74560546875,57.32502365112305,56.717567443847656,57.025970458984375,45.30111312866211,939066,0.0,0.0
2020-12-07 00:00:00-05:00,56.717567443847656,56.84840393066406,55.082115173339844,55.381168365478516,43.9944953918457,849504,0.0,0.0
2020-12-08 00:00:00-05:00,55.04473114013672,56.76429748535156,55.04473114013672,56.36244201660156,44.77400588989258,1106313,0.0,0.0
2020-12-09 00:00:00-05:00,56.58673095703125,56.8110237121582,54.82044219970703,55.586769104003906,44.157814025878906,1103210,0.0,0.0
2020-12-10 00:00:00-05:00,55.343788146972656,55.969932556152344,55.026039123535156,55.29705810546875,43.92766571044922,1123969,0.0,0.0
2020-12-11 00:00:00-05:00,54.895206451416016,55.95124053955078,54.86716842651367,55.84844207763672,44.365692138671875,574290,0.0,0.0
2020-12-14 00:00:00-05:00,56.212913513183594,56.32505798339844,54.85782241821289,55.35313034057617,43.97221374511719,716712,0.0,0.0
2020-12-15 00:00:00-05:00,56.52131271362305,56.614768981933594,56.072731018066406,56.56804275512695,44.93734359741211,570866,0.0,0.0
2020-12-16 00:00:00-05:00,57.016624450683594,58.76422119140625,56.72691345214844,57.72687911987305,45.857913970947266,1098074,0.0,0.0
2020-12-17 00:00:00-05:00,58.46516799926758,59.437095642089844,58.409095764160156,58.792259216308594,46.70423889160156,1158638,0.0,0.0
2020-12-18 00:00:00-05:00,58.848331451416016,59.2595329284668,58.194149017333984,58.642730712890625,46.58546447753906,1206362,0.0,0.0
2020-12-21 00:00:00-05:00,57.41847610473633,59.6613883972168,57.016624450683594,59.61465835571289,47.3575439453125,830136,0.0,0.0
2020-12-22 00:00:00-05:00,59.437095642089844,59.493167877197266,58.3717155456543,58.96982192993164,46.84529495239258,877753,0.0,0.0
2020-12-23 00:00:00-05:00,59.278221130371094,60.240806579589844,59.250186920166016,60.19407653808594,47.81784439086914,1156926,0.0,0.0
2020-12-24 00:00:00-05:00,60.502479553222656,60.726768493652344,59.82960510253906,59.90436935424805,47.58769989013672,390778,0.0,0.0
2020-12-28 00:00:00-05:00,60.745460510253906,60.91367721557617,59.10065841674805,59.37167739868164,47.1645393371582,441284,0.0,0.0
2020-12-29 00:00:00-05:00,59.51185989379883,60.2781867980957,59.06327819824219,60.0632438659668,47.71390151977539,552675,0.0,0.0
2020-12-30 00:00:00-05:00,60.0632438659668,61.5678596496582,60.0632438659668,61.51178741455078,48.8646125793457,790331,0.0,0.0
2020-12-31 00:00:00-05:00,61.586551666259766,61.586551666259766,60.52116775512695,60.85760498046875,48.344947814941406,525603,0.0,0.0
2021-01-04 00:00:00-05:00,62.96967697143555,64.01637268066406,62.474369049072266,62.866878509521484,49.941104888916016,1586012,0.0,0.0
2021-01-05 00:00:00-05:00,62.56782531738281,63.754695892333984,62.474369049072266,63.69862365722656,50.601829528808594,1123327,0.0,0.0
2021-01-06 00:00:00-05:00,64.081787109375,65.13782501220703,63.6612434387207,64.4369125366211,51.18832015991211,1149971,0.0,0.0
2021-01-07 00:00:00-05:00,65.4181900024414,66.67982482910156,65.19389343261719,66.52095031738281,52.84387969970703,1318930,0.0,0.0
2021-01-08 00:00:00-05:00,66.43684387207031,66.78262329101562,65.3714599609375,66.76393127441406,53.03689193725586,950515,0.0,0.0
2021-01-11 00:00:00-05:00,64.65186309814453,66.6611328125,64.09113311767578,66.03498840332031,52.457828521728516,967208,0.0,0.0
2021-01-12 00:00:00-05:00,66.35272979736328,67.26858520507812,65.46491241455078,67.1097183227539,53.31159210205078,978122,0.0,0.0
2021-01-13 00:00:00-05:00,67.09102630615234,67.09102630615234,65.49295043945312,65.6424789428711,52.146018981933594,579533,0.0,0.0
2021-01-14 00:00:00-05:00,65.6424789428711,66.99756622314453,64.2967300415039,66.35272979736328,52.71023178100586,811303,0.0,0.0
2021-01-15 00:00:00-05:00,65.1004409790039,65.95087432861328,64.27804565429688,64.58644104003906,51.30710220336914,688035,0.0,0.0
2021-01-19 00:00:00-05:00,65.6424789428711,66.95084381103516,65.45556640625,66.25927734375,52.635990142822266,1105778,0.0,0.0
2021-01-20 00:00:00-05:00,67.28727722167969,67.28727722167969,65.48360443115234,65.67051696777344,52.16829299926758,795788,0.0,0.0
2021-01-21 00:00:00-05:00,65.60509490966797,66.14713287353516,65.09109497070312,65.80135345458984,52.27223205566406,525389,0.0,0.0
2021-01-22 00:00:00-05:00,64.59578704833984,66.62374877929688,63.950950622558594,66.37142181396484,52.72507858276367,706226,0.0,0.0
2021-01-25 00:00:00-05:00,66.86672973632812,67.04429626464844,64.39019012451172,65.22193145751953,51.811946868896484,964747,0.0,0.0
2021-01-26 00:00:00-05:00,66.05368041992188,66.56768035888672,64.85746002197266,65.1845474243164,51.78224563598633,968171,0.0,0.0
2021-01-27 00:00:00-05:00,63.567787170410156,63.922916412353516,61.979061126708984,62.98836898803711,50.03760528564453,1135418,0.0,0.0
2021-01-28 00:00:00-05:00,63.922916412353516,65.24996948242188,63.40891647338867,64.62382507324219,51.336795806884766,1134883,0.0,0.0
2021-01-29 00:00:00-05:00,65.22193145751953,65.27800750732422,61.979061126708984,62.063167572021484,49.30262756347656,1286080,0.0,0.0
2021-02-01 00:00:00-05:00,63.315460205078125,64.4369125366211,62.48371505737305,64.36215209960938,51.12894058227539,966994,0.0,0.0
2021-02-02 00:00:00-05:00,64.36215209960938,64.47429656982422,62.7266960144043,63.67058563232422,50.57955551147461,1050992,0.0,0.0
2021-02-03 00:00:00-05:00,64.30607604980469,64.39019012451172,63.39957046508789,63.44629669189453,50.40137481689453,1222305,0.0,0.0
2021-02-04 00:00:00-05:00,63.49302291870117,65.04437255859375,63.14724349975586,64.9696044921875,51.611488342285156,709543,0.0,0.0
2021-02-05 00:00:00-05:00,65.3714599609375,67.53960418701172,65.12847900390625,66.78262329101562,53.0517463684082,1476226,0.0,0.0
2021-02-08 00:00:00-05:00,67.52091217041016,68.3993911743164,66.38076782226562,66.56768035888672,52.88100051879883,1062121,0.0,0.0
2021-02-09 00:00:00-05:00,65.79200744628906,66.5302963256836,64.8387680053711,66.40880584716797,53.20293426513672,728803,0.560727,0.0
2021-02-10 00:00:00-05:00,67.72651672363281,68.14705657958984,66.03498840332031,66.82000732421875,53.5323600769043,848006,0.0,0.0
2021-02-11 00:00:00-05:00,66.5302963256836,67.42745971679688,65.20323944091797,66.02564239501953,52.89596939086914,591410,0.0,0.0
2021-02-12 00:00:00-05:00,65.81069946289062,67.75455474853516,65.71723937988281,67.71717071533203,54.25111389160156,737792,0.0,0.0
2021-02-16 00:00:00-05:00,70.09091186523438,70.15633392333984,67.88539123535156,68.24051666259766,54.67040252685547,1113696,0.0,0.0
2021-02-17 00:00:00-05:00,68.52088165283203,69.84793090820312,68.1377182006836,69.46476745605469,55.65119171142578,1275058,0.0,0.0
2021-02-18 00:00:00-05:00,70.29651641845703,71.15629577636719,68.98815155029297,69.63298797607422,55.78596878051758,1287150,0.0,0.0
2021-02-19 00:00:00-05:00,71.07218933105469,74.28702545166016,70.76378631591797,74.22160339355469,59.46210861206055,2060253,0.0,0.0
2021-02-22 00:00:00-05:00,76.6233901977539,77.70745849609375,75.4738998413086,76.19349670410156,61.0418815612793,2134085,0.0,0.0
2021-02-23 00:00:00-05:00,74.23094940185547,74.70757293701172,71.0628433227539,74.08142852783203,59.34978103637695,1845496,0.0,0.0
2021-02-24 00:00:00-05:00,73.97862243652344,74.01600646972656,72.5768051147461,73.34313201904297,58.758323669433594,1506936,0.0,0.0
2021-02-25 00:00:00-05:00,72.77306365966797,73.26837158203125,70.11894989013672,70.16567993164062,56.21272277832031,1369008,0.0,0.0
2021-02-26 00:00:00-05:00,69.53953552246094,69.8572769165039,66.33404541015625,66.6611328125,53.40507507324219,2752568,0.0,0.0
2021-03-01 00:00:00-05:00,68.05360412597656,70.3432388305664,67.84800720214844,69.98811340332031,56.07046127319336,1426683,0.0,0.0
2021-03-02 00:00:00-05:00,70.58622741699219,71.82917022705078,69.70774841308594,71.15629577636719,57.00633239746094,1546527,0.0,0.0
2021-03-03 00:00:00-05:00,70.81986236572266,73.01604461669922,70.54884338378906,71.9506607055664,57.64274215698242,1360982,0.0,0.0
2021-03-04 00:00:00-05:00,70.6142578125,70.75444030761719,65.49295043945312,66.72654724121094,53.457481384277344,2033074,0.0,0.0
2021-03-05 00:00:00-05:00,68.20313262939453,69.22178649902344,65.53033447265625,68.91339111328125,55.20947265625,1124504,0.0,0.0
2021-03-08 00:00:00-05:00,68.74517059326172,69.47411346435547,67.75455474853516,67.78258514404297,54.30351257324219,824679,0.0,0.0
2021-03-09 00:00:00-05:00,67.23120880126953,68.68909454345703,66.0443344116211,68.19378662109375,54.632938385009766,1452471,0.0,0.0
2021-03-10 00:00:00-05:00,68.3059310913086,71.03480529785156,67.98818969726562,70.22174835205078,56.25764846801758,1368045,0.0,0.0
2021-03-11 00:00:00-05:00,72.0908432006836,74.40851593017578,71.42731475830078,73.09080505371094,58.556175231933594,1811897,0.0,0.0
2021-03-12 00:00:00-05:00,71.96935272216797,73.23098754882812,71.62357330322266,72.88520812988281,58.3914680480957,621800,0.0,0.0
2021-03-15 00:00:00-04:00,72.67960357666016,73.08145904541016,70.01615142822266,70.81051635742188,56.72933578491211,1256119,0.0,0.0
2021-03-16 00:00:00-04:00,71.00676727294922,71.00676727294922,68.80123901367188,68.9694595336914,55.25437545776367,1188171,0.0,0.0
2021-03-17 00:00:00-04:00,68.32462310791016,69.9133529663086,67.81062316894531,69.41804504394531,55.613765716552734,811945,0.0,0.0
2021-03-18 00:00:00-04:00,69.34327697753906,70.16567993164062,68.10033416748047,68.1657485961914,54.61050033569336,944630,0.0,0.0
2021-03-19 00:00:00-04:00,67.98818969726562,68.32462310791016,66.4461898803711,67.4181137084961,54.011531829833984,1615010,0.0,0.0
2021-03-22 00:00:00-04:00,67.71717071533203,67.93211364746094,66.54898834228516,67.36204528808594,53.966609954833984,1057198,0.0,0.0
2021-03-23 00:00:00-04:00,66.32469940185547,67.00691223144531,63.44629669189453,63.707969665527344,51.03916549682617,1973580,0.0,0.0
2021-03-24 00:00:00-04:00,64.58644104003906,65.34342193603516,62.679969787597656,63.063133239746094,50.5225715637207,1774338,0.0,0.0
2021-03-25 00:00:00-04:00,60.96040344238281,61.9697151184082,59.76418685913086,61.51178741455078,49.27971649169922,2479815,0.0,0.0
2021-03-26 00:00:00-04:00,63.21266174316406,65.05371856689453,62.56782531738281,64.87615203857422,51.97505569458008,1571887,0.0,0.0
2021-03-29 00:00:00-04:00,64.47429656982422,64.55840301513672,63.05378723144531,63.62385940551758,50.971797943115234,1319786,0.0,0.0
2021-03-30 00:00:00-04:00,63.38087844848633,64.17523956298828,63.00706100463867,63.63320541381836,50.97927474975586,1179825,0.0,0.0
2021-03-31 00:00:00-04:00,64.5303726196289,64.64251708984375,63.38087844848633,63.42760467529297,50.8145637512207,994387,0.0,0.0
2021-04-01 00:00:00-04:00,64.01637268066406,64.99764251708984,63.64255142211914,64.86680603027344,51.96756362915039,1200049,0.0,0.0
2021-04-05 00:00:00-04:00,66.16582489013672,68.0816421508789,65.97891235351562,67.00691223144531,53.682098388671875,1439630,0.0,0.0
2021-04-06 00:00:00-04:00,67.21251678466797,68.49284362792969,66.4461898803711,66.72654724121094,53.457481384277344,1394475,0.0,0.0
2021-04-07 00:00:00-04:00,66.5302963256836,66.83869934082031,65.78266143798828,66.20320892333984,53.0382194519043,963784,0.0,0.0
2021-04-08 00:00:00-04:00,66.54898834228516,68.2218246459961,65.78266143798828,67.72651672363281,54.25859832763672,1002412,0.0,0.0
2021-04-09 00:00:00-04:00,67.1097183227539,67.12840270996094,65.5583724975586,66.33404541015625,53.143035888671875,910068,0.0,0.0
2021-04-12 00:00:00-04:00,65.93218994140625,66.09105682373047,65.31538391113281,65.78266143798828,52.7013053894043,1014076,0.0,0.0
2021-04-13 00:00:00-04:00,65.79200744628906,66.83869934082031,65.39015197753906,66.27796936035156,53.09811019897461,726342,0.0,0.0
2021-04-14 00:00:00-04:00,67.31531524658203,69.5582275390625,67.09102630615234,68.6236801147461,54.97736358642578,971167,0.0,0.0
2021-04-15 00:00:00-04:00,69.60494995117188,70.05353546142578,68.37135314941406,69.96942138671875,56.055503845214844,1579591,0.0,0.0
2021-04-16 00:00:00-04:00,70.23109436035156,71.70767974853516,70.23109436035156,71.21237182617188,57.05127716064453,1007442,0.0,0.0
2021-04-19 00:00:00-04:00,71.67029571533203,72.62353515625,68.93207550048828,69.63298797607422,55.78596878051758,1424971,0.0,0.0
2021-04-20 00:00:00-04:00,69.17506408691406,69.4273910522461,66.23123931884766,66.71720886230469,53.45000076293945,1425720,0.0,0.0
2021-04-21 00:00:00-04:00,64.7546615600586,67.53960418701172,64.37149810791016,67.35269927978516,53.959129333496094,1640048,0.0,0.0
2021-04-22 00:00:00-04:00,66.90411376953125,66.90411376953125,64.42756652832031,64.59578704833984,51.75044631958008,1555301,0.0,0.0
2021-04-23 00:00:00-04:00,65.73593139648438,67.12840270996094,65.44622039794922,66.95084381103516,53.63717269897461,1148045,0.0,0.0
2021-04-26 00:00:00-04:00,67.6797866821289,68.65171813964844,67.1097183227539,68.11902618408203,54.573062896728516,1326634,0.0,0.0
2021-04-27 00:00:00-04:00,68.00688171386719,68.57695007324219,67.44615173339844,68.20313262939453,54.640445709228516,1211926,0.0,0.0
2021-04-28 00:00:00-04:00,68.07229614257812,68.41807556152344,66.54898834228516,68.24051666259766,54.67040252685547,744854,0.0,0.0
2021-04-29 00:00:00-04:00,68.9694595336914,69.06291198730469,66.48356628417969,67.29662322998047,53.91420364379883,777062,0.0,0.0
2021-04-30 00:00:00-04:00,66.43684387207031,67.52091217041016,64.64251708984375,64.86680603027344,51.96756362915039,1775836,0.0,0.0
2021-05-03 00:00:00-04:00,65.66117095947266,66.1284408569336,64.95091247558594,65.02568054199219,52.094852447509766,1152646,0.0,0.0
2021-05-04 00:00:00-04:00,65.05371856689453,65.4181900024414,63.90422439575195,65.08174896240234,52.139774322509766,912315,0.0,0.0
2021-05-05 00:00:00-04:00,65.96022033691406,68.12837219238281,65.43687438964844,67.79193115234375,54.311012268066406,1412558,0.0,0.0
2021-05-06 00:00:00-04:00,68.33396911621094,68.38069915771484,66.90411376953125,68.05360412597656,54.52065658569336,1319465,0.0,0.0
2021-05-07 00:00:00-04:00,69.12833404541016,71.96000671386719,68.54891204833984,71.83851623535156,57.552913665771484,1947471,0.0,0.0
2021-05-10 00:00:00-04:00,73.94124603271484,77.83829498291016,73.82909393310547,75.18418884277344,60.78680419921875,5016021,0.654182,0.0
2021-05-11 00:00:00-04:00,73.20294952392578,76.39910125732422,71.81982421875,76.08135223388672,61.512168884277344,2307539,0.0,0.0
2021-05-12 00:00:00-04:00,75.59539031982422,76.67011260986328,73.2403335571289,73.54873657226562,59.46452713012695,1652996,0.0,0.0
2021-05-13 00:00:00-04:00,72.8945541381836,75.14680480957031,70.72640228271484,72.10018920898438,58.29338073730469,1371362,0.0,0.0
2021-05-14 00:00:00-04:00,71.81982421875,72.5768051147461,69.90400695800781,71.30582427978516,57.651126861572266,1405282,0.0,0.0
2021-05-17 00:00:00-04:00,71.49272918701172,73.37117004394531,70.6142578125,73.22164154052734,59.2000732421875,1462101,0.0,0.0
2021-05-18 00:00:00-04:00,74.5860824584961,74.82906341552734,71.51142120361328,71.5488052368164,57.84758758544922,1325992,0.0,0.0
2021-05-19 00:00:00-04:00,68.68909454345703,69.44607543945312,65.857421875,66.35272979736328,53.646522521972656,2495759,0.0,0.0
2021-05-20 00:00:00-04:00,67.1097183227539,67.55829620361328,65.74527740478516,66.27796936035156,53.58607864379883,1120117,0.0,0.0
2021-05-21 00:00:00-04:00,66.64244079589844,66.98822021484375,64.06309509277344,64.89484405517578,52.46782302856445,2021089,0.0,0.0
2021-05-24 00:00:00-04:00,64.62382507324219,64.76400756835938,63.362186431884766,63.5958251953125,51.41755676269531,1350496,0.0,0.0
2021-05-25 00:00:00-04:00,63.40891647338867,63.94160461425781,62.4556770324707,62.60520553588867,50.616634368896484,1258580,0.0,0.0
2021-05-26 00:00:00-04:00,62.95098876953125,63.6145133972168,62.4556770324707,62.84818649291992,50.813087463378906,1730253,0.0,0.0
2021-05-27 00:00:00-04:00,64.25935363769531,65.57705688476562,64.06309509277344,64.66120910644531,52.27892303466797,2024299,0.0,0.0
2021-05-28 00:00:00-04:00,64.50233459472656,65.44622039794922,63.67058563232422,65.17520904541016,52.694496154785156,1856624,0.0,0.0
2021-06-01 00:00:00-04:00,67.09102630615234,67.67044067382812,66.11909484863281,66.9788818359375,54.152774810791016,1814358,0.0,0.0
2021-06-02 00:00:00-04:00,66.71720886230469,67.55829620361328,65.84807586669922,67.15644073486328,54.29633712768555,1696440,0.0,0.0
2021-06-03 00:00:00-04:00,65.94153594970703,66.26862335205078,64.19393157958984,64.85746002197266,52.43759536743164,1655457,0.0,0.0
2021-06-04 00:00:00-04:00,65.44622039794922,66.76393127441406,64.52102661132812,66.49291229248047,53.759864807128906,1669368,0.0,0.0
2021-06-07 00:00:00-04:00,65.83872985839844,66.26862335205078,62.876224517822266,63.77338790893555,51.561119079589844,2261206,0.0,0.0
2021-06-08 00:00:00-04:00,64.0350570678711,65.25931549072266,63.53974914550781,64.3528060913086,52.029579162597656,1711955,0.0,0.0
2021-06-09 00:00:00-04:00,64.30607604980469,64.30607604980469,62.16596984863281,62.231388092041016,50.31440353393555,1964056,0.0,0.0
2021-06-10 00:00:00-04:00,62.61455154418945,63.474334716796875,62.15662384033203,62.59585952758789,50.60908126831055,1615652,0.0,0.0
2021-06-11 00:00:00-04:00,63.82946014404297,64.57709503173828,62.39960479736328,62.56782531738281,50.58641052246094,1598638,0.0,0.0
2021-06-14 00:00:00-04:00,62.25007629394531,62.278114318847656,61.025821685791016,61.49309539794922,49.71748733520508,1398862,0.0,0.0
2021-06-15 00:00:00-04:00,60.39033126831055,60.39033126831055,58.12873077392578,59.007205963134766,47.707637786865234,3966206,0.0,0.0
2021-06-16 00:00:00-04:00,58.399749755859375,58.848331451416016,57.85771560668945,58.57731246948242,47.36006164550781,2374416,0.0,0.0
2021-06-17 00:00:00-04:00,57.997894287109375,58.22218704223633,54.62418746948242,55.5213508605957,44.88930892944336,3173200,0.0,0.0
2021-06-18 00:00:00-04:00,55.47462463378906,56.11011505126953,55.14753341674805,55.586769104003906,44.94218826293945,2573443,0.0,0.0
2021-06-21 00:00:00-04:00,56.2783317565918,57.73622131347656,56.11945724487305,57.62407684326172,46.58937454223633,1872568,0.0,0.0
2021-06-22 00:00:00-04:00,57.988548278808594,58.49320602416992,57.110076904296875,58.22218704223633,47.072940826416016,1711634,0.0,0.0
2021-06-23 00:00:00-04:00,59.33429718017578,60.25949478149414,58.61469650268555,58.88571548461914,47.60941696166992,1966731,0.0,0.0
2021-06-24 00:00:00-04:00,59.278221130371094,60.15669631958008,58.82963943481445,59.493167877197266,48.10053634643555,1086945,0.0,0.0
2021-06-25 00:00:00-04:00,60.41836929321289,61.30618667602539,60.01651382446289,60.20342254638672,48.67477798461914,2469222,0.0,0.0
2021-06-28 00:00:00-04:00,60.46509552001953,60.60527801513672,59.595970153808594,60.23146057128906,48.697452545166016,1249591,0.0,0.0
2021-06-29 00:00:00-04:00,60.324913024902344,60.782840728759766,59.75484085083008,60.76415252685547,49.12812805175781,1280729,0.0,0.0
2021-06-30 00:00:00-04:00,60.56789779663086,60.773494720458984,59.96978759765625,60.10997009277344,48.59922409057617,1135525,0.0,0.0
2021-07-01 00:00:00-04:00,60.82022476196289,61.04451370239258,58.77356719970703,59.044586181640625,47.73785400390625,1302665,0.0,0.0
2021-07-02 00:00:00-04:00,59.250186920166016,60.17538833618164,58.97916793823242,59.98847961425781,48.50100326538086,730408,0.0,0.0
2021-07-06 00:00:00-04:00,60.16604232788086,60.16604232788086,57.82967758178711,58.353023529052734,47.1787223815918,1434708,0.0,0.0
2021-07-07 00:00:00-04:00,59.07262420654297,59.848297119140625,58.250221252441406,59.801570892333984,48.34988021850586,1395652,0.0,0.0
2021-07-08 00:00:00-04:00,58.23153305053711,59.30625915527344,57.34371566772461,58.77356719970703,47.518733978271484,1102247,0.0,0.0
2021-07-09 00:00:00-04:00,60.100624084472656,61.24076843261719,59.54924011230469,60.91367721557617,49.249019622802734,1146547,0.0,0.0
2021-07-12 00:00:00-04:00,59.98847961425781,61.231422424316406,59.57727813720703,60.81087875366211,49.165916442871094,1332840,0.0,0.0
2021-07-13 00:00:00-04:00,60.46509552001953,61.0164794921875,59.77353286743164,60.17538833618164,48.65211868286133,962179,0.0,0.0
2021-07-14 00:00:00-04:00,60.82957077026367,61.25946044921875,59.07262420654297,59.62400436401367,48.20631790161133,946449,0.0,0.0
2021-07-15 00:00:00-04:00,60.41836929321289,61.25946044921875,59.11000442504883,59.77353286743164,48.32720947265625,1006479,0.0,0.0
2021-07-16 00:00:00-04:00,58.87636947631836,59.324951171875,57.48389434814453,57.89509582519531,46.80849075317383,1624319,0.0,0.0
2021-07-19 00:00:00-04:00,56.072731018066406,56.99793243408203,55.50265884399414,56.88578796386719,45.992462158203125,1469270,0.0,0.0
2021-07-20 00:00:00-04:00,56.867095947265625,58.07265853881836,56.212913513183594,57.97920608520508,46.876495361328125,1020175,0.0,0.0
2021-07-21 00:00:00-04:00,58.17546081542969,59.8109130859375,58.17546081542969,59.3903694152832,48.01742172241211,1210642,0.0,0.0
2021-07-22 00:00:00-04:00,59.7922248840332,59.7922248840332,58.57731246948242,58.94178771972656,47.654747009277344,1012685,0.0,0.0
2021-07-23 00:00:00-04:00,59.12869644165039,59.250186920166016,57.951168060302734,58.951133728027344,47.66230392456055,1070681,0.0,0.0
2021-07-26 00:00:00-04:00,59.67073059082031,61.35291290283203,59.42774963378906,60.46509552001953,48.88634490966797,1518920,0.0,0.0
2021-07-27 00:00:00-04:00,60.01651382446289,60.988441467285156,59.203460693359375,60.736114501953125,49.10547637939453,991391,0.0,0.0
2021-07-28 00:00:00-04:00,61.137969970703125,61.65196990966797,60.5492057800293,60.91367721557617,49.249019622802734,1389766,0.0,0.0
2021-07-29 00:00:00-04:00,62.13793182373047,63.315460205078125,61.979061126708984,63.278076171875,51.16065979003906,1323424,0.0,0.0
2021-07-30 00:00:00-04:00,62.670623779296875,63.156585693359375,60.89498519897461,61.343570709228516,49.596595764160156,1831906,0.0,0.0
2021-08-02 00:00:00-04:00,62.521095275878906,63.14724349975586,60.30622482299805,60.39033126831055,48.82589340209961,1599922,0.0,0.0
2021-08-03 00:00:00-04:00,60.736114501953125,61.586551666259766,60.22211456298828,61.1660041809082,49.45303726196289,996420,0.0,0.0
2021-08-04 00:00:00-04:00,60.745460510253906,61.10993194580078,60.380985260009766,60.42771530151367,48.85612106323242,810447,0.0,0.0
2021-08-05 00:00:00-04:00,59.8109130859375,60.969749450683594,59.60531234741211,60.782840728759766,49.14323425292969,848434,0.0,0.0
2021-08-06 00:00:00-04:00,61.0818977355957,62.016441345214844,60.726768493652344,61.128623962402344,49.42281723022461,811196,0.0,0.0
2021-08-09 00:00:00-04:00,60.56789779663086,61.0351676940918,59.82960510253906,60.96040344238281,49.28680419921875,715000,0.0,0.0
2021-08-10 00:00:00-04:00,60.92302322387695,62.427642822265625,60.80153274536133,62.175315856933594,50.269065856933594,1063940,0.0,0.0
2021-08-11 00:00:00-04:00,61.72673416137695,62.89491653442383,61.46506118774414,62.184661865234375,50.96608352661133,1142159,0.841091,0.0
2021-08-12 00:00:00-04:00,61.94167709350586,61.94167709350586,61.15665817260742,61.68935012817383,50.56012725830078,908891,0.0,0.0
2021-08-13 00:00:00-04:00,61.866912841796875,62.84818649291992,61.773460388183594,62.81080627441406,51.4792594909668,971060,0.0,0.0
2021-08-16 00:00:00-04:00,61.50244140625,61.633277893066406,59.838951110839844,60.59593200683594,49.66396713256836,740146,0.0,0.0
2021-08-17 00:00:00-04:00,59.8109130859375,59.96044158935547,58.05397033691406,58.997859954833984,48.35419464111328,997169,0.0,0.0
2021-08-18 00:00:00-04:00,58.1006965637207,59.57727813720703,57.754913330078125,58.42778778076172,47.8869743347168,1029163,0.0,0.0
2021-08-19 00:00:00-04:00,56.857749938964844,57.34371566772461,56.38113021850586,56.88578796386719,46.623165130615234,1054309,0.0,0.0
2021-08-20 00:00:00-04:00,56.77363967895508,57.39978790283203,56.455894470214844,56.8110237121582,46.561885833740234,966780,0.0,0.0
2021-08-23 00:00:00-04:00,57.754913330078125,58.86702346801758,57.156803131103516,58.596004486083984,48.02482986450195,1027344,0.0,0.0
2021-08-24 00:00:00-04:00,59.595970153808594,59.97913360595703,58.652076721191406,58.93244171142578,48.30058670043945,1286401,0.0,0.0
2021-08-25 00:00:00-04:00,58.642730712890625,59.12869644165039,58.29695129394531,58.34367752075195,47.81803894042969,582208,0.0,0.0
2021-08-26 00:00:00-04:00,57.82967758178711,57.94182205200195,56.88578796386719,57.19418716430664,46.87592697143555,892198,0.0,0.0
2021-08-27 00:00:00-04:00,57.670806884765625,59.10065841674805,57.60538864135742,58.87636947631836,48.25462341308594,967101,0.0,0.0
2021-08-30 00:00:00-04:00,59.17542266845703,59.50251388549805,58.46516799926758,58.91374969482422,48.2852668762207,828959,0.0,0.0
2021-08-31 00:00:00-04:00,59.08197021484375,59.240840911865234,57.82033157348633,58.49320602416992,47.940582275390625,879893,0.0,0.0
2021-09-01 00:00:00-04:00,57.82033157348633,58.17546081542969,56.75495147705078,57.68949508666992,47.28187561035156,863735,0.0,0.0
2021-09-02 00:00:00-04:00,58.09135055541992,58.82029724121094,57.960514068603516,58.31563949584961,47.795047760009766,822325,0.0,0.0
2021-09-03 00:00:00-04:00,58.652076721191406,58.997859954833984,58.21284103393555,58.53993225097656,47.978885650634766,550535,0.0,0.0
2021-09-07 00:00:00-04:00,58.28760528564453,59.13804244995117,58.05397033691406,58.28760528564453,47.77207565307617,694027,0.0,0.0
2021-09-08 00:00:00-04:00,57.951168060302734,58.23153305053711,56.072731018066406,56.08207702636719,45.964447021484375,945914,0.0,0.0
2021-09-09 00:00:00-04:00,56.11945724487305,56.8951301574707,55.64284133911133,56.25029754638672,46.10232925415039,732442,0.0,0.0
2021-09-10 00:00:00-04:00,57.25025939941406,59.18476867675781,57.25025939941406,57.82033157348633,47.38911056518555,891128,0.0,0.0
2021-09-13 00:00:00-04:00,58.5025520324707,58.5025520324707,57.0820426940918,57.45586013793945,47.090389251708984,638385,0.0,0.0
2021-09-14 00:00:00-04:00,57.278297424316406,57.502586364746094,56.34375,56.79233169555664,46.546566009521484,599436,0.0,0.0
2021-09-15 00:00:00-04:00,57.465206146240234,58.32498550415039,57.25025939941406,58.25956726074219,47.74909973144531,572578,0.0,0.0
2021-09-16 00:00:00-04:00,56.867095947265625,56.94186019897461,54.979312896728516,55.26902389526367,45.29806900024414,1145691,0.0,0.0
2021-09-17 00:00:00-04:00,55.19425964355469,55.35313034057617,54.128875732421875,54.680259704589844,44.81553268432617,1632237,0.0,0.0
2021-09-20 00:00:00-04:00,52.33454895019531,53.241058349609375,51.32524108886719,53.156951904296875,43.56703186035156,1564611,0.0,0.0
2021-09-21 00:00:00-04:00,53.57749557495117,53.642913818359375,51.914005279541016,52.755096435546875,43.23767852783203,1354883,0.0,0.0
2021-09-22 00:00:00-04:00,53.75505828857422,54.287750244140625,52.960693359375,53.035457611083984,43.46746063232422,856459,0.0,0.0
2021-09-23 00:00:00-04:00,53.035457611083984,54.138221740722656,53.035457611083984,53.399932861328125,43.766178131103516,1111235,0.0,0.0
2021-09-24 00:00:00-04:00,52.998077392578125,54.40924072265625,52.998077392578125,54.15691375732422,44.38660430908203,702266,0.0,0.0
2021-09-27 00:00:00-04:00,54.20363998413086,55.48396682739258,54.07280349731445,55.371822357177734,45.38232421875,1047033,0.0,0.0
2021-09-28 00:00:00-04:00,54.885860443115234,54.885860443115234,53.25975036621094,54.39054870605469,44.57807922363281,837091,0.0,0.0
2021-09-29 00:00:00-04:00,54.96062469482422,55.00735092163086,53.31582260131836,53.4279670715332,43.78915786743164,962714,0.0,0.0
2021-09-30 00:00:00-04:00,52.83920669555664,53.147605895996094,51.914005279541016,52.46538543701172,43.00023651123047,1814786,0.0,0.0
2021-10-01 00:00:00-04:00,53.07284164428711,53.484039306640625,51.89531326293945,53.07284164428711,43.49810028076172,874115,0.0,0.0
2021-10-04 00:00:00-04:00,53.97000503540039,54.082149505615234,52.66164016723633,52.82051467895508,43.29130172729492,802315,0.0,0.0
2021-10-05 00:00:00-04:00,52.70836639404297,52.951351165771484,51.960731506347656,52.558841705322266,43.07683563232422,1001984,0.0,0.0
2021-10-06 00:00:00-04:00,51.904659271240234,52.93265914916992,51.68036651611328,52.52145767211914,43.04618835449219,1372111,0.0,0.0
2021-10-07 00:00:00-04:00,53.596187591552734,55.10080337524414,53.596187591552734,54.493350982666016,44.662349700927734,1131352,0.0,0.0
2021-10-08 00:00:00-04:00,55.082115173339844,55.128841400146484,54.06345748901367,54.764366149902344,44.88446044921875,1059445,0.0,0.0
2021-10-11 00:00:00-04:00,56.268985748291016,56.8110237121582,55.082115173339844,55.1194953918457,45.17552947998047,1342578,0.0,0.0
2021-10-12 00:00:00-04:00,55.01669692993164,55.27836990356445,54.51203918457031,55.03538513183594,45.106590270996094,932325,0.0,0.0
2021-10-13 00:00:00-04:00,55.334442138671875,56.222259521484375,55.09145736694336,55.6054573059082,45.57380676269531,1466060,0.0,0.0
2021-10-14 00:00:00-04:00,56.960548400878906,59.26887893676758,56.577388763427734,58.86702346801758,48.24696350097656,2125418,0.0,0.0
2021-10-15 00:00:00-04:00,59.61465835571289,62.521095275878906,58.923095703125,61.876258850097656,50.713314056396484,2571731,0.0,0.0
2021-10-18 00:00:00-04:00,60.31557083129883,61.474403381347656,59.92306137084961,60.85760498046875,49.87842559814453,1164416,0.0,0.0
2021-10-19 00:00:00-04:00,61.25011444091797,62.072513580322266,60.71742248535156,61.782806396484375,50.63672637939453,1207432,0.0,0.0
2021-10-20 00:00:00-04:00,61.35291290283203,61.80149459838867,61.0818977355957,61.39964294433594,50.32268524169922,1160243,0.0,0.0
2021-10-21 00:00:00-04:00,60.2781867980957,60.539859771728516,58.88571548461914,60.138004302978516,49.288658142089844,1029591,0.0,0.0
2021-10-22 00:00:00-04:00,61.577205657958984,61.65196990966797,59.689422607421875,59.941749572753906,49.12781524658203,1074105,0.0,0.0
2021-10-25 00:00:00-04:00,60.19407653808594,61.59589767456055,59.6613883972168,61.29684066772461,50.23843002319336,887276,0.0,0.0
2021-10-26 00:00:00-04:00,61.21273422241211,61.32487869262695,59.92306137084961,60.16604232788086,49.3116340637207,843619,0.0,0.0
2021-10-27 00:00:00-04:00,58.87636947631836,59.455787658691406,57.05400466918945,57.2969856262207,46.960182189941406,1216848,0.0,0.0
2021-10-28 00:00:00-04:00,57.87640380859375,58.353023529052734,57.32502365112305,57.745567321777344,47.32783126831055,1075603,0.0,0.0
2021-10-29 00:00:00-04:00,56.95120620727539,57.33436965942383,55.99796676635742,56.06338882446289,45.94913101196289,1165593,0.0,0.0
2021-11-01 00:00:00-04:00,56.184879302978516,56.93251419067383,55.99796676635742,56.54935073852539,46.34741973876953,684718,0.0,0.0
2021-11-02 00:00:00-04:00,56.20356750488281,56.577388763427734,55.530696868896484,56.24095153808594,46.09465789794922,839873,0.0,0.0
2021-11-03 00:00:00-04:00,56.16618728637695,56.24095153808594,54.67091369628906,55.24098587036133,45.27509307861328,1107918,0.0,0.0
2021-11-04 00:00:00-04:00,55.4559326171875,55.70825958251953,54.36251449584961,55.07276916503906,45.13722229003906,994387,0.0,0.0
2021-11-05 00:00:00-04:00,55.138187408447266,55.65218734741211,54.60549545288086,55.51200485229492,45.497215270996094,890700,0.0,0.0
2021-11-08 00:00:00-05:00,56.55869674682617,58.399749755859375,56.53065872192383,57.754913330078125,47.33549880981445,1700078,0.0,0.0
2021-11-09 00:00:00-05:00,56.29702377319336,57.19418716430664,55.184913635253906,55.90451431274414,46.5725212097168,1315613,0.934546,0.0
2021-11-10 00:00:00-05:00,55.624149322509766,56.09142303466797,54.25971221923828,54.39989471435547,45.319061279296875,846722,0.0,0.0
2021-11-11 00:00:00-05:00,55.7923698425293,58.3717155456543,55.74563980102539,57.68949508666992,48.05954360961914,2100165,0.0,0.0
2021-11-12 00:00:00-05:00,57.34371566772461,58.708152770996094,56.876441955566406,58.3717155456543,48.62786865234375,1044786,0.0,0.0
2021-11-15 00:00:00-05:00,57.951168060302734,58.09135055541992,56.75495147705078,56.8110237121582,47.32770919799805,871868,0.0,0.0
2021-11-16 00:00:00-05:00,56.80167770385742,56.99793243408203,55.96058654785156,56.60542297363281,47.15643310546875,823609,0.0,0.0
2021-11-17 00:00:00-05:00,56.231605529785156,56.92316818237305,55.1194953918457,55.540042877197266,46.268882751464844,971809,0.0,0.0
2021-11-18 00:00:00-05:00,55.15687561035156,56.20356750488281,55.15687561035156,56.09142303466797,46.72822952270508,955224,0.0,0.0
2021-11-19 00:00:00-05:00,55.8577880859375,56.614768981933594,55.74563980102539,55.773677825927734,46.46352005004883,690282,0.0,0.0
2021-11-22 00:00:00-05:00,54.64287567138672,54.67091369628906,52.86724090576172,54.194297790527344,45.14778137207031,1635233,0.0,0.0
2021-11-23 00:00:00-05:00,54.81109619140625,55.988624572753906,54.75502395629883,55.35313034057617,46.11317443847656,862023,0.0,0.0
2021-11-24 00:00:00-05:00,55.530696868896484,56.11945724487305,55.1194953918457,55.418548583984375,46.16767501831055,703979,0.0,0.0
2021-11-26 00:00:00-05:00,53.493385314941406,54.20363998413086,52.586875915527344,53.93262481689453,44.92978286743164,753414,0.0,0.0
2021-11-29 00:00:00-05:00,54.67091369628906,55.783023834228516,53.97935104370117,55.66153335571289,46.37010192871094,1009689,0.0,0.0
2021-11-30 00:00:00-05:00,55.40920639038086,55.69891357421875,53.633567810058594,54.67091369628906,45.54484939575195,1596284,0.0,0.0
2021-12-01 00:00:00-05:00,55.371822357177734,56.474586486816406,53.52142333984375,53.642913818359375,44.688438415527344,1461138,0.0,0.0
2021-12-02 00:00:00-05:00,53.736366271972656,54.86716842651367,53.642913818359375,54.84847640991211,45.6927490234375,1194270,0.0,0.0
2021-12-03 00:00:00-05:00,55.138187408447266,55.371822357177734,53.642913818359375,54.37186050415039,45.295711517333984,861809,0.0,0.0
2021-12-06 00:00:00-05:00,55.24098587036133,55.47462463378906,53.8298225402832,54.923240661621094,45.75504684448242,678084,0.0,0.0
2021-12-07 00:00:00-05:00,56.16618728637695,56.94186019897461,55.726951599121094,55.90451431274414,46.5725212097168,943560,0.0,0.0
2021-12-08 00:00:00-05:00,55.84844207763672,56.88578796386719,55.69891357421875,56.36244201660156,46.954002380371094,570973,0.0,0.0
2021-12-09 00:00:00-05:00,56.55869674682617,57.147457122802734,55.55873107910156,57.119422912597656,47.58462905883789,831313,0.0,0.0
2021-12-10 00:00:00-05:00,57.147457122802734,57.47454833984375,56.33440399169922,56.50262451171875,47.07079315185547,774815,0.0,0.0
2021-12-13 00:00:00-05:00,56.58673095703125,56.820369720458984,55.343788146972656,55.64284133911133,46.354530334472656,1149864,0.0,0.0
2021-12-14 00:00:00-05:00,55.381168365478516,56.624114990234375,55.22229766845703,55.43724060058594,46.18325424194336,888667,0.0,0.0
2021-12-15 00:00:00-05:00,54.783058166503906,54.83913040161133,52.8111686706543,53.362548828125,44.45487976074219,2132159,0.0,0.0
2021-12-16 00:00:00-05:00,54.7176399230957,55.48396682739258,53.82047653198242,54.540077209472656,45.435848236083984,2909329,0.0,0.0
2021-12-17 00:00:00-05:00,54.60549545288086,55.0540771484375,53.85786056518555,54.55876922607422,45.451412200927734,1994124,0.0,0.0
2021-12-20 00:00:00-05:00,53.437313079833984,53.81113052368164,52.745750427246094,53.66160583496094,44.70401382446289,990107,0.0,0.0
2021-12-21 00:00:00-05:00,54.30644226074219,55.47462463378906,54.18495178222656,55.36247634887695,46.120975494384766,847364,0.0,0.0
2021-12-22 00:00:00-05:00,55.1194953918457,55.51200485229492,54.66156768798828,55.47462463378906,46.214385986328125,697665,0.0,0.0
2021-12-23 00:00:00-05:00,55.175567626953125,56.4091682434082,55.11014938354492,56.259639739990234,46.86835861206055,692957,0.0,0.0
2021-12-27 00:00:00-05:00,56.10076904296875,57.32502365112305,56.04469680786133,57.2969856262207,47.73255157470703,643735,0.0,0.0
2021-12-28 00:00:00-05:00,56.960548400878906,57.53997039794922,56.960548400878906,57.063350677490234,47.53791809082031,461829,0.0,0.0
2021-12-29 00:00:00-05:00,56.83905792236328,57.45586013793945,56.39982223510742,56.8951301574707,47.39777374267578,563375,0.0,0.0
2021-12-30 00:00:00-05:00,57.24091339111328,58.09135055541992,57.17549514770508,57.22222137451172,47.67026901245117,670165,0.0,0.0
2021-12-31 00:00:00-05:00,57.13811492919922,57.85771560668945,56.913822174072266,57.670806884765625,48.04397201538086,487082,0.0,0.0
2022-01-03 00:00:00-05:00,57.49324035644531,57.82967758178711,56.93251419067383,57.39044189453125,47.810401916503906,832383,0.0,0.0
2022-01-04 00:00:00-05:00,58.04462432861328,59.08197021484375,57.72687911987305,58.48386001586914,48.72129440307617,742072,0.0,0.0
2022-01-05 00:00:00-05:00,58.77356719970703,59.96978759765625,58.34367752075195,58.53058624267578,48.76022720336914,1126537,0.0,0.0
2022-01-06 00:00:00-05:00,58.49320602416992,58.88571548461914,57.65211486816406,58.4558219909668,48.697940826416016,1155856,0.0,0.0
2022-01-07 00:00:00-05:00,59.35298538208008,60.22211456298828,58.5025520324707,60.138004302978516,50.09933090209961,825749,0.0,0.0
2022-01-10 00:00:00-05:00,60.138004302978516,60.60527801513672,58.71749496459961,59.680076599121094,49.71783447265625,961430,0.0,0.0
2022-01-11 00:00:00-05:00,59.73615264892578,61.773460388183594,59.437095642089844,61.68935012817383,51.39171600341797,1254514,0.0,0.0
2022-01-12 00:00:00-05:00,63.78273391723633,64.97895050048828,63.6145133972168,64.67989349365234,53.88304901123047,2463015,0.0,0.0
2022-01-13 00:00:00-05:00,64.41822052001953,65.27800750732422,63.3434944152832,63.521060943603516,52.91764831542969,1483823,0.0,0.0
2022-01-14 00:00:00-05:00,62.64258575439453,63.78273391723633,62.259422302246094,63.362186431884766,52.78530502319336,913385,0.0,0.0
2022-01-18 00:00:00-05:00,63.44629669189453,65.24996948242188,63.352840423583984,64.06309509277344,53.36920928955078,1427860,0.0,0.0
2022-01-19 00:00:00-05:00,64.95091247558594,65.83872985839844,63.83880615234375,63.922916412353516,53.25242614746094,1425399,0.0,0.0
2022-01-20 00:00:00-05:00,64.39019012451172,65.39949798583984,63.09116744995117,63.558441162109375,52.94879913330078,1452471,0.0,0.0
2022-01-21 00:00:00-05:00,62.69866180419922,63.05378723144531,61.31553268432617,61.92298889160156,51.58634948730469,1494630,0.0,0.0
2022-01-24 00:00:00-05:00,59.8109130859375,60.586585998535156,58.409095764160156,60.57724380493164,50.46524429321289,1566644,0.0,0.0
2022-01-25 00:00:00-05:00,59.8109130859375,60.70807647705078,58.04462432861328,60.40902328491211,50.32510757446289,1347500,0.0,0.0
2022-01-26 00:00:00-05:00,61.60524368286133,62.49306106567383,59.82025909423828,60.380985260009766,50.301734924316406,1493560,0.0,0.0
2022-01-27 00:00:00-05:00,61.25011444091797,61.820186614990234,59.16607666015625,59.78287887573242,49.80348205566406,1067792,0.0,0.0
2022-01-28 00:00:00-05:00,59.15673065185547,59.15673065185547,57.28763961791992,58.47451400756836,48.7135124206543,1173191,0.0,0.0
2022-01-31 00:00:00-05:00,58.02593231201172,59.70811462402344,57.94182205200195,59.70811462402344,49.74119186401367,919805,0.0,0.0
2022-02-01 00:00:00-05:00,60.64265823364258,61.14731216430664,59.76418685913086,60.89498519897461,50.72993850708008,998453,0.0,0.0
2022-02-02 00:00:00-05:00,61.11927795410156,61.11927795410156,59.23149490356445,59.838951110839844,49.850189208984375,1418229,0.0,0.0
2022-02-03 00:00:00-05:00,59.801570892333984,59.82960510253906,58.567970275878906,59.044586181640625,49.18842697143555,1091761,0.0,0.0
2022-02-04 00:00:00-05:00,58.250221252441406,59.38102340698242,57.754913330078125,59.07262420654297,49.21178436279297,1058375,0.0,0.0
2022-02-07 00:00:00-05:00,59.437095642089844,59.86698532104492,58.57731246948242,59.50251388549805,49.56991195678711,951693,0.0,0.0
2022-02-08 00:00:00-05:00,60.03520584106445,61.4370231628418,59.726806640625,61.32487869262695,51.088077545166016,1147938,0.0,0.0
2022-02-09 00:00:00-05:00,62.184661865234375,63.53974914550781,61.4370231628418,63.38087844848633,52.800872802734375,1391692,0.0,0.0
2022-02-10 00:00:00-05:00,63.24069595336914,64.77335357666016,62.474369049072266,62.80146026611328,52.318180084228516,1553161,0.0,0.0
2022-02-11 00:00:00-05:00,61.96036911010742,63.792076110839844,61.48374938964844,62.77342224121094,52.29482650756836,1763103,0.0,0.0
2022-02-14 00:00:00-05:00,61.904296875,62.39960479736328,60.334259033203125,61.9697151184082,52.40546798706055,1259436,0.934546,0.0
2022-02-15 00:00:00-05:00,61.418331146240234,62.95098876953125,61.15665817260742,62.922950744628906,53.211585998535156,1068220,0.0,0.0
2022-02-16 00:00:00-05:00,63.352840423583984,64.23131561279297,63.109859466552734,64.13786315917969,54.23897933959961,1000379,0.0,0.0
2022-02-17 00:00:00-05:00,63.7453498840332,63.90422439575195,62.48371505737305,62.866878509521484,53.16416549682617,1043823,0.0,0.0
2022-02-18 00:00:00-05:00,63.567787170410156,63.98833465576172,62.39960479736328,63.165931701660156,53.41706085205078,923872,0.0,0.0
2022-02-22 00:00:00-05:00,63.37153244018555,63.913570404052734,61.99774932861328,62.521095275878906,52.87174606323242,974805,0.0,0.0
2022-02-23 00:00:00-05:00,62.83884048461914,63.156585693359375,61.72673416137695,61.91364288330078,52.3580436706543,990428,0.0,0.0
2022-02-24 00:00:00-05:00,60.07258605957031,61.85757064819336,60.00716781616211,61.72673416137695,52.199981689453125,1245953,0.0,0.0
2022-02-25 00:00:00-05:00,62.04447937011719,64.2967300415039,62.035133361816406,64.28738403320312,54.36542892456055,1015895,0.0,0.0
2022-02-28 00:00:00-05:00,63.67058563232422,65.36211395263672,63.48367691040039,64.84811401367188,54.83962631225586,1483609,0.0,0.0
2022-03-01 00:00:00-05:00,65.61444091796875,68.436767578125,65.49295043945312,67.12840270996094,56.76797103881836,2002150,0.0,0.0
2022-03-02 00:00:00-05:00,67.633056640625,68.5676040649414,66.5302963256836,68.1377182006836,57.621517181396484,1456965,0.0,0.0
2022-03-03 00:00:00-05:00,69.01618957519531,70.62360382080078,68.41807556152344,70.30586242675781,59.455039978027344,1412879,0.0,0.0
2022-03-04 00:00:00-05:00,70.43669891357422,71.6048812866211,69.00684356689453,71.58618927001953,60.537757873535156,1313687,0.0,0.0
2022-03-07 00:00:00-05:00,71.24040222167969,71.5020751953125,68.64237213134766,69.41804504394531,58.70424270629883,1493346,0.0,0.0
2022-03-08 00:00:00-05:00,68.32462310791016,71.36190032958984,68.32462310791016,69.93204498291016,59.138912200927734,1646790,0.0,0.0
2022-03-09 00:00:00-05:00,68.65171813964844,71.02545928955078,67.72651672363281,69.96942138671875,59.17052459716797,1949825,0.0,0.0
2022-03-10 00:00:00-05:00,70.55818939208984,71.75440979003906,69.7731704711914,70.37127685546875,59.510345458984375,1871284,0.0,0.0
2022-03-11 00:00:00-05:00,69.67971801757812,70.6609878540039,69.07225799560547,69.22178649902344,58.53826904296875,1400253,0.0,0.0
2022-03-14 00:00:00-04:00,68.15640258789062,68.1657485961914,64.52102661132812,64.97895050048828,54.95025634765625,1664766,0.0,0.0
2022-03-15 00:00:00-04:00,63.549095153808594,64.25000762939453,62.89491653442383,63.94160461425781,54.07301712036133,1461138,0.0,0.0
2022-03-16 00:00:00-04:00,64.82007598876953,65.88545989990234,64.17523956298828,65.857421875,55.69315719604492,979621,0.0,0.0
2022-03-17 00:00:00-04:00,66.35272979736328,68.60498809814453,66.1751708984375,68.29658508300781,57.755859375,1198122,0.0,0.0
2022-03-18 00:00:00-04:00,67.80127716064453,69.48345947265625,67.38072967529297,69.44607543945312,58.72794723510742,1961381,0.0,0.0
2022-03-21 00:00:00-04:00,70.08157348632812,72.53008270263672,70.044189453125,72.02542114257812,60.90919494628906,1154572,0.0,0.0
2022-03-22 00:00:00-04:00,72.0347671508789,73.56742858886719,71.24040222167969,71.53945922851562,60.49823760986328,1126002,0.0,0.0
2022-03-23 00:00:00-04:00,72.05345916748047,73.30575561523438,71.79178619384766,72.4926986694336,61.304359436035156,897870,0.0,0.0
2022-03-24 00:00:00-04:00,71.39927673339844,72.41793060302734,70.81051635742188,72.06280517578125,60.94080352783203,1269494,0.0,0.0
2022-03-25 00:00:00-04:00,71.96000671386719,72.71698760986328,71.31517028808594,72.5768051147461,61.375492095947266,949766,0.0,0.0
2022-03-28 00:00:00-04:00,71.96000671386719,71.96000671386719,70.11894989013672,71.26844024658203,60.269046783447266,660428,0.0,0.0
2022-03-29 00:00:00-04:00,70.68902587890625,71.69833374023438,70.01615142822266,71.42731475830078,60.403411865234375,843512,0.0,0.0
2022-03-30 00:00:00-04:00,71.96000671386719,72.7076416015625,71.3338623046875,71.81047821044922,60.72742462158203,758230,0.0,0.0
2022-03-31 00:00:00-04:00,71.91327667236328,72.68894958496094,70.91331481933594,70.9320068359375,59.98453140258789,942169,0.0,0.0
2022-04-01 00:00:00-04:00,71.42731475830078,73.0627670288086,71.27778625488281,73.05342102050781,61.778541564941406,1044786,0.0,0.0
2022-04-04 00:00:00-04:00,73.60480499267578,74.1281509399414,72.3057861328125,72.8945541381836,61.64419174194336,921731,0.0,0.0
2022-04-05 00:00:00-04:00,72.54876708984375,72.8945541381836,69.20309448242188,69.36196899414062,58.65681457519531,1818424,0.0,0.0
2022-04-06 00:00:00-04:00,69.01618957519531,69.53018951416016,67.24989318847656,68.11902618408203,57.60569763183594,1065866,0.0,0.0
2022-04-07 00:00:00-04:00,68.11902618408203,69.17506408691406,67.65174865722656,68.6236801147461,58.032470703125,648765,0.0,0.0
2022-04-08 00:00:00-04:00,69.14702606201172,69.93204498291016,68.7545166015625,68.99749755859375,58.34859085083008,662247,0.0,0.0
2022-04-11 00:00:00-04:00,68.8853530883789,69.07225799560547,67.74520874023438,68.72647857666016,58.11940383911133,697986,0.0,0.0
2022-04-12 00:00:00-04:00,70.06288146972656,70.53949737548828,68.45545959472656,68.58629608154297,58.000850677490234,714251,0.0,0.0
2022-04-13 00:00:00-04:00,68.97880554199219,69.75447845458984,68.81993103027344,69.71709442138672,58.95713806152344,939922,0.0,0.0
2022-04-14 00:00:00-04:00,69.47411346435547,69.82923889160156,67.9040756225586,68.02557373046875,57.526668548583984,940029,0.0,0.0
2022-04-18 00:00:00-04:00,68.29658508300781,69.14702606201172,67.9040756225586,68.42742156982422,57.86649703979492,639241,0.0,0.0
2022-04-19 00:00:00-04:00,67.633056640625,68.39004516601562,67.39942169189453,67.92276763916016,57.43973922729492,726770,0.0,0.0
2022-04-20 00:00:00-04:00,67.28727722167969,67.49288177490234,65.88545989990234,67.09102630615234,56.736366271972656,1166021,0.0,0.0
2022-04-21 00:00:00-04:00,66.39945983886719,66.76393127441406,62.623897552490234,63.707969665527344,53.87543869018555,2137510,0.0,0.0
2022-04-22 00:00:00-04:00,63.165931701660156,63.6145133972168,61.24076843261719,61.81084060668945,52.2711181640625,1513142,0.0,0.0
2022-04-25 00:00:00-04:00,60.10997009277344,60.530513763427734,58.194149017333984,60.081932067871094,50.80904006958008,2237986,0.0,0.0
2022-04-26 00:00:00-04:00,60.044551849365234,60.091278076171875,57.904441833496094,58.007240295410156,49.05455017089844,1568784,0.0,0.0
2022-04-27 00:00:00-04:00,59.33429718017578,60.250152587890625,58.62404251098633,58.801605224609375,49.72631072998047,1149115,0.0,0.0
2022-04-28 00:00:00-04:00,58.87636947631836,59.77353286743164,57.25025939941406,58.87636947631836,49.7895393371582,1062014,0.0,0.0
2022-04-29 00:00:00-04:00,59.8763313293457,60.89498519897461,58.12873077392578,58.194149017333984,49.212608337402344,1328988,0.0,0.0
2022-05-02 00:00:00-04:00,57.45586013793945,57.9698600769043,56.624114990234375,57.82033157348633,48.89649200439453,1159173,0.0,0.0
2022-05-03 00:00:00-04:00,57.87640380859375,59.30625915527344,57.87640380859375,58.652076721191406,49.5998649597168,1338191,0.0,0.0
2022-05-04 00:00:00-04:00,58.642730712890625,60.92302322387695,58.22218704223633,60.6800422668457,51.31483840942383,1321712,0.0,0.0
2022-05-05 00:00:00-04:00,60.698734283447266,60.773494720458984,57.40913009643555,58.49320602416992,49.46550369262695,1349105,0.0,0.0
2022-05-06 00:00:00-04:00,57.661460876464844,57.79229736328125,55.969932556152344,57.39044189453125,48.5329475402832,1530263,0.0,0.0
2022-05-09 00:00:00-04:00,55.568077087402344,55.99796676635742,54.334476470947266,54.55876922607422,46.138309478759766,1985885,0.0,0.0
2022-05-10 00:00:00-04:00,55.22229766845703,55.427894592285156,53.3438606262207,53.93262481689453,45.608795166015625,2027831,0.0,0.0
2022-05-11 00:00:00-04:00,54.67091369628906,55.175567626953125,53.203678131103516,53.30647659301758,45.07929229736328,1503833,0.0,0.0
2022-05-12 00:00:00-04:00,52.33454895019531,52.82986068725586,50.49349594116211,51.1196403503418,43.22996520996094,3039980,0.0,0.0
2022-05-13 00:00:00-04:00,51.40000534057617,52.33454895019531,50.52153015136719,51.456077575683594,43.51447677612305,2913074,0.0,0.0
2022-05-16 00:00:00-04:00,50.60564041137695,50.98880386352539,49.86735153198242,50.40003967285156,43.61151123046875,1883161,1.168182,0.0
2022-05-17 00:00:00-04:00,51.17571258544922,53.2971305847168,50.97011184692383,53.241058349609375,46.069862365722656,2121566,0.0,0.0
2022-05-18 00:00:00-04:00,52.97938537597656,53.45600509643555,51.98876953125,52.22240447998047,45.18842315673828,1988025,0.0,0.0
2022-05-19 00:00:00-04:00,52.390621185302734,55.06342315673828,52.390621185302734,54.39989471435547,47.07261657714844,2054903,0.0,0.0
2022-05-20 00:00:00-04:00,55.11014938354492,55.25967788696289,53.97935104370117,55.19425964355469,47.75999450683594,1737529,0.0,0.0
2022-05-23 00:00:00-04:00,56.55869674682617,57.13811492919922,55.867130279541016,56.50262451171875,48.892127990722656,1728541,0.0,0.0
2022-05-24 00:00:00-04:00,56.212913513183594,57.2128791809082,55.46527862548828,57.05400466918945,49.36924362182617,1437383,0.0,0.0
2022-05-25 00:00:00-04:00,56.48393249511719,57.315677642822266,56.2783317565918,57.05400466918945,49.36924362182617,1085233,0.0,0.0
2022-05-26 00:00:00-04:00,57.05400466918945,57.49324035644531,56.09142303466797,57.17549514770508,49.474365234375,906537,0.0,0.0
2022-05-27 00:00:00-04:00,58.04462432861328,58.68946075439453,57.259605407714844,58.652076721191406,50.75205993652344,1163988,0.0,0.0
2022-05-31 00:00:00-04:00,59.15673065185547,59.95109558105469,57.268951416015625,57.73622131347656,49.959571838378906,2291167,0.0,0.0
2022-06-01 00:00:00-04:00,58.02593231201172,58.642730712890625,57.147457122802734,57.93247985839844,50.129390716552734,1402072,0.0,0.0
2022-06-02 00:00:00-04:00,59.3436393737793,60.296878814697266,59.203460693359375,60.184730529785156,52.078277587890625,1420798,0.0,0.0
2022-06-03 00:00:00-04:00,59.437095642089844,59.97913360595703,58.848331451416016,59.287567138671875,51.30195999145508,928473,0.0,0.0
2022-06-06 00:00:00-04:00,59.90436935424805,60.44640350341797,59.36233139038086,59.885677337646484,51.81950378417969,1269708,0.0,0.0
2022-06-07 00:00:00-04:00,59.15673065185547,60.71742248535156,59.15673065185547,60.64265823364258,52.47452926635742,962179,0.0,0.0
2022-06-08 00:00:00-04:00,59.8109130859375,60.053897857666016,59.035240173339844,59.15673065185547,51.188743591308594,879572,0.0,0.0
2022-06-09 00:00:00-04:00,58.49320602416992,58.77356719970703,57.03531265258789,57.100730895996094,49.409671783447266,993531,0.0,0.0
2022-06-10 00:00:00-04:00,55.90451431274414,56.708221435546875,55.50265884399414,56.175533294677734,48.60908889770508,1010224,0.0,0.0
2022-06-13 00:00:00-04:00,54.34382247924805,55.00735092163086,52.68033218383789,53.95131301879883,46.68445587158203,1271634,0.0,0.0
2022-06-14 00:00:00-04:00,53.95131301879883,54.128875732421875,52.86724090576172,53.46535110473633,46.26395034790039,1138735,0.0,0.0
2022-06-15 00:00:00-04:00,54.35316848754883,54.530731201171875,52.72705841064453,53.876548767089844,46.61975860595703,1096041,0.0,0.0
2022-06-16 00:00:00-04:00,52.33454895019531,53.37189483642578,51.86727523803711,52.52145767211914,45.44719696044922,1639406,0.0,0.0
2022-06-17 00:00:00-04:00,52.119606018066406,52.48407745361328,51.24113082885742,51.82054901123047,44.840694427490234,2501858,0.0,0.0
2022-06-21 00:00:00-04:00,52.147640228271484,52.62425994873047,51.63364028930664,51.699058532714844,44.735565185546875,1174689,0.0,0.0
2022-06-22 00:00:00-04:00,50.04491424560547,50.31593322753906,49.082332611083984,49.39073181152344,42.738155364990234,1637052,0.0,0.0
2022-06-23 00:00:00-04:00,48.58702087402344,48.970184326171875,45.699275970458984,46.297386169433594,40.06145477294922,3053249,0.0,0.0
2022-06-24 00:00:00-04:00,46.3628044128418,48.66178512573242,46.20392990112305,48.129093170166016,41.64645004272461,2678521,0.0,0.0
2022-06-27 00:00:00-04:00,48.689823150634766,49.23185729980469,47.95153045654297,48.21320343017578,41.719234466552734,2190904,0.0,0.0
2022-06-28 00:00:00-04:00,49.14775085449219,49.86735153198242,48.278621673583984,48.474876403808594,41.94565200805664,1265321,0.0,0.0
2022-06-29 00:00:00-04:00,49.119712829589844,49.119712829589844,47.53098678588867,48.082366943359375,41.60601806640625,1130924,0.0,0.0
2022-06-30 00:00:00-04:00,47.05436706542969,47.40949630737305,45.93291473388672,46.549713134765625,40.27979278564453,1667977,0.0,0.0
2022-07-01 00:00:00-04:00,45.914222717285156,46.839420318603516,45.24134826660156,46.830078125,40.522403717041016,1378852,0.0,0.0
2022-07-05 00:00:00-04:00,45.14789581298828,45.31611251831055,43.45636749267578,44.72734832763672,38.70289611816406,1826556,0.0,0.0
2022-07-06 00:00:00-04:00,44.68062210083008,45.62451171875,43.65262222290039,45.56843948364258,39.43069839477539,2387471,0.0,0.0
2022-07-07 00:00:00-04:00,47.3160400390625,48.22254943847656,47.26931381225586,47.886112213134766,41.436195373535156,2268803,0.0,0.0
2022-07-08 00:00:00-04:00,47.7833137512207,47.998260498046875,46.8487663269043,47.792659759521484,41.35532760620117,1760535,0.0,0.0
2022-07-11 00:00:00-04:00,46.3628044128418,46.88615036010742,45.84880447387695,46.0263671875,39.826942443847656,1272169,0.0,0.0
2022-07-12 00:00:00-04:00,45.27873229980469,46.21327590942383,45.12920379638672,45.19462203979492,39.10723876953125,1401002,0.0,0.0
2022-07-13 00:00:00-04:00,44.54978561401367,45.671241760253906,44.017093658447266,45.08247756958008,39.01019287109375,1529406,0.0,0.0
2022-07-14 00:00:00-04:00,43.082550048828125,43.60589599609375,41.77418518066406,42.933021545410156,37.15024948120117,2720253,0.0,0.0
2022-07-15 00:00:00-04:00,43.316184997558594,43.98905944824219,42.31622314453125,43.88625717163086,37.975093841552734,1305019,0.0,0.0
2022-07-18 00:00:00-04:00,45.269386291503906,45.76469421386719,44.52174758911133,44.68996810913086,38.67055130004883,1642938,0.0,0.0
2022-07-19 00:00:00-04:00,44.54978561401367,45.97964096069336,44.3161506652832,45.867496490478516,39.68947219848633,1498054,0.0,0.0
2022-07-20 00:00:00-04:00,45.867496490478516,46.3628044128418,45.297420501708984,45.31611251831055,39.21235656738281,1184640,0.0,0.0
2022-07-21 00:00:00-04:00,44.94229507446289,46.0263671875,44.465675354003906,46.01702117919922,39.818851470947266,1299027,0.0,0.0
2022-07-22 00:00:00-04:00,46.9141845703125,46.951568603515625,44.79276657104492,44.92360305786133,38.872711181640625,1350496,0.0,0.0
2022-07-25 00:00:00-04:00,45.867496490478516,46.792694091796875,45.57778549194336,45.98898696899414,39.79459762573242,1796595,0.0,0.0
2022-07-26 00:00:00-04:00,46.3628044128418,46.3628044128418,45.4749870300293,45.64320373535156,39.495391845703125,1249056,0.0,0.0
2022-07-27 00:00:00-04:00,45.512367248535156,45.71796798706055,43.40029525756836,45.15724182128906,39.07488250732422,2542091,0.0,0.0
2022-07-28 00:00:00-04:00,45.951602935791016,46.540367126464844,43.68065643310547,44.74604034423828,38.71907043457031,2243229,0.0,0.0
2022-07-29 00:00:00-04:00,45.03574752807617,46.93287658691406,44.624549865722656,46.540367126464844,40.2717170715332,2212412,0.0,0.0
2022-08-01 00:00:00-04:00,46.0263671875,46.0263671875,44.19465637207031,44.79276657104492,38.75950622558594,1634698,0.0,0.0
2022-08-02 00:00:00-04:00,44.568477630615234,44.811458587646484,43.67131423950195,43.727386474609375,37.837623596191406,1645506,0.0,0.0
2022-08-03 00:00:00-04:00,43.923641204833984,43.979713439941406,42.876949310302734,43.41898727416992,37.570762634277344,1663161,0.0,0.0
2022-08-04 00:00:00-04:00,43.63393020629883,43.79280471801758,43.091896057128906,43.26945877075195,37.44137191772461,1408492,0.0,0.0
2022-08-05 00:00:00-04:00,43.176002502441406,44.68062210083008,42.80218505859375,44.34418487548828,38.371337890625,1504689,0.0,0.0
2022-08-08 00:00:00-04:00,45.03574752807617,45.68058776855469,44.166622161865234,44.51240539550781,38.516902923583984,1741595,0.0,0.0
2022-08-09 00:00:00-04:00,44.652587890625,44.774078369140625,43.979713439941406,44.69931411743164,38.678646087646484,1475798,0.0,0.0
2022-08-10 00:00:00-04:00,44.811458587646484,45.493675231933594,44.48436737060547,45.1385498046875,39.68093490600586,1576060,0.700909,0.0
2022-08-11 00:00:00-04:00,45.56843948364258,46.596439361572266,45.297420501708984,45.418914794921875,39.92739486694336,1536683,0.0,0.0
2022-08-12 00:00:00-04:00,45.12920379638672,46.01702117919922,44.811458587646484,45.9609489440918,40.40388870239258,954261,0.0,0.0
2022-08-15 00:00:00-04:00,44.64324188232422,45.409568786621094,44.19465637207031,45.40022277832031,39.91096115112305,1654173,0.0,0.0
2022-08-16 00:00:00-04:00,45.867496490478516,46.17589569091797,45.28807830810547,46.0917854309082,40.51890563964844,982189,0.0,0.0
2022-08-17 00:00:00-04:00,45.24134826660156,45.40022277832031,44.63389587402344,45.007713317871094,39.5659065246582,1466381,0.0,0.0
2022-08-18 00:00:00-04:00,45.32545852661133,46.38149642944336,45.24134826660156,46.18524169921875,40.60106658935547,1283726,0.0,0.0
2022-08-19 00:00:00-04:00,45.59647750854492,45.77404022216797,44.96098709106445,45.23200225830078,39.763084411621094,1105885,0.0,0.0
2022-08-22 00:00:00-04:00,44.50305938720703,44.93294906616211,44.11054992675781,44.568477630615234,39.17978286743164,1186459,0.0,0.0
2022-08-23 00:00:00-04:00,45.23200225830078,46.87680435180664,45.11985778808594,46.147857666015625,40.568199157714844,1423794,0.0,0.0
2022-08-24 00:00:00-04:00,45.503021240234375,46.04505920410156,45.23200225830078,46.00767517089844,40.44497299194336,941206,0.0,0.0
2022-08-25 00:00:00-04:00,46.68054962158203,47.37211227416992,45.98898696899414,47.3160400390625,41.59513854980469,1511537,0.0,0.0
2022-08-26 00:00:00-04:00,47.643131256103516,48.287967681884766,46.87680435180664,48.00760269165039,42.203086853027344,2883006,0.0,0.0
2022-08-29 00:00:00-04:00,46.90483856201172,47.3160400390625,45.83945846557617,46.5123291015625,40.88860321044922,1961274,0.0,0.0
2022-08-30 00:00:00-04:00,46.06374740600586,46.101131439208984,44.15727615356445,44.42829513549805,39.05654525756836,2051799,0.0,0.0
2022-08-31 00:00:00-04:00,44.15727615356445,44.7366943359375,43.64327621459961,43.98905944824219,38.6704216003418,1894290,0.0,0.0
2022-09-01 00:00:00-04:00,42.73676681518555,42.933021545410156,41.7368049621582,42.40032958984375,37.27378463745117,1753259,0.0,0.0
2022-09-02 00:00:00-04:00,43.42832946777344,43.83018493652344,42.60593032836914,42.69938659667969,37.53668212890625,1123113,0.0,0.0
2022-09-06 00:00:00-04:00,43.082550048828125,43.3816032409668,42.026512145996094,42.17604064941406,37.07661056518555,1267889,0.0,0.0
2022-09-07 00:00:00-04:00,41.643348693847656,42.81153106689453,41.40971374511719,42.73676681518555,37.569541931152344,1754543,0.0,0.0
2022-09-08 00:00:00-04:00,42.886295318603516,44.4002571105957,42.531166076660156,44.213348388671875,38.867591857910156,1619611,0.0,0.0
2022-09-09 00:00:00-04:00,44.88622283935547,46.11982345581055,44.88622283935547,45.97964096069336,40.42032241821289,1358628,0.0,0.0
2022-09-12 00:00:00-04:00,46.72727584838867,46.81138610839844,45.80207824707031,46.306732177734375,40.707862854003906,1804192,0.0,0.0
2022-09-13 00:00:00-04:00,44.858184814453125,45.858150482177734,44.63389587402344,45.054439544677734,39.606990814208984,1593502,0.0,0.0
2022-09-14 00:00:00-04:00,44.661930084228516,44.764732360839844,43.45636749267578,43.79280471801758,38.497894287109375,1168482,0.0,0.0
2022-09-15 00:00:00-04:00,43.67131423950195,44.820804595947266,43.46571350097656,43.69934844970703,38.41573715209961,1354027,0.0,0.0
2022-09-16 00:00:00-04:00,43.64327621459961,44.35353088378906,43.06385803222656,43.62458419799805,38.35000991821289,2610681,0.0,0.0
2022-09-19 00:00:00-04:00,42.75545883178711,44.71800231933594,42.680694580078125,44.71800231933594,39.31123352050781,991926,0.0,0.0
2022-09-20 00:00:00-04:00,44.04513168334961,44.29745864868164,43.559165954589844,44.222694396972656,38.87580490112305,1043823,0.0,0.0
2022-09-21 00:00:00-04:00,44.4002571105957,44.47502136230469,42.39098358154297,42.39098358154297,37.26556396484375,1304805,0.0,0.0
2022-09-22 00:00:00-04:00,43.278804779052734,43.50309371948242,42.40967559814453,42.58723831176758,37.43809509277344,1328025,0.0,0.0
2022-09-23 00:00:00-04:00,41.26953125,41.36298370361328,40.02658462524414,40.60600280761719,35.696407318115234,1722977,0.0,0.0
2022-09-26 00:00:00-04:00,39.867713928222656,40.905059814453125,39.6434211730957,40.00789260864258,35.170616149902344,1057519,0.0,0.0
2022-09-27 00:00:00-04:00,40.88636779785156,41.241493225097656,40.4658203125,40.77422332763672,35.84428024291992,1390301,0.0,0.0
2022-09-28 00:00:00-04:00,40.708805084228516,41.93305969238281,40.708805084228516,41.77418518066406,36.72334671020508,1444445,0.0,0.0
2022-09-29 00:00:00-04:00,42.045204162597656,42.241458892822266,40.4658203125,41.86764144897461,36.80550003051758,1860691,0.0,0.0
2022-09-30 00:00:00-04:00,41.54989242553711,43.20404052734375,41.47513198852539,41.90502166748047,36.838356018066406,1493132,0.0,0.0
2022-10-03 00:00:00-04:00,42.78349685668945,44.93294906616211,42.74611282348633,44.615203857421875,39.220863342285156,1833083,0.0,0.0
2022-10-04 00:00:00-04:00,45.40022277832031,45.708621978759766,44.858184814453125,45.6899299621582,40.165645599365234,2263025,0.0,0.0
2022-10-05 00:00:00-04:00,44.83949661254883,45.80207824707031,44.48436737060547,45.44694900512695,39.95204162597656,1517957,0.0,0.0
2022-10-06 00:00:00-04:00,44.605857849121094,45.43760299682617,44.409603118896484,45.1385498046875,39.68093490600586,1618862,0.0,0.0
2022-10-07 00:00:00-04:00,44.54043960571289,45.63385772705078,44.3348388671875,44.774078369140625,39.360530853271484,1996906,0.0,0.0
2022-10-10 00:00:00-04:00,45.12920379638672,45.904876708984375,44.325496673583984,44.362876892089844,38.99904251098633,1753901,0.0,0.0
2022-10-11 00:00:00-04:00,43.90494918823242,45.026405334472656,43.176002502441406,44.1853141784668,38.84294509887695,1533366,0.0,0.0
2022-10-12 00:00:00-04:00,43.979713439941406,45.08247756958008,43.447021484375,44.92360305786133,39.49197006225586,1350068,0.0,0.0
2022-10-13 00:00:00-04:00,43.64327621459961,46.17589569091797,43.49374771118164,45.5590934753418,40.050628662109375,1502120,0.0,0.0
2022-10-14 00:00:00-04:00,45.6058235168457,45.699275970458984,43.736732482910156,43.95167541503906,38.63755416870117,1592325,0.0,0.0
2022-10-17 00:00:00-04:00,45.026405334472656,45.6899299621582,43.970367431640625,44.53109359741211,39.14692687988281,1242315,0.0,0.0
2022-10-18 00:00:00-04:00,45.15724182128906,45.213314056396484,43.74607849121094,44.222694396972656,38.87580490112305,1156605,0.0,0.0
2022-10-19 00:00:00-04:00,43.83018493652344,44.14793014526367,42.99843978881836,43.372257232666016,38.12819290161133,1307266,0.0,0.0
2022-10-20 00:00:00-04:00,43.475059509277344,45.456295013427734,43.35356521606445,44.06382369995117,38.73615264892578,2081011,0.0,0.0
2022-10-21 00:00:00-04:00,43.35356521606445,45.63385772705078,42.9610595703125,45.58713150024414,40.07527160644531,2902052,0.0,0.0
2022-10-24 00:00:00-04:00,44.615203857421875,44.79276657104492,42.51247787475586,42.82087707519531,37.64348220825195,2572587,0.0,0.0
2022-10-25 00:00:00-04:00,42.33491134643555,44.568477630615234,42.21342086791992,44.250732421875,38.900455474853516,1932383,0.0,0.0
2022-10-26 00:00:00-04:00,45.1385498046875,46.40953063964844,44.87687683105469,45.97029495239258,40.412113189697266,2345311,0.0,0.0
2022-10-27 00:00:00-04:00,45.53105926513672,45.64320373535156,44.48436737060547,45.18527603149414,39.72199630737305,1821848,0.0,0.0
2022-10-28 00:00:00-04:00,44.74604034423828,44.87687683105469,43.166656494140625,44.02643966674805,38.703285217285156,2032111,0.0,0.0
2022-10-31 00:00:00-04:00,43.39094924926758,44.79276657104492,43.325531005859375,43.89560317993164,38.58826446533203,2182344,0.0,0.0
2022-11-01 00:00:00-04:00,45.6058235168457,46.951568603515625,45.44694900512695,46.73662185668945,41.08578109741211,2225681,0.0,0.0
2022-11-02 00:00:00-04:00,46.5777473449707,46.82073211669922,44.774078369140625,44.848838806152344,39.426246643066406,1569426,0.0,0.0
2022-11-03 00:00:00-04:00,44.19465637207031,45.260040283203125,43.59654998779297,45.23200225830078,39.763084411621094,1710778,0.0,0.0
2022-11-04 00:00:00-04:00,48.30665969848633,50.39069366455078,47.91415023803711,50.185096740722656,44.117313385009766,2850262,0.0,0.0
2022-11-07 00:00:00-05:00,50.13836669921875,50.59629440307617,49.175785064697266,49.568294525146484,43.5750846862793,1756362,0.0,0.0
2022-11-08 00:00:00-05:00,49.764549255371094,51.558876037597656,49.5589485168457,50.54956817626953,44.860599517822266,2396245,0.467273,0.0
2022-11-09 00:00:00-05:00,49.79258728027344,50.857967376708984,49.540260314941406,49.84865951538086,44.238582611083984,1871605,0.0,0.0
2022-11-10 00:00:00-05:00,51.671024322509766,52.558841705322266,51.14767837524414,52.5401496887207,46.62716293334961,1701469,0.0,0.0
2022-11-11 00:00:00-05:00,54.80175018310547,57.13811492919922,54.47465896606445,56.43720626831055,50.085636138916016,3122587,0.0,0.0
2022-11-14 00:00:00-05:00,55.325096130371094,57.00727844238281,55.325096130371094,56.52131271362305,50.160274505615234,1937091,0.0,0.0
2022-11-15 00:00:00-05:00,57.22222137451172,57.83902359008789,56.10076904296875,56.670841217041016,50.2929801940918,1662091,0.0,0.0
2022-11-16 00:00:00-05:00,55.69891357421875,56.09142303466797,54.85782241821289,55.43724060058594,49.198211669921875,1786430,0.0,0.0
2022-11-17 00:00:00-05:00,54.06345748901367,54.91389465332031,53.61487579345703,54.74567794799805,48.58447265625,962714,0.0,0.0
2022-11-18 00:00:00-05:00,54.74567794799805,54.885860443115234,53.75505828857422,54.22233200073242,48.12002182006836,833239,0.0,0.0
2022-11-21 00:00:00-05:00,53.33451461791992,53.54011535644531,52.57753372192383,53.50273132324219,47.48141098022461,951800,0.0,0.0
2022-11-22 00:00:00-05:00,54.42793273925781,55.95124053955078,54.17560577392578,55.577423095703125,49.322608947753906,1280943,0.0,0.0
2022-11-23 00:00:00-05:00,54.20363998413086,55.624149322509766,53.98869705200195,55.46527862548828,49.22309112548828,902792,0.0,0.0
2022-11-25 00:00:00-05:00,55.24098587036133,55.46527862548828,54.64287567138672,54.941932678222656,48.758644104003906,455623,0.0,0.0
2022-11-28 00:00:00-05:00,54.64287567138672,54.86716842651367,53.58684158325195,53.85786056518555,47.796573638916016,1106527,0.0,0.0
2022-11-29 00:00:00-05:00,55.28771209716797,55.80171585083008,54.680259704589844,55.44658660888672,49.20650100708008,1287899,0.0,0.0
2022-11-30 00:00:00-05:00,56.026004791259766,57.2315673828125,55.25033187866211,57.025970458984375,50.6081428527832,2373667,0.0,0.0
2022-12-01 00:00:00-05:00,56.77363967895508,57.79229736328125,56.36244201660156,57.43716812133789,50.97305679321289,1514640,0.0,0.0
2022-12-02 00:00:00-05:00,56.50262451171875,58.12873077392578,56.184879302978516,57.913787841796875,51.39603042602539,840301,0.0,0.0
2022-12-05 00:00:00-05:00,58.21284103393555,58.28760528564453,56.53065872192383,56.670841217041016,50.2929801940918,1154679,0.0,0.0
2022-12-06 00:00:00-05:00,57.38109588623047,58.110042572021484,56.54935073852539,56.876441955566406,50.475433349609375,1003054,0.0,0.0
2022-12-07 00:00:00-05:00,56.51197052001953,57.661460876464844,56.04469680786133,56.10076904296875,49.78705596923828,1410204,0.0,0.0
2022-12-08 00:00:00-05:00,57.5680046081543,57.84836959838867,56.97924041748047,57.43716812133789,50.97305679321289,1604523,0.0,0.0
2022-12-09 00:00:00-05:00,57.58669662475586,58.3717155456543,56.624114990234375,56.69887924194336,50.31785583496094,1044251,0.0,0.0
2022-12-12 00:00:00-05:00,55.89516830444336,56.69887924194336,55.65218734741211,56.52131271362305,50.160274505615234,1036012,0.0,0.0
2022-12-13 00:00:00-05:00,58.5866584777832,59.02589416503906,56.80167770385742,57.072696685791016,50.64960861206055,1262325,0.0,0.0
2022-12-14 00:00:00-05:00,57.072696685791016,57.61473083496094,56.54000473022461,57.278297424316406,50.832069396972656,728268,0.0,0.0
2022-12-15 00:00:00-05:00,56.6801872253418,56.6801872253418,55.568077087402344,55.969932556152344,49.67094802856445,1405603,0.0,0.0
2022-12-16 00:00:00-05:00,55.59611511230469,56.36244201660156,55.48396682739258,55.84844207763672,49.56313705444336,1792743,0.0,0.0
2022-12-19 00:00:00-05:00,56.418514251708984,56.474586486816406,55.27836990356445,55.624149322509766,49.36407470703125,769786,0.0,0.0
2022-12-20 00:00:00-05:00,56.072731018066406,56.857749938964844,56.072731018066406,56.455894470214844,50.10222244262695,693064,0.0,0.0
2022-12-21 00:00:00-05:00,57.17549514770508,57.661460876464844,56.78298568725586,57.58669662475586,51.10575866699219,702052,0.0,0.0
2022-12-22 00:00:00-05:00,56.98858642578125,56.98858642578125,55.69891357421875,56.876441955566406,50.475433349609375,914027,0.0,0.0
2022-12-23 00:00:00-05:00,57.1661491394043,57.43716812133789,56.53065872192383,57.063350677490234,50.64131546020508,578677,0.0,0.0
2022-12-27 00:00:00-05:00,57.867061614990234,58.25956726074219,57.48389434814453,58.110042572021484,51.5702018737793,716819,0.0,0.0
2022-12-28 00:00:00-05:00,57.951168060302734,58.26891326904297,56.960548400878906,57.063350677490234,50.64131546020508,715963,0.0,0.0
2022-12-29 00:00:00-05:00,57.37174987792969,57.93247985839844,57.072696685791016,57.745567321777344,51.24674987792969,663317,0.0,0.0
2022-12-30 00:00:00-05:00,57.40913009643555,57.745567321777344,56.259639739990234,56.43720626831055,50.085636138916016,1095934,0.0,0.0
2023-01-03 00:00:00-05:00,56.96989440917969,58.82963943481445,56.88578796386719,57.59604263305664,51.11405563354492,1698901,0.0,0.0
2023-01-04 00:00:00-05:00,57.549312591552734,59.18476867675781,57.22222137451172,59.08197021484375,52.4327507019043,1326527,0.0,0.0
2023-01-05 00:00:00-05:00,59.2595329284668,60.59593200683594,58.3717155456543,60.59593200683594,53.77632522583008,1907344,0.0,0.0
2023-01-06 00:00:00-05:00,61.380950927734375,63.558441162109375,61.32487869262695,62.98836898803711,55.899513244628906,1583657,0.0,0.0
2023-01-09 00:00:00-05:00,64.19393157958984,65.5022964477539,63.85749435424805,64.65186309814453,57.37580490112305,2081654,0.0,0.0
2023-01-10 00:00:00-05:00,65.287353515625,67.37139129638672,65.1565170288086,67.11905670166016,59.56533432006836,2011887,0.0,0.0
2023-01-11 00:00:00-05:00,68.58629608154297,69.13768005371094,67.92276763916016,68.69844055175781,60.96696090698242,2298122,0.0,0.0
2023-01-12 00:00:00-05:00,70.02549743652344,71.29647827148438,68.3059310913086,70.7450942993164,62.78327560424805,2241945,0.0,0.0
2023-01-13 00:00:00-05:00,70.29651641845703,72.2216796875,70.29651641845703,72.01608276367188,63.91123580932617,2836566,0.0,0.0
2023-01-17 00:00:00-05:00,71.40862274169922,71.49272918701172,69.86662292480469,70.47407531738281,62.54275894165039,2707305,0.0,0.0
2023-01-18 00:00:00-05:00,72.37120819091797,72.95996856689453,70.3993148803711,70.40866088867188,62.48470687866211,2312247,0.0,0.0
2023-01-19 00:00:00-05:00,69.98811340332031,71.45535278320312,69.43672943115234,71.17498779296875,63.164794921875,2523687,0.0,0.0
2023-01-20 00:00:00-05:00,70.55818939208984,70.70771789550781,69.56757354736328,70.13764190673828,62.24418640136719,1747052,0.0,0.0
2023-01-23 00:00:00-05:00,69.76382446289062,69.96942138671875,67.85735321044922,69.3713150024414,61.56412124633789,1632023,0.0,0.0
2023-01-24 00:00:00-05:00,69.09095001220703,70.75444030761719,68.09098815917969,70.46472930908203,62.534481048583984,1275165,0.0,0.0
2023-01-25 00:00:00-05:00,69.49280548095703,70.45539093017578,69.21244049072266,70.3993148803711,62.47640609741211,1085554,0.0,0.0
2023-01-26 00:00:00-05:00,70.5301513671875,70.98807525634766,69.01618957519531,69.90400695800781,62.03684616088867,1056342,0.0,0.0
2023-01-27 00:00:00-05:00,69.20309448242188,70.26847839355469,68.57695007324219,69.69840240478516,61.8543815612793,1127607,0.0,0.0
2023-01-30 00:00:00-05:00,68.40872955322266,70.52080535888672,68.2218246459961,69.70774841308594,61.862674713134766,1564183,0.0,0.0
2023-01-31 00:00:00-05:00,69.3245849609375,70.82920837402344,69.12833404541016,70.28717041015625,62.376895904541016,1707354,0.0,0.0
2023-02-01 00:00:00-05:00,69.53953552246094,73.60480499267578,68.80123901367188,73.2403335571289,64.99769592285156,1971975,0.0,0.0
2023-02-02 00:00:00-05:00,72.38990020751953,72.65157318115234,69.46476745605469,71.12825775146484,63.123329162597656,2055652,0.0,0.0
2023-02-03 00:00:00-05:00,71.24040222167969,73.31509399414062,70.28717041015625,70.7170639038086,62.758399963378906,1618434,0.0,0.0
2023-02-06 00:00:00-05:00,70.3152084350586,70.37127685546875,68.91339111328125,69.95072937011719,62.07830810546875,1620895,0.0,0.0
2023-02-07 00:00:00-05:00,70.5768814086914,70.69837188720703,68.89469909667969,69.86662292480469,62.00367736816406,1126430,0.0,0.0
2023-02-08 00:00:00-05:00,69.90400695800781,70.30586242675781,69.38066101074219,69.54888153076172,61.721710205078125,705584,0.0,0.0
2023-02-09 00:00:00-05:00,70.76378631591797,71.26844024658203,69.24982452392578,69.58625793457031,61.75486373901367,1123327,0.0,0.0
2023-02-10 00:00:00-05:00,69.1563720703125,69.38066101074219,68.14705657958984,68.77320861816406,61.03331756591797,1034300,0.0,0.0
2023-02-13 00:00:00-05:00,67.49288177490234,69.31523895263672,66.77327728271484,68.89469909667969,61.983402252197266,1130389,0.934546,0.0
2023-02-14 00:00:00-05:00,68.45545959472656,69.96942138671875,68.02557373046875,69.84793090820312,62.84102249145508,912957,0.0,0.0
2023-02-15 00:00:00-05:00,68.19378662109375,70.5768814086914,67.76390075683594,70.55818939208984,63.48003005981445,1315827,0.0,0.0
2023-02-16 00:00:00-05:00,70.77313232421875,71.8665542602539,69.9133529663086,71.11891174316406,63.984500885009766,1033443,0.0,0.0
2023-02-17 00:00:00-05:00,70.13764190673828,70.42735290527344,68.71713256835938,69.1937484741211,62.25246810913086,1110058,0.0,0.0
2023-02-21 00:00:00-05:00,70.63294982910156,70.91331481933594,69.24982452392578,69.49280548095703,62.521522521972656,981868,0.0,0.0
2023-02-22 00:00:00-05:00,68.67040252685547,69.27786254882812,68.17509460449219,68.8853530883789,61.97499465942383,968599,0.0,0.0
2023-02-23 00:00:00-05:00,68.52088165283203,69.36196899414062,66.67047882080078,67.5489501953125,60.77267074584961,1201226,0.0,0.0
2023-02-24 00:00:00-05:00,65.73593139648438,66.69851684570312,65.22193145751953,66.53964233398438,59.86459732055664,1260506,0.0,0.0
2023-02-27 00:00:00-05:00,66.91345977783203,68.09098815917969,66.64244079589844,67.75455474853516,60.957645416259766,900866,0.0,0.0
2023-02-28 00:00:00-05:00,68.19378662109375,69.29655456542969,67.53025817871094,68.86666107177734,61.95817947387695,1401751,0.0,0.0
2023-03-01 00:00:00-05:00,70.68902587890625,71.82917022705078,70.33390045166016,71.16564178466797,64.02655792236328,1293463,0.0,0.0
2023-03-02 00:00:00-05:00,69.44607543945312,70.41800689697266,68.7077865600586,70.3152084350586,63.26142501831055,1948434,0.0,0.0
2023-03-03 00:00:00-05:00,71.01611328125,73.50200653076172,70.54884338378906,73.45527648925781,66.08648681640625,2182665,0.0,0.0
2023-03-06 00:00:00-05:00,72.50204467773438,72.85717010498047,71.38058471679688,71.74506378173828,64.54783630371094,1257617,0.0,0.0
2023-03-07 00:00:00-05:00,71.02545928955078,71.40862274169922,67.61437225341797,67.8199691772461,61.01649856567383,1807831,0.0,0.0
2023-03-08 00:00:00-05:00,68.4834976196289,70.26847839355469,68.36200714111328,70.00680541992188,62.98395919799805,1332947,0.0,0.0
2023-03-09 00:00:00-05:00,69.82923889160156,70.73574829101562,68.034912109375,68.53022766113281,61.65549850463867,1403356,0.0,0.0
2023-03-10 00:00:00-05:00,68.93207550048828,69.70774841308594,67.45549774169922,67.62371826171875,60.839927673339844,1038259,0.0,0.0
2023-03-13 00:00:00-04:00,66.7078628540039,68.63302612304688,65.91349792480469,67.78258514404297,60.982852935791016,1329309,0.0,0.0
2023-03-14 00:00:00-04:00,69.31523895263672,70.19371795654297,68.24051666259766,68.97880554199219,62.059078216552734,1405710,0.0,0.0
2023-03-15 00:00:00-04:00,66.18451690673828,66.46487426757812,63.081825256347656,63.605167388916016,57.224510192871094,2591206,0.0,0.0
2023-03-16 00:00:00-04:00,62.69866180419922,64.04440307617188,62.11924362182617,64.02571868896484,57.60287094116211,2077587,0.0,0.0
2023-03-17 00:00:00-04:00,64.44625854492188,64.5303726196289,62.84818649291992,63.65189743041992,57.26654815673828,2800506,0.0,0.0
2023-03-20 00:00:00-04:00,64.86680603027344,66.88542175292969,64.4369125366211,66.36207580566406,59.704864501953125,2098239,0.0,0.0
2023-03-21 00:00:00-04:00,67.13774871826172,67.96015167236328,66.4742202758789,66.67982482910156,59.990726470947266,1063940,0.0,0.0
2023-03-22 00:00:00-04:00,66.9321517944336,68.54891204833984,66.1284408569336,66.31535339355469,59.66282653808594,1095720,0.0,0.0
2023-03-23 00:00:00-04:00,66.89476776123047,68.42742156982422,66.01629638671875,66.68917083740234,59.999141693115234,847899,0.0,0.0
2023-03-24 00:00:00-04:00,66.18451690673828,66.86672973632812,65.30604553222656,66.5770263671875,59.89824295043945,1187957,0.0,0.0
2023-03-27 00:00:00-04:00,66.89476776123047,67.83866119384766,66.4461898803711,67.49288177490234,60.722225189208984,777490,0.0,0.0
2023-03-28 00:00:00-04:00,68.1377182006836,69.03488159179688,67.60502624511719,68.98815155029297,62.067481994628906,901080,0.0,0.0
2023-03-29 00:00:00-04:00,69.84793090820312,70.81051635742188,69.56757354736328,70.78247833251953,63.681819915771484,918200,0.0,0.0
2023-03-30 00:00:00-04:00,69.63298797607422,70.9320068359375,69.46476745605469,70.81051635742188,63.7070426940918,1044786,0.0,0.0
2023-03-31 00:00:00-04:00,70.91331481933594,71.6048812866211,70.68902587890625,71.25909423828125,64.1106185913086,805525,0.0,0.0
2023-04-03 00:00:00-04:00,71.66094970703125,72.25906372070312,71.17498779296875,72.18429565429688,64.94300079345703,994494,0.0,0.0
2023-04-04 00:00:00-04:00,71.67964172363281,71.67964172363281,69.34327697753906,69.9133529663086,62.89988327026367,852500,0.0,0.0
2023-04-05 00:00:00-04:00,69.40869903564453,69.6890640258789,68.3059310913086,69.35262298583984,62.39540100097656,893910,0.0,0.0
2023-04-06 00:00:00-04:00,69.35262298583984,69.96007537841797,68.89469909667969,69.81990051269531,62.81580352783203,971167,0.0,0.0
2023-04-10 00:00:00-04:00,69.81990051269531,70.29651641845703,69.3713150024414,70.24044036865234,63.194149017333984,654543,0.0,0.0
2023-04-11 00:00:00-04:00,71.84786224365234,72.69829559326172,71.27778625488281,72.45531463623047,65.18683624267578,1082879,0.0,0.0
2023-04-12 00:00:00-04:00,72.88520812988281,72.99735260009766,72.06280517578125,72.32447814941406,65.0691146850586,990321,0.0,0.0
2023-04-13 00:00:00-04:00,73.63284301757812,75.49258422851562,73.37117004394531,75.22157287597656,67.67557525634766,1528229,0.0,0.0
2023-04-14 00:00:00-04:00,75.30567932128906,76.25891876220703,74.64215087890625,75.26829528808594,67.71762084960938,1267675,0.0,0.0
2023-04-17 00:00:00-04:00,75.16549682617188,75.67949676513672,73.75433349609375,74.72625732421875,67.22998046875,2004611,0.0,0.0
2023-04-18 00:00:00-04:00,75.21222686767578,76.61404418945312,75.16549682617188,76.4925537109375,68.8190689086914,1441556,0.0,0.0
2023-04-19 00:00:00-04:00,74.96924591064453,76.67945861816406,74.41786193847656,76.33367919921875,68.67613220214844,1394047,0.0,0.0
2023-04-20 00:00:00-04:00,75.35240936279297,75.94116973876953,74.96924591064453,75.42716979980469,67.86054992675781,1171693,0.0,0.0
2023-04-21 00:00:00-04:00,74.43655395507812,74.65149688720703,72.1375732421875,73.50200653076172,66.12853240966797,1261469,0.0,0.0
2023-04-24 00:00:00-04:00,73.21229553222656,74.34309387207031,72.6609115600586,74.28702545166016,66.83480072021484,870905,0.0,0.0
2023-04-25 00:00:00-04:00,72.38055419921875,72.54876708984375,70.18437194824219,70.64229583740234,63.55569076538086,1610622,0.0,0.0
2023-04-26 00:00:00-04:00,71.6889877319336,71.69833374023438,70.02549743652344,70.54884338378906,63.471614837646484,1384416,0.0,0.0
2023-04-27 00:00:00-04:00,70.19371795654297,70.87593078613281,69.1096420288086,70.54884338378906,63.471614837646484,998132,0.0,0.0
2023-04-28 00:00:00-04:00,70.03484344482422,71.81047821044922,70.01615142822266,71.80113220214844,64.5982894897461,1282549,0.0,0.0
2023-05-01 00:00:00-04:00,73.3805160522461,73.6421890258789,71.58618927001953,71.92262268066406,64.70758056640625,1018463,0.0,0.0
2023-05-02 00:00:00-04:00,70.90396881103516,72.15625762939453,70.76378631591797,71.79178619384766,64.58987426757812,1333696,0.0,0.0
2023-05-03 00:00:00-04:00,71.66094970703125,71.79178619384766,70.52080535888672,71.13760375976562,64.00131225585938,1165593,0.0,0.0
2023-05-04 00:00:00-04:00,70.83855438232422,71.31517028808594,69.88531494140625,70.044189453125,63.01759719848633,933823,0.0,0.0
2023-05-05 00:00:00-04:00,71.02545928955078,74.4832763671875,70.96939086914062,74.02535247802734,66.59937286376953,1275058,0.0,0.0
2023-05-08 00:00:00-04:00,74.01600646972656,74.59542846679688,73.34313201904297,73.7823715209961,67.2295150756836,823930,0.934546,0.0
2023-05-09 00:00:00-04:00,72.79175567626953,73.87582397460938,72.28709411621094,73.8664779663086,67.30615997314453,810554,0.0,0.0
2023-05-10 00:00:00-04:00,72.80109405517578,72.80109405517578,68.27790069580078,69.642333984375,63.457176208496094,2424601,0.0,0.0
2023-05-11 00:00:00-04:00,67.12840270996094,67.42745971679688,64.80138397216797,64.90419006347656,59.139835357666016,2436906,0.0,0.0
2023-05-12 00:00:00-04:00,64.84811401367188,65.14717102050781,64.31542205810547,64.94156646728516,59.17389678955078,1446157,0.0,0.0
2023-05-15 00:00:00-04:00,65.4181900024414,67.78258514404297,65.20323944091797,67.56764221191406,61.56674575805664,1296245,0.0,0.0
2023-05-16 00:00:00-04:00,66.5302963256836,66.73589324951172,64.66120910644531,64.89484405517578,59.13132095336914,1731858,0.0,0.0
2023-05-17 00:00:00-04:00,66.96018981933594,66.96018981933594,65.1845474243164,66.35272979736328,60.4597282409668,974805,0.0,0.0
2023-05-18 00:00:00-04:00,65.11913299560547,65.16586303710938,63.90422439575195,64.55840301513672,58.82476043701172,1633093,0.0,0.0
2023-05-19 00:00:00-04:00,65.4181900024414,65.4181900024414,64.22196960449219,64.37149810791016,58.654457092285156,1155963,0.0,0.0
2023-05-22 00:00:00-04:00,64.28738403320312,65.20323944091797,64.17523956298828,64.84811401367188,59.088741302490234,942918,0.0,0.0
2023-05-23 00:00:00-04:00,63.89487838745117,63.960296630859375,62.05382537841797,62.29680633544922,56.7640266418457,2040992,0.0,0.0
2023-05-24 00:00:00-04:00,61.96036911010742,61.96036911010742,60.42771530151367,60.773494720458984,55.375999450683594,2231566,0.0,0.0
2023-05-25 00:00:00-04:00,60.689388275146484,61.72673416137695,60.60527801513672,60.92302322387695,55.51225280761719,1225408,0.0,0.0
2023-05-26 00:00:00-04:00,62.866878509521484,63.77338790893555,62.25007629394531,62.8575325012207,57.27494812011719,1261576,0.0,0.0
2023-05-30 00:00:00-04:00,62.8575325012207,63.1285514831543,61.99774932861328,62.65193176269531,57.08761978149414,1093366,0.0,0.0
2023-05-31 00:00:00-04:00,61.94167709350586,62.502403259277344,61.137969970703125,62.39960479736328,56.857696533203125,1213531,0.0,0.0
2023-06-01 00:00:00-04:00,62.661277770996094,64.72662353515625,62.661277770996094,64.20327758789062,58.50117492675781,1326848,0.0,0.0
2023-06-02 00:00:00-04:00,67.20317077636719,68.10968017578125,65.91349792480469,66.29666137695312,60.40864181518555,2108404,0.0,0.0
2023-06-05 00:00:00-04:00,66.3060073852539,66.69851684570312,64.81072998046875,65.857421875,60.00840759277344,838482,0.0,0.0
2023-06-06 00:00:00-04:00,65.73593139648438,67.05364227294922,65.7265853881836,66.67982482910156,60.75777053833008,756196,0.0,0.0
2023-06-07 00:00:00-04:00,66.7452392578125,67.6797866821289,66.41815185546875,66.81066131591797,60.87700271606445,888560,0.0,0.0
2023-06-08 00:00:00-04:00,67.35269927978516,67.83866119384766,66.3901138305664,67.24055480957031,61.268699645996094,868658,0.0,0.0
2023-06-09 00:00:00-04:00,67.31531524658203,67.72651672363281,66.37142181396484,66.6144027709961,60.69816589355469,1134562,0.0,0.0
2023-06-12 00:00:00-04:00,65.53968048095703,66.29666137695312,65.02568054199219,65.91349792480469,60.05951690673828,761868,0.0,0.0
2023-06-13 00:00:00-04:00,68.37135314941406,69.3245849609375,67.78258514404297,68.04425811767578,62.00102233886719,1168589,0.0,0.0
2023-06-14 00:00:00-04:00,69.23113250732422,69.57691192626953,67.92276763916016,68.9227294921875,62.80147171020508,1069825,0.0,0.0
2023-06-15 00:00:00-04:00,68.87600708007812,69.97876739501953,68.68909454345703,69.30590057373047,63.15061950683594,1655778,0.0,0.0
2023-06-16 00:00:00-04:00,69.16571807861328,69.58625793457031,68.81058502197266,69.56757354736328,63.389060974121094,1723405,0.0,0.0
2023-06-20 00:00:00-04:00,68.68909454345703,69.1937484741211,67.22186279296875,68.37135314941406,62.299072265625,1214922,0.0,0.0
2023-06-21 00:00:00-04:00,67.89472961425781,68.81058502197266,67.66109466552734,68.4834976196289,62.4012565612793,948482,0.0,0.0
2023-06-22 00:00:00-04:00,68.1657485961914,69.49280548095703,68.09098815917969,68.9694595336914,62.844051361083984,1094329,0.0,0.0
2023-06-23 00:00:00-04:00,67.57698822021484,67.57698822021484,66.00695037841797,66.58637237548828,60.67262268066406,1427967,0.0,0.0
2023-06-26 00:00:00-04:00,66.95084381103516,68.11902618408203,66.81066131591797,67.88539123535156,61.85626220703125,874222,0.0,0.0
2023-06-27 00:00:00-04:00,68.2218246459961,68.84796905517578,67.91342163085938,68.59564208984375,62.50343704223633,904718,0.0,0.0
2023-06-28 00:00:00-04:00,66.55833435058594,66.80131530761719,65.5022964477539,66.05368041992188,60.18724060058594,1432782,0.0,0.0
2023-06-29 00:00:00-04:00,65.86676788330078,66.13778686523438,65.25931549072266,66.03498840332031,60.17021179199219,1209572,0.0,0.0
2023-06-30 00:00:00-04:00,66.59571838378906,67.1097183227539,65.97891235351562,67.04429626464844,61.08987808227539,1070467,0.0,0.0
2023-07-03 00:00:00-04:00,67.8199691772461,68.66105651855469,67.61437225341797,68.05360412597656,62.00954055786133,469105,0.0,0.0
2023-07-05 00:00:00-04:00,66.81066131591797,67.23120880126953,65.79200744628906,66.24058532714844,60.357547760009766,1217169,0.0,0.0
2023-07-06 00:00:00-04:00,64.7546615600586,65.44622039794922,63.21266174316406,64.483642578125,58.75663757324219,1305875,0.0,0.0
2023-07-07 00:00:00-04:00,64.89484405517578,66.53964233398438,64.67989349365234,66.0443344116211,60.17872619628906,855496,0.0,0.0
2023-07-10 00:00:00-04:00,65.4181900024414,66.77327728271484,65.4181900024414,66.29666137695312,60.40864181518555,845117,0.0,0.0
2023-07-11 00:00:00-04:00,67.03495025634766,67.42745971679688,66.4461898803711,67.4181137084961,61.43048858642578,739825,0.0,0.0
2023-07-12 00:00:00-04:00,68.93207550048828,69.29655456542969,68.17509460449219,69.27786254882812,63.12507247924805,1034835,0.0,0.0
2023-07-13 00:00:00-04:00,70.26847839355469,72.93193054199219,70.09091186523438,72.8384780883789,66.36945343017578,1498268,0.0,0.0
2023-07-14 00:00:00-04:00,72.62353515625,73.0627670288086,71.55815124511719,71.75440979003906,65.38166809082031,1397792,0.0,0.0
2023-07-17 00:00:00-04:00,70.27782440185547,71.01611328125,69.88531494140625,70.92266082763672,64.62379455566406,688463,0.0,0.0
2023-07-18 00:00:00-04:00,70.64229583740234,72.15625762939453,70.5301513671875,71.62357330322266,65.262451171875,1056663,0.0,0.0
2023-07-19 00:00:00-04:00,70.53949737548828,71.85720825195312,70.29651641845703,71.7357177734375,65.36463928222656,1324387,0.0,0.0
2023-07-20 00:00:00-04:00,72.77306365966797,73.71694946289062,72.31513214111328,73.13753509521484,66.64195251464844,1358735,0.0,0.0
2023-07-21 00:00:00-04:00,73.50200653076172,73.595458984375,72.82913208007812,73.2403335571289,66.7356185913086,897121,0.0,0.0
2023-07-24 00:00:00-04:00,73.25902557373047,74.65149688720703,73.05342102050781,74.17488098144531,67.5871810913086,1014504,0.0,0.0
2023-07-25 00:00:00-04:00,75.32437133789062,78.96910095214844,75.17484283447266,78.11865997314453,71.1806869506836,2090107,0.0,0.0
2023-07-26 00:00:00-04:00,77.93175506591797,79.21208190917969,77.84764099121094,78.52051544189453,71.5468521118164,1724903,0.0,0.0
2023-07-27 00:00:00-04:00,78.52986145019531,80.10924530029297,78.24949645996094,78.47378540039062,71.50426483154297,1481148,0.0,0.0
2023-07-28 00:00:00-04:00,79.75411224365234,79.84757232666016,77.56727600097656,79.6419677734375,72.56871032714844,840301,0.0,0.0
2023-07-31 00:00:00-04:00,80.2307357788086,81.85684204101562,80.2307357788086,81.71665954589844,74.45913696289062,1285545,0.0,0.0
2023-08-01 00:00:00-04:00,80.3989486694336,80.4924087524414,78.98778533935547,79.33357238769531,72.2877197265625,1376926,0.0,0.0
2023-08-02 00:00:00-04:00,77.52989959716797,78.49247741699219,76.37106323242188,76.72618865966797,69.91189575195312,1180039,0.0,0.0
2023-08-03 00:00:00-04:00,76.75422668457031,78.93171691894531,76.73553466796875,78.28688049316406,71.33395385742188,1127714,0.0,0.0
2023-08-04 00:00:00-04:00,78.07193756103516,78.68873596191406,77.37102508544922,78.38967895507812,71.42764282226562,1093152,0.0,0.0
2023-08-07 00:00:00-04:00,78.81022644042969,79.01582336425781,77.92240905761719,78.55789947509766,71.58092498779297,967422,0.0,0.0
2023-08-08 00:00:00-04:00,75.72622680664062,78.60462188720703,75.42716979980469,78.16539001464844,72.08074951171875,1393726,0.934546,0.0
2023-08-09 00:00:00-04:00,78.84761047363281,78.95040893554688,77.49251556396484,77.94110107421875,71.87393951416016,892626,0.0,0.0
2023-08-10 00:00:00-04:00,78.4551010131836,79.50178527832031,77.21215057373047,77.81026458740234,71.75328063964844,1115087,0.0,0.0
2023-08-11 00:00:00-04:00,76.6607666015625,77.2495346069336,76.16545867919922,76.77291870117188,70.79668426513672,1238142,0.0,0.0
2023-08-14 00:00:00-04:00,75.69818878173828,76.48320770263672,74.5300064086914,76.3056411743164,70.36578369140625,1034086,0.0,0.0
2023-08-15 00:00:00-04:00,75.38978576660156,75.5580062866211,74.4832763671875,74.90382385253906,69.07308959960938,1236644,0.0,0.0
2023-08-16 00:00:00-04:00,74.38982391357422,75.74491882324219,74.10011291503906,75.04400634765625,69.20235443115234,1384844,0.0,0.0
2023-08-17 00:00:00-04:00,76.55796813964844,76.8476791381836,74.5860824584961,74.7169189453125,68.90074157714844,954261,0.0,0.0
2023-08-18 00:00:00-04:00,73.82909393310547,73.8664779663086,71.91327667236328,72.19364166259766,66.57386779785156,1615545,0.0,0.0
2023-08-21 00:00:00-04:00,72.50204467773438,73.56742858886719,72.36186218261719,73.43658447265625,67.72005462646484,917879,0.0,0.0
2023-08-22 00:00:00-04:00,74.7169189453125,74.72625732421875,73.595458984375,74.03469848632812,68.27162170410156,753949,0.0,0.0
2023-08-23 00:00:00-04:00,74.3524398803711,76.2776107788086,74.02535247802734,76.0906982421875,70.16757202148438,1199621,0.0,0.0
2023-08-24 00:00:00-04:00,75.06269836425781,75.88509368896484,73.63284301757812,73.75433349609375,68.0130615234375,1268959,0.0,0.0
2023-08-25 00:00:00-04:00,74.19357299804688,74.24029541015625,71.96000671386719,72.69829559326172,67.03923797607422,699163,0.0,0.0
2023-08-28 00:00:00-04:00,73.36182403564453,73.92255401611328,72.96931457519531,73.81040954589844,68.06477355957031,1106206,0.0,0.0
2023-08-29 00:00:00-04:00,73.82909393310547,75.25894927978516,73.24967956542969,75.24960327148438,69.39193725585938,916167,0.0,0.0
2023-08-30 00:00:00-04:00,75.35240936279297,76.03462219238281,74.9318618774414,75.75425720214844,69.8572998046875,789796,0.0,0.0
2023-08-31 00:00:00-04:00,75.80098724365234,76.1374282836914,75.30567932128906,75.38043975830078,69.51258850097656,933609,0.0,0.0
2023-09-01 00:00:00-04:00,76.98786163330078,77.67008209228516,76.56731414794922,76.7635726928711,70.7880630493164,752665,0.0,0.0
2023-09-05 00:00:00-04:00,76.38975524902344,76.94113159179688,74.05339050292969,74.10945892333984,68.34056091308594,1347500,0.0,0.0
2023-09-06 00:00:00-04:00,73.48331451416016,74.38982391357422,72.9225845336914,74.37113189697266,68.58185577392578,1134562,0.0,0.0
2023-09-07 00:00:00-04:00,73.40855407714844,73.61415100097656,72.73567962646484,73.36182403564453,67.65111541748047,859455,0.0,0.0
2023-09-08 00:00:00-04:00,72.93193054199219,73.61415100097656,72.63288116455078,73.56742858886719,67.8407211303711,844796,0.0,0.0
2023-09-11 00:00:00-04:00,75.7355728149414,76.03462219238281,74.90382385253906,75.13745880126953,69.28852844238281,565730,0.0,0.0
2023-09-12 00:00:00-04:00,74.28702545166016,75.12811279296875,73.79171752929688,74.10011291503906,68.3319320678711,825963,0.0,0.0
2023-09-13 00:00:00-04:00,74.10011291503906,74.17488098144531,72.98800659179688,73.2403335571289,67.53907775878906,795574,0.0,0.0
2023-09-14 00:00:00-04:00,74.81037139892578,75.98789978027344,74.78233337402344,74.95989990234375,69.12479400634766,1364514,0.0,0.0
2023-09-15 00:00:00-04:00,75.06269836425781,75.27764129638672,74.4458999633789,74.54869842529297,68.74559020996094,1754436,0.0,0.0
2023-09-18 00:00:00-04:00,74.43655395507812,74.81037139892578,73.77302551269531,74.4458999633789,68.65080261230469,785837,0.0,0.0
2023-09-19 00:00:00-04:00,74.38982391357422,74.68888092041016,72.79175567626953,73.36182403564453,67.65111541748047,815477,0.0,0.0
2023-09-20 00:00:00-04:00,73.9132080078125,74.62345886230469,72.73567962646484,72.78240966796875,67.11681365966797,455088,0.0,0.0
2023-09-21 00:00:00-04:00,71.02545928955078,71.81047821044922,70.1282958984375,71.02545928955078,65.49662780761719,1298171,0.0,0.0
2023-09-22 00:00:00-04:00,71.96000671386719,72.19364166259766,69.5956039428711,69.83858489990234,64.40214538574219,1457286,0.0,0.0
2023-09-25 00:00:00-04:00,69.1563720703125,69.87596893310547,68.42742156982422,69.62364196777344,64.20393371582031,1162918,0.0,0.0
2023-09-26 00:00:00-04:00,68.74517059326172,69.49280548095703,67.69847869873047,67.9040756225586,62.61821746826172,2306469,0.0,0.0
2023-09-27 00:00:00-04:00,68.31527709960938,68.46480560302734,67.24055480957031,68.034912109375,62.738861083984375,1102033,0.0,0.0
2023-09-28 00:00:00-04:00,69.0255355834961,70.5301513671875,68.9227294921875,70.09091186523438,64.63481903076172,836021,0.0,0.0
2023-09-29 00:00:00-04:00,71.15629577636719,71.6048812866211,70.10960388183594,70.36193084716797,64.88473510742188,855175,0.0,0.0
2023-10-02 00:00:00-04:00,69.61429595947266,70.52080535888672,68.436767578125,69.1096420288086,63.72993469238281,1099893,0.0,0.0
2023-10-03 00:00:00-04:00,67.9508056640625,69.26851654052734,67.89472961425781,68.66105651855469,63.31626510620117,919484,0.0,0.0
2023-10-04 00:00:00-04:00,68.72647857666016,69.05357360839844,67.45549774169922,68.5395736694336,63.20423889160156,1180253,0.0,0.0
2023-10-05 00:00:00-04:00,68.44611358642578,69.10029602050781,66.85739135742188,66.99756622314453,61.78228759765625,1049280,0.0,0.0
2023-10-06 00:00:00-04:00,67.53025817871094,69.50215148925781,67.20317077636719,69.09095001220703,63.712703704833984,1289397,0.0,0.0
2023-10-09 00:00:00-04:00,68.33396911621094,69.67037200927734,68.1377182006836,69.3245849609375,63.928165435791016,647694,0.0,0.0
2023-10-10 00:00:00-04:00,69.96007537841797,70.96004486083984,69.67971801757812,70.28717041015625,64.81580352783203,758123,0.0,0.0
2023-10-11 00:00:00-04:00,70.75444030761719,70.86658477783203,69.16571807861328,69.46476745605469,64.05741882324219,867373,0.0,0.0
2023-10-12 00:00:00-04:00,69.39000701904297,69.53953552246094,67.02560424804688,67.61437225341797,62.35106658935547,903648,0.0,0.0
2023-10-13 00:00:00-04:00,68.18444061279297,68.52088165283203,67.10037231445312,67.4181137084961,62.17007827758789,715321,0.0,0.0
2023-10-16 00:00:00-04:00,67.89472961425781,68.7545166015625,67.47418975830078,68.32462310791016,63.00603103637695,820185,0.0,0.0
2023-10-17 00:00:00-04:00,67.28727722167969,69.40869903564453,67.16578674316406,68.99749755859375,63.626522064208984,697772,0.0,0.0
2023-10-18 00:00:00-04:00,67.9040756225586,68.01622772216797,66.4461898803711,66.45553588867188,61.282440185546875,857743,0.0,0.0
2023-10-19 00:00:00-04:00,66.34339141845703,66.68917083740234,65.66117095947266,66.24058532714844,61.08422088623047,978336,0.0,0.0
2023-10-20 00:00:00-04:00,65.57705688476562,66.24993133544922,65.1565170288086,65.60509490966797,60.49819564819336,911887,0.0,0.0
2023-10-23 00:00:00-04:00,65.23127746582031,65.92284393310547,64.55840301513672,65.57705688476562,60.47234344482422,857743,0.0,0.0
2023-10-24 00:00:00-04:00,65.94153594970703,67.20317077636719,65.60509490966797,66.58637237548828,61.4030876159668,812480,0.0,0.0
2023-10-25 00:00:00-04:00,66.58637237548828,69.21244049072266,64.9228744506836,65.0163345336914,59.95527267456055,1744377,0.0,0.0
2023-10-26 00:00:00-04:00,65.0163345336914,66.7452392578125,64.72662353515625,66.01629638671875,60.87738800048828,941848,0.0,0.0
2023-10-27 00:00:00-04:00,67.89472961425781,68.84796905517578,66.55833435058594,66.8480453491211,61.64439010620117,1003803,0.0,0.0
2023-10-30 00:00:00-04:00,67.74520874023438,67.93211364746094,66.95084381103516,67.08168029785156,61.859840393066406,913278,0.0,0.0
2023-10-31 00:00:00-04:00,66.49291229248047,66.71720886230469,65.62378692626953,66.25927734375,61.1014518737793,990963,0.0,0.0
2023-11-01 00:00:00-04:00,66.5770263671875,67.3340072631836,65.7733154296875,67.20317077636719,61.97187423706055,734903,0.0,0.0
2023-11-02 00:00:00-04:00,68.40872955322266,69.57691192626953,67.92276763916016,69.0255355834961,63.65237808227539,1118833,0.0,0.0
2023-11-03 00:00:00-04:00,69.56757354736328,70.33390045166016,69.09095001220703,69.39935302734375,63.99710464477539,903862,0.0,0.0
2023-11-06 00:00:00-05:00,69.71709442138672,70.09091186523438,69.11898803710938,69.3713150024414,63.97125244140625,624368,0.0,0.0
2023-11-07 00:00:00-05:00,67.20317077636719,67.69847869873047,66.34339141845703,66.62374877929688,62.276519775390625,696702,0.934546,0.0
2023-11-08 00:00:00-05:00,66.31535339355469,66.89476776123047,65.04437255859375,65.7265853881836,61.437889099121094,893910,0.0,0.0
2023-11-09 00:00:00-05:00,66.25927734375,66.65178680419922,65.12847900390625,65.24996948242188,60.99238967895508,774066,0.0,0.0
2023-11-10 00:00:00-05:00,65.16586303710938,66.10040283203125,64.41822052001953,66.0443344116211,61.734920501708984,851430,0.0,0.0
2023-11-13 00:00:00-05:00,65.9041519165039,66.28731536865234,65.53968048095703,65.5864028930664,61.30686950683594,615486,0.0,0.0
2023-11-14 00:00:00-05:00,67.56764221191406,69.49280548095703,67.2779312133789,69.240478515625,64.7225112915039,1455895,0.0,0.0
2023-11-15 00:00:00-05:00,69.87596893310547,70.9320068359375,69.34327697753906,70.38062286376953,65.78825378417969,1434066,0.0,0.0
2023-11-16 00:00:00-05:00,69.94139099121094,70.35258483886719,69.08160400390625,69.96942138671875,65.40387725830078,728054,0.0,0.0
2023-11-17 00:00:00-05:00,70.49276733398438,70.67967987060547,69.79186248779297,69.8572769165039,65.29905700683594,843191,0.0,0.0
2023-11-20 00:00:00-05:00,70.09091186523438,70.73574829101562,69.43672943115234,69.93204498291016,65.36895751953125,1124932,0.0,0.0
2023-11-21 00:00:00-05:00,70.28717041015625,72.15625762939453,70.24978637695312,71.09088134765625,66.4521713256836,1549737,0.0,0.0
2023-11-22 00:00:00-05:00,70.83855438232422,71.45535278320312,69.76382446289062,70.30586242675781,65.71836853027344,833132,0.0,0.0
2023-11-24 00:00:00-05:00,70.08157348632812,70.15633392333984,69.1096420288086,69.35262298583984,64.82733154296875,570759,0.0,0.0
2023-11-27 00:00:00-05:00,67.52091217041016,68.2218246459961,66.29666137695312,66.36207580566406,62.03192901611328,1832548,0.0,0.0
2023-11-28 00:00:00-05:00,66.36207580566406,67.17513275146484,66.00695037841797,67.13774871826172,62.756988525390625,1523414,0.0,0.0
2023-11-29 00:00:00-05:00,67.52091217041016,67.62371826171875,66.68917083740234,67.07233428955078,62.695838928222656,917879,0.0,0.0
2023-11-30 00:00:00-05:00,67.26858520507812,67.45549774169922,66.64244079589844,67.22186279296875,62.83561325073242,1668512,0.0,0.0
2023-12-01 00:00:00-05:00,67.9975357055664,71.75440979003906,67.78258514404297,71.71702575683594,67.03746032714844,1702753,0.0,0.0
2023-12-04 00:00:00-05:00,69.65167999267578,70.30586242675781,68.53022766113281,68.86666107177734,64.37308502197266,990428,0.0,0.0
2023-12-05 00:00:00-05:00,68.1377182006836,68.1377182006836,66.80131530761719,66.90411376953125,62.538597106933594,1089086,0.0,0.0
2023-12-06 00:00:00-05:00,67.55829620361328,67.85735321044922,66.31535339355469,66.60505676269531,62.25905227661133,831420,0.0,0.0
2023-12-07 00:00:00-05:00,67.00691223144531,67.38072967529297,66.27796936035156,66.9788818359375,62.608482360839844,1002305,0.0,0.0
2023-12-08 00:00:00-05:00,67.40876770019531,71.11891174316406,67.06298828125,70.51145935058594,65.91056060791016,1588901,0.0,0.0
2023-12-11 00:00:00-05:00,69.1937484741211,70.32455444335938,68.39004516601562,70.21240234375,65.63101196289062,905360,0.0,0.0
2023-12-12 00:00:00-05:00,69.96007537841797,70.29651641845703,69.39935302734375,69.93204498291016,65.36895751953125,784338,0.0,0.0
2023-12-13 00:00:00-05:00,69.79186248779297,72.64222717285156,68.95076751708984,72.28709411621094,67.57032012939453,1142266,0.0,0.0
2023-12-14 00:00:00-05:00,73.81975555419922,76.43647766113281,73.81040954589844,76.3617172241211,71.37908935546875,1906916,0.0,0.0
2023-12-15 00:00:00-05:00,75.79164123535156,77.25888061523438,75.17484283447266,76.8944091796875,71.87702178955078,2347130,0.0,0.0
2023-12-18 00:00:00-05:00,77.10000610351562,78.40837097167969,77.10000610351562,77.39906311035156,72.3487319946289,1336371,0.0,0.0
2023-12-19 00:00:00-05:00,78.73545837402344,79.58589935302734,78.32426452636719,79.39898681640625,74.2181625366211,893054,0.0,0.0
2023-12-20 00:00:00-05:00,78.60462188720703,79.27749633789062,77.77288055419922,77.84764099121094,72.76805114746094,1391799,0.0,0.0
2023-12-21 00:00:00-05:00,79.32422637939453,80.55782318115234,78.6233139038086,80.361572265625,75.11795806884766,1025311,0.0,0.0
2023-12-22 00:00:00-05:00,81.27742767333984,82.01571655273438,80.69800567626953,81.8661880493164,76.52438354492188,1354241,0.0,0.0
2023-12-26 00:00:00-05:00,82.20262145996094,82.48298645019531,81.38957214355469,81.58582305908203,76.26232147216797,647480,0.0,0.0
2023-12-27 00:00:00-05:00,81.87553405761719,82.55775451660156,81.6512451171875,82.42691802978516,77.04853057861328,829708,0.0,0.0
2023-12-28 00:00:00-05:00,82.01571655273438,82.61382293701172,81.61386108398438,81.61386108398438,76.28853607177734,721741,0.0,0.0
2023-12-29 00:00:00-05:00,80.361572265625,80.90361022949219,78.92237091064453,80.43633270263672,75.18782043457031,839980,0.0,0.0
2024-01-02 00:00:00-05:00,79.69804382324219,80.52979278564453,78.59528350830078,79.11862182617188,73.95609283447266,1233434,0.0,0.0
2024-01-03 00:00:00-05:00,76.978515625,78.83826446533203,75.86640930175781,78.3990249633789,73.28345489501953,1316469,0.0,0.0
2024-01-04 00:00:00-05:00,78.04389953613281,78.64200592041016,77.67942810058594,78.32426452636719,73.21356201171875,789475,0.0,0.0
2024-01-05 00:00:00-05:00,78.07193756103516,79.43637084960938,77.72615051269531,78.10931396484375,73.01264953613281,741965,0.0,0.0
2024-01-08 00:00:00-05:00,77.50186157226562,79.90364074707031,77.18411254882812,79.89429473876953,74.68115997314453,785194,0.0,0.0
2024-01-09 00:00:00-05:00,78.89433288574219,79.30553436279297,78.38033294677734,78.76349639892578,73.62415313720703,1002305,0.0,0.0
2024-01-10 00:00:00-05:00,78.52986145019531,78.76349639892578,77.77288055419922,77.85698699951172,72.77679443359375,727840,0.0,0.0
2024-01-11 00:00:00-05:00,78.54855346679688,78.5859375,76.82898712158203,77.60466003417969,72.54092407226562,775885,0.0,0.0
2024-01-12 00:00:00-05:00,78.3149185180664,78.69808197021484,77.38971710205078,77.69811248779297,72.62828826904297,674552,0.0,0.0
2024-01-16 00:00:00-05:00,76.39910125732422,76.54862213134766,74.45524597167969,74.46458435058594,69.60574340820312,1408920,0.0,0.0
2024-01-17 00:00:00-05:00,72.9786605834961,73.56742858886719,72.0908432006836,73.34313201904297,68.55746459960938,983045,0.0,0.0
2024-01-18 00:00:00-05:00,73.73564147949219,73.75433349609375,72.54876708984375,73.65153503417969,68.84575653076172,834202,0.0,0.0
2024-01-19 00:00:00-05:00,73.65153503417969,75.8196792602539,73.12818908691406,75.78229522705078,70.83747100830078,1396722,0.0,0.0
2024-01-22 00:00:00-05:00,74.74494934082031,76.0906982421875,74.52066040039062,75.1561508178711,70.2521743774414,1242957,0.0,0.0
2024-01-23 00:00:00-05:00,76.16545867919922,77.38971710205078,75.96920776367188,76.59535217285156,71.59748077392578,1358200,0.0,0.0
2024-01-24 00:00:00-05:00,79.24945831298828,79.6045913696289,77.67008209228516,77.80091857910156,72.72438049316406,965068,0.0,0.0
2024-01-25 00:00:00-05:00,78.34294891357422,78.77284240722656,77.38037109375,78.33361053466797,73.2223129272461,1187636,0.0,0.0
2024-01-26 00:00:00-05:00,78.85694885253906,79.56720733642578,77.36167907714844,77.75418853759766,72.68069458007812,822646,0.0,0.0
2024-01-29 00:00:00-05:00,77.95978546142578,78.52051544189453,77.1934585571289,78.18408203125,73.0825424194336,827033,0.0,0.0
2024-01-30 00:00:00-05:00,77.1093521118164,77.84764099121094,76.63273620605469,77.37102508544922,72.32254028320312,955866,0.0,0.0
2024-01-31 00:00:00-05:00,77.82894897460938,78.92237091064453,76.69815063476562,76.72618865966797,71.71977996826172,1111877,0.0,0.0
2024-02-01 00:00:00-05:00,77.25888061523438,78.33361053466797,77.05327606201172,78.30557250976562,73.19609832763672,1075710,0.0,0.0
2024-02-02 00:00:00-05:00,76.25891876220703,77.2962646484375,75.09073638916016,76.38040924072266,71.39656066894531,1393619,0.0,0.0
2024-02-05 00:00:00-05:00,74.76364135742188,74.76364135742188,73.3244400024414,74.47393035888672,69.61448669433594,1342150,0.0,0.0
2024-02-06 00:00:00-05:00,75.26829528808594,77.00655364990234,75.23091888427734,76.82898712158203,71.81586456298828,1075282,0.0,0.0
2024-02-07 00:00:00-05:00,76.75422668457031,76.81029510498047,75.26829528808594,76.6607666015625,71.65863037109375,751595,0.0,0.0
2024-02-08 00:00:00-05:00,76.16545867919922,76.2776107788086,74.65149688720703,75.6421127319336,70.70643615722656,851537,0.0,0.0
2024-02-09 00:00:00-05:00,75.31502532958984,75.6421127319336,74.40851593017578,74.91316986083984,70.0250473022461,1058054,0.0,0.0
2024-02-12 00:00:00-05:00,74.38047790527344,75.38043975830078,74.11880493164062,75.02531433105469,70.83683776855469,700447,0.747636,0.0
2024-02-13 00:00:00-05:00,73.595458984375,73.89451599121094,72.3525161743164,72.9225845336914,68.85149383544922,1080739,0.0,0.0
2024-02-14 00:00:00-05:00,73.50200653076172,74.92251586914062,73.38986206054688,74.87578582763672,70.6956558227539,683862,0.0,0.0
2024-02-15 00:00:00-05:00,75.39913177490234,77.64204406738281,75.29633331298828,77.53924560546875,73.2104263305664,1036547,0.0,0.0
2024-02-16 00:00:00-05:00,78.54855346679688,80.01578521728516,78.03455352783203,78.21211242675781,73.84573364257812,963142,0.0,0.0
2024-02-20 00:00:00-05:00,77.41775512695312,77.69811248779297,76.56731414794922,76.96916961669922,72.67217254638672,622335,0.0,0.0
2024-02-21 00:00:00-05:00,77.13739013671875,78.07193756103516,77.03459167480469,77.9130630493164,73.56336975097656,690603,0.0,0.0
2024-02-22 00:00:00-05:00,77.98782348632812,78.34294891357422,77.08131408691406,77.69811248779297,73.36041259765625,761975,0.0,0.0
2024-02-23 00:00:00-05:00,77.83829498291016,77.95978546142578,76.41778564453125,76.6607666015625,72.38099670410156,638599,0.0,0.0
2024-02-26 00:00:00-05:00,75.34306335449219,75.34306335449219,74.01600646972656,74.70757293701172,70.53683471679688,756624,0.0,0.0
2024-02-27 00:00:00-05:00,75.49258422851562,75.66080474853516,74.62345886230469,75.51127624511719,71.2956771850586,730408,0.0,0.0
2024-02-28 00:00:00-05:00,74.67953491210938,74.98793029785156,73.66088104248047,73.7262954711914,69.61034393310547,574504,0.0,0.0
2024-02-29 00:00:00-05:00,75.1561508178711,75.74491882324219,74.92251586914062,75.56735229492188,71.34860229492188,1156498,0.0,0.0
2024-03-01 00:00:00-05:00,75.97855377197266,76.50189971923828,75.06269836425781,75.38043975830078,71.17212677001953,733940,0.0,0.0
2024-03-04 00:00:00-05:00,75.38043975830078,76.46451568603516,74.13749694824219,76.43647766113281,72.16921997070312,813551,0.0,0.0
2024-03-05 00:00:00-05:00,75.96920776367188,76.26826477050781,74.38047790527344,74.79167938232422,70.6162338256836,865233,0.0,0.0
2024-03-06 00:00:00-05:00,76.58600616455078,77.12804412841797,75.81033325195312,76.06266021728516,71.81626892089844,946342,0.0,0.0
2024-03-07 00:00:00-05:00,78.352294921875,80.58586120605469,77.77288055419922,79.19338989257812,74.772216796875,1410739,0.0,0.0
2024-03-08 00:00:00-05:00,79.69804382324219,80.86622619628906,79.32422637939453,80.6325912475586,76.1310806274414,1693764,0.0,0.0
2024-03-11 00:00:00-04:00,80.20269775390625,81.2026596069336,79.6886978149414,80.79146575927734,76.28108978271484,1311119,0.0,0.0
2024-03-12 00:00:00-04:00,81.30546569824219,81.8661880493164,80.6325912475586,81.77273559570312,77.20755767822266,830885,0.0,0.0
2024-03-13 00:00:00-04:00,84.01564025878906,91.1181869506836,84.01564025878906,89.99673461914062,84.97245025634766,3593939,0.0,0.0
2024-03-14 00:00:00-04:00,90.42662811279297,91.77236938476562,89.3892822265625,90.81913757324219,85.74893188476562,2429630,0.0,0.0
2024-03-15 00:00:00-04:00,92.70691680908203,96.80022430419922,92.36113739013672,96.25818634033203,90.88432312011719,3894299,0.0,0.0
2024-03-18 00:00:00-04:00,97.00582885742188,97.9684066772461,95.51055145263672,95.88436889648438,90.53138732910156,2117072,0.0,0.0
2024-03-19 00:00:00-04:00,93.88444519042969,94.22087860107422,92.42655181884766,93.26764678955078,88.06073760986328,1606449,0.0,0.0
2024-03-20 00:00:00-04:00,92.96858978271484,96.95909881591797,92.24899291992188,96.48248291015625,91.09610748291016,1350710,0.0,0.0
2024-03-21 00:00:00-04:00,97.31422424316406,97.33291625976562,95.74418640136719,96.77218627929688,91.36963653564453,1143979,0.0,0.0
2024-03-22 00:00:00-04:00,97.10862731933594,98.3702621459961,96.34230041503906,97.5291748046875,92.08436584472656,1777227,0.0,0.0
2024-03-25 00:00:00-04:00,98.22073364257812,99.9216079711914,97.07124328613281,97.08993530273438,91.66963958740234,1125681,0.0,0.0
2024-03-26 00:00:00-04:00,97.66935729980469,97.75346374511719,95.19281005859375,95.41709899902344,90.09020233154297,961216,0.0,0.0
2024-03-27 00:00:00-04:00,95.74418640136719,97.68804168701172,95.32364654541016,97.49179077148438,92.04906463623047,1102354,0.0,0.0
2024-03-28 00:00:00-04:00,98.11793518066406,100.11786651611328,97.92168426513672,99.54779052734375,93.99030303955078,1209144,0.0,0.0
2024-04-01 00:00:00-04:00,100.70662689208984,101.22997283935547,99.5197525024414,100.03375244140625,94.44912719726562,864270,0.0,0.0
2024-04-02 00:00:00-04:00,100.58513641357422,101.54771423339844,99.53844451904297,100.71597290039062,95.09324645996094,1452043,0.0,0.0
2024-04-03 00:00:00-04:00,101.46360778808594,104.52891540527344,100.9496078491211,103.94950103759766,98.14625549316406,1757539,0.0,0.0
2024-04-04 00:00:00-04:00,104.57564544677734,104.9961929321289,101.41687774658203,102.4168472290039,96.69916534423828,1588045,0.0,0.0
2024-04-05 00:00:00-04:00,101.94022369384766,103.47288513183594,101.16455078125,103.07102966308594,97.31681823730469,937675,0.0,0.0
2024-04-08 00:00:00-04:00,104.45415496826172,105.1644058227539,102.94019317626953,104.91207885742188,99.05509948730469,1136702,0.0,0.0
2024-04-09 00:00:00-04:00,107.9306640625,110.14553833007812,106.97742462158203,108.83717346191406,102.76107025146484,1646148,0.0,0.0
2024-04-10 00:00:00-04:00,106.07091522216797,109.98666381835938,105.21113586425781,108.6035385131836,102.54046630859375,1273132,0.0,0.0
2024-04-11 00:00:00-04:00,109.06146240234375,109.50070190429688,107.05219268798828,109.29509735107422,103.19342041015625,1314543,0.0,0.0
2024-04-12 00:00:00-04:00,112.14546203613281,112.49124908447266,107.23909759521484,107.70637512207031,101.69339752197266,1506294,0.0,0.0
2024-04-15 00:00:00-04:00,110.22029876708984,110.41655731201172,106.5942611694336,106.61295318603516,100.66101837158203,1332412,0.0,0.0
2024-04-16 00:00:00-04:00,102.80001068115234,107.18302917480469,101.67855072021484,106.37931823730469,100.4404296875,1905525,0.0,0.0
2024-04-17 00:00:00-04:00,108.69699096679688,109.55677032470703,105.24851989746094,106.69706726074219,100.74042510986328,1429572,0.0,0.0
2024-04-18 00:00:00-04:00,107.81851959228516,108.97735595703125,105.65037536621094,107.79048156738281,101.7728042602539,1070681,0.0,0.0
2024-04-19 00:00:00-04:00,107.70637512207031,108.6876449584961,105.55691528320312,106.00550079345703,100.08748626708984,1271741,0.0,0.0
2024-04-22 00:00:00-04:00,101.95891571044922,105.25786590576172,100.30477142333984,104.2765884399414,98.455078125,1535078,0.0,0.0
2024-04-23 00:00:00-04:00,101.01502990722656,104.29528045654297,100.73466491699219,102.46356964111328,96.74329376220703,1973901,0.0,0.0
2024-04-24 00:00:00-04:00,103.21121215820312,104.15509796142578,100.6412124633789,102.08040618896484,96.38150787353516,1604202,0.0,0.0
2024-04-25 00:00:00-04:00,102.52899169921875,105.4354248046875,100.95895385742188,104.50088500976562,98.66686248779297,1585798,0.0,0.0
2024-04-26 00:00:00-04:00,105.67840576171875,110.0614242553711,104.93077087402344,109.28575134277344,103.1845932006836,2453278,0.0,0.0
2024-04-29 00:00:00-04:00,110.56607818603516,113.08000946044922,108.66895294189453,112.93982696533203,106.63468933105469,1967587,0.0,0.0
2024-04-30 00:00:00-04:00,109.22968292236328,112.05200958251953,108.31382751464844,109.0334243774414,102.94636535644531,2747753,0.0,0.0
2024-05-01 00:00:00-04:00,109.0334243774414,109.91190338134766,105.51953887939453,107.63160705566406,101.622802734375,1495165,0.0,0.0
2024-05-02 00:00:00-04:00,106.65033721923828,107.82786560058594,105.18309783935547,105.6223373413086,99.72570037841797,2047198,0.0,0.0
2024-05-03 00:00:00-04:00,107.41666412353516,108.17364501953125,105.81858825683594,107.85590362548828,101.8345718383789,1632344,0.0,0.0
2024-05-06 00:00:00-04:00,109.36986541748047,110.45393371582031,108.69699096679688,110.31375122070312,104.15521240234375,961537,0.0,0.0
2024-05-07 00:00:00-04:00,108.50074005126953,109.09884643554688,107.3138656616211,107.53815460205078,101.53455352783203,1071002,0.0,0.0
2024-05-08 00:00:00-04:00,104.68778991699219,106.83724975585938,103.65044403076172,105.58495330810547,99.69039916992188,1398541,0.0,0.0
2024-05-09 00:00:00-04:00,105.60364532470703,109.76237487792969,105.60364532470703,109.36051940917969,103.25518798828125,812052,0.0,0.0
2024-05-10 00:00:00-04:00,110.38851928710938,112.32302856445312,110.3791732788086,110.97727966308594,104.78169250488281,1352315,0.0,0.0
2024-05-13 00:00:00-04:00,111.54735565185547,113.08000946044922,111.21092224121094,112.7716064453125,106.47583770751953,945058,0.0,0.0
2024-05-14 00:00:00-04:00,113.43513488769531,116.88361358642578,113.43513488769531,115.68739318847656,109.2288589477539,1518492,0.0,0.0
2024-05-15 00:00:00-04:00,117.24808502197266,117.32284545898438,111.10811614990234,114.84629821777344,108.43470764160156,1348035,0.0,0.0
2024-05-16 00:00:00-04:00,115.09862518310547,116.12662506103516,112.28564453125,112.29499053955078,106.02583312988281,973200,0.0,0.0
2024-05-17 00:00:00-04:00,115.29488372802734,117.32284545898438,114.51921081542969,117.1452865600586,110.60535430908203,1370185,0.0,0.0
2024-05-20 00:00:00-04:00,117.94898986816406,121.29466247558594,117.43498992919922,120.79935455322266,114.05542755126953,2265165,0.0,0.0
2024-05-21 00:00:00-04:00,120.12648010253906,120.81804656982422,117.6312484741211,118.41626739501953,111.80538177490234,1311440,0.0,0.0
2024-05-22 00:00:00-04:00,114.2481918334961,114.26688385009766,108.83717346191406,109.02407836914062,102.93753051757812,2357189,0.0,0.0
2024-05-23 00:00:00-04:00,110.79972076416016,111.40717315673828,107.81851959228516,108.92127990722656,102.8404769897461,1465525,0.0,0.0
2024-05-24 00:00:00-04:00,110.25768280029297,111.89313507080078,109.46331787109375,109.81844329833984,103.68755340576172,916488,0.0,0.0
2024-05-28 00:00:00-04:00,114.77153778076172,115.40702819824219,112.14546203613281,113.0052490234375,106.69644927978516,1336692,0.0,0.0
2024-05-29 00:00:00-04:00,111.33241271972656,111.91182708740234,110.22029876708984,111.6688461303711,105.43464660644531,1128891,0.0,0.0
2024-05-30 00:00:00-04:00,108.99604797363281,111.22960662841797,108.72502899169922,110.911865234375,104.71992492675781,1196838,0.0,0.0
2024-05-31 00:00:00-04:00,111.36044311523438,113.74353790283203,108.58484649658203,110.8651351928711,104.67581176757812,1568463,0.0,0.0
2024-06-03 00:00:00-04:00,111.30437469482422,111.67819213867188,106.73444366455078,108.17364501953125,102.13458251953125,1373716,0.0,0.0
2024-06-04 00:00:00-04:00,105.79055786132812,106.29521179199219,101.33277130126953,102.96822357177734,97.21975708007812,2541128,0.0,0.0
2024-06-05 00:00:00-04:00,103.9308090209961,105.60364532470703,103.743896484375,104.52891540527344,98.69332122802734,1728006,0.0,0.0
2024-06-06 00:00:00-04:00,104.62237548828125,106.44473266601562,103.27662658691406,106.40735626220703,100.46690368652344,1057626,0.0,0.0
2024-06-07 00:00:00-04:00,102.70655059814453,103.89342498779297,101.6972427368164,101.77201080322266,96.09033966064453,1620681,0.0,0.0
2024-06-10 00:00:00-04:00,102.87477111816406,103.50091552734375,102.08040618896484,103.09906005859375,97.3432846069336,1619932,0.0,0.0
2024-06-11 00:00:00-04:00,100.76270294189453,101.51968383789062,98.88426208496094,100.66924285888672,95.04912567138672,1401751,0.0,0.0
2024-06-12 00:00:00-04:00,103.96819305419922,104.4635009765625,100.68793487548828,100.996337890625,95.35795593261719,2146498,0.0,0.0
2024-06-13 00:00:00-04:00,100.6785888671875,100.6785888671875,98.31419372558594,99.12724304199219,93.59320831298828,1215457,0.0,0.0
2024-06-14 00:00:00-04:00,97.4824447631836,99.99636840820312,97.23011779785156,99.34219360351562,93.7961654663086,1065224,0.0,0.0
2024-06-17 00:00:00-04:00,97.6973876953125,98.80015563964844,97.05255126953125,98.3702621459961,92.87850189208984,1240496,0.0,0.0
2024-06-18 00:00:00-04:00,98.31419372558594,101.30473327636719,98.10858917236328,100.94026184082031,95.30502319335938,1031089,0.0,0.0
2024-06-20 00:00:00-04:00,103.24858856201172,103.96819305419922,102.0149917602539,103.3046646118164,97.53742218017578,1072821,0.0,0.0
2024-06-21 00:00:00-04:00,102.11779022216797,102.74393463134766,100.74401092529297,101.97760772705078,96.2844467163086,1944796,0.0,0.0
2024-06-24 00:00:00-04:00,102.33273315429688,103.96819305419922,101.62248229980469,102.78131866455078,97.04328918457031,1200477,0.0,0.0
2024-06-25 00:00:00-04:00,102.0149917602539,102.78131866455078,100.9496078491211,102.05237579345703,96.35505676269531,854319,0.0,0.0
2024-06-26 00:00:00-04:00,101.74397277832031,101.8374252319336,100.74401092529297,101.6692123413086,95.99327087402344,888346,0.0,0.0
2024-06-27 00:00:00-04:00,102.21124267578125,102.36077117919922,100.0057144165039,100.6785888671875,95.05794525146484,763794,0.0,0.0
2024-06-28 00:00:00-04:00,102.71589660644531,103.43550109863281,100.50102996826172,100.68793487548828,95.06678771972656,981119,0.0,0.0
2024-07-01 00:00:00-04:00,101.92153930664062,103.06168365478516,101.31407928466797,101.5290298461914,95.86092376708984,795788,0.0,0.0
2024-07-02 00:00:00-04:00,100.78138732910156,103.34204864501953,100.65055084228516,102.74393463134766,97.00799560546875,951051,0.0,0.0
2024-07-03 00:00:00-04:00,105.05226135253906,109.36986541748047,105.04291534423828,108.43531799316406,102.38164520263672,1125788,0.0,0.0
2024-07-05 00:00:00-04:00,110.4632797241211,111.17353820800781,109.07080841064453,109.10819244384766,103.01696014404297,933716,0.0,0.0
2024-07-08 00:00:00-04:00,108.25775146484375,109.7530288696289,107.7437515258789,108.82782745361328,102.75223541259766,1146226,0.0,0.0
2024-07-09 00:00:00-04:00,108.3792495727539,109.34182739257812,107.3979721069336,107.46339416503906,101.46397399902344,871226,0.0,0.0
2024-07-10 00:00:00-04:00,107.98674011230469,109.27640533447266,107.66899108886719,108.72502899169922,102.65518188476562,1142480,0.0,0.0
2024-07-11 00:00:00-04:00,109.34182739257812,109.69695281982422,105.94007873535156,107.0895767211914,101.11103057861328,1090049,0.0,0.0
2024-07-12 00:00:00-04:00,106.81855773925781,108.71568298339844,106.17372131347656,107.6596450805664,101.6492691040039,813337,0.0,0.0
2024-07-15 00:00:00-04:00,106.4540786743164,107.18302917480469,103.79997253417969,105.21113586425781,99.33744812011719,865126,0.0,0.0
2024-07-16 00:00:00-04:00,103.75324249267578,104.75321197509766,101.51968383789062,104.48219299316406,98.64921569824219,1209358,0.0,0.0
2024-07-17 00:00:00-04:00,104.03360748291016,104.2765884399414,102.2860107421875,102.69721221923828,96.96387481689453,968064,0.0,0.0
2024-07-18 00:00:00-04:00,101.87480926513672,102.33273315429688,96.75350189208984,97.17404174804688,91.74906158447266,1863259,0.0,0.0
2024-07-19 00:00:00-04:00,96.36099243164062,99.76273345947266,96.12735748291016,97.47309875488281,92.03141784667969,1466809,0.0,0.0
2024-07-22 00:00:00-04:00,98.27680969238281,98.80015563964844,96.75350189208984,98.03382873535156,92.56085205078125,1589222,0.0,0.0
2024-07-23 00:00:00-04:00,96.87499237060547,98.8562240600586,94.96851348876953,98.7721176147461,93.25792694091797,1481897,0.0,0.0
2024-07-24 00:00:00-04:00,99.3515396118164,99.86553955078125,96.94975280761719,97.36095428466797,91.925537109375,978979,0.0,0.0
2024-07-25 00:00:00-04:00,96.36099243164062,98.31419372558594,94.80964660644531,97.51048278808594,92.06670379638672,1591897,0.0,0.0
2024-07-26 00:00:00-04:00,98.97771453857422,99.22069549560547,97.36095428466797,98.51979064941406,93.0196762084961,782947,0.0,0.0
2024-07-29 00:00:00-04:00,97.21142578125,98.92164611816406,96.90303039550781,97.06189727783203,91.64317321777344,1172335,0.0,0.0
2024-07-30 00:00:00-04:00,95.89371490478516,96.79087829589844,94.0993881225586,94.52928161621094,89.251953125,1792529,0.0,0.0
2024-07-31 00:00:00-04:00,98.81884765625,100.48233795166016,98.04317474365234,99.63189697265625,94.06969451904297,1959776,0.0,0.0
2024-08-01 00:00:00-04:00,98.13662719726562,99.23938751220703,94.632080078125,95.52924346923828,90.19609069824219,1526624,0.0,0.0
2024-08-02 00:00:00-04:00,94.47320556640625,94.47320556640625,91.81909942626953,92.97793579101562,87.78719329833984,1101070,0.0,0.0
2024-08-05 00:00:00-04:00,85.80997467041016,91.5667724609375,84.9034652709961,91.09015655517578,86.00481414794922,1920934,0.0,0.0
2024-08-06 00:00:00-04:00,90.64157104492188,94.89375305175781,90.07150268554688,92.70691680908203,87.53132629394531,1372753,0.0,0.0
2024-08-07 00:00:00-04:00,93.73491668701172,94.09004211425781,90.52942657470703,90.68830108642578,85.62539672851562,1131994,0.0,0.0
2024-08-08 00:00:00-04:00,91.9686279296875,95.33299255371094,91.49200439453125,93.85640716552734,88.61663818359375,860097,0.0,0.0
2024-08-09 00:00:00-04:00,94.39143371582031,94.39143371582031,92.32515716552734,93.14227294921875,88.47090148925781,748495,0.560713,1.005
2024-08-12 00:00:00-04:00,94.2035903930664,95.40579223632812,93.76216125488281,94.22237396240234,89.4968490600586,692810,0.0,0.0
2024-08-13 00:00:00-04:00,93.94061279296875,94.99253845214844,92.86051177978516,94.4947509765625,89.75556945800781,879242,0.0,0.0
2024-08-14 00:00:00-04:00,94.88922119140625,95.64059448242188,94.11906433105469,95.30247497558594,90.52278137207031,1028089,0.0,0.0
2024-08-15 00:00:00-04:00,98.43946838378906,100.40243530273438,98.02620697021484,99.35990142822266,94.376708984375,1169270,0.0,0.0
2024-08-16 00:00:00-04:00,98.79637145996094,98.98421478271484,97.14334869384766,97.56599426269531,92.67276000976562,999129,0.0,0.0
2024-08-19 00:00:00-04:00,97.98863983154297,99.1156997680664,97.86654663085938,98.89028930664062,93.93064880371094,996573,0.0,0.0
2024-08-20 00:00:00-04:00,99.16266632080078,99.57592010498047,96.66434478759766,97.04003143310547,92.17317962646484,921511,0.0,0.0
2024-08-21 00:00:00-04:00,98.12013244628906,98.40189361572266,96.80522918701172,97.96046447753906,93.04745483398438,878603,0.0,0.0
2024-08-22 00:00:00-04:00,96.93671417236328,97.54721069335938,95.19916534423828,95.51849365234375,90.72795867919922,831117,0.0,0.0
2024-08-23 00:00:00-04:00,96.56102752685547,98.28919219970703,96.31683349609375,98.26101684570312,93.33293151855469,992528,0.0,0.0
2024-08-26 00:00:00-04:00,99.70741271972656,101.24772644042969,98.65548706054688,99.14388275146484,94.17151641845703,697601,0.0,0.0
2024-08-27 00:00:00-04:00,98.72122955322266,100.30850982666016,97.98863983154297,99.23780059814453,94.2607421875,800559,0.0,0.0
2024-08-28 00:00:00-04:00,96.27926635742188,96.92732238769531,94.66381072998047,94.72955322265625,89.97858428955078,990505,0.0,0.0
2024-08-29 00:00:00-04:00,94.6825942993164,95.6312026977539,94.05331420898438,95.26490783691406,90.48709869384766,893509,0.0,0.0
2024-08-30 00:00:00-04:00,95.45275115966797,95.56546020507812,93.80912017822266,95.53728485107422,90.74579620361328,1507317,0.0,0.0
2024-09-03 00:00:00-04:00,91.70526885986328,91.9306869506836,89.37600708007812,90.33401489257812,85.80349731445312,1721645,0.0,0.0
2024-09-04 00:00:00-04:00,90.09920501708984,91.40472412109375,90.0240707397461,90.49368286132812,85.95514678955078,1387324,0.0,0.0
2024-09-05 00:00:00-04:00,91.15113067626953,92.1185302734375,90.67213439941406,90.78483581542969,86.23169708251953,832288,0.0,0.0
2024-09-06 00:00:00-04:00,90.20252227783203,91.10417175292969,88.01414489746094,88.38043975830078,83.94789123535156,822280,0.0,0.0
2024-09-09 00:00:00-04:00,89.51689147949219,90.39036560058594,89.01910400390625,89.55445861816406,85.06302642822266,1006156,0.0,0.0
2024-09-10 00:00:00-04:00,89.11302947998047,89.44175720214844,87.75115966796875,88.61524200439453,84.1709213256836,1324186,0.0,0.0
2024-09-11 00:00:00-04:00,89.97711181640625,91.07599639892578,89.12242126464844,90.58760070800781,86.04436492919922,1845258,0.0,0.0
2024-09-12 00:00:00-04:00,92.38150787353516,93.6682357788086,91.78041076660156,92.04338836669922,87.42713165283203,954837,0.0,0.0
2024-09-13 00:00:00-04:00,93.27376556396484,93.83729553222656,92.69145202636719,92.69145202636719,88.0427017211914,1100383,0.0,0.0
2024-09-16 00:00:00-04:00,93.44282531738281,94.26934051513672,93.05774688720703,93.42404174804688,88.73854064941406,964206,0.0,0.0
2024-09-17 00:00:00-04:00,93.17044830322266,94.18480682373047,92.66327667236328,93.15166473388672,88.4798355102539,1549906,0.0,0.0
2024-09-18 00:00:00-04:00,93.80912017822266,97.39693450927734,93.067138671875,95.14280700683594,90.3711166381836,1361664,0.0,0.0
2024-09-19 00:00:00-04:00,99.16266632080078,99.87647247314453,97.65052032470703,98.51460266113281,93.57379913330078,1443754,0.0,0.0
2024-09-20 00:00:00-04:00,97.99803161621094,98.01681518554688,96.2698745727539,97.30300903320312,92.42298126220703,1032667,0.0,0.0
2024-09-23 00:00:00-04:00,97.979248046875,100.22398376464844,97.80079650878906,99.61348724365234,94.6175765991211,921937,0.0,0.0
2024-09-24 00:00:00-04:00,105.28636932373047,107.71894073486328,105.13609313964844,106.80789947509766,101.451171875,2395822,0.0,0.0
2024-09-25 00:00:00-04:00,106.07530975341797,106.47917175292969,104.25322723388672,104.5068130493164,99.26548767089844,1428741,0.0,0.0
2024-09-26 00:00:00-04:00,110.19847869873047,114.05866241455078,109.5879898071289,113.11005401611328,107.43724060058594,2607701,0.0,0.0
2024-09-27 00:00:00-04:00,112.23657989501953,113.10066223144531,110.64930725097656,111.6448745727539,106.04556274414062,1773283,0.0,0.0
2024-09-30 00:00:00-04:00,110.0294189453125,110.71504974365234,107.79408264160156,108.63937377929688,103.19078063964844,1262646,0.0,0.0
2024-10-01 00:00:00-04:00,110.8277587890625,110.8277587890625,108.38578796386719,109.96367645263672,104.44867706298828,850282,0.0,0.0
2024-10-02 00:00:00-04:00,110.92167663574219,112.2177963256836,109.8415756225586,110.19847869873047,104.67169189453125,717618,0.0,0.0
2024-10-03 00:00:00-04:00,107.69076538085938,108.48910522460938,107.07088470458984,108.31065368652344,102.8785629272461,844106,0.0,0.0
2024-10-04 00:00:00-04:00,109.07141876220703,111.0062026977539,109.07141876220703,110.78079223632812,105.22480773925781,1019784,0.0,0.0
2024-10-07 00:00:00-04:00,110.78079223632812,111.33493041992188,109.99185180664062,110.42388916015625,104.88580322265625,817382,0.0,0.0
2024-10-08 00:00:00-04:00,106.0940933227539,106.75154876708984,103.56759643554688,106.23497772216797,100.906982421875,1609743,0.0,0.0
2024-10-09 00:00:00-04:00,104.88249969482422,107.53109741210938,103.99024963378906,107.47474670410156,102.0845718383789,879987,0.0,0.0
2024-10-10 00:00:00-04:00,107.66259002685547,109.8697509765625,107.18358612060547,109.30622100830078,103.82418823242188,1002642,0.0,0.0
2024-10-11 00:00:00-04:00,109.14655303955078,111.25979614257812,109.14655303955078,110.48963928222656,104.94825744628906,646708,0.0,0.0
2024-10-14 00:00:00-04:00,106.7327651977539,110.64930725097656,106.29132843017578,110.42388916015625,104.88580322265625,828136,0.0,0.0
2024-10-15 00:00:00-04:00,108.15098571777344,108.24490356445312,104.06538391113281,104.73223114013672,99.4795913696289,1616983,0.0,0.0
2024-10-16 00:00:00-04:00,105.69023132324219,106.84546661376953,104.90129089355469,106.26315307617188,100.9337387084961,1121358,0.0,0.0
2024-10-17 00:00:00-04:00,105.70901489257812,106.46977996826172,104.71344757080078,105.18305206298828,99.90780639648438,834204,0.0,0.0
2024-10-18 00:00:00-04:00,107.4935302734375,107.79408264160156,105.82172393798828,106.0377426147461,100.71963500976562,918636,0.0,0.0
2024-10-21 00:00:00-04:00,106.42282104492188,106.62005615234375,104.44107055664062,105.5587387084961,100.26464080810547,919595,0.0,0.0
2024-10-22 00:00:00-04:00,107.83164978027344,109.01506042480469,106.06591796875,107.60623931884766,102.20946502685547,1279788,0.0,0.0
2024-10-23 00:00:00-04:00,105.18305206298828,107.39960479736328,104.86371612548828,106.91121673583984,101.54930877685547,1027344,0.0,0.0
2024-10-24 00:00:00-04:00,107.9725341796875,108.01010131835938,105.72779846191406,107.56866455078125,102.17377471923828,1221015,0.0,0.0
2024-10-25 00:00:00-04:00,108.10401916503906,110.20787048339844,108.03827667236328,108.39517974853516,102.9588394165039,1519349,0.0,0.0
2024-10-28 00:00:00-04:00,108.39517974853516,108.9493179321289,107.1741943359375,107.83164978027344,102.42356872558594,818660,0.0,0.0
2024-10-29 00:00:00-04:00,108.761474609375,109.56920623779297,107.31507873535156,107.45596313476562,102.06672668457031,723048,0.0,0.0
2024-10-30 00:00:00-04:00,106.46977996826172,106.46977996826172,104.70405578613281,105.05155944824219,99.78291320800781,925876,0.0,0.0
2024-10-31 00:00:00-04:00,103.94328308105469,104.34715270996094,102.04606628417969,102.891357421875,97.7310562133789,881797,0.0,0.0
2024-11-01 00:00:00-04:00,104.44107055664062,105.07974243164062,103.24826049804688,103.40792846679688,98.22172546386719,672155,0.0,0.0
2024-11-04 00:00:00-05:00,104.1593017578125,105.5869140625,103.849365234375,104.54438781738281,99.30117797851562,702286,0.0,0.0
2024-11-05 00:00:00-05:00,106.02835083007812,107.12723541259766,105.23001098632812,107.08966827392578,101.71880340576172,928006,0.0,0.0
2024-11-06 00:00:00-05:00,102.10087585449219,104.96378326416016,100.4757308959961,103.46146392822266,98.87976837158203,1320416,0.657618,1.006
2024-11-07 00:00:00-05:00,107.07080841064453,108.3652572631836,105.72911834716797,107.25032806396484,102.50083923339844,1000578,0.0,0.0
2024-11-08 00:00:00-05:00,102.79061889648438,104.14176177978516,100.43793487548828,101.20326232910156,96.7215576171875,1147585,0.0,0.0
2024-11-11 00:00:00-05:00,99.52142333984375,100.23006439208984,97.62226867675781,98.98285675048828,94.59950256347656,981528,0.0,0.0
2024-11-12 00:00:00-05:00,96.6963119506836,97.31047058105469,95.60028076171875,97.03646087646484,92.7392807006836,1125571,0.0,0.0
2024-11-13 00:00:00-05:00,97.24433135986328,97.24433135986328,95.2317886352539,95.42076110839844,91.19513702392578,783825,0.0,0.0
2024-11-14 00:00:00-05:00,95.61917877197266,96.41285705566406,94.30583190917969,94.74047088623047,90.54497528076172,1117422,0.0,0.0
2024-11-15 00:00:00-05:00,95.77035522460938,95.77035522460938,93.5027084350586,93.76726531982422,89.61487579345703,840554,0.0,0.0
2024-11-18 00:00:00-05:00,94.94833374023438,96.32781982421875,94.33418273925781,96.21443939208984,91.95366668701172,675978,0.0,0.0
2024-11-19 00:00:00-05:00,95.83649444580078,98.38760375976562,95.55303955078125,98.0569076538086,93.71454620361328,752921,0.0,0.0
2024-11-20 00:00:00-05:00,97.96241760253906,98.72775268554688,96.94197845458984,97.31991577148438,93.01020050048828,821185,0.0,0.0
2024-11-21 00:00:00-05:00,97.11205291748047,97.3482666015625,94.3436279296875,95.12786102294922,90.91520690917969,1286654,0.0,0.0
2024-11-22 00:00:00-05:00,94.74047088623047,95.31682586669922,93.73892211914062,94.23969268798828,90.06636810302734,903209,0.0,0.0
2024-11-25 00:00:00-05:00,94.58929443359375,96.66796875,94.56094360351562,96.38451385498047,92.1162109375,1590405,0.0,0.0
2024-11-26 00:00:00-05:00,95.90264129638672,95.9120864868164,92.86965942382812,93.10587310791016,88.9827651977539,888392,0.0,0.0
2024-11-27 00:00:00-05:00,93.5405044555664,95.03337097167969,93.48381042480469,94.21134948730469,90.0392837524414,795891,0.0,0.0
2024-11-29 00:00:00-05:00,93.90899658203125,95.47745513916016,93.72947692871094,94.81605529785156,90.6172103881836,456896,0.0,0.0
2024-12-02 00:00:00-05:00,95.28848266601562,95.28848266601562,93.12477111816406,94.53260040283203,90.34630584716797,855476,0.0,0.0
2024-12-03 00:00:00-05:00,96.84748840332031,97.10260009765625,94.49480438232422,95.74201202392578,91.50216674804688,923847,0.0,0.0
2024-12-04 00:00:00-05:00,95.43021392822266,96.31837463378906,95.06172180175781,95.63807678222656,91.40282440185547,634172,0.0,0.0
2024-12-05 00:00:00-05:00,95.8742904663086,96.09160614013672,94.05072784423828,95.54359436035156,91.31253051757812,696616,0.0,0.0
2024-12-06 00:00:00-05:00,95.71366882324219,95.8270492553711,94.12631225585938,94.48535919189453,90.30116271972656,614698,0.0,0.0
2024-12-09 00:00:00-05:00,98.9261703491211,101.78907775878906,97.86793518066406,99.7198486328125,95.30384063720703,1541932,0.0,0.0
2024-12-10 00:00:00-05:00,98.2836685180664,98.86003112792969,96.6963119506836,96.86638641357422,92.5767593383789,1121444,0.0,0.0
2024-12-11 00:00:00-05:00,97.14039611816406,98.75609588623047,96.15774536132812,97.80179595947266,93.47073364257812,912099,0.0,0.0
2024-12-12 00:00:00-05:00,97.23487854003906,97.4144058227539,95.58139038085938,95.93098449707031,91.6827621459961,632373,0.0,0.0
2024-12-13 00:00:00-05:00,94.9577865600586,95.26013946533203,93.6349868774414,94.48535919189453,90.30116271972656,752180,0.0,0.0
2024-12-16 00:00:00-05:00,94.08851623535156,94.29638671875,91.66969299316406,92.019287109375,87.94429779052734,872093,0.0,0.0
2024-12-17 00:00:00-05:00,90.87601470947266,91.70748901367188,89.6288070678711,91.40513610839844,87.35733795166016,931573,0.0,0.0
2024-12-18 00:00:00-05:00,91.04608917236328,91.75473022460938,87.69185638427734,87.83358764648438,83.9439468383789,847539,0.0,0.0
2024-12-19 00:00:00-05:00,88.15483856201172,88.731201171875,86.12340545654297,86.90763092041016,83.05900573730469,1128640,0.0,0.0
2024-12-20 00:00:00-05:00,86.51079559326172,88.56112670898438,86.51079559326172,87.88082885742188,83.9891128540039,1056778,0.0,0.0
2024-12-23 00:00:00-05:00,87.74855041503906,88.69340515136719,87.1343994140625,88.40995025634766,84.49478912353516,609195,0.0,0.0
2024-12-24 00:00:00-05:00,88.58002471923828,89.24141693115234,87.9847640991211,89.22252655029297,85.2713851928711,315922,0.0,0.0
2024-12-26 00:00:00-05:00,88.82568359375,89.6666030883789,88.32491302490234,89.38314819335938,85.42488861083984,701273,0.0,0.0
2024-12-27 00:00:00-05:00,88.46663665771484,88.96741485595703,87.65406799316406,88.0698013305664,84.16971588134766,425357,0.0,0.0
2024-12-30 00:00:00-05:00,86.92652893066406,87.0682601928711,85.75491333007812,86.4068603515625,82.58041381835938,728579,0.0,0.0
2024-12-31 00:00:00-05:00,86.4541015625,87.0682601928711,85.7927017211914,86.10450744628906,82.29145812988281,717677,0.0,0.0
2025-01-02 00:00:00-05:00,87.03990936279297,88.23987579345703,86.60527801513672,87.07770538330078,83.2215576171875,718101,0.0,0.0
2025-01-03 00:00:00-05:00,87.21943664550781,87.77689361572266,86.17064666748047,86.93597412109375,83.08610534667969,736516,0.0,0.0
2025-01-06 00:00:00-05:00,88.7595443725586,89.39259338378906,88.23987579345703,88.40049743652344,84.48575592041016,1306446,0.0,0.0
2025-01-07 00:00:00-05:00,89.19417572021484,89.22252655029297,87.85248565673828,88.60836791992188,84.68443298339844,995604,0.0,0.0
2025-01-08 00:00:00-05:00,88.04145812988281,90.41304016113281,87.62571716308594,90.3280029296875,86.32791137695312,1208230,0.0,0.0
2025-01-10 00:00:00-05:00,91.60355377197266,91.74528503417969,88.94851684570312,89.39259338378906,85.43392944335938,1043442,0.0,0.0
2025-01-13 00:00:00-05:00,88.55167388916016,90.01619720458984,88.49498748779297,89.5248794555664,85.56034088134766,845634,0.0,0.0
2025-01-14 00:00:00-05:00,90.23351287841797,90.29020690917969,89.09024047851562,90.08233642578125,86.0931167602539,662113,0.0,0.0
2025-01-15 00:00:00-05:00,92.6712417602539,92.85076141357422,90.63980102539062,91.64134979248047,87.58309936523438,752603,0.0,0.0
2025-01-16 00:00:00-05:00,92.12322235107422,92.22715759277344,91.15946960449219,92.04763793945312,87.97140502929688,765939,0.0,0.0
2025-01-17 00:00:00-05:00,92.22715759277344,94.44756317138672,91.58465576171875,92.70903015136719,88.60350036621094,744666,0.0,0.0
2025-01-21 00:00:00-05:00,93.5405044555664,93.87120056152344,92.48226928710938,93.23815155029297,89.10917663574219,1739846,0.0,0.0
2025-01-22 00:00:00-05:00,93.32318878173828,93.85230255126953,91.0366439819336,91.0366439819336,87.00515747070312,1616018,0.0,0.0
2025-01-23 00:00:00-05:00,90.02565002441406,92.5862045288086,88.56112670898438,91.82086944580078,87.75465393066406,1212251,0.0,0.0
2025-01-24 00:00:00-05:00,92.98303985595703,93.95623779296875,91.01774597167969,91.1783676147461,87.14061737060547,1008516,0.0,0.0
2025-01-27 00:00:00-05:00,89.34535217285156,89.59101867675781,88.21153259277344,88.94851684570312,85.00951385498047,1327401,0.0,0.0
2025-01-28 00:00:00-05:00,89.25086975097656,89.4870834350586,85.08406066894531,85.52814483642578,81.74060821533203,1886218,0.0,0.0
2025-01-29 00:00:00-05:00,85.92498779296875,87.07770538330078,85.28248596191406,86.33126831054688,82.50816345214844,1776572,0.0,0.0
2025-01-30 00:00:00-05:00,87.89972686767578,88.17373657226562,86.79425048828125,87.54067993164062,83.66402435302734,1502032,0.0,0.0
2025-01-31 00:00:00-05:00,86.97377014160156,88.36270904541016,85.78325653076172,86.5674819946289,82.73392486572266,1288136,0.0,0.0
2025-02-03 00:00:00-05:00,85.03681945800781,86.33126831054688,83.2888412475586,84.9706802368164,81.20783233642578,1558654,0.0,0.0
2025-02-04 00:00:00-05:00,86.3879623413086,88.28711700439453,85.68876647949219,88.1170425415039,84.21485900878906,1567227,0.0,0.0
2025-02-05 00:00:00-05:00,87.39895629882812,88.54222869873047,86.79425048828125,88.27767181396484,84.36837768554688,1460755,0.0,0.0
2025-02-06 00:00:00-05:00,90.47917938232422,91.62245178222656,89.39259338378906,89.39259338378906,85.43392944335938,1556643,0.0,0.0
2025-02-07 00:00:00-05:00,92.12322235107422,94.19245147705078,91.1216812133789,91.38623809814453,87.33927917480469,1228127,0.0,0.0
2025-02-10 00:00:00-05:00,92.8129653930664,92.99249267578125,91.25395965576172,91.68859100341797,87.62825012207031,1112871,0.0,0.0
2025-02-11 00:00:00-05:00,87.2572250366211,88.42884826660156,86.98322296142578,87.01156616210938,83.7582015991211,1049369,0.656673,0.0
2025-02-12 00:00:00-05:00,87.2099838256836,89.92171478271484,87.1343994140625,89.06189727783203,85.73188781738281,1446256,0.0,0.0
2025-02-13 00:00:00-05:00,89.6004638671875,92.7184829711914,88.01310729980469,92.44447326660156,88.98797607421875,1888441,0.0,0.0
2025-02-14 00:00:00-05:00,93.72947692871094,94.58929443359375,91.49961853027344,91.9059066772461,88.46955871582031,2060637,0.0,0.0
2025-02-18 00:00:00-05:00,91.8114242553711,92.05708312988281,90.11068725585938,92.05708312988281,88.61508178710938,1227598,0.0,0.0
2025-02-19 00:00:00-05:00,91.1783676147461,91.60355377197266,89.6666030883789,91.06498718261719,87.66007995605469,988830,0.0,0.0
2025-02-20 00:00:00-05:00,91.75473022460938,93.23815155029297,91.55631256103516,92.42557525634766,88.96979522705078,1152771,0.0,0.0
2025-02-21 00:00:00-05:00,92.31219482421875,92.31219482421875,87.44619750976562,87.78634643554688,84.50402069091797,1169282,0.0,0.0
2025-02-24 00:00:00-05:00,87.64461517333984,88.50443267822266,86.52969360351562,87.77689361572266,84.49491882324219,913687,0.0,0.0
2025-02-25 00:00:00-05:00,87.88082885742188,88.40995025634766,86.04781341552734,87.8902816772461,84.60408020019531,1093609,0.0,0.0
2025-02-26 00:00:00-05:00,89.34535217285156,90.27130889892578,87.9091796875,88.10759735107422,84.81326293945312,1798480,0.0,0.0
2025-02-27 00:00:00-05:00,87.9375228881836,88.7973403930664,85.19744873046875,85.49980163574219,82.302978515625,1105568,0.0,0.0
2025-02-28 00:00:00-05:00,83.47781372070312,84.07307434082031,82.74082946777344,84.02582550048828,80.88410186767578,1632634,0.0,0.0
2025-03-03 00:00:00-05:00,86.74700927734375,87.1627426147461,81.5975570678711,81.92825317382812,78.8649673461914,1247283,0.0,0.0
2025-03-04 00:00:00-05:00,81.39913177490234,82.73137664794922,79.67950439453125,81.18181610107422,78.14643859863281,1373017,0.0,0.0
2025-03-05 00:00:00-05:00,84.32817840576172,85.5186996459961,83.3266372680664,85.49980163574219,82.302978515625,2219815,0.0,0.0
2025-03-06 00:00:00-05:00,85.15020751953125,87.3895034790039,85.03681945800781,85.81159973144531,82.60310363769531,1274589,0.0,0.0
2025-03-07 00:00:00-05:00,84.9990234375,86.548583984375,83.46836853027344,85.94387817382812,82.7304458618164,2294006,0.0,0.0
2025-03-10 00:00:00-04:00,83.2888412475586,84.98957824707031,81.84321594238281,83.58174896240234,80.45663452148438,1911619,0.0,0.0
2025-03-11 00:00:00-04:00,83.988037109375,85.66987609863281,82.5613021850586,83.95968627929688,80.8204345703125,1658670,0.0,0.0
2025-03-12 00:00:00-04:00,85.04627227783203,86.01947021484375,83.44001770019531,85.35807037353516,82.16653442382812,1416516,0.0,0.0
2025-03-13 00:00:00-04:00,86.4824447631836,89.5059814453125,86.3407211303711,87.31391906738281,84.04927062988281,2144459,0.0,0.0
2025-03-14 00:00:00-04:00,88.59892272949219,90.96105194091797,88.26821899414062,90.82877349853516,87.43269348144531,1776360,0.0,0.0
2025-03-17 00:00:00-04:00,91.62245178222656,93.32318878173828,91.38623809814453,92.48226928710938,89.02436828613281,1584584,0.0,0.0
2025-03-18 00:00:00-04:00,93.5405044555664,93.86175537109375,91.70748901367188,93.35153198242188,89.86112976074219,1030213,0.0,0.0
2025-03-19 00:00:00-04:00,93.62554168701172,94.91999053955078,92.90745544433594,94.05072784423828,90.5341796875,1316924,0.0,0.0
2025-03-20 00:00:00-04:00,93.07752227783203,94.9577865600586,92.6334457397461,93.74836730957031,90.24313354492188,1269086,0.0,0.0
2025-03-21 00:00:00-04:00,92.25550079345703,96.01602172851562,90.70594024658203,94.87274932861328,91.32547760009766,5418512,0.0,0.0
2025-03-24 00:00:00-04:00,96.01602172851562,97.95297241210938,93.55940246582031,94.14521026611328,90.62512969970703,2506632,0.0,0.0
2025-03-25 00:00:00-04:00,95.57193756103516,96.87583923339844,95.1656494140625,95.88374328613281,92.29866027832031,2799058,0.0,0.0
2025-03-26 00:00:00-04:00,96.36561584472656,96.36561584472656,91.48072052001953,92.31219482421875,88.86065673828125,2053122,0.0,0.0
2025-03-27 00:00:00-04:00,90.63980102539062,92.04763793945312,89.44928741455078,91.49961853027344,88.07846069335938,1408049,0.0,0.0
2025-03-28 00:00:00-04:00,90.83821868896484,92.51061248779297,88.72174835205078,88.94851684570312,85.62274169921875,1202620,0.0,0.0
2025-03-31 00:00:00-04:00,86.06671142578125,88.88237762451172,85.18799591064453,88.30601501464844,85.0042724609375,1222412,0.0,0.0
2025-04-01 00:00:00-04:00,87.87138366699219,89.20362854003906,87.2005386352539,88.70285034179688,85.38626098632812,1204737,0.0,0.0
2025-04-02 00:00:00-04:00,87.79579162597656,89.26976776123047,87.3044662475586,89.15637969970703,85.82282257080078,956233,0.0,0.0
2025-04-03 00:00:00-04:00,84.67778015136719,85.86829376220703,81.7298355102539,81.94715118408203,78.8831558227539,2242993,0.0,0.0
2025-04-04 00:00:00-04:00,77.10005187988281,77.44020080566406,73.1600112915039,74.06707000732422,71.29771423339844,3108312,0.0,0.0
2025-04-07 00:00:00-04:00,71.20416259765625,78.34725952148438,70.92070770263672,75.02137756347656,72.21633911132812,3244841,0.0,0.0
2025-04-08 00:00:00-04:00,77.40240478515625,77.6291732788086,70.71283721923828,71.45927429199219,68.78741455078125,2127102,0.0,0.0
2025-04-09 00:00:00-04:00,73.50960540771484,80.64324951171875,70.7411880493164,79.76454162597656,76.78215789794922,2378887,0.0,0.0
2025-04-10 00:00:00-04:00,78.42284393310547,78.48898315429688,74.88909149169922,77.32681274414062,74.4355697631836,2684225,0.0,0.0
2025-04-11 00:00:00-04:00,78.97086334228516,80.9550552368164,78.00711059570312,79.96295928955078,76.97315216064453,1953319,0.0,0.0
2025-04-14 00:00:00-04:00,81.0967788696289,83.92189025878906,80.72828674316406,82.83531188964844,79.73811340332031,2130912,0.0,0.0
2025-04-15 00:00:00-04:00,82.20226287841797,82.86365509033203,81.13457489013672,82.04163360595703,78.97411346435547,1330047,0.0,0.0
2025-04-16 00:00:00-04:00,81.95659637451172,83.05262756347656,80.67160034179688,81.43692779541016,78.39200592041016,1801231,0.0,0.0
2025-04-17 00:00:00-04:00,81.47472381591797,82.44792175292969,80.44483184814453,81.50306701660156,78.45567321777344,1120068,0.0,0.0
2025-04-21 00:00:00-04:00,82.16446685791016,82.60855102539062,80.28421020507812,81.86211395263672,78.8012924194336,1163355,0.0,0.0
2025-04-22 00:00:00-04:00,83.45891571044922,84.81950378417969,83.18490600585938,84.1958999633789,81.0478286743164,1083025,0.0,0.0
2025-04-23 00:00:00-04:00,86.65251922607422,88.88237762451172,86.65251922607422,87.1627426147461,83.90373229980469,1670523,0.0,0.0
2025-04-24 00:00:00-04:00,88.56112670898438,91.102783203125,87.79579162597656,90.54531860351562,87.15983581542969,1476525,0.0,0.0
2025-04-25 00:00:00-04:00,88.58946990966797,89.86502075195312,88.0225601196289,89.08079528808594,85.75007629394531,1703968,0.0,0.0
2025-04-28 00:00:00-04:00,89.09969329833984,90.01619720458984,87.73910522460938,88.64616394042969,85.33169555664062,1119327,0.0,0.0
2025-04-29 00:00:00-04:00,88.48553466796875,89.39259338378906,87.68241119384766,87.74855041503906,84.46764373779297,1247072,0.0,0.0
2025-04-30 00:00:00-04:00,83.75182342529297,84.71556854248047,82.30619812011719,84.58329010009766,81.42073059082031,2030579,0.0,0.0
2025-05-01 00:00:00-04:00,84.8761978149414,86.4257583618164,84.53604888916016,84.8856430053711,81.71177673339844,1262735,0.0,0.0
2025-05-02 00:00:00-04:00,86.47903442382812,86.66017150878906,85.106201171875,85.93562316894531,83.37139129638672,835154,0.660677,1.009
2025-05-05 00:00:00-04:00,85.77355194091797,85.94515991210938,84.38165283203125,84.41978454589844,81.9007797241211,696486,0.0,0.0
2025-05-06 00:00:00-04:00,84.43885040283203,86.48857116699219,83.99077606201172,86.29789733886719,83.72285461425781,1084903,0.0,0.0
2025-05-07 00:00:00-04:00,85.23014068603516,85.51614379882812,82.55120849609375,83.38062286376953,80.89262390136719,1391189,0.0,0.0
2025-05-08 00:00:00-04:00,83.180419921875,84.73439025878906,83.05648040771484,83.97171020507812,81.46607208251953,1032457,0.0,0.0
2025-05-09 00:00:00-04:00,84.84879302978516,85.26827239990234,84.01937866210938,85.21106719970703,82.66845703125,1072735,0.0,0.0
2025-05-12 00:00:00-04:00,88.54782104492188,89.8062515258789,87.031982421875,87.95674133300781,85.33219909667969,1448880,0.0,0.0
2025-05-13 00:00:00-04:00,88.14741516113281,89.65371704101562,87.95674133300781,88.9386978149414,86.28485107421875,805679,0.0,0.0
2025-05-14 00:00:00-04:00,88.71942901611328,89.32003784179688,88.11881256103516,89.04357147216797,86.3865966796875,830119,0.0,0.0
2025-05-15 00:00:00-04:00,88.185546875,88.29041290283203,86.66970825195312,87.90907287597656,85.28595733642578,1049239,0.0,0.0
2025-05-16 00:00:00-04:00,86.86038208007812,87.2035903930664,84.41024780273438,86.55530548095703,83.97257232666016,1231857,0.0,0.0
2025-05-19 00:00:00-04:00,85.06806945800781,87.46099853515625,84.90599822998047,87.35612487792969,84.74950408935547,958193,0.0,0.0
2025-05-20 00:00:00-04:00,87.37519073486328,87.83280181884766,87.00337982177734,87.39425659179688,84.78649139404297,817427,0.0,0.0
2025-05-21 00:00:00-04:00,86.87944793701172,87.98534393310547,86.19303131103516,86.68877410888672,84.10206604003906,1032771,0.0,0.0
2025-05-22 00:00:00-04:00,85.98329162597656,86.4695053100586,85.02993774414062,86.20256042480469,83.6303482055664,925991,0.0,0.0
2025-05-23 00:00:00-04:00,85.14433288574219,88.48108673095703,85.14433288574219,88.03301239013672,85.40619659423828,1124552,0.0,0.0
2025-05-27 00:00:00-04:00,88.03301239013672,89.9015884399414,88.03301239013672,88.81475830078125,86.16461944580078,1071372,0.0,0.0
2025-05-28 00:00:00-04:00,88.3952865600586,88.3952865600586,87.1273193359375,87.46099853515625,84.85124206542969,712954,0.0,0.0
2025-05-29 00:00:00-04:00,88.61455535888672,88.77662658691406,87.5277328491211,88.08067321777344,85.45243835449219,1104832,0.0,0.0
2025-05-30 00:00:00-04:00,87.47052764892578,87.47052764892578,85.3922119140625,86.66970825195312,84.08356475830078,1376609,0.0,0.0
2025-06-02 00:00:00-04:00,88.62409210205078,89.17704010009766,87.37519073486328,88.13787841796875,85.50791931152344,1199341,0.0,0.0
2025-06-03 00:00:00-04:00,87.4323959350586,88.63362121582031,86.57437133789062,88.185546875,85.5541763305664,1278849,0.0,0.0
2025-06-04 00:00:00-04:00,88.85289764404297,89.95879364013672,88.2808837890625,89.36770629882812,86.70106506347656,1217277,0.0,0.0
2025-06-05 00:00:00-04:00,92.23731231689453,93.0953369140625,91.19815826416016,91.58902740478516,88.8561019897461,1753697,0.0,0.0
2025-06-06 00:00:00-04:00,92.2087173461914,92.47565460205078,90.883544921875,91.17908477783203,88.4583969116211,876901,0.0,0.0
2025-06-09 00:00:00-04:00,91.88457489013672,93.99149322509766,91.58902740478516,92.40892028808594,89.65152740478516,1088784,0.0,0.0
2025-06-10 00:00:00-04:00,92.5995864868164,93.2097396850586,91.97037506103516,93.06673431396484,90.28971862792969,978332,0.0,0.0
2025-06-11 00:00:00-04:00,93.03813171386719,93.04766845703125,91.27442169189453,91.57949829101562,88.84685516357422,1321121,0.0,0.0
2025-06-12 00:00:00-04:00,90.08272552490234,92.54238891601562,90.04459381103516,91.46509552001953,88.7358627319336,1346085,0.0,0.0
2025-06-13 00:00:00-04:00,89.61558532714844,90.7882080078125,89.21517181396484,90.34013366699219,87.64447784423828,1123398,0.0,0.0
2025-06-16 00:00:00-04:00,91.52229309082031,92.85699462890625,91.1504898071289,91.95130920410156,89.20758056640625,1186334,0.0,0.0
2025-06-17 00:00:00-04:00,91.81784057617188,92.47565460205078,90.33059692382812,90.883544921875,88.17166900634766,1084798,0.0,0.0
2025-06-18 00:00:00-04:00,90.82634735107422,91.66529846191406,90.52127075195312,90.80728149414062,88.09768676757812,805050,0.0,0.0
2025-06-20 00:00:00-04:00,91.32209014892578,91.32209014892578,88.61455535888672,89.10076904296875,86.44209289550781,6760005,0.0,0.0
2025-06-23 00:00:00-04:00,88.70989227294922,90.39733123779297,88.54782104492188,90.23526763916016,87.54273986816406,1023226,0.0,0.0
2025-06-24 00:00:00-04:00,90.1875991821289,92.73306274414062,89.83485412597656,92.38985443115234,89.63302612304688,1438286,0.0,0.0
2025-06-25 00:00:00-04:00,92.6949234008789,92.97139739990234,91.2839584350586,92.55192565917969,89.79026794433594,1189376,0.0,0.0
2025-06-26 00:00:00-04:00,95.34526062011719,100.65545654296875,95.34526062011719,99.7593002319336,96.78257751464844,2202322,0.0,0.0
2025-06-27 00:00:00-04:00,99.6258316040039,99.6258316040039,96.98503112792969,97.72865295410156,94.81253051757812,3494493,0.0,0.0
2025-06-30 00:00:00-04:00,97.36637878417969,97.8335189819336,96.05074310302734,96.45115661621094,93.5731430053711,1692440,0.0,0.0
2025-07-01 00:00:00-04:00,96.71809387207031,99.0824203491211,95.73613739013672,97.33777618408203,94.43331146240234,1829010,0.0,0.0
2025-07-02 00:00:00-04:00,98.6820068359375,101.58021545410156,98.19580078125,101.14167022705078,98.12369537353516,1749502,0.0,0.0
2025-07-03 00:00:00-04:00,100.893798828125,101.856689453125,99.95951080322266,100.92240142822266,97.91097259521484,753233,0.0,0.0
2025-07-07 00:00:00-04:00,99.52096557617188,100.57919311523438,98.92987823486328,99.63536834716797,96.66234588623047,1761564,0.0,0.0
2025-07-08 00:00:00-04:00,100.29318237304688,104.29728698730469,98.1004638671875,98.19580078125,95.26573944091797,4727609,0.0,0.0
2025-07-09 00:00:00-04:00,98.65341186523438,99.14915466308594,94.3633041381836,95.25946044921875,92.4170150756836,3214849,0.0,0.0
2025-07-10 00:00:00-04:00,97.09943389892578,97.80492401123047,95.71707153320312,97.49031066894531,94.58128356933594,1944811,0.0,0.0
2025-07-11 00:00:00-04:00,96.08887481689453,97.1566390991211,94.92578125,96.8706283569336,93.98011016845703,1233640,0.0,0.0
2025-07-14 00:00:00-04:00,95.68846893310547,96.35581970214844,94.75418090820312,95.31665802001953,92.4725112915039,1132104,0.0,0.0
2025-07-15 00:00:00-04:00,94.88764953613281,95.33572387695312,91.44602966308594,93.0,90.2249755859375,1833206,0.0,0.0
2025-07-16 00:00:00-04:00,93.25740814208984,93.33367156982422,90.87401580810547,92.1515121459961,89.40179443359375,1207417,0.0,0.0
2025-07-17 00:00:00-04:00,91.52229309082031,92.66632843017578,91.20768737792969,92.00850677490234,89.2630615234375,1105252,0.0,0.0
2025-07-18 00:00:00-04:00,93.04766845703125,93.14300537109375,91.53182983398438,91.9417724609375,89.19833374023438,967004,0.0,0.0
2025-07-21 00:00:00-04:00,93.42900848388672,94.68744659423828,93.24787139892578,93.47667694091797,90.68741607666016,854349,0.0,0.0
2025-07-22 00:00:00-04:00,94.28703308105469,94.60163879394531,92.7902603149414,94.52537536621094,91.704833984375,1081756,0.0,0.0
2025-07-23 00:00:00-04:00,94.69697570800781,96.16514587402344,94.41097259521484,96.12701416015625,93.25868225097656,1880722,0.0,0.0
2025-07-24 00:00:00-04:00,95.04972076416016,95.65986633300781,93.97242736816406,94.83998107910156,92.01004791259766,1157593,0.0,0.0
2025-07-25 00:00:00-04:00,94.37283325195312,94.46817016601562,93.00953674316406,93.61014556884766,90.81690979003906,1041582,0.0,0.0
2025-07-28 00:00:00-04:00,94.60163879394531,95.03064727783203,91.79876708984375,92.58052062988281,89.81800842285156,1973237,0.0,0.0
2025-07-29 00:00:00-04:00,92.47565460205078,92.86653137207031,90.94075012207031,92.1515121459961,89.40179443359375,1935161,0.0,0.0
2025-07-30 00:00:00-04:00,90.87401580810547,93.52434539794922,84.59139251708984,86.31696319580078,83.74134826660156,5264029,0.0,0.0
2025-07-31 00:00:00-04:00,85.67821502685547,90.61660766601562,85.67821502685547,89.76811981201172,87.08952331542969,3086566,0.0,0.0
2025-08-01 00:00:00-04:00,88.185546875,89.32957458496094,86.58390808105469,87.38472747802734,84.7772445678711,1550940,0.0,0.0
2025-08-04 00:00:00-04:00,87.98534393310547,88.8624267578125,87.63259887695312,88.70989227294922,86.06287384033203,1062351,0.0,0.0
2025-08-05 00:00:00-04:00,88.52875518798828,90.48313903808594,88.23321533203125,90.12085723876953,87.4317398071289,1299513,0.0,0.0
2025-08-06 00:00:00-04:00,90.83587646484375,91.2458267211914,90.2257308959961,90.63567352294922,87.93119812011719,948543,0.0,0.0
2025-08-07 00:00:00-04:00,92.28498077392578,93.38134002685547,91.95130920410156,92.96186828613281,90.18797302246094,1089203,0.0,0.0
2025-08-08 00:00:00-04:00,93.9438247680664,96.42255401611328,93.02860260009766,95.43106079101562,92.58348846435547,1355106,0.0,0.0
2025-08-11 00:00:00-04:00,94.55397033691406,95.03064727783203,91.34115600585938,91.6366958618164,88.90234375,1616603,0.0,0.0
2025-08-12 00:00:00-04:00,92.36125183105469,94.38236999511719,92.28498077392578,93.66735076904297,90.87240600585938,1003716,0.0,0.0
2025-08-13 00:00:00-04:00,94.66837310791016,96.01261138916016,93.91522216796875,94.85904693603516,92.02854919433594,1141335,0.0,0.0
2025-08-14 00:00:00-04:00,93.00953674316406,93.63874816894531,92.0180435180664,93.06673431396484,90.28971862792969,840398,0.0,0.0
2025-08-15 00:00:00-04:00,93.10191345214844,93.46781158447266,92.0619888305664,92.31234741210938,90.29776000976562,815773,0.76261,1.01
2025-08-18 00:00:00-04:00,92.32197570800781,93.01525115966797,91.5805435180664,92.32197570800781,90.30718231201172,851291,0.0,0.0
2025-08-19 00:00:00-04:00,92.89970397949219,93.03451538085938,90.33841705322266,90.75245666503906,88.77190399169922,866246,0.0,0.0
2025-08-20 00:00:00-04:00,90.1073226928711,90.63691711425781,89.16368865966797,90.22286987304688,88.25387573242188,1378246,0.0,0.0
2025-08-21 00:00:00-04:00,89.39478302001953,90.48284912109375,89.13480377197266,90.25175476074219,88.28213500976562,921911,0.0,0.0
2025-08-22 00:00:00-04:00,90.5117416381836,93.98777770996094,90.26138305664062,93.92037200927734,91.87068176269531,1096282,0.0,0.0
2025-08-25 00:00:00-04:00,94.18035125732422,94.59439849853516,93.4004135131836,93.41004180908203,91.37149810791016,704234,0.0,0.0
2025-08-26 00:00:00-04:00,92.98636627197266,94.20923614501953,92.66860961914062,94.1514663696289,92.09674072265625,987235,0.0,0.0
2025-08-27 00:00:00-04:00,92.61083984375,93.4004135131836,91.4746322631836,92.63972473144531,90.61798095703125,731236,0.0,0.0
2025-08-28 00:00:00-04:00,93.15006256103516,93.51596069335938,91.99459075927734,93.13079833984375,91.09834289550781,1003852,0.0,0.0
2025-08-29 00:00:00-04:00,92.90933227539062,94.38256072998047,92.39900207519531,92.52417755126953,90.50495910644531,1084443,0.0,0.0
2025-09-02 00:00:00-04:00,91.4746322631836,93.68927764892578,89.50070190429688,93.6411361694336,91.59754180908203,927935,0.0,0.0
2025-09-03 00:00:00-04:00,94.94103240966797,97.87785339355469,94.74845886230469,97.1845703125,95.06365203857422,1656990,0.0,0.0
2025-09-04 00:00:00-04:00,96.94384765625,97.2519760131836,95.15287017822266,97.07865142822266,94.96005249023438,979550,0.0,0.0
2025-09-05 00:00:00-04:00,98.4555892944336,99.80363464355469,97.50232696533203,99.15850067138672,96.99449920654297,1475141,0.0,0.0
2025-09-08 00:00:00-04:00,99.53402709960938,99.84214782714844,98.28226470947266,99.55328369140625,97.38066864013672,1478984,0.0,0.0
2025-09-09 00:00:00-04:00,100.20804595947266,102.0664291381836,96.16390991210938,96.20242309570312,94.10293579101562,1983818,0.0,0.0
2025-09-10 00:00:00-04:00,96.81867218017578,98.39781188964844,96.703125,98.31114959716797,96.16564178466797,1136370,0.0,0.0
2025-09-11 00:00:00-04:00,98.1474609375,101.79682159423828,97.99340057373047,101.15167999267578,98.94418334960938,995648,0.0,0.0
2025-09-12 00:00:00-04:00,101.47906494140625,103.2700424194336,101.08428192138672,102.23974609375,100.00849914550781,1668310,0.0,0.0
2025-09-15 00:00:00-04:00,102.67304992675781,106.2550048828125,102.5478744506836,105.86021423339844,103.5499496459961,2170132,0.0,0.0
2025-09-16 00:00:00-04:00,106.38980865478516,106.48609924316406,103.93443298339844,104.42550659179688,102.14656829833984,1832191,0.0,0.0
2025-09-17 00:00:00-04:00,103.38558959960938,105.45580291748047,102.10494232177734,102.91377258300781,100.66781616210938,1534442,0.0,0.0
2025-09-18 00:00:00-04:00,102.26863861083984,103.7514877319336,101.1998291015625,103.27967071533203,101.0257339477539,1747239,0.0,0.0
2025-09-19 00:00:00-04:00,104.9551010131836,106.92902374267578,104.31959533691406,105.90836334228516,103.59705352783203,2354576,0.0,0.0
2025-09-22 00:00:00-04:00,106.43795013427734,108.07486724853516,105.52320861816406,107.30455780029297,104.96278381347656,1522603,0.0,0.0
2025-09-23 00:00:00-04:00,107.8437728881836,108.57556915283203,106.05279541015625,106.16834259033203,103.85136413574219,1403067,0.0,0.0
2025-09-24 00:00:00-04:00,111.87828826904297,116.98160552978516,110.7324447631836,115.0654525756836,112.55430603027344,6016778,0.0,0.0
2025-09-25 00:00:00-04:00,113.8907241821289,114.6802978515625,111.7916259765625,113.58260345458984,111.10382080078125,3218018,0.0,0.0
2025-09-26 00:00:00-04:00,113.32262420654297,114.54549407958984,112.5908203125,112.6582260131836,110.19962310791016,1274807,0.0,0.0
2025-09-29 00:00:00-04:00,116.23055267333984,118.09855651855469,115.4698715209961,116.59645080566406,114.05189514160156,2011547,0.0,0.0
2025-09-30 00:00:00-04:00,116.17277526855469,116.85643005371094,114.68992614746094,116.85643005371094,114.30619812011719,2079363,0.0,0.0
2025-10-01 00:00:00-04:00,117.38602447509766,119.0133056640625,117.06826782226562,118.08892822265625,115.51180267333984,1506090,0.0,0.0
2025-10-02 00:00:00-04:00,119.61992645263672,120.91983032226562,118.26225280761719,120.66947937011719,118.0360336303711,1581072,0.0,0.0
2025-10-03 00:00:00-04:00,121.9019775390625,125.01211547851562,121.62274169921875,123.52926635742188,120.83340454101562,2570696,0.0,0.0
2025-10-06 00:00:00-04:00,125.74391174316406,128.30520629882812,125.00248718261719,125.15654754638672,122.4251708984375,2679847,0.0,0.0
2025-10-07 00:00:00-04:00,126.25424194335938,127.08232879638672,121.97901153564453,122.02715301513672,119.36407470703125,2318435,0.0,0.0
2025-10-08 00:00:00-04:00,126.1386947631836,129.4991912841797,125.94612121582031,127.61192321777344,124.82696533203125,2279386,0.0,0.0
2025-10-09 00:00:00-04:00,130.69317626953125,131.43460083007812,124.99285888671875,125.72465515136719,122.98088836669922,2078740,0.0,0.0
2025-10-10 00:00:00-04:00,126.7164306640625,127.22676849365234,120.17840576171875,120.4576416015625,117.82881927490234,3271607,0.0,0.0
2025-10-13 00:00:00-04:00,126.40830993652344,129.08514404296875,124.98323059082031,128.25706481933594,125.4580307006836,1939888,0.0,0.0
2025-10-14 00:00:00-04:00,124.5499267578125,127.843017578125,122.77820587158203,125.89797973632812,123.15043640136719,2087983,0.0,0.0
2025-10-15 00:00:00-04:00,128.0548553466797,128.23779296875,125.53207397460938,127.00530242919922,124.23358917236328,1195047,0.0,0.0
2025-10-16 00:00:00-04:00,128.54592895507812,131.11683654785156,126.67791748046875,128.324462890625,125.5239486694336,2001888,0.0,0.0
2025-10-17 00:00:00-04:00,127.03418731689453,127.83338928222656,123.78924560546875,124.99285888671875,122.26506042480469,1337743,0.0,0.0
2025-10-20 00:00:00-04:00,127.58303833007812,130.23098754882812,126.56237030029297,129.9324951171875,127.09689331054688,1258294,0.0,0.0
2025-10-21 00:00:00-04:00,125.17581176757812,126.60088348388672,122.9611587524414,123.55815124511719,120.86166381835938,1838526,0.0,0.0
2025-10-22 00:00:00-04:00,122.7204360961914,124.0684814453125,120.59244537353516,122.2101058959961,119.54303741455078,1314064,0.0,0.0
2025-10-23 00:00:00-04:00,126.14833068847656,126.38905334472656,123.4426040649414,123.60629272460938,120.90875244140625,1051210,0.0,0.0
2025-10-24 00:00:00-04:00,124.11663055419922,126.22535705566406,122.99967193603516,124.54029846191406,121.82238006591797,1045913,0.0,0.0
2025-10-27 00:00:00-04:00,126.1386947631836,128.23779296875,125.48393249511719,128.0548553466797,125.26023864746094,1542854,0.0,0.0
2025-10-28 00:00:00-04:00,126.56237030029297,133.80331420898438,126.42756652832031,133.22557067871094,130.318115234375,1940095,0.0,0.0
2025-10-29 00:00:00-04:00,136.08535766601562,139.43621826171875,135.28616333007812,136.42237854003906,133.4451446533203,1788988,0.0,0.0
2025-10-30 00:00:00-04:00,134.73731994628906,136.09498596191406,132.7826385498047,134.91062927246094,131.96640014648438,1467768,0.0,0.0
2025-10-31 00:00:00-04:00,135.1417236328125,136.24905395507812,132.88856506347656,133.6492462158203,130.7325439453125,1602051,0.0,0.0
2025-11-03 00:00:00-05:00,133.6492462158203,133.6492462158203,130.16358947753906,133.15817260742188,130.25218200683594,1429549,0.0,0.0
2025-11-04 00:00:00-05:00,127.72747039794922,128.6710968017578,125.18543243408203,125.93649291992188,123.18809509277344,2139495,0.0,0.0
2025-11-05 00:00:00-05:00,127.01493072509766,131.25164794921875,126.90901184082031,130.87611389160156,128.01992797851562,1375026,0.0,0.0
2025-11-06 00:00:00-05:00,131.63681030273438,133.5914764404297,130.3754119873047,132.1471405029297,129.26319885253906,1944561,0.0,0.0
2025-11-07 00:00:00-05:00,130.47171020507812,132.0123291015625,129.26809692382812,131.54051208496094,128.66983032226562,1125880,0.0,0.0
2025-11-10 00:00:00-05:00,134.96841430664062,135.3824462890625,132.91744995117188,134.3136444091797,131.38243103027344,1064191,0.0,0.0
2025-11-11 00:00:00-05:00,134.80471801757812,134.80471801757812,132.59007263183594,133.379638671875,130.4687957763672,876631,0.0,0.0
2025-11-12 00:00:00-05:00,135.22314453125,135.94139099121094,132.75784301757812,132.75784301757812,130.70901489257812,851128,0.86577,1.008
2025-11-13 00:00:00-05:00,133.3110809326172,134.14578247070312,127.65251922607422,128.14752197265625,126.16984558105469,1415113,0.0,0.0
2025-11-14 00:00:00-05:00,124.8183822631836,129.05987548828125,123.38190460205078,126.846923828125,124.88931274414062,780862,0.0,0.0
2025-11-17 00:00:00-05:00,126.17721557617188,126.98280334472656,121.8289566040039,123.31396484375,121.410888671875,1579651,0.0,0.0
2025-11-18 00:00:00-05:00,122.06189727783203,123.21690368652344,120.06246948242188,120.48953247070312,118.63003540039062,1768402,0.0,0.0
2025-11-19 00:00:00-05:00,122.29483795166016,123.93514251708984,120.60600280761719,121.69306945800781,119.81501007080078,1644148,0.0,0.0
2025-11-20 00:00:00-05:00,122.90631103515625,123.78955078125,115.91803741455078,116.49068450927734,114.69291687011719,1573882,0.0,0.0
2025-11-21 00:00:00-05:00,116.49068450927734,120.57688903808594,115.74333190917969,120.05276489257812,118.20001220703125,1256962,0.0,0.0
2025-11-24 00:00:00-05:00,120.72247314453125,123.53720092773438,120.72247314453125,123.0713119506836,121.17198181152344,1412228,0.0,0.0
2025-11-25 00:00:00-05:00,125.20661926269531,126.5654525756836,124.02249145507812,125.32308959960938,123.38900756835938,850819,0.0,0.0
2025-11-26 00:00:00-05:00,126.90515899658203,130.97195434570312,126.81780242919922,129.1181182861328,127.12545776367188,1423458,0.0,0.0
2025-11-28 00:00:00-05:00,131.1272430419922,131.49606323242188,129.8169403076172,130.816650390625,128.79779052734375,954158,0.0,0.0
2025-12-01 00:00:00-05:00,132.37930297851562,133.3984375,130.71958923339844,130.7972412109375,128.7786865234375,1074806,0.0,0.0
2025-12-02 00:00:00-05:00,131.25341796875,132.0007781982422,129.3413543701172,130.93312072753906,128.91244506835938,1052963,0.0,0.0
2025-12-03 00:00:00-05:00,135.4755096435547,136.5140380859375,133.47607421875,134.51461791992188,132.4386749267578,1204932,0.0,0.0
2025-12-04 00:00:00-05:00,133.4566650390625,135.9316864013672,132.0590057373047,135.83462524414062,133.7383270263672,919128,0.0,0.0
2025-12-05 00:00:00-05:00,137.8243408203125,140.0081787109375,136.24227905273438,136.28109741210938,134.1779022216797,1295804,0.0,0.0
2025-12-08 00:00:00-05:00,136.85374450683594,137.6787567138672,135.7084503173828,136.892578125,134.77992248535156,812389,0.0,0.0
2025-12-09 00:00:00-05:00,133.9419708251953,137.79522705078125,133.32078552246094,136.27139282226562,134.16835021972656,984449,0.0,0.0
2025-12-10 00:00:00-05:00,137.56228637695312,139.83346557617188,135.61138916015625,139.74612426757812,137.58944702148438,1022364,0.0,0.0
2025-12-11 00:00:00-05:00,140.16346740722656,144.55055236816406,139.2220001220703,143.28878784179688,141.0774383544922,1282720,0.0,0.0
2025-12-12 00:00:00-05:00,144.61849975585938,145.34645080566406,137.66905212402344,138.2222900390625,136.08912658691406,1801474,0.0,0.0
2025-12-15 00:00:00-05:00,141.1728973388672,141.1728973388672,138.52316284179688,139.629638671875,137.47476196289062,966006,0.0,0.0
2025-12-16 00:00:00-05:00,137.33905029296875,139.9693603515625,135.89285278320312,136.1452178955078,134.0441131591797,1109012,0.0,0.0
2025-12-17 00:00:00-05:00,137.88258361816406,138.56199645996094,136.37815856933594,137.29051208496094,135.17173767089844,931801,0.0,0.0
2025-12-18 00:00:00-05:00,137.8243408203125,138.56199645996094,135.5531463623047,138.0961151123047,135.96490478515625,872971,0.0,0.0
2025-12-19 00:00:00-05:00,137.7175750732422,142.0852508544922,137.7175750732422,139.76553344726562,137.6085662841797,1946643,0.0,0.0
2025-12-22 00:00:00-05:00,142.55113220214844,143.55084228515625,141.376708984375,142.85202026367188,140.6474151611328,978576,0.0,0.0
2025-12-23 00:00:00-05:00,144.59909057617188,144.86114501953125,141.87171936035156,143.6673126220703,141.4501190185547,975588,0.0,0.0
2025-12-24 00:00:00-05:00,145.1232147216797,145.1232147216797,142.40554809570312,143.77407836914062,141.55523681640625,357204,0.0,0.0
2025-12-26 00:00:00-05:00,146.4335174560547,147.71469116210938,144.7834930419922,145.1232147216797,142.88356018066406,1134975,0.0,0.0
2025-12-29 00:00:00-05:00,141.4640655517578,142.6676025390625,139.49375915527344,141.0272979736328,138.85084533691406,1154448,0.0,0.0
2025-12-30 00:00:00-05:00,144.11378479003906,144.86114501953125,141.01759338378906,141.20201110839844,139.0228729248047,874413,0.0,0.0
2025-12-31 00:00:00-05:00,140.3187713623047,140.46435546875,137.8243408203125,139.25111389160156,137.10206604003906,959103,0.0,0.0
