codigo_serie,nombre_serie,fecha_bcrp,valor
PD04701XD,"Cotizaciones internacionales - Cobre (Londres, cUS$ por libras)",01.Ene.15,n.d.
PD04701XD,"Cotizaciones internacionales - Cobre (Londres, cUS$ por libras)",02.Ene.15,286.17142621337
PD04701XD,"Cotizaciones internacionales - Cobre (Londres, cUS$ por libras)",05.Ene.15,281.95301717266
PD04701XD,"Cotizaciones internacionales - Cobre (Londres, cUS$ por libras)",06.Ene.15,280.819036247737
PD04701XD,"Cotizaciones internacionales - Cobre (Londres, cUS$ por libras)",07.Ene.15,279.866492270803
PD04701XD,"Cotizaciones internacionales - Cobre (Londres, cUS$ por libras)",08.Ene.15,282.610726109115
PD04701XD,"Cotizaciones internacionales - Cobre (Londres, cUS$ por libras)",09.Ene.15,279.004666767862
PD04701XD,"Cotizaciones internacionales - Cobre (Londres, cUS$ por libras)",12.Ene.15,278.097482027924
PD04701XD,"Cotizaciones internacionales - Cobre (Londres, cUS$ por libras)",13.Ene.15,268.299886836596
PD04701XD,"Cotizaciones internacionales - Cobre (Londres, cUS$ por libras)",14.Ene.15,255.236426581492
PD04701XD,"Cotizaciones internacionales - Cobre (Londres, cUS$ por libras)",15.Ene.15,259.409476385206
PD04701XD,"Cotizaciones internacionales - Cobre (Londres, cUS$ por libras)",16.Ene.15,256.73328140239
PD04701XD,"Cotizaciones internacionales - Cobre (Londres, cUS$ por libras)",19.Ene.15,257.232233009355
PD04701XD,"Cotizaciones internacionales - Cobre (Londres, cUS$ por libras)",20.Ene.15,261.291884720577
PD04701XD,"Cotizaciones internacionales - Cobre (Londres, cUS$ por libras)",21.Ene.15,255.395183910981
PD04701XD,"Cotizaciones internacionales - Cobre (Londres, cUS$ por libras)",22.Ene.15,260.452738836134
PD04701XD,"Cotizaciones internacionales - Cobre (Londres, cUS$ por libras)",23.Ene.15,253.149901679635
PD04701XD,"Cotizaciones internacionales - Cobre (Londres, cUS$ por libras)",26.Ene.15,249.022211112919
PD04701XD,"Cotizaciones internacionales - Cobre (Londres, cUS$ por libras)",27.Ene.15,252.06127999171
PD04701XD,"Cotizaciones internacionales - Cobre (Londres, cUS$ por libras)",28.Ene.15,248.818094546432
PD04701XD,"Cotizaciones internacionales - Cobre (Londres, cUS$ por libras)",29.Ene.15,244.508967031728
PD04701XD,"Cotizaciones internacionales - Cobre (Londres, cUS$ por libras)",30.Ene.15,249.702599667872
PD04701XD,"Cotizaciones internacionales - Cobre (Londres, cUS$ por libras)",02.Feb.15,251.086056396277
PD04701XD,"Cotizaciones internacionales - Cobre (Londres, cUS$ por libras)",03.Feb.15,258.320854697281
PD04701XD,"Cotizaciones internacionales - Cobre (Londres, cUS$ por libras)",04.Feb.15,258.91052477824
PD04701XD,"Cotizaciones internacionales - Cobre (Londres, cUS$ por libras)",05.Feb.15,253.784930997592
PD04701XD,"Cotizaciones internacionales - Cobre (Londres, cUS$ por libras)",06.Feb.15,258.18477698629
PD04701XD,"Cotizaciones internacionales - Cobre (Londres, cUS$ por libras)",09.Feb.15,257.005436824371
PD04701XD,"Cotizaciones internacionales - Cobre (Londres, cUS$ por libras)",10.Feb.15,253.603494049604
PD04701XD,"Cotizaciones internacionales - Cobre (Londres, cUS$ por libras)",11.Feb.15,256.075572465935
PD04701XD,"Cotizaciones internacionales - Cobre (Londres, cUS$ por libras)",12.Feb.15,258.320854697281
PD04701XD,"Cotizaciones internacionales - Cobre (Londres, cUS$ por libras)",13.Feb.15,259.953787229169
PD04701XD,"Cotizaciones internacionales - Cobre (Londres, cUS$ por libras)",16.Feb.15,259.1
PD04701XD,"Cotizaciones internacionales - Cobre (Londres, cUS$ por libras)",17.Feb.15,256.982757205872
PD04701XD,"Cotizaciones internacionales - Cobre (Londres, cUS$ por libras)",18.Feb.15,258.094058512296
PD04701XD,"Cotizaciones internacionales - Cobre (Londres, cUS$ por libras)",19.Feb.15,259.454835622203
PD04701XD,"Cotizaciones internacionales - Cobre (Londres, cUS$ por libras)",20.Feb.15,258.865165541243
PD04701XD,"Cotizaciones internacionales - Cobre (Londres, cUS$ por libras)",23.Feb.15,256.597203691399
PD04701XD,"Cotizaciones internacionales - Cobre (Londres, cUS$ por libras)",24.Feb.15,259.228039437218
PD04701XD,"Cotizaciones internacionales - Cobre (Londres, cUS$ por libras)",25.Feb.15,263.310370766938
PD04701XD,"Cotizaciones internacionales - Cobre (Londres, cUS$ por libras)",26.Feb.15,269.229751195032
PD04701XD,"Cotizaciones internacionales - Cobre (Londres, cUS$ por libras)",27.Feb.15,266.734993160203
PD04701XD,"Cotizaciones internacionales - Cobre (Londres, cUS$ por libras)",02.Mar.15,267.438061333655
PD04701XD,"Cotizaciones internacionales - Cobre (Londres, cUS$ por libras)",03.Mar.15,265.578332616783
PD04701XD,"Cotizaciones internacionales - Cobre (Londres, cUS$ por libras)",04.Mar.15,266.803032015699
PD04701XD,"Cotizaciones internacionales - Cobre (Londres, cUS$ por libras)",05.Mar.15,265.62369185378
PD04701XD,"Cotizaciones internacionales - Cobre (Londres, cUS$ por libras)",06.Mar.15,264.285594362372
PD04701XD,"Cotizaciones internacionales - Cobre (Londres, cUS$ por libras)",09.Mar.15,263.083574581954
PD04701XD,"Cotizaciones internacionales - Cobre (Londres, cUS$ por libras)",10.Mar.15,262.335147171505
PD04701XD,"Cotizaciones internacionales - Cobre (Londres, cUS$ por libras)",11.Mar.15,262.448545263998
PD04701XD,"Cotizaciones internacionales - Cobre (Londres, cUS$ por libras)",12.Mar.15,266.05460460525
PD04701XD,"Cotizaciones internacionales - Cobre (Londres, cUS$ por libras)",13.Mar.15,265.805128801767
PD04701XD,"Cotizaciones internacionales - Cobre (Londres, cUS$ por libras)",16.Mar.15,265.487614142789
PD04701XD,"Cotizaciones internacionales - Cobre (Londres, cUS$ por libras)",17.Mar.15,261.496001287063
PD04701XD,"Cotizaciones internacionales - Cobre (Londres, cUS$ por libras)",18.Mar.15,258.207456604788
PD04701XD,"Cotizaciones internacionales - Cobre (Londres, cUS$ por libras)",19.Mar.15,264.671147876845
PD04701XD,"Cotizaciones internacionales - Cobre (Londres, cUS$ por libras)",20.Mar.15,268.5
PD04701XD,"Cotizaciones internacionales - Cobre (Londres, cUS$ por libras)",23.Mar.15,276.396510640541
PD04701XD,"Cotizaciones internacionales - Cobre (Londres, cUS$ por libras)",24.Mar.15,277.961404316933
PD04701XD,"Cotizaciones internacionales - Cobre (Londres, cUS$ por libras)",25.Mar.15,278.256239357413
PD04701XD,"Cotizaciones internacionales - Cobre (Londres, cUS$ por libras)",26.Mar.15,282.588046490616
PD04701XD,"Cotizaciones internacionales - Cobre (Londres, cUS$ por libras)",27.Mar.15,278.777870582877
PD04701XD,"Cotizaciones internacionales - Cobre (Londres, cUS$ por libras)",30.Mar.15,277.144938050989
PD04701XD,"Cotizaciones internacionales - Cobre (Londres, cUS$ por libras)",31.Mar.15,274.446063449675
PD04701XD,"Cotizaciones internacionales - Cobre (Londres, cUS$ por libras)",01.Abr.15,273.039927102771
PD04701XD,"Cotizaciones internacionales - Cobre (Londres, cUS$ por libras)",02.Abr.15,272.223460836827
PD04701XD,"Cotizaciones internacionales - Cobre (Londres, cUS$ por libras)",03.Abr.15,272.223460836827
PD04701XD,"Cotizaciones internacionales - Cobre (Londres, cUS$ por libras)",06.Abr.15,272.223460836827
PD04701XD,"Cotizaciones internacionales - Cobre (Londres, cUS$ por libras)",07.Abr.15,274.015150698204
PD04701XD,"Cotizaciones internacionales - Cobre (Londres, cUS$ por libras)",08.Abr.15,274.650180016161
PD04701XD,"Cotizaciones internacionales - Cobre (Londres, cUS$ por libras)",09.Abr.15,274.423383831176
PD04701XD,"Cotizaciones internacionales - Cobre (Londres, cUS$ por libras)",10.Abr.15,274.650180016161
PD04701XD,"Cotizaciones internacionales - Cobre (Londres, cUS$ por libras)",13.Abr.15,272.677053206796
PD04701XD,"Cotizaciones internacionales - Cobre (Londres, cUS$ por libras)",14.Abr.15,268.367925692091
PD04701XD,"Cotizaciones internacionales - Cobre (Londres, cUS$ por libras)",15.Abr.15,268.549362640079
PD04701XD,"Cotizaciones internacionales - Cobre (Londres, cUS$ por libras)",16.Abr.15,274.604820779164
PD04701XD,"Cotizaciones internacionales - Cobre (Londres, cUS$ por libras)",17.Abr.15,275.82952017808
PD04701XD,"Cotizaciones internacionales - Cobre (Londres, cUS$ por libras)",20.Abr.15,272.246140455325
PD04701XD,"Cotizaciones internacionales - Cobre (Londres, cUS$ por libras)",21.Abr.15,271.021441056409
PD04701XD,"Cotizaciones internacionales - Cobre (Londres, cUS$ por libras)",22.Abr.15,268.844197680559
PD04701XD,"Cotizaciones internacionales - Cobre (Londres, cUS$ por libras)",23.Abr.15,269.207071576534
PD04701XD,"Cotizaciones internacionales - Cobre (Londres, cUS$ por libras)",24.Abr.15,273.312082524752
PD04701XD,"Cotizaciones internacionales - Cobre (Londres, cUS$ por libras)",27.Abr.15,274.922335438142
PD04701XD,"Cotizaciones internacionales - Cobre (Londres, cUS$ por libras)",28.Abr.15,276.26043292955
PD04701XD,"Cotizaciones internacionales - Cobre (Londres, cUS$ por libras)",29.Abr.15,276.827423392011
PD04701XD,"Cotizaciones internacionales - Cobre (Londres, cUS$ por libras)",30.Abr.15,283.268435045569
PD04701XD,"Cotizaciones internacionales - Cobre (Londres, cUS$ por libras)",01.May.15,288.575465774205
PD04701XD,"Cotizaciones internacionales - Cobre (Londres, cUS$ por libras)",04.May.15,288.575465774205
PD04701XD,"Cotizaciones internacionales - Cobre (Londres, cUS$ por libras)",05.May.15,290.752709150056
PD04701XD,"Cotizaciones internacionales - Cobre (Londres, cUS$ por libras)",06.May.15,290.321796398585
PD04701XD,"Cotizaciones internacionales - Cobre (Londres, cUS$ por libras)",07.May.15,291.977408548972
PD04701XD,"Cotizaciones internacionales - Cobre (Londres, cUS$ por libras)",08.May.15,290.140359450598
PD04701XD,"Cotizaciones internacionales - Cobre (Londres, cUS$ por libras)",11.May.15,288.620825011202
PD04701XD,"Cotizaciones internacionales - Cobre (Londres, cUS$ por libras)",12.May.15,292.476360155938
PD04701XD,"Cotizaciones internacionales - Cobre (Londres, cUS$ por libras)",13.May.15,291.024864572037
PD04701XD,"Cotizaciones internacionales - Cobre (Londres, cUS$ por libras)",14.May.15,290.25375754309
PD04701XD,"Cotizaciones internacionales - Cobre (Londres, cUS$ por libras)",15.May.15,288.303310352224
PD04701XD,"Cotizaciones internacionales - Cobre (Londres, cUS$ por libras)",18.May.15,289.52800975114
PD04701XD,"Cotizaciones internacionales - Cobre (Londres, cUS$ por libras)",19.May.15,284.402415970492
PD04701XD,"Cotizaciones internacionales - Cobre (Londres, cUS$ por libras)",20.May.15,281.590143276684
PD04701XD,"Cotizaciones internacionales - Cobre (Londres, cUS$ por libras)",21.May.15,283.041638860585
PD04701XD,"Cotizaciones internacionales - Cobre (Londres, cUS$ por libras)",22.May.15,281.113871288217
PD04701XD,"Cotizaciones internacionales - Cobre (Londres, cUS$ por libras)",25.May.15,281.113871288217
PD04701XD,"Cotizaciones internacionales - Cobre (Londres, cUS$ por libras)",26.May.15,278.256239357413
PD04701XD,"Cotizaciones internacionales - Cobre (Londres, cUS$ por libras)",27.May.15,276.010957126067
PD04701XD,"Cotizaciones internacionales - Cobre (Londres, cUS$ por libras)",28.May.15,277.462452709968
PD04701XD,"Cotizaciones internacionales - Cobre (Londres, cUS$ por libras)",29.May.15,276.169714455556
PD04701XD,"Cotizaciones internacionales - Cobre (Londres, cUS$ por libras)",01.Jun.15,270.817324489923
PD04701XD,"Cotizaciones internacionales - Cobre (Londres, cUS$ por libras)",02.Jun.15,272.087383125836
PD04701XD,"Cotizaciones internacionales - Cobre (Londres, cUS$ por libras)",03.Jun.15,271.792548085356
PD04701XD,"Cotizaciones internacionales - Cobre (Londres, cUS$ por libras)",04.Jun.15,270.068897079475
PD04701XD,"Cotizaciones internacionales - Cobre (Londres, cUS$ por libras)",05.Jun.15,268.730799588067
PD04701XD,"Cotizaciones internacionales - Cobre (Londres, cUS$ por libras)",08.Jun.15,268.299886836596
PD04701XD,"Cotizaciones internacionales - Cobre (Londres, cUS$ por libras)",09.Jun.15,271.656470374366
PD04701XD,"Cotizaciones internacionales - Cobre (Londres, cUS$ por libras)",10.Jun.15,274.21926726469
PD04701XD,"Cotizaciones internacionales - Cobre (Londres, cUS$ por libras)",11.Jun.15,267.891653703624
PD04701XD,"Cotizaciones internacionales - Cobre (Londres, cUS$ por libras)",12.Jun.15,267.097867056179
PD04701XD,"Cotizaciones internacionales - Cobre (Londres, cUS$ por libras)",15.Jun.15,261.291884720577
PD04701XD,"Cotizaciones internacionales - Cobre (Londres, cUS$ por libras)",16.Jun.15,260.906331206103
PD04701XD,"Cotizaciones internacionales - Cobre (Londres, cUS$ por libras)",17.Jun.15,260.770253495113
PD04701XD,"Cotizaciones internacionales - Cobre (Londres, cUS$ por libras)",18.Jun.15,261.314564339075
PD04701XD,"Cotizaciones internacionales - Cobre (Londres, cUS$ por libras)",19.Jun.15,256.86935911338
PD04701XD,"Cotizaciones internacionales - Cobre (Londres, cUS$ por libras)",22.Jun.15,256.098252084433
PD04701XD,"Cotizaciones internacionales - Cobre (Londres, cUS$ por libras)",23.Jun.15,259.681631807187
PD04701XD,"Cotizaciones internacionales - Cobre (Londres, cUS$ por libras)",24.Jun.15,261.496001287063
PD04701XD,"Cotizaciones internacionales - Cobre (Londres, cUS$ por libras)",25.Jun.15,259.250719055717
PD04701XD,"Cotizaciones internacionales - Cobre (Londres, cUS$ por libras)",26.Jun.15,259.953787229169
PD04701XD,"Cotizaciones internacionales - Cobre (Londres, cUS$ por libras)",29.Jun.15,261.586719761057
PD04701XD,"Cotizaciones internacionales - Cobre (Londres, cUS$ por libras)",30.Jun.15,259.5001948592
PD04701XD,"Cotizaciones internacionales - Cobre (Londres, cUS$ por libras)",01.Jul.15,261.065088535592
PD04701XD,"Cotizaciones internacionales - Cobre (Londres, cUS$ por libras)",02.Jul.15,261.314564339075
PD04701XD,"Cotizaciones internacionales - Cobre (Londres, cUS$ por libras)",03.Jul.15,261.337243957574
PD04701XD,"Cotizaciones internacionales - Cobre (Londres, cUS$ por libras)",06.Jul.15,252.65095007267
PD04701XD,"Cotizaciones internacionales - Cobre (Londres, cUS$ por libras)",07.Jul.15,246.776928881572
PD04701XD,"Cotizaciones internacionales - Cobre (Londres, cUS$ por libras)",08.Jul.15,243.805898858276
PD04701XD,"Cotizaciones internacionales - Cobre (Londres, cUS$ por libras)",09.Jul.15,252.923105494651
PD04701XD,"Cotizaciones internacionales - Cobre (Londres, cUS$ por libras)",10.Jul.15,252.265396558196
PD04701XD,"Cotizaciones internacionales - Cobre (Londres, cUS$ por libras)",13.Jul.15,254.261202986059
PD04701XD,"Cotizaciones internacionales - Cobre (Londres, cUS$ por libras)",14.Jul.15,249.58920157538
PD04701XD,"Cotizaciones internacionales - Cobre (Londres, cUS$ por libras)",15.Jul.15,253.875649471585
PD04701XD,"Cotizaciones internacionales - Cobre (Londres, cUS$ por libras)",16.Jul.15,250.836580592794
PD04701XD,"Cotizaciones internacionales - Cobre (Londres, cUS$ por libras)",17.Jul.15,247.888230187996
PD04701XD,"Cotizaciones internacionales - Cobre (Londres, cUS$ por libras)",20.Jul.15,246.073860708121
PD04701XD,"Cotizaciones internacionales - Cobre (Londres, cUS$ por libras)",21.Jul.15,248.364502176464
PD04701XD,"Cotizaciones internacionales - Cobre (Londres, cUS$ por libras)",22.Jul.15,242.694597551852
PD04701XD,"Cotizaciones internacionales - Cobre (Londres, cUS$ por libras)",23.Jul.15,242.218325563385
PD04701XD,"Cotizaciones internacionales - Cobre (Londres, cUS$ por libras)",24.Jul.15,236.979333690244
PD04701XD,"Cotizaciones internacionales - Cobre (Londres, cUS$ por libras)",27.Jul.15,235.414440013852
PD04701XD,"Cotizaciones internacionales - Cobre (Londres, cUS$ por libras)",28.Jul.15,237.659722245198
PD04701XD,"Cotizaciones internacionales - Cobre (Londres, cUS$ por libras)",29.Jul.15,240.494674557503
PD04701XD,"Cotizaciones internacionales - Cobre (Londres, cUS$ por libras)",30.Jul.15,237.727761100693
PD04701XD,"Cotizaciones internacionales - Cobre (Londres, cUS$ por libras)",31.Jul.15,236.775217123758
PD04701XD,"Cotizaciones internacionales - Cobre (Londres, cUS$ por libras)",03.Ago.15,234.802090314394
PD04701XD,"Cotizaciones internacionales - Cobre (Londres, cUS$ por libras)",04.Ago.15,236.571100557273
PD04701XD,"Cotizaciones internacionales - Cobre (Londres, cUS$ por libras)",05.Ago.15,234.575294129409
PD04701XD,"Cotizaciones internacionales - Cobre (Londres, cUS$ por libras)",06.Ago.15,234.28045908893
PD04701XD,"Cotizaciones internacionales - Cobre (Londres, cUS$ por libras)",07.Ago.15,232.942361597521
PD04701XD,"Cotizaciones internacionales - Cobre (Londres, cUS$ por libras)",10.Ago.15,233.600070533976
PD04701XD,"Cotizaciones internacionales - Cobre (Londres, cUS$ por libras)",11.Ago.15,233.146478164007
PD04701XD,"Cotizaciones internacionales - Cobre (Londres, cUS$ por libras)",12.Ago.15,231.468186395123
PD04701XD,"Cotizaciones internacionales - Cobre (Londres, cUS$ por libras)",13.Ago.15,233.509352059983
PD04701XD,"Cotizaciones internacionales - Cobre (Londres, cUS$ por libras)",14.Ago.15,233.872225955958
PD04701XD,"Cotizaciones internacionales - Cobre (Londres, cUS$ por libras)",17.Ago.15,231.377467921129
PD04701XD,"Cotizaciones internacionales - Cobre (Londres, cUS$ por libras)",18.Ago.15,226.818864602941
PD04701XD,"Cotizaciones internacionales - Cobre (Londres, cUS$ por libras)",19.Ago.15,227.091020024923
PD04701XD,"Cotizaciones internacionales - Cobre (Londres, cUS$ por libras)",20.Ago.15,229.540418822755
PD04701XD,"Cotizaciones internacionales - Cobre (Londres, cUS$ por libras)",21.Ago.15,228.8827098863
PD04701XD,"Cotizaciones internacionales - Cobre (Londres, cUS$ por libras)",24.Ago.15,221.715950440791
PD04701XD,"Cotizaciones internacionales - Cobre (Londres, cUS$ por libras)",25.Ago.15,228.247680568343
PD04701XD,"Cotizaciones internacionales - Cobre (Londres, cUS$ por libras)",26.Ago.15,224.936456267571
PD04701XD,"Cotizaciones internacionales - Cobre (Londres, cUS$ por libras)",27.Ago.15,228.111602857353
PD04701XD,"Cotizaciones internacionales - Cobre (Londres, cUS$ por libras)",28.Ago.15,231.105312499147
PD04701XD,"Cotizaciones internacionales - Cobre (Londres, cUS$ por libras)",31.Ago.15,231.105312499147
PD04701XD,"Cotizaciones internacionales - Cobre (Londres, cUS$ por libras)",01.Set.15,231.105312499147
PD04701XD,"Cotizaciones internacionales - Cobre (Londres, cUS$ por libras)",02.Set.15,230.901195932661
PD04701XD,"Cotizaciones internacionales - Cobre (Londres, cUS$ por libras)",03.Set.15,238.135994233665
PD04701XD,"Cotizaciones internacionales - Cobre (Londres, cUS$ por libras)",04.Set.15,233.849546337459
PD04701XD,"Cotizaciones internacionales - Cobre (Londres, cUS$ por libras)",07.Set.15,234.779410695895
PD04701XD,"Cotizaciones internacionales - Cobre (Londres, cUS$ por libras)",08.Set.15,239.496771343572
PD04701XD,"Cotizaciones internacionales - Cobre (Londres, cUS$ por libras)",09.Set.15,243.397665725304
PD04701XD,"Cotizaciones internacionales - Cobre (Londres, cUS$ por libras)",10.Set.15,244.939879783198
PD04701XD,"Cotizaciones internacionales - Cobre (Londres, cUS$ por libras)",11.Set.15,242.762636407348
PD04701XD,"Cotizaciones internacionales - Cobre (Londres, cUS$ por libras)",14.Set.15,241.492577771435
PD04701XD,"Cotizaciones internacionales - Cobre (Londres, cUS$ por libras)",15.Set.15,239.950363713541
PD04701XD,"Cotizaciones internacionales - Cobre (Londres, cUS$ por libras)",16.Set.15,242.671917933354
PD04701XD,"Cotizaciones internacionales - Cobre (Londres, cUS$ por libras)",17.Set.15,243.533743436295
PD04701XD,"Cotizaciones internacionales - Cobre (Londres, cUS$ por libras)",18.Set.15,243.034791829329
PD04701XD,"Cotizaciones internacionales - Cobre (Londres, cUS$ por libras)",21.Set.15,238.907101262612
PD04701XD,"Cotizaciones internacionales - Cobre (Londres, cUS$ por libras)",22.Set.15,232.738245031035
PD04701XD,"Cotizaciones internacionales - Cobre (Londres, cUS$ por libras)",23.Set.15,231.876419528095
PD04701XD,"Cotizaciones internacionales - Cobre (Londres, cUS$ por libras)",24.Set.15,228.8827098863
PD04701XD,"Cotizaciones internacionales - Cobre (Londres, cUS$ por libras)",25.Set.15,231.241390210138
PD04701XD,"Cotizaciones internacionales - Cobre (Londres, cUS$ por libras)",28.Set.15,225.208611689552
PD04701XD,"Cotizaciones internacionales - Cobre (Londres, cUS$ por libras)",29.Set.15,227.249777354412
PD04701XD,"Cotizaciones internacionales - Cobre (Londres, cUS$ por libras)",30.Set.15,231.014594025154
PD04701XD,"Cotizaciones internacionales - Cobre (Londres, cUS$ por libras)",01.Oct.15,234.870129169889
PD04701XD,"Cotizaciones internacionales - Cobre (Londres, cUS$ por libras)",02.Oct.15,230.470283181191
PD04701XD,"Cotizaciones internacionales - Cobre (Londres, cUS$ por libras)",05.Oct.15,233.350594730493
PD04701XD,"Cotizaciones internacionales - Cobre (Londres, cUS$ por libras)",06.Oct.15,234.734051458899
PD04701XD,"Cotizaciones internacionales - Cobre (Londres, cUS$ por libras)",07.Oct.15,237.727761100693
PD04701XD,"Cotizaciones internacionales - Cobre (Londres, cUS$ por libras)",08.Oct.15,234.053662903945
PD04701XD,"Cotizaciones internacionales - Cobre (Londres, cUS$ por libras)",09.Oct.15,241.26578158645
PD04701XD,"Cotizaciones internacionales - Cobre (Londres, cUS$ por libras)",12.Oct.15,241.991529378401
PD04701XD,"Cotizaciones internacionales - Cobre (Londres, cUS$ por libras)",13.Oct.15,238.612266222132
PD04701XD,"Cotizaciones internacionales - Cobre (Londres, cUS$ por libras)",14.Oct.15,239.406052869578
PD04701XD,"Cotizaciones internacionales - Cobre (Londres, cUS$ por libras)",15.Oct.15,242.399762511373
PD04701XD,"Cotizaciones internacionales - Cobre (Londres, cUS$ por libras)",16.Oct.15,239.043178973603
PD04701XD,"Cotizaciones internacionales - Cobre (Londres, cUS$ por libras)",19.Oct.15,237.682401863696
PD04701XD,"Cotizaciones internacionales - Cobre (Londres, cUS$ por libras)",20.Oct.15,235.369080776855
PD04701XD,"Cotizaciones internacionales - Cobre (Londres, cUS$ por libras)",21.Oct.15,235.210323447366
PD04701XD,"Cotizaciones internacionales - Cobre (Londres, cUS$ por libras)",22.Oct.15,239.22461592159
PD04701XD,"Cotizaciones internacionales - Cobre (Londres, cUS$ por libras)",23.Oct.15,240.177159898525
PD04701XD,"Cotizaciones internacionales - Cobre (Londres, cUS$ por libras)",26.Oct.15,237.364887204718
PD04701XD,"Cotizaciones internacionales - Cobre (Londres, cUS$ por libras)",27.Oct.15,236.75253750526
PD04701XD,"Cotizaciones internacionales - Cobre (Londres, cUS$ por libras)",28.Oct.15,234.915488406886
PD04701XD,"Cotizaciones internacionales - Cobre (Londres, cUS$ por libras)",29.Oct.15,234.099022140942
PD04701XD,"Cotizaciones internacionales - Cobre (Londres, cUS$ por libras)",30.Oct.15,232.942361597521
PD04701XD,"Cotizaciones internacionales - Cobre (Londres, cUS$ por libras)",02.Nov.15,233.033080071515
PD04701XD,"Cotizaciones internacionales - Cobre (Londres, cUS$ por libras)",03.Nov.15,233.554711296979
PD04701XD,"Cotizaciones internacionales - Cobre (Londres, cUS$ por libras)",04.Nov.15,234.303138707428
PD04701XD,"Cotizaciones internacionales - Cobre (Londres, cUS$ por libras)",05.Nov.15,229.200224545278
PD04701XD,"Cotizaciones internacionales - Cobre (Londres, cUS$ por libras)",06.Nov.15,226.796184984443
PD04701XD,"Cotizaciones internacionales - Cobre (Londres, cUS$ por libras)",09.Nov.15,226.342592614474
PD04701XD,"Cotizaciones internacionales - Cobre (Londres, cUS$ por libras)",10.Nov.15,223.77979572415
PD04701XD,"Cotizaciones internacionales - Cobre (Londres, cUS$ por libras)",11.Nov.15,223.666397631658
PD04701XD,"Cotizaciones internacionales - Cobre (Londres, cUS$ por libras)",12.Nov.15,221.01288226734
PD04701XD,"Cotizaciones internacionales - Cobre (Londres, cUS$ por libras)",13.Nov.15,218.858318509987
PD04701XD,"Cotizaciones internacionales - Cobre (Londres, cUS$ por libras)",16.Nov.15,216.136764290174
PD04701XD,"Cotizaciones internacionales - Cobre (Londres, cUS$ por libras)",17.Nov.15,213.188413885376
PD04701XD,"Cotizaciones internacionales - Cobre (Londres, cUS$ por libras)",18.Nov.15,211.782277538473
PD04701XD,"Cotizaciones internacionales - Cobre (Londres, cUS$ por libras)",19.Nov.15,209.106082555656
PD04701XD,"Cotizaciones internacionales - Cobre (Londres, cUS$ por libras)",20.Nov.15,212.734821515408
PD04701XD,"Cotizaciones internacionales - Cobre (Londres, cUS$ por libras)",23.Nov.15,204.81963465945
PD04701XD,"Cotizaciones internacionales - Cobre (Londres, cUS$ por libras)",24.Nov.15,205.341265884915
PD04701XD,"Cotizaciones internacionales - Cobre (Londres, cUS$ por libras)",25.Nov.15,205.976295202871
PD04701XD,"Cotizaciones internacionales - Cobre (Londres, cUS$ por libras)",26.Nov.15,211.691559064479
PD04701XD,"Cotizaciones internacionales - Cobre (Londres, cUS$ por libras)",27.Nov.15,210.285422717576
PD04701XD,"Cotizaciones internacionales - Cobre (Londres, cUS$ por libras)",30.Nov.15,208.448373619202
PD04701XD,"Cotizaciones internacionales - Cobre (Londres, cUS$ por libras)",01.Dic.15,209.514315688628
PD04701XD,"Cotizaciones internacionales - Cobre (Londres, cUS$ por libras)",02.Dic.15,208.153538578722
PD04701XD,"Cotizaciones internacionales - Cobre (Londres, cUS$ por libras)",03.Dic.15,205.250547410921
PD04701XD,"Cotizaciones internacionales - Cobre (Londres, cUS$ por libras)",04.Dic.15,210.330781954572
PD04701XD,"Cotizaciones internacionales - Cobre (Londres, cUS$ por libras)",07.Dic.15,208.312295908211
PD04701XD,"Cotizaciones internacionales - Cobre (Londres, cUS$ por libras)",08.Dic.15,207.178314983289
PD04701XD,"Cotizaciones internacionales - Cobre (Londres, cUS$ por libras)",09.Dic.15,209.559674925625
PD04701XD,"Cotizaciones internacionales - Cobre (Londres, cUS$ por libras)",10.Dic.15,207.382431549775
PD04701XD,"Cotizaciones internacionales - Cobre (Londres, cUS$ por libras)",11.Dic.15,211.691559064479
PD04701XD,"Cotizaciones internacionales - Cobre (Londres, cUS$ por libras)",14.Dic.15,210.466859665563
PD04701XD,"Cotizaciones internacionales - Cobre (Londres, cUS$ por libras)",15.Dic.15,208.017460867731
PD04701XD,"Cotizaciones internacionales - Cobre (Londres, cUS$ por libras)",16.Dic.15,207.88138315674
PD04701XD,"Cotizaciones internacionales - Cobre (Londres, cUS$ por libras)",17.Dic.15,206.384528335843
PD04701XD,"Cotizaciones internacionales - Cobre (Londres, cUS$ por libras)",18.Dic.15,210.920452035532
PD04701XD,"Cotizaciones internacionales - Cobre (Londres, cUS$ por libras)",21.Dic.15,212.780180752404
PD04701XD,"Cotizaciones internacionales - Cobre (Londres, cUS$ por libras)",22.Dic.15,211.941034867962
PD04701XD,"Cotizaciones internacionales - Cobre (Londres, cUS$ por libras)",23.Dic.15,212.281229145439
PD04701XD,"Cotizaciones internacionales - Cobre (Londres, cUS$ por libras)",24.Dic.15,211.623520208984
PD04701XD,"Cotizaciones internacionales - Cobre (Londres, cUS$ por libras)",25.Dic.15,211.623520208984
PD04701XD,"Cotizaciones internacionales - Cobre (Londres, cUS$ por libras)",28.Dic.15,211.623520208984
PD04701XD,"Cotizaciones internacionales - Cobre (Londres, cUS$ por libras)",29.Dic.15,212.508025330423
PD04701XD,"Cotizaciones internacionales - Cobre (Londres, cUS$ por libras)",30.Dic.15,213.86880244033
PD04701XD,"Cotizaciones internacionales - Cobre (Londres, cUS$ por libras)",31.Dic.15,213.27913235937
PD04701XD,"Cotizaciones internacionales - Cobre (Londres, cUS$ por libras)",01.Ene.16,n.d.
PD04701XD,"Cotizaciones internacionales - Cobre (Londres, cUS$ por libras)",04.Ene.16,210.693655850548
PD04701XD,"Cotizaciones internacionales - Cobre (Londres, cUS$ por libras)",05.Ene.16,210.784374324541
PD04701XD,"Cotizaciones internacionales - Cobre (Londres, cUS$ por libras)",06.Ene.16,208.652490185688
PD04701XD,"Cotizaciones internacionales - Cobre (Londres, cUS$ por libras)",07.Ene.16,204.751595803955
PD04701XD,"Cotizaciones internacionales - Cobre (Londres, cUS$ por libras)",08.Ene.16,203.504216786541
PD04701XD,"Cotizaciones internacionales - Cobre (Londres, cUS$ por libras)",11.Ene.16,199.694040878802
PD04701XD,"Cotizaciones internacionales - Cobre (Londres, cUS$ por libras)",12.Ene.16,197.53947712145
PD04701XD,"Cotizaciones internacionales - Cobre (Londres, cUS$ por libras)",13.Ene.16,198.673458046372
PD04701XD,"Cotizaciones internacionales - Cobre (Londres, cUS$ por libras)",14.Ene.16,198.015749109917
PD04701XD,"Cotizaciones internacionales - Cobre (Londres, cUS$ por libras)",15.Ene.16,195.520991075088
PD04701XD,"Cotizaciones internacionales - Cobre (Londres, cUS$ por libras)",18.Ene.16,197.766273306434
PD04701XD,"Cotizaciones internacionales - Cobre (Londres, cUS$ por libras)",19.Ene.16,201.417691884684
PD04701XD,"Cotizaciones internacionales - Cobre (Londres, cUS$ por libras)",20.Ene.16,197.176603225475
PD04701XD,"Cotizaciones internacionales - Cobre (Londres, cUS$ por libras)",21.Ene.16,198.492021098384
PD04701XD,"Cotizaciones internacionales - Cobre (Londres, cUS$ por libras)",22.Ene.16,202.665070902098
PD04701XD,"Cotizaciones internacionales - Cobre (Londres, cUS$ por libras)",25.Ene.16,202.030041584142
PD04701XD,"Cotizaciones internacionales - Cobre (Londres, cUS$ por libras)",26.Ene.16,204.161925722996
PD04701XD,"Cotizaciones internacionales - Cobre (Londres, cUS$ por libras)",27.Ene.16,204.456760763475
PD04701XD,"Cotizaciones internacionales - Cobre (Londres, cUS$ por libras)",28.Ene.16,206.543285665332
PD04701XD,"Cotizaciones internacionales - Cobre (Londres, cUS$ por libras)",29.Ene.16,205.99897482137
PD04701XD,"Cotizaciones internacionales - Cobre (Londres, cUS$ por libras)",01.Feb.16,205.658780543893
PD04701XD,"Cotizaciones internacionales - Cobre (Londres, cUS$ por libras)",02.Feb.16,208.90196598917
PD04701XD,"Cotizaciones internacionales - Cobre (Londres, cUS$ por libras)",03.Feb.16,207.677266590254
PD04701XD,"Cotizaciones internacionales - Cobre (Londres, cUS$ por libras)",04.Feb.16,212.508025330423
PD04701XD,"Cotizaciones internacionales - Cobre (Londres, cUS$ por libras)",05.Feb.16,211.782277538473
PD04701XD,"Cotizaciones internacionales - Cobre (Londres, cUS$ por libras)",08.Feb.16,207.405111168273
PD04701XD,"Cotizaciones internacionales - Cobre (Londres, cUS$ por libras)",09.Feb.16,205.500023214404
PD04701XD,"Cotizaciones internacionales - Cobre (Londres, cUS$ por libras)",10.Feb.16,204.434081144977
PD04701XD,"Cotizaciones internacionales - Cobre (Londres, cUS$ por libras)",11.Feb.16,202.93722632408
PD04701XD,"Cotizaciones internacionales - Cobre (Londres, cUS$ por libras)",12.Feb.16,203.594935260534
PD04701XD,"Cotizaciones internacionales - Cobre (Londres, cUS$ por libras)",15.Feb.16,206.928839179806
PD04701XD,"Cotizaciones internacionales - Cobre (Londres, cUS$ por libras)",16.Feb.16,207.904062775239
PD04701XD,"Cotizaciones internacionales - Cobre (Londres, cUS$ por libras)",17.Feb.16,206.928839179806
PD04701XD,"Cotizaciones internacionales - Cobre (Londres, cUS$ por libras)",18.Feb.16,207.609227734759
PD04701XD,"Cotizaciones internacionales - Cobre (Londres, cUS$ por libras)",19.Feb.16,208.198897815719
PD04701XD,"Cotizaciones internacionales - Cobre (Londres, cUS$ por libras)",22.Feb.16,213.006976937389
PD04701XD,"Cotizaciones internacionales - Cobre (Londres, cUS$ por libras)",23.Feb.16,211.53280173499
PD04701XD,"Cotizaciones internacionales - Cobre (Londres, cUS$ por libras)",24.Feb.16,207.994781249233
PD04701XD,"Cotizaciones internacionales - Cobre (Londres, cUS$ por libras)",25.Feb.16,211.147248220516
PD04701XD,"Cotizaciones internacionales - Cobre (Londres, cUS$ por libras)",26.Feb.16,212.326588382436
PD04701XD,"Cotizaciones internacionales - Cobre (Londres, cUS$ por libras)",29.Feb.16,213.415210070361
PD04701XD,"Cotizaciones internacionales - Cobre (Londres, cUS$ por libras)",01.Mar.16,214.367754047296
PD04701XD,"Cotizaciones internacionales - Cobre (Londres, cUS$ por libras)",02.Mar.16,216.817152845127
PD04701XD,"Cotizaciones internacionales - Cobre (Londres, cUS$ por libras)",03.Mar.16,219.085114694972
PD04701XD,"Cotizaciones internacionales - Cobre (Londres, cUS$ por libras)",04.Mar.16,223.076727550698
PD04701XD,"Cotizaciones internacionales - Cobre (Londres, cUS$ por libras)",07.Mar.16,226.796184984443
PD04701XD,"Cotizaciones internacionales - Cobre (Londres, cUS$ por libras)",08.Mar.16,225.911679863004
PD04701XD,"Cotizaciones internacionales - Cobre (Londres, cUS$ por libras)",09.Mar.16,223.870514198144
PD04701XD,"Cotizaciones internacionales - Cobre (Londres, cUS$ por libras)",10.Mar.16,223.19012564319
PD04701XD,"Cotizaciones internacionales - Cobre (Londres, cUS$ por libras)",11.Mar.16,224.119990001627
PD04701XD,"Cotizaciones internacionales - Cobre (Londres, cUS$ por libras)",14.Mar.16,226.524029562462
PD04701XD,"Cotizaciones internacionales - Cobre (Londres, cUS$ por libras)",15.Mar.16,223.167446024692
PD04701XD,"Cotizaciones internacionales - Cobre (Londres, cUS$ por libras)",16.Mar.16,224.301426949614
PD04701XD,"Cotizaciones internacionales - Cobre (Londres, cUS$ por libras)",17.Mar.16,228.111602857353
PD04701XD,"Cotizaciones internacionales - Cobre (Londres, cUS$ por libras)",18.Mar.16,231.468186395123
PD04701XD,"Cotizaciones internacionales - Cobre (Londres, cUS$ por libras)",21.Mar.16,230.402244325696
PD04701XD,"Cotizaciones internacionales - Cobre (Londres, cUS$ por libras)",22.Mar.16,229.971331574225
PD04701XD,"Cotizaciones internacionales - Cobre (Londres, cUS$ por libras)",23.Mar.16,229.540418822755
PD04701XD,"Cotizaciones internacionales - Cobre (Londres, cUS$ por libras)",24.Mar.16,223.666397631658
PD04701XD,"Cotizaciones internacionales - Cobre (Londres, cUS$ por libras)",25.Mar.16,223.666397631658
PD04701XD,"Cotizaciones internacionales - Cobre (Londres, cUS$ por libras)",28.Mar.16,223.666397631658
PD04701XD,"Cotizaciones internacionales - Cobre (Londres, cUS$ por libras)",29.Mar.16,224.051951146131
PD04701XD,"Cotizaciones internacionales - Cobre (Londres, cUS$ por libras)",30.Mar.16,224.07463076463
PD04701XD,"Cotizaciones internacionales - Cobre (Londres, cUS$ por libras)",31.Mar.16,220.241775238393
PD04701XD,"Cotizaciones internacionales - Cobre (Londres, cUS$ por libras)",01.Abr.16,221.353076544816
PD04701XD,"Cotizaciones internacionales - Cobre (Londres, cUS$ por libras)",04.Abr.16,218.450085377015
PD04701XD,"Cotizaciones internacionales - Cobre (Londres, cUS$ por libras)",05.Abr.16,216.63571589714
PD04701XD,"Cotizaciones internacionales - Cobre (Londres, cUS$ por libras)",06.Abr.16,216.590356660143
PD04701XD,"Cotizaciones internacionales - Cobre (Londres, cUS$ por libras)",07.Abr.16,213.86880244033
PD04701XD,"Cotizaciones internacionales - Cobre (Londres, cUS$ por libras)",08.Abr.16,211.10188898352
PD04701XD,"Cotizaciones internacionales - Cobre (Londres, cUS$ por libras)",11.Abr.16,210.693655850548
PD04701XD,"Cotizaciones internacionales - Cobre (Londres, cUS$ por libras)",12.Abr.16,213.891482058828
PD04701XD,"Cotizaciones internacionales - Cobre (Londres, cUS$ por libras)",13.Abr.16,219.447988590947
PD04701XD,"Cotizaciones internacionales - Cobre (Londres, cUS$ por libras)",14.Abr.16,219.10779431347
PD04701XD,"Cotizaciones internacionales - Cobre (Londres, cUS$ por libras)",15.Abr.16,218.336687284523
PD04701XD,"Cotizaciones internacionales - Cobre (Londres, cUS$ por libras)",18.Abr.16,217.633619111071
PD04701XD,"Cotizaciones internacionales - Cobre (Londres, cUS$ por libras)",19.Abr.16,218.268648429028
PD04701XD,"Cotizaciones internacionales - Cobre (Londres, cUS$ por libras)",20.Abr.16,224.006591909134
PD04701XD,"Cotizaciones internacionales - Cobre (Londres, cUS$ por libras)",21.Abr.16,227.952845527864
PD04701XD,"Cotizaciones internacionales - Cobre (Londres, cUS$ por libras)",22.Abr.16,227.499253157895
PD04701XD,"Cotizaciones internacionales - Cobre (Londres, cUS$ por libras)",25.Abr.16,226.818864602941
PD04701XD,"Cotizaciones internacionales - Cobre (Londres, cUS$ por libras)",26.Abr.16,223.870514198144
PD04701XD,"Cotizaciones internacionales - Cobre (Londres, cUS$ por libras)",27.Abr.16,223.711756868655
PD04701XD,"Cotizaciones internacionales - Cobre (Londres, cUS$ por libras)",28.Abr.16,222.827251747215
PD04701XD,"Cotizaciones internacionales - Cobre (Londres, cUS$ por libras)",29.Abr.16,228.837350649303
PD04701XD,"Cotizaciones internacionales - Cobre (Londres, cUS$ por libras)",02.May.16,228.837350649303
PD04701XD,"Cotizaciones internacionales - Cobre (Londres, cUS$ por libras)",03.May.16,224.981815504567
PD04701XD,"Cotizaciones internacionales - Cobre (Londres, cUS$ por libras)",04.May.16,221.897387388779
PD04701XD,"Cotizaciones internacionales - Cobre (Londres, cUS$ por libras)",05.May.16,218.903677746984
PD04701XD,"Cotizaciones internacionales - Cobre (Londres, cUS$ por libras)",06.May.16,218.177929955034
PD04701XD,"Cotizaciones internacionales - Cobre (Londres, cUS$ por libras)",09.May.16,214.980103746753
PD04701XD,"Cotizaciones internacionales - Cobre (Londres, cUS$ por libras)",10.May.16,213.642006255345
PD04701XD,"Cotizaciones internacionales - Cobre (Londres, cUS$ por libras)",11.May.16,215.365657261227
PD04701XD,"Cotizaciones internacionales - Cobre (Londres, cUS$ por libras)",12.May.16,215.18422031324
PD04701XD,"Cotizaciones internacionales - Cobre (Londres, cUS$ por libras)",13.May.16,211.374044405501
PD04701XD,"Cotizaciones internacionales - Cobre (Londres, cUS$ por libras)",16.May.16,210.489539284062
PD04701XD,"Cotizaciones internacionales - Cobre (Londres, cUS$ por libras)",17.May.16,210.194704243582
PD04701XD,"Cotizaciones internacionales - Cobre (Londres, cUS$ por libras)",18.May.16,208.675169804186
PD04701XD,"Cotizaciones internacionales - Cobre (Londres, cUS$ por libras)",19.May.16,208.4710532377
PD04701XD,"Cotizaciones internacionales - Cobre (Londres, cUS$ por libras)",20.May.16,210.035946914093
PD04701XD,"Cotizaciones internacionales - Cobre (Londres, cUS$ por libras)",23.May.16,207.382431549775
PD04701XD,"Cotizaciones internacionales - Cobre (Londres, cUS$ por libras)",24.May.16,210.330781954572
PD04701XD,"Cotizaciones internacionales - Cobre (Londres, cUS$ por libras)",25.May.16,210.285422717576
PD04701XD,"Cotizaciones internacionales - Cobre (Londres, cUS$ por libras)",26.May.16,213.437889688859
PD04701XD,"Cotizaciones internacionales - Cobre (Londres, cUS$ por libras)",27.May.16,214.345074428797
PD04701XD,"Cotizaciones internacionales - Cobre (Londres, cUS$ por libras)",30.May.16,214.345074428797
PD04701XD,"Cotizaciones internacionales - Cobre (Londres, cUS$ por libras)",31.May.16,213.188413885376
PD04701XD,"Cotizaciones internacionales - Cobre (Londres, cUS$ por libras)",01.Jun.16,208.697849422684
PD04701XD,"Cotizaciones internacionales - Cobre (Londres, cUS$ por libras)",02.Jun.16,208.652490185688
PD04701XD,"Cotizaciones internacionales - Cobre (Londres, cUS$ por libras)",03.Jun.16,212.644103041414
PD04701XD,"Cotizaciones internacionales - Cobre (Londres, cUS$ por libras)",06.Jun.16,213.460569307358
PD04701XD,"Cotizaciones internacionales - Cobre (Londres, cUS$ por libras)",07.Jun.16,208.153538578722
PD04701XD,"Cotizaciones internacionales - Cobre (Londres, cUS$ por libras)",08.Jun.16,208.221577434217
PD04701XD,"Cotizaciones internacionales - Cobre (Londres, cUS$ por libras)",09.Jun.16,206.203091387856
PD04701XD,"Cotizaciones internacionales - Cobre (Londres, cUS$ por libras)",10.Jun.16,204.298003433986
PD04701XD,"Cotizaciones internacionales - Cobre (Londres, cUS$ por libras)",13.Jun.16,204.796955040952
PD04701XD,"Cotizaciones internacionales - Cobre (Londres, cUS$ por libras)",14.Jun.16,204.592838474466
PD04701XD,"Cotizaciones internacionales - Cobre (Londres, cUS$ por libras)",15.Jun.16,210.103985769588
PD04701XD,"Cotizaciones internacionales - Cobre (Londres, cUS$ por libras)",16.Jun.16,205.227867792422
PD04701XD,"Cotizaciones internacionales - Cobre (Londres, cUS$ por libras)",17.Jun.16,205.091790081432
PD04701XD,"Cotizaciones internacionales - Cobre (Londres, cUS$ por libras)",20.Jun.16,207.972101630734
PD04701XD,"Cotizaciones internacionales - Cobre (Londres, cUS$ por libras)",21.Jun.16,208.062820104728
PD04701XD,"Cotizaciones internacionales - Cobre (Londres, cUS$ por libras)",22.Jun.16,212.621423422915
PD04701XD,"Cotizaciones internacionales - Cobre (Londres, cUS$ por libras)",23.Jun.16,215.32029802423
PD04701XD,"Cotizaciones internacionales - Cobre (Londres, cUS$ por libras)",24.Jun.16,211.510122116492
PD04701XD,"Cotizaciones internacionales - Cobre (Londres, cUS$ por libras)",27.Jun.16,212.825539989401
PD04701XD,"Cotizaciones internacionales - Cobre (Londres, cUS$ por libras)",28.Jun.16,216.703754752635
PD04701XD,"Cotizaciones internacionales - Cobre (Londres, cUS$ por libras)",29.Jun.16,216.817152845127
PD04701XD,"Cotizaciones internacionales - Cobre (Londres, cUS$ por libras)",30.Jun.16,218.949036983981
PD04701XD,"Cotizaciones internacionales - Cobre (Londres, cUS$ por libras)",01.Jul.16,216.975910174617
PD04701XD,"Cotizaciones internacionales - Cobre (Londres, cUS$ por libras)",04.Jul.16,223.167446024692
PD04701XD,"Cotizaciones internacionales - Cobre (Londres, cUS$ por libras)",05.Jul.16,219.561386683439
PD04701XD,"Cotizaciones internacionales - Cobre (Londres, cUS$ por libras)",06.Jul.16,213.460569307358
PD04701XD,"Cotizaciones internacionales - Cobre (Londres, cUS$ por libras)",07.Jul.16,214.322394810299
PD04701XD,"Cotizaciones internacionales - Cobre (Londres, cUS$ por libras)",08.Jul.16,213.642006255345
PD04701XD,"Cotizaciones internacionales - Cobre (Londres, cUS$ por libras)",11.Jul.16,215.274938787233
PD04701XD,"Cotizaciones internacionales - Cobre (Londres, cUS$ por libras)",12.Jul.16,218.24596881053
PD04701XD,"Cotizaciones internacionales - Cobre (Londres, cUS$ por libras)",13.Jul.16,223.099407169197
PD04701XD,"Cotizaciones internacionales - Cobre (Londres, cUS$ por libras)",14.Jul.16,222.781892510218
PD04701XD,"Cotizaciones internacionales - Cobre (Londres, cUS$ por libras)",15.Jul.16,224.324106568113
PD04701XD,"Cotizaciones internacionales - Cobre (Londres, cUS$ por libras)",18.Jul.16,219.493347827944
PD04701XD,"Cotizaciones internacionales - Cobre (Londres, cUS$ por libras)",19.Jul.16,223.983912290636
PD04701XD,"Cotizaciones internacionales - Cobre (Londres, cUS$ por libras)",20.Jul.16,222.282940903253
PD04701XD,"Cotizaciones internacionales - Cobre (Londres, cUS$ por libras)",21.Jul.16,224.686980464088
PD04701XD,"Cotizaciones internacionales - Cobre (Londres, cUS$ por libras)",22.Jul.16,224.80037855658
PD04701XD,"Cotizaciones internacionales - Cobre (Londres, cUS$ por libras)",25.Jul.16,223.167446024692
PD04701XD,"Cotizaciones internacionales - Cobre (Londres, cUS$ por libras)",26.Jul.16,220.536610278872
PD04701XD,"Cotizaciones internacionales - Cobre (Londres, cUS$ por libras)",27.Jul.16,220.876804556349
PD04701XD,"Cotizaciones internacionales - Cobre (Londres, cUS$ por libras)",28.Jul.16,220.536610278872
PD04701XD,"Cotizaciones internacionales - Cobre (Londres, cUS$ por libras)",29.Jul.16,220.1283771459
PD04701XD,"Cotizaciones internacionales - Cobre (Londres, cUS$ por libras)",01.Ago.16,222.577775943732
PD04701XD,"Cotizaciones internacionales - Cobre (Londres, cUS$ por libras)",02.Ago.16,221.602552348299
PD04701XD,"Cotizaciones internacionales - Cobre (Londres, cUS$ por libras)",03.Ago.16,219.742823631427
PD04701XD,"Cotizaciones internacionales - Cobre (Londres, cUS$ por libras)",04.Ago.16,217.134667504106
PD04701XD,"Cotizaciones internacionales - Cobre (Londres, cUS$ por libras)",05.Ago.16,217.384143307589
PD04701XD,"Cotizaciones internacionales - Cobre (Londres, cUS$ por libras)",08.Ago.16,217.542900637078
PD04701XD,"Cotizaciones internacionales - Cobre (Londres, cUS$ por libras)",09.Ago.16,216.771793608131
PD04701XD,"Cotizaciones internacionales - Cobre (Londres, cUS$ por libras)",10.Ago.16,221.103600741333
PD04701XD,"Cotizaciones internacionales - Cobre (Londres, cUS$ por libras)",11.Ago.16,218.177929955034
PD04701XD,"Cotizaciones internacionales - Cobre (Londres, cUS$ por libras)",12.Ago.16,215.274938787233
PD04701XD,"Cotizaciones internacionales - Cobre (Londres, cUS$ por libras)",15.Ago.16,215.274938787233
PD04701XD,"Cotizaciones internacionales - Cobre (Londres, cUS$ por libras)",16.Ago.16,217.633619111071
PD04701XD,"Cotizaciones internacionales - Cobre (Londres, cUS$ por libras)",17.Ago.16,215.705851538704
PD04701XD,"Cotizaciones internacionales - Cobre (Londres, cUS$ por libras)",18.Ago.16,217.837735677558
PD04701XD,"Cotizaciones internacionales - Cobre (Londres, cUS$ por libras)",19.Ago.16,216.544997423146
PD04701XD,"Cotizaciones internacionales - Cobre (Londres, cUS$ por libras)",22.Ago.16,214.639909469277
PD04701XD,"Cotizaciones internacionales - Cobre (Londres, cUS$ por libras)",23.Ago.16,214.050239388317
PD04701XD,"Cotizaciones internacionales - Cobre (Londres, cUS$ por libras)",24.Ago.16,211.306005550006
PD04701XD,"Cotizaciones internacionales - Cobre (Londres, cUS$ por libras)",25.Ago.16,210.444180047065
PD04701XD,"Cotizaciones internacionales - Cobre (Londres, cUS$ por libras)",26.Ago.16,209.650393399619
PD04701XD,"Cotizaciones internacionales - Cobre (Londres, cUS$ por libras)",29.Ago.16,209.650393399619
PD04701XD,"Cotizaciones internacionales - Cobre (Londres, cUS$ por libras)",30.Ago.16,209.06072331866
PD04701XD,"Cotizaciones internacionales - Cobre (Londres, cUS$ por libras)",31.Ago.16,208.76588827818
PD04701XD,"Cotizaciones internacionales - Cobre (Londres, cUS$ por libras)",01.Set.16,209.559674925625
PD04701XD,"Cotizaciones internacionales - Cobre (Londres, cUS$ por libras)",02.Set.16,208.970004844666
PD04701XD,"Cotizaciones internacionales - Cobre (Londres, cUS$ por libras)",05.Set.16,208.788567896678
PD04701XD,"Cotizaciones internacionales - Cobre (Londres, cUS$ por libras)",06.Set.16,209.695752636616
PD04701XD,"Cotizaciones internacionales - Cobre (Londres, cUS$ por libras)",07.Set.16,210.602937376554
PD04701XD,"Cotizaciones internacionales - Cobre (Londres, cUS$ por libras)",08.Set.16,209.446276833133
PD04701XD,"Cotizaciones internacionales - Cobre (Londres, cUS$ por libras)",09.Set.16,209.673073018118
PD04701XD,"Cotizaciones internacionales - Cobre (Londres, cUS$ por libras)",12.Set.16,207.427790786772
PD04701XD,"Cotizaciones internacionales - Cobre (Londres, cUS$ por libras)",13.Set.16,210.534898521058
PD04701XD,"Cotizaciones internacionales - Cobre (Londres, cUS$ por libras)",14.Set.16,212.938938081894
PD04701XD,"Cotizaciones internacionales - Cobre (Londres, cUS$ por libras)",15.Set.16,214.413113284292
PD04701XD,"Cotizaciones internacionales - Cobre (Londres, cUS$ por libras)",16.Set.16,214.707948324772
PD04701XD,"Cotizaciones internacionales - Cobre (Londres, cUS$ por libras)",19.Set.16,214.617229850778
PD04701XD,"Cotizaciones internacionales - Cobre (Londres, cUS$ por libras)",20.Set.16,214.662589087775
PD04701XD,"Cotizaciones internacionales - Cobre (Londres, cUS$ por libras)",21.Set.16,214.685268706274
PD04701XD,"Cotizaciones internacionales - Cobre (Londres, cUS$ por libras)",22.Set.16,218.427405758517
PD04701XD,"Cotizaciones internacionales - Cobre (Londres, cUS$ por libras)",23.Set.16,218.404726140019
PD04701XD,"Cotizaciones internacionales - Cobre (Londres, cUS$ por libras)",26.Set.16,217.452182163084
PD04701XD,"Cotizaciones internacionales - Cobre (Londres, cUS$ por libras)",27.Set.16,216.590356660143
PD04701XD,"Cotizaciones internacionales - Cobre (Londres, cUS$ por libras)",28.Set.16,218.064531862542
PD04701XD,"Cotizaciones internacionales - Cobre (Londres, cUS$ por libras)",29.Set.16,218.472764995514
PD04701XD,"Cotizaciones internacionales - Cobre (Londres, cUS$ por libras)",30.Set.16,219.175833168966
PD04701XD,"Cotizaciones internacionales - Cobre (Londres, cUS$ por libras)",03.Oct.16,218.041852244043
PD04701XD,"Cotizaciones internacionales - Cobre (Londres, cUS$ por libras)",04.Oct.16,217.293424833595
PD04701XD,"Cotizaciones internacionales - Cobre (Londres, cUS$ por libras)",05.Oct.16,216.703754752635
PD04701XD,"Cotizaciones internacionales - Cobre (Londres, cUS$ por libras)",06.Oct.16,215.093501839246
PD04701XD,"Cotizaciones internacionales - Cobre (Londres, cUS$ por libras)",07.Oct.16,215.093501839246
PD04701XD,"Cotizaciones internacionales - Cobre (Londres, cUS$ por libras)",10.Oct.16,217.089308267109
PD04701XD,"Cotizaciones internacionales - Cobre (Londres, cUS$ por libras)",11.Oct.16,217.792376440561
PD04701XD,"Cotizaciones internacionales - Cobre (Londres, cUS$ por libras)",12.Oct.16,217.95113377005
PD04701XD,"Cotizaciones internacionales - Cobre (Londres, cUS$ por libras)",13.Oct.16,215.660492301707
PD04701XD,"Cotizaciones internacionales - Cobre (Londres, cUS$ por libras)",14.Oct.16,211.941034867962
PD04701XD,"Cotizaciones internacionales - Cobre (Londres, cUS$ por libras)",17.Oct.16,211.895675630965
PD04701XD,"Cotizaciones internacionales - Cobre (Londres, cUS$ por libras)",18.Oct.16,211.623520208984
PD04701XD,"Cotizaciones internacionales - Cobre (Londres, cUS$ por libras)",19.Oct.16,210.580257758055
PD04701XD,"Cotizaciones internacionales - Cobre (Londres, cUS$ por libras)",20.Oct.16,210.172024625083
PD04701XD,"Cotizaciones internacionales - Cobre (Londres, cUS$ por libras)",21.Oct.16,210.330781954572
PD04701XD,"Cotizaciones internacionales - Cobre (Londres, cUS$ por libras)",24.Oct.16,209.582354544124
PD04701XD,"Cotizaciones internacionales - Cobre (Londres, cUS$ por libras)",25.Oct.16,214.095598625314
PD04701XD,"Cotizaciones internacionales - Cobre (Londres, cUS$ por libras)",26.Oct.16,213.982200532822
PD04701XD,"Cotizaciones internacionales - Cobre (Londres, cUS$ por libras)",27.Oct.16,216.544997423146
PD04701XD,"Cotizaciones internacionales - Cobre (Londres, cUS$ por libras)",28.Oct.16,217.134667504106
PD04701XD,"Cotizaciones internacionales - Cobre (Londres, cUS$ por libras)",31.Oct.16,218.97171660248
PD04701XD,"Cotizaciones internacionales - Cobre (Londres, cUS$ por libras)",01.Nov.16,220.559289897371
PD04701XD,"Cotizaciones internacionales - Cobre (Londres, cUS$ por libras)",02.Nov.16,220.944843411844
PD04701XD,"Cotizaciones internacionales - Cobre (Londres, cUS$ por libras)",03.Nov.16,223.076727550698
PD04701XD,"Cotizaciones internacionales - Cobre (Londres, cUS$ por libras)",04.Nov.16,224.21070847562
PD04701XD,"Cotizaciones internacionales - Cobre (Londres, cUS$ por libras)",07.Nov.16,228.247680568343
PD04701XD,"Cotizaciones internacionales - Cobre (Londres, cUS$ por libras)",08.Nov.16,228.791991412306
PD04701XD,"Cotizaciones internacionales - Cobre (Londres, cUS$ por libras)",09.Nov.16,241.991529378401
PD04701XD,"Cotizaciones internacionales - Cobre (Londres, cUS$ por libras)",10.Nov.16,254.873552685517
PD04701XD,"Cotizaciones internacionales - Cobre (Londres, cUS$ por libras)",11.Nov.16,267.619498281643
PD04701XD,"Cotizaciones internacionales - Cobre (Londres, cUS$ por libras)",14.Nov.16,254.918911922514
PD04701XD,"Cotizaciones internacionales - Cobre (Londres, cUS$ por libras)",15.Nov.16,247.117123159049
PD04701XD,"Cotizaciones internacionales - Cobre (Londres, cUS$ por libras)",16.Nov.16,247.616074766015
PD04701XD,"Cotizaciones internacionales - Cobre (Londres, cUS$ por libras)",17.Nov.16,246.119219945118
PD04701XD,"Cotizaciones internacionales - Cobre (Londres, cUS$ por libras)",18.Nov.16,247.026404685055
PD04701XD,"Cotizaciones internacionales - Cobre (Londres, cUS$ por libras)",21.Nov.16,251.086056396277
PD04701XD,"Cotizaciones internacionales - Cobre (Londres, cUS$ por libras)",22.Nov.16,254.82819344852
PD04701XD,"Cotizaciones internacionales - Cobre (Londres, cUS$ por libras)",23.Nov.16,252.378794650688
PD04701XD,"Cotizaciones internacionales - Cobre (Londres, cUS$ por libras)",24.Nov.16,264.648468258347
PD04701XD,"Cotizaciones internacionales - Cobre (Londres, cUS$ por libras)",25.Nov.16,264.104157414384
PD04701XD,"Cotizaciones internacionales - Cobre (Londres, cUS$ por libras)",28.Nov.16,269.229751195032
PD04701XD,"Cotizaciones internacionales - Cobre (Londres, cUS$ por libras)",29.Nov.16,262.085671368022
PD04701XD,"Cotizaciones internacionales - Cobre (Londres, cUS$ por libras)",30.Nov.16,260.362020362141
PD04701XD,"Cotizaciones internacionales - Cobre (Londres, cUS$ por libras)",01.Dic.16,261.858875183038
PD04701XD,"Cotizaciones internacionales - Cobre (Londres, cUS$ por libras)",02.Dic.16,260.180583414153
PD04701XD,"Cotizaciones internacionales - Cobre (Londres, cUS$ por libras)",05.Dic.16,265.419575287294
PD04701XD,"Cotizaciones internacionales - Cobre (Londres, cUS$ por libras)",06.Dic.16,265.62369185378
PD04701XD,"Cotizaciones internacionales - Cobre (Londres, cUS$ por libras)",07.Dic.16,267.778255611132
PD04701XD,"Cotizaciones internacionales - Cobre (Londres, cUS$ por libras)",08.Dic.16,264.807225587836
PD04701XD,"Cotizaciones internacionales - Cobre (Londres, cUS$ por libras)",09.Dic.16,264.172196269879
PD04701XD,"Cotizaciones internacionales - Cobre (Londres, cUS$ por libras)",12.Dic.16,261.133127391088
PD04701XD,"Cotizaciones internacionales - Cobre (Londres, cUS$ por libras)",13.Dic.16,261.518680905561
PD04701XD,"Cotizaciones internacionales - Cobre (Londres, cUS$ por libras)",14.Dic.16,260.135224177156
PD04701XD,"Cotizaciones internacionales - Cobre (Londres, cUS$ por libras)",15.Dic.16,257.75386423482
PD04701XD,"Cotizaciones internacionales - Cobre (Londres, cUS$ por libras)",16.Dic.16,256.234329795424
PD04701XD,"Cotizaciones internacionales - Cobre (Londres, cUS$ por libras)",19.Dic.16,252.242716939698
PD04701XD,"Cotizaciones internacionales - Cobre (Londres, cUS$ por libras)",20.Dic.16,248.818094546432
PD04701XD,"Cotizaciones internacionales - Cobre (Londres, cUS$ por libras)",21.Dic.16,249.407764627392
PD04701XD,"Cotizaciones internacionales - Cobre (Londres, cUS$ por libras)",22.Dic.16,246.119219945118
PD04701XD,"Cotizaciones internacionales - Cobre (Londres, cUS$ por libras)",23.Dic.16,248.659337216943
PD04701XD,"Cotizaciones internacionales - Cobre (Londres, cUS$ por libras)",26.Dic.16,248.659337216943
PD04701XD,"Cotizaciones internacionales - Cobre (Londres, cUS$ por libras)",27.Dic.16,248.659337216943
PD04701XD,"Cotizaciones internacionales - Cobre (Londres, cUS$ por libras)",28.Dic.16,248.840774164931
PD04701XD,"Cotizaciones internacionales - Cobre (Londres, cUS$ por libras)",29.Dic.16,250.110832800844
PD04701XD,"Cotizaciones internacionales - Cobre (Londres, cUS$ por libras)",30.Dic.16,249.521162719884
PD04701XD,"Cotizaciones internacionales - Cobre (Londres, cUS$ por libras)",02.Ene.17,250.519068433754
PD04701XD,"Cotizaciones internacionales - Cobre (Londres, cUS$ por libras)",03.Ene.17,248.863456266846
PD04701XD,"Cotizaciones internacionales - Cobre (Londres, cUS$ por libras)",04.Ene.17,255.327147603404
PD04701XD,"Cotizaciones internacionales - Cobre (Londres, cUS$ por libras)",05.Ene.17,252.220039838111
PD04701XD,"Cotizaciones internacionales - Cobre (Londres, cUS$ por libras)",06.Ene.17,252.616933165794
PD04701XD,"Cotizaciones internacionales - Cobre (Londres, cUS$ por libras)",09.Ene.17,252.650952593882
PD04701XD,"Cotizaciones internacionales - Cobre (Londres, cUS$ por libras)",10.Ene.17,260.180586010504
PD04701XD,"Cotizaciones internacionales - Cobre (Londres, cUS$ por libras)",11.Ene.17,258.082721278463
PD04701XD,"Cotizaciones internacionales - Cobre (Londres, cUS$ por libras)",12.Ene.17,263.707266722205
PD04701XD,"Cotizaciones internacionales - Cobre (Londres, cUS$ por libras)",13.Ene.17,266.882413343672
PD04701XD,"Cotizaciones internacionales - Cobre (Londres, cUS$ por libras)",16.Ene.17,265.056704036328
PD04701XD,"Cotizaciones internacionales - Cobre (Londres, cUS$ por libras)",17.Ene.17,259.965129632618
PD04701XD,"Cotizaciones internacionales - Cobre (Londres, cUS$ por libras)",18.Ene.17,260.384702579026
PD04701XD,"Cotizaciones internacionales - Cobre (Londres, cUS$ por libras)",19.Ene.17,259.160003167889
PD04701XD,"Cotizaciones internacionales - Cobre (Londres, cUS$ por libras)",20.Ene.17,259.908430585806
PD04701XD,"Cotizaciones internacionales - Cobre (Londres, cUS$ por libras)",23.Ene.17,261.881557414861
PD04701XD,"Cotizaciones internacionales - Cobre (Londres, cUS$ por libras)",24.Ene.17,268.798841125914
PD04701XD,"Cotizaciones internacionales - Cobre (Londres, cUS$ por libras)",25.Ene.17,268.628743985479
PD04701XD,"Cotizaciones internacionales - Cobre (Londres, cUS$ por libras)",26.Ene.17,264.807228230356
PD04701XD,"Cotizaciones internacionales - Cobre (Londres, cUS$ por libras)",27.Ene.17,266.871073534309
PD04701XD,"Cotizaciones internacionales - Cobre (Londres, cUS$ por libras)",30.Ene.17,263.582528819218
PD04701XD,"Cotizaciones internacionales - Cobre (Londres, cUS$ por libras)",31.Ene.17,271.894609081845
PD04701XD,"Cotizaciones internacionales - Cobre (Londres, cUS$ por libras)",01.Feb.17,269.25243350041
PD04701XD,"Cotizaciones internacionales - Cobre (Londres, cUS$ por libras)",02.Feb.17,266.281403447465
PD04701XD,"Cotizaciones internacionales - Cobre (Londres, cUS$ por libras)",03.Feb.17,261.439304849728
PD04701XD,"Cotizaciones internacionales - Cobre (Londres, cUS$ por libras)",06.Feb.17,264.705169946094
PD04701XD,"Cotizaciones internacionales - Cobre (Londres, cUS$ por libras)",07.Feb.17,262.153712839558
PD04701XD,"Cotizaciones internacionales - Cobre (Londres, cUS$ por libras)",08.Feb.17,266.621597728337
PD04701XD,"Cotizaciones internacionales - Cobre (Londres, cUS$ por libras)",09.Feb.17,263.480470534957
PD04701XD,"Cotizaciones internacionales - Cobre (Londres, cUS$ por libras)",10.Feb.17,275.897561786766
PD04701XD,"Cotizaciones internacionales - Cobre (Londres, cUS$ por libras)",13.Feb.17,276.850105773206
PD04701XD,"Cotizaciones internacionales - Cobre (Londres, cUS$ por libras)",14.Feb.17,272.34820145634
PD04701XD,"Cotizaciones internacionales - Cobre (Londres, cUS$ por libras)",15.Feb.17,274.332668094757
PD04701XD,"Cotizaciones internacionales - Cobre (Londres, cUS$ por libras)",16.Feb.17,271.384317660537
PD04701XD,"Cotizaciones internacionales - Cobre (Londres, cUS$ por libras)",17.Feb.17,269.660666637455
PD04701XD,"Cotizaciones internacionales - Cobre (Londres, cUS$ por libras)",20.Feb.17,274.797600278615
PD04701XD,"Cotizaciones internacionales - Cobre (Londres, cUS$ por libras)",21.Feb.17,274.219270001133
PD04701XD,"Cotizaciones internacionales - Cobre (Londres, cUS$ por libras)",22.Feb.17,273.323425061505
PD04701XD,"Cotizaciones internacionales - Cobre (Londres, cUS$ por libras)",23.Feb.17,265.11340308314
PD04701XD,"Cotizaciones internacionales - Cobre (Londres, cUS$ por libras)",24.Feb.17,268.299889513969
PD04701XD,"Cotizaciones internacionales - Cobre (Londres, cUS$ por libras)",27.Feb.17,268.708122651015
PD04701XD,"Cotizaciones internacionales - Cobre (Londres, cUS$ por libras)",28.Feb.17,270.63589024262
PD04701XD,"Cotizaciones internacionales - Cobre (Londres, cUS$ por libras)",01.Mar.17,272.291502409528
PD04701XD,"Cotizaciones internacionales - Cobre (Londres, cUS$ por libras)",02.Mar.17,268.435967226318
PD04701XD,"Cotizaciones internacionales - Cobre (Londres, cUS$ por libras)",03.Mar.17,267.880316567561
PD04701XD,"Cotizaciones internacionales - Cobre (Londres, cUS$ por libras)",06.Mar.17,265.06804384569
PD04701XD,"Cotizaciones internacionales - Cobre (Londres, cUS$ por libras)",07.Mar.17,261.031071712682
PD04701XD,"Cotizaciones internacionales - Cobre (Londres, cUS$ por libras)",08.Mar.17,260.690877431811
PD04701XD,"Cotizaciones internacionales - Cobre (Londres, cUS$ por libras)",09.Mar.17,257.300274432458
PD04701XD,"Cotizaciones internacionales - Cobre (Londres, cUS$ por libras)",10.Mar.17,259.284741070875
PD04701XD,"Cotizaciones internacionales - Cobre (Londres, cUS$ por libras)",13.Mar.17,262.01763512721
PD04701XD,"Cotizaciones internacionales - Cobre (Londres, cUS$ por libras)",14.Mar.17,263.004198541737
PD04701XD,"Cotizaciones internacionales - Cobre (Londres, cUS$ por libras)",15.Mar.17,265.034024417603
PD04701XD,"Cotizaciones internacionales - Cobre (Londres, cUS$ por libras)",16.Mar.17,267.177248387094
PD04701XD,"Cotizaciones internacionales - Cobre (Londres, cUS$ por libras)",17.Mar.17,268.367928370144
PD04701XD,"Cotizaciones internacionales - Cobre (Londres, cUS$ por libras)",20.Mar.17,265.578335266998
PD04701XD,"Cotizaciones internacionales - Cobre (Londres, cUS$ por libras)",21.Mar.17,260.702217241173
PD04701XD,"Cotizaciones internacionales - Cobre (Londres, cUS$ por libras)",22.Mar.17,262.176392458283
PD04701XD,"Cotizaciones internacionales - Cobre (Londres, cUS$ por libras)",23.Mar.17,262.97017911365
PD04701XD,"Cotizaciones internacionales - Cobre (Londres, cUS$ por libras)",24.Mar.17,262.040314745934
PD04701XD,"Cotizaciones internacionales - Cobre (Londres, cUS$ por libras)",27.Mar.17,260.203265629228
PD04701XD,"Cotizaciones internacionales - Cobre (Londres, cUS$ por libras)",28.Mar.17,265.317519651663
PD04701XD,"Cotizaciones internacionales - Cobre (Londres, cUS$ por libras)",29.Mar.17,266.893753153034
PD04701XD,"Cotizaciones internacionales - Cobre (Londres, cUS$ por libras)",30.Mar.17,269.343151975309
PD04701XD,"Cotizaciones internacionales - Cobre (Londres, cUS$ por libras)",31.Mar.17,263.809325006466
PD04701XD,"Cotizaciones internacionales - Cobre (Londres, cUS$ por libras)",03.Abr.17,259.851731538994
PD04701XD,"Cotizaciones internacionales - Cobre (Londres, cUS$ por libras)",04.Abr.17,260.940353237783
PD04701XD,"Cotizaciones internacionales - Cobre (Londres, cUS$ por libras)",05.Abr.17,266.043267450855
PD04701XD,"Cotizaciones internacionales - Cobre (Londres, cUS$ por libras)",06.Abr.17,264.285596999686
PD04701XD,"Cotizaciones internacionales - Cobre (Londres, cUS$ por libras)",07.Abr.17,263.026878160462
PD04701XD,"Cotizaciones internacionales - Cobre (Londres, cUS$ por libras)",10.Abr.17,259.194022595976
PD04701XD,"Cotizaciones internacionales - Cobre (Londres, cUS$ por libras)",11.Abr.17,260.350683150939
PD04701XD,"Cotizaciones internacionales - Cobre (Londres, cUS$ por libras)",12.Abr.17,254.068428764179
PD04701XD,"Cotizaciones internacionales - Cobre (Londres, cUS$ por libras)",13.Abr.17,256.733283964339
PD04701XD,"Cotizaciones internacionales - Cobre (Londres, cUS$ por libras)",14.Abr.17,256.733283964339
PD04701XD,"Cotizaciones internacionales - Cobre (Londres, cUS$ por libras)",17.Abr.17,256.733283964339
PD04701XD,"Cotizaciones internacionales - Cobre (Londres, cUS$ por libras)",18.Abr.17,251.244816232946
PD04701XD,"Cotizaciones internacionales - Cobre (Londres, cUS$ por libras)",19.Abr.17,250.530408243116
PD04701XD,"Cotizaciones internacionales - Cobre (Londres, cUS$ por libras)",20.Abr.17,253.852972386294
PD04701XD,"Cotizaciones internacionales - Cobre (Londres, cUS$ por libras)",21.Abr.17,253.73957429267
PD04701XD,"Cotizaciones internacionales - Cobre (Londres, cUS$ por libras)",24.Abr.17,255.123031034881
PD04701XD,"Cotizaciones internacionales - Cobre (Londres, cUS$ por libras)",25.Abr.17,257.527070619706
PD04701XD,"Cotizaciones internacionales - Cobre (Londres, cUS$ por libras)",26.Abr.17,258.048701850376
PD04701XD,"Cotizaciones internacionales - Cobre (Londres, cUS$ por libras)",27.Abr.17,257.130177292023
PD04701XD,"Cotizaciones internacionales - Cobre (Londres, cUS$ por libras)",28.Abr.17,259.023925455541
PD04701XD,"Cotizaciones internacionales - Cobre (Londres, cUS$ por libras)",01.May.17,259.023925455541
PD04701XD,"Cotizaciones internacionales - Cobre (Londres, cUS$ por libras)",02.May.17,261.745479702512
PD04701XD,"Cotizaciones internacionales - Cobre (Londres, cUS$ por libras)",03.May.17,252.503535072171
PD04701XD,"Cotizaciones internacionales - Cobre (Londres, cUS$ por libras)",04.May.17,250.292272246506
PD04701XD,"Cotizaciones internacionales - Cobre (Londres, cUS$ por libras)",05.May.17,252.333437931735
PD04701XD,"Cotizaciones internacionales - Cobre (Londres, cUS$ por libras)",08.May.17,247.74081513997
PD04701XD,"Cotizaciones internacionales - Cobre (Londres, cUS$ por libras)",09.May.17,248.852116457483
PD04701XD,"Cotizaciones internacionales - Cobre (Londres, cUS$ por libras)",10.May.17,248.353164845539
PD04701XD,"Cotizaciones internacionales - Cobre (Londres, cUS$ por libras)",11.May.17,250.439689768217
PD04701XD,"Cotizaciones internacionales - Cobre (Londres, cUS$ por libras)",12.May.17,251.233476423584
PD04701XD,"Cotizaciones internacionales - Cobre (Londres, cUS$ por libras)",15.May.17,253.705554864583
PD04701XD,"Cotizaciones internacionales - Cobre (Londres, cUS$ por libras)",16.May.17,253.773593720757
PD04701XD,"Cotizaciones internacionales - Cobre (Londres, cUS$ por libras)",17.May.17,253.671535436496
PD04701XD,"Cotizaciones internacionales - Cobre (Londres, cUS$ por libras)",18.May.17,252.288078694285
PD04701XD,"Cotizaciones internacionales - Cobre (Londres, cUS$ por libras)",19.May.17,256.971419960949
PD04701XD,"Cotizaciones internacionales - Cobre (Londres, cUS$ por libras)",22.May.17,258.048701850376
PD04701XD,"Cotizaciones internacionales - Cobre (Londres, cUS$ por libras)",23.May.17,258.320857275073
PD04701XD,"Cotizaciones internacionales - Cobre (Londres, cUS$ por libras)",24.May.17,256.846682057963
PD04701XD,"Cotizaciones internacionales - Cobre (Londres, cUS$ por libras)",25.May.17,258.819808887018
PD04701XD,"Cotizaciones internacionales - Cobre (Londres, cUS$ por libras)",26.May.17,255.73538074045
PD04701XD,"Cotizaciones internacionales - Cobre (Londres, cUS$ por libras)",29.May.17,255.73538074045
PD04701XD,"Cotizaciones internacionales - Cobre (Londres, cUS$ por libras)",30.May.17,255.519924362564
PD04701XD,"Cotizaciones internacionales - Cobre (Londres, cUS$ por libras)",31.May.17,256.631225680078
PD04701XD,"Cotizaciones internacionales - Cobre (Londres, cUS$ por libras)",01.Jun.17,257.413672526082
PD04701XD,"Cotizaciones internacionales - Cobre (Londres, cUS$ por libras)",02.Jun.17,255.826099215349
PD04701XD,"Cotizaciones internacionales - Cobre (Londres, cUS$ por libras)",05.Jun.17,253.909671433106
PD04701XD,"Cotizaciones internacionales - Cobre (Londres, cUS$ por libras)",06.Jun.17,253.376700393074
PD04701XD,"Cotizaciones internacionales - Cobre (Londres, cUS$ por libras)",07.Jun.17,253.637516008409
PD04701XD,"Cotizaciones internacionales - Cobre (Londres, cUS$ por libras)",08.Jun.17,258.717750602756
PD04701XD,"Cotizaciones internacionales - Cobre (Londres, cUS$ por libras)",09.Jun.17,262.153712839558
PD04701XD,"Cotizaciones internacionales - Cobre (Londres, cUS$ por libras)",12.Jun.17,260.49810067265
PD04701XD,"Cotizaciones internacionales - Cobre (Londres, cUS$ por libras)",13.Jun.17,257.889944519302
PD04701XD,"Cotizaciones internacionales - Cobre (Londres, cUS$ por libras)",14.Jun.17,257.11883748266
PD04701XD,"Cotizaciones internacionales - Cobre (Londres, cUS$ por libras)",15.Jun.17,255.656002074913
PD04701XD,"Cotizaciones internacionales - Cobre (Londres, cUS$ por libras)",16.Jun.17,255.780739977899
PD04701XD,"Cotizaciones internacionales - Cobre (Londres, cUS$ por libras)",19.Jun.17,258.672391365307
PD04701XD,"Cotizaciones internacionales - Cobre (Londres, cUS$ por libras)",20.Jun.17,255.395186459578
PD04701XD,"Cotizaciones internacionales - Cobre (Londres, cUS$ por libras)",21.Jun.17,259.341440117687
PD04701XD,"Cotizaciones internacionales - Cobre (Londres, cUS$ por libras)",22.Jun.17,259.613595542384
PD04701XD,"Cotizaciones internacionales - Cobre (Londres, cUS$ por libras)",23.Jun.17,262.199072077008
PD04701XD,"Cotizaciones internacionales - Cobre (Londres, cUS$ por libras)",26.Jun.17,261.779499130599
PD04701XD,"Cotizaciones internacionales - Cobre (Londres, cUS$ por libras)",27.Jun.17,264.807228230356
PD04701XD,"Cotizaciones internacionales - Cobre (Londres, cUS$ por libras)",28.Jun.17,266.099966497667
PD04701XD,"Cotizaciones internacionales - Cobre (Londres, cUS$ por libras)",29.Jun.17,269.036977122524
PD04701XD,"Cotizaciones internacionales - Cobre (Londres, cUS$ por libras)",30.Jun.17,268.844200363364
PD04701XD,"Cotizaciones internacionales - Cobre (Londres, cUS$ por libras)",03.Jul.17,267.925675805011
PD04701XD,"Cotizaciones internacionales - Cobre (Londres, cUS$ por libras)",04.Jul.17,266.133985925754
PD04701XD,"Cotizaciones internacionales - Cobre (Londres, cUS$ por libras)",05.Jul.17,263.718606531567
PD04701XD,"Cotizaciones internacionales - Cobre (Londres, cUS$ por libras)",06.Jul.17,264.172198906062
PD04701XD,"Cotizaciones internacionales - Cobre (Londres, cUS$ por libras)",07.Jul.17,263.265014157072
PD04701XD,"Cotizaciones internacionales - Cobre (Londres, cUS$ por libras)",10.Jul.17,262.902140257475
PD04701XD,"Cotizaciones internacionales - Cobre (Londres, cUS$ por libras)",11.Jul.17,265.226801176764
PD04701XD,"Cotizaciones internacionales - Cobre (Londres, cUS$ por libras)",12.Jul.17,266.689636584511
PD04701XD,"Cotizaciones internacionales - Cobre (Londres, cUS$ por libras)",13.Jul.17,265.510296410823
PD04701XD,"Cotizaciones internacionales - Cobre (Londres, cUS$ por libras)",14.Jul.17,267.857636948837
PD04701XD,"Cotizaciones internacionales - Cobre (Londres, cUS$ por libras)",17.Jul.17,270.840006811143
PD04701XD,"Cotizaciones internacionales - Cobre (Londres, cUS$ por libras)",18.Jul.17,270.953404904767
PD04701XD,"Cotizaciones internacionales - Cobre (Londres, cUS$ por libras)",19.Jul.17,268.957598456988
PD04701XD,"Cotizaciones internacionales - Cobre (Londres, cUS$ por libras)",20.Jul.17,268.764821697827
PD04701XD,"Cotizaciones internacionales - Cobre (Londres, cUS$ por libras)",21.Jul.17,270.840006811143
PD04701XD,"Cotizaciones internacionales - Cobre (Londres, cUS$ por libras)",24.Jul.17,271.917288700569
PD04701XD,"Cotizaciones internacionales - Cobre (Londres, cUS$ por libras)",25.Jul.17,281.102534284099
PD04701XD,"Cotizaciones internacionales - Cobre (Londres, cUS$ por libras)",26.Jul.17,285.661137647777
PD04701XD,"Cotizaciones internacionales - Cobre (Londres, cUS$ por libras)",27.Jul.17,285.683817266502
PD04701XD,"Cotizaciones internacionales - Cobre (Londres, cUS$ por libras)",28.Jul.17,285.559079363516
PD04701XD,"Cotizaciones internacionales - Cobre (Londres, cUS$ por libras)",31.Jul.17,287.407468289584
PD04701XD,"Cotizaciones internacionales - Cobre (Londres, cUS$ por libras)",01.Ago.17,286.364205828245
PD04701XD,"Cotizaciones internacionales - Cobre (Londres, cUS$ por libras)",02.Ago.17,286.77243896529
PD04701XD,"Cotizaciones internacionales - Cobre (Londres, cUS$ por libras)",03.Ago.17,286.931196296364
PD04701XD,"Cotizaciones internacionales - Cobre (Londres, cUS$ por libras)",04.Ago.17,287.929099520253
PD04701XD,"Cotizaciones internacionales - Cobre (Londres, cUS$ por libras)",07.Ago.17,289.584711687161
PD04701XD,"Cotizaciones internacionales - Cobre (Londres, cUS$ por libras)",08.Ago.17,292.635120405642
PD04701XD,"Cotizaciones internacionales - Cobre (Londres, cUS$ por libras)",09.Ago.17,291.512479278766
PD04701XD,"Cotizaciones internacionales - Cobre (Londres, cUS$ por libras)",10.Ago.17,290.015624442932
PD04701XD,"Cotizaciones internacionales - Cobre (Londres, cUS$ por libras)",11.Ago.17,289.528012640349
PD04701XD,"Cotizaciones internacionales - Cobre (Londres, cUS$ por libras)",14.Ago.17,288.824944459882
PD04701XD,"Cotizaciones internacionales - Cobre (Londres, cUS$ por libras)",15.Ago.17,287.759002379818
PD04701XD,"Cotizaciones internacionales - Cobre (Londres, cUS$ por libras)",16.Ago.17,294.676286090871
PD04701XD,"Cotizaciones internacionales - Cobre (Londres, cUS$ por libras)",17.Ago.17,292.850576783527
PD04701XD,"Cotizaciones internacionales - Cobre (Londres, cUS$ por libras)",18.Ago.17,292.669139833729
PD04701XD,"Cotizaciones internacionales - Cobre (Londres, cUS$ por libras)",21.Ago.17,297.159704341233
PD04701XD,"Cotizaciones internacionales - Cobre (Londres, cUS$ por libras)",22.Ago.17,296.978267391435
PD04701XD,"Cotizaciones internacionales - Cobre (Londres, cUS$ por libras)",23.Ago.17,296.524675016939
PD04701XD,"Cotizaciones internacionales - Cobre (Londres, cUS$ por libras)",24.Ago.17,302.23993893558
PD04701XD,"Cotizaciones internacionales - Cobre (Londres, cUS$ por libras)",25.Ago.17,301.5708901832
PD04701XD,"Cotizaciones internacionales - Cobre (Londres, cUS$ por libras)",28.Ago.17,301.5708901832
PD04701XD,"Cotizaciones internacionales - Cobre (Londres, cUS$ por libras)",29.Ago.17,307.172756008217
PD04701XD,"Cotizaciones internacionales - Cobre (Londres, cUS$ por libras)",30.Ago.17,305.721260409832
PD04701XD,"Cotizaciones internacionales - Cobre (Londres, cUS$ por libras)",31.Ago.17,306.605765540097
PD04701XD,"Cotizaciones internacionales - Cobre (Londres, cUS$ por libras)",01.Set.17,308.646931225326
PD04701XD,"Cotizaciones internacionales - Cobre (Londres, cUS$ por libras)",04.Set.17,312.37772850555
PD04701XD,"Cotizaciones internacionales - Cobre (Londres, cUS$ por libras)",05.Set.17,311.595281659546
PD04701XD,"Cotizaciones internacionales - Cobre (Londres, cUS$ por libras)",06.Set.17,311.867437084243
PD04701XD,"Cotizaciones internacionales - Cobre (Londres, cUS$ por libras)",07.Set.17,311.788058418706
PD04701XD,"Cotizaciones internacionales - Cobre (Londres, cUS$ por libras)",08.Set.17,302.648172072626
PD04701XD,"Cotizaciones internacionales - Cobre (Londres, cUS$ por libras)",11.Set.17,305.233648607249
PD04701XD,"Cotizaciones internacionales - Cobre (Londres, cUS$ por libras)",12.Set.17,300.607006387397
PD04701XD,"Cotizaciones internacionales - Cobre (Londres, cUS$ por libras)",13.Set.17,295.345334843252
PD04701XD,"Cotizaciones internacionales - Cobre (Londres, cUS$ por libras)",14.Set.17,292.827897164803
PD04701XD,"Cotizaciones internacionales - Cobre (Londres, cUS$ por libras)",15.Set.17,293.066033161413
PD04701XD,"Cotizaciones internacionales - Cobre (Londres, cUS$ por libras)",18.Set.17,293.689722676344
PD04701XD,"Cotizaciones internacionales - Cobre (Londres, cUS$ por libras)",19.Set.17,294.302072381912
PD04701XD,"Cotizaciones internacionales - Cobre (Londres, cUS$ por libras)",20.Set.17,294.018577147853
PD04701XD,"Cotizaciones internacionales - Cobre (Londres, cUS$ por libras)",21.Set.17,292.113489174973
PD04701XD,"Cotizaciones internacionales - Cobre (Londres, cUS$ por libras)",22.Set.17,291.013527666822
PD04701XD,"Cotizaciones internacionales - Cobre (Londres, cUS$ por libras)",25.Set.17,290.491896436152
PD04701XD,"Cotizaciones internacionales - Cobre (Londres, cUS$ por libras)",26.Set.17,288.167235516864
PD04701XD,"Cotizaciones internacionales - Cobre (Londres, cUS$ por libras)",27.Set.17,289.845527302496
PD04701XD,"Cotizaciones internacionales - Cobre (Londres, cUS$ por libras)",28.Set.17,293.633023629532
PD04701XD,"Cotizaciones internacionales - Cobre (Londres, cUS$ por libras)",29.Set.17,291.761955084739
PD04701XD,"Cotizaciones internacionales - Cobre (Londres, cUS$ por libras)",02.Oct.17,292.396984409032
PD04701XD,"Cotizaciones internacionales - Cobre (Londres, cUS$ por libras)",03.Oct.17,293.417567251647
PD04701XD,"Cotizaciones internacionales - Cobre (Londres, cUS$ por libras)",04.Oct.17,293.53096534527
PD04701XD,"Cotizaciones internacionales - Cobre (Londres, cUS$ por libras)",05.Oct.17,302.013142748332
PD04701XD,"Cotizaciones internacionales - Cobre (Londres, cUS$ por libras)",06.Oct.17,300.119394584815
PD04701XD,"Cotizaciones internacionales - Cobre (Londres, cUS$ por libras)",09.Oct.17,300.062695538003
PD04701XD,"Cotizaciones internacionales - Cobre (Londres, cUS$ por libras)",10.Oct.17,304.19038614591
PD04701XD,"Cotizaciones internacionales - Cobre (Londres, cUS$ por libras)",11.Oct.17,306.447008209024
PD04701XD,"Cotizaciones internacionales - Cobre (Londres, cUS$ por libras)",12.Oct.17,311.221067950587
PD04701XD,"Cotizaciones internacionales - Cobre (Londres, cUS$ por libras)",13.Oct.17,311.119009666326
PD04701XD,"Cotizaciones internacionales - Cobre (Londres, cUS$ por libras)",16.Oct.17,323.048489115552
PD04701XD,"Cotizaciones internacionales - Cobre (Londres, cUS$ por libras)",17.Oct.17,317.333225196911
PD04701XD,"Cotizaciones internacionales - Cobre (Londres, cUS$ por libras)",18.Oct.17,315.201341036783
PD04701XD,"Cotizaciones internacionales - Cobre (Londres, cUS$ por libras)",19.Oct.17,314.52095247504
PD04701XD,"Cotizaciones internacionales - Cobre (Londres, cUS$ por libras)",20.Oct.17,313.953962006921
PD04701XD,"Cotizaciones internacionales - Cobre (Londres, cUS$ por libras)",23.Oct.17,316.392021019833
PD04701XD,"Cotizaciones internacionales - Cobre (Londres, cUS$ por libras)",24.Oct.17,317.956914711842
PD04701XD,"Cotizaciones internacionales - Cobre (Londres, cUS$ por libras)",25.Oct.17,316.777574538154
PD04701XD,"Cotizaciones internacionales - Cobre (Londres, cUS$ por libras)",26.Oct.17,315.745651886178
PD04701XD,"Cotizaciones internacionales - Cobre (Londres, cUS$ por libras)",27.Oct.17,308.465494275528
PD04701XD,"Cotizaciones internacionales - Cobre (Londres, cUS$ por libras)",30.Oct.17,310.211824917335
PD04701XD,"Cotizaciones internacionales - Cobre (Londres, cUS$ por libras)",31.Oct.17,309.202581884083
PD04701XD,"Cotizaciones internacionales - Cobre (Londres, cUS$ por libras)",01.Nov.17,312.922039354944
PD04701XD,"Cotizaciones internacionales - Cobre (Londres, cUS$ por libras)",02.Nov.17,312.888019926857
PD04701XD,"Cotizaciones internacionales - Cobre (Londres, cUS$ por libras)",03.Nov.17,311.368485472298
PD04701XD,"Cotizaciones internacionales - Cobre (Londres, cUS$ por libras)",06.Nov.17,314.657030187389
PD04701XD,"Cotizaciones internacionales - Cobre (Londres, cUS$ por libras)",07.Nov.17,308.113960185294
PD04701XD,"Cotizaciones internacionales - Cobre (Londres, cUS$ por libras)",08.Nov.17,309.599475211766
PD04701XD,"Cotizaciones internacionales - Cobre (Londres, cUS$ por libras)",09.Nov.17,307.444911432914
PD04701XD,"Cotizaciones internacionales - Cobre (Londres, cUS$ por libras)",10.Nov.17,306.344949924763
PD04701XD,"Cotizaciones internacionales - Cobre (Londres, cUS$ por libras)",13.Nov.17,311.198388331862
PD04701XD,"Cotizaciones internacionales - Cobre (Londres, cUS$ por libras)",14.Nov.17,304.814075660841
PD04701XD,"Cotizaciones internacionales - Cobre (Londres, cUS$ por libras)",15.Nov.17,305.551163269396
PD04701XD,"Cotizaciones internacionales - Cobre (Londres, cUS$ por libras)",16.Nov.17,304.031628814837
PD04701XD,"Cotizaciones internacionales - Cobre (Londres, cUS$ por libras)",17.Nov.17,305.880017740905
PD04701XD,"Cotizaciones internacionales - Cobre (Londres, cUS$ por libras)",20.Nov.17,308.318076753817
PD04701XD,"Cotizaciones internacionales - Cobre (Londres, cUS$ por libras)",21.Nov.17,311.958155559142
PD04701XD,"Cotizaciones internacionales - Cobre (Londres, cUS$ por libras)",22.Nov.17,314.022000863096
PD04701XD,"Cotizaciones internacionales - Cobre (Londres, cUS$ por libras)",23.Nov.17,314.668369996751
PD04701XD,"Cotizaciones internacionales - Cobre (Londres, cUS$ por libras)",24.Nov.17,316.607477397719
PD04701XD,"Cotizaciones internacionales - Cobre (Londres, cUS$ por libras)",27.Nov.17,313.681806582224
PD04701XD,"Cotizaciones internacionales - Cobre (Londres, cUS$ por libras)",28.Nov.17,307.365532767377
PD04701XD,"Cotizaciones internacionales - Cobre (Londres, cUS$ por libras)",29.Nov.17,305.301687463423
PD04701XD,"Cotizaciones internacionales - Cobre (Londres, cUS$ por libras)",30.Nov.17,305.494464222584
PD04701XD,"Cotizaciones internacionales - Cobre (Londres, cUS$ por libras)",01.Dic.17,308.828368175124
PD04701XD,"Cotizaciones internacionales - Cobre (Londres, cUS$ por libras)",04.Dic.17,308.476834084891
PD04701XD,"Cotizaciones internacionales - Cobre (Londres, cUS$ por libras)",05.Dic.17,295.424713508788
PD04701XD,"Cotizaciones internacionales - Cobre (Londres, cUS$ por libras)",06.Dic.17,295.628830077311
PD04701XD,"Cotizaciones internacionales - Cobre (Londres, cUS$ por libras)",07.Dic.17,296.19582054543
PD04701XD,"Cotizaciones internacionales - Cobre (Londres, cUS$ por libras)",08.Dic.17,296.501995398215
PD04701XD,"Cotizaciones internacionales - Cobre (Londres, cUS$ por libras)",11.Dic.17,300.935860858906
PD04701XD,"Cotizaciones internacionales - Cobre (Londres, cUS$ por libras)",12.Dic.17,300.57298695931
PD04701XD,"Cotizaciones internacionales - Cobre (Londres, cUS$ por libras)",13.Dic.17,303.532677202892
PD04701XD,"Cotizaciones internacionales - Cobre (Londres, cUS$ por libras)",14.Dic.17,306.673804396272
PD04701XD,"Cotizaciones internacionales - Cobre (Londres, cUS$ por libras)",15.Dic.17,310.937572716527
PD04701XD,"Cotizaciones internacionales - Cobre (Londres, cUS$ por libras)",18.Dic.17,311.810738037431
PD04701XD,"Cotizaciones internacionales - Cobre (Londres, cUS$ por libras)",19.Dic.17,313.239554017091
PD04701XD,"Cotizaciones internacionales - Cobre (Londres, cUS$ por libras)",20.Dic.17,317.412603862448
PD04701XD,"Cotizaciones internacionales - Cobre (Londres, cUS$ por libras)",21.Dic.17,319.465109357039
PD04701XD,"Cotizaciones internacionales - Cobre (Londres, cUS$ por libras)",22.Dic.17,321.370197329919
PD04701XD,"Cotizaciones internacionales - Cobre (Londres, cUS$ por libras)",25.Dic.17,321.370197329919
PD04701XD,"Cotizaciones internacionales - Cobre (Londres, cUS$ por libras)",26.Dic.17,321.370197329919
PD04701XD,"Cotizaciones internacionales - Cobre (Londres, cUS$ por libras)",27.Dic.17,326.688567920877
PD04701XD,"Cotizaciones internacionales - Cobre (Londres, cUS$ por libras)",28.Dic.17,329.024568649528
PD04701XD,"Cotizaciones internacionales - Cobre (Londres, cUS$ por libras)",29.Dic.17,326.904024298762
PD04701XD,"Cotizaciones internacionales - Cobre (Londres, cUS$ por libras)",01.Ene.18,326.904024298762
PD04701XD,"Cotizaciones internacionales - Cobre (Londres, cUS$ por libras)",02.Ene.18,324.806159566721
PD04701XD,"Cotizaciones internacionales - Cobre (Londres, cUS$ por libras)",03.Ene.18,322.095945129112
PD04701XD,"Cotizaciones internacionales - Cobre (Londres, cUS$ por libras)",04.Ene.18,324.125771004978
PD04701XD,"Cotizaciones internacionales - Cobre (Londres, cUS$ por libras)",05.Ene.18,321.075362286497
PD04701XD,"Cotizaciones internacionales - Cobre (Londres, cUS$ por libras)",08.Ene.18,321.143401142672
PD04701XD,"Cotizaciones internacionales - Cobre (Londres, cUS$ por libras)",09.Ene.18,320.213536774956
PD04701XD,"Cotizaciones internacionales - Cobre (Londres, cUS$ por libras)",10.Ene.18,322.628916169144
PD04701XD,"Cotizaciones internacionales - Cobre (Londres, cUS$ por libras)",11.Ene.18,322.175323794649
PD04701XD,"Cotizaciones internacionales - Cobre (Londres, cUS$ por libras)",12.Ene.18,320.882585527337
PD04701XD,"Cotizaciones internacionales - Cobre (Londres, cUS$ por libras)",15.Ene.18,325.736023934437
PD04701XD,"Cotizaciones internacionales - Cobre (Londres, cUS$ por libras)",16.Ene.18,319.13625488553
PD04701XD,"Cotizaciones internacionales - Cobre (Londres, cUS$ por libras)",17.Ene.18,317.253846531375
PD04701XD,"Cotizaciones internacionales - Cobre (Londres, cUS$ por libras)",18.Ene.18,318.966157745094
PD04701XD,"Cotizaciones internacionales - Cobre (Londres, cUS$ por libras)",19.Ene.18,317.480642718622
PD04701XD,"Cotizaciones internacionales - Cobre (Londres, cUS$ por libras)",22.Ene.18,318.648643082948
PD04701XD,"Cotizaciones internacionales - Cobre (Londres, cUS$ por libras)",23.Ene.18,312.18495174639
PD04701XD,"Cotizaciones internacionales - Cobre (Londres, cUS$ por libras)",24.Ene.18,322.549537503607
PD04701XD,"Cotizaciones internacionales - Cobre (Londres, cUS$ por libras)",25.Ene.18,322.084605319749
PD04701XD,"Cotizaciones internacionales - Cobre (Londres, cUS$ por libras)",26.Ene.18,319.442429738314
PD04701XD,"Cotizaciones internacionales - Cobre (Londres, cUS$ por libras)",29.Ene.18,319.37439088214
PD04701XD,"Cotizaciones internacionales - Cobre (Londres, cUS$ por libras)",30.Ene.18,317.94557490248
PD04701XD,"Cotizaciones internacionales - Cobre (Londres, cUS$ por libras)",31.Ene.18,321.08670209586
PD04701XD,"Cotizaciones internacionales - Cobre (Londres, cUS$ por libras)",01.Feb.18,321.030003049048
PD04701XD,"Cotizaciones internacionales - Cobre (Londres, cUS$ por libras)",02.Feb.18,317.684759287145
PD04701XD,"Cotizaciones internacionales - Cobre (Londres, cUS$ por libras)",05.Feb.18,323.354663968336
PD04701XD,"Cotizaciones internacionales - Cobre (Londres, cUS$ por libras)",06.Feb.18,318.977497554457
PD04701XD,"Cotizaciones internacionales - Cobre (Londres, cUS$ por libras)",07.Feb.18,310.087087014349
PD04701XD,"Cotizaciones internacionales - Cobre (Londres, cUS$ por libras)",08.Feb.18,308.612911797239
PD04701XD,"Cotizaciones internacionales - Cobre (Londres, cUS$ por libras)",09.Feb.18,304.439861951882
PD04701XD,"Cotizaciones internacionales - Cobre (Londres, cUS$ por libras)",12.Feb.18,307.898503807409
PD04701XD,"Cotizaciones internacionales - Cobre (Londres, cUS$ por libras)",13.Feb.18,315.008564277623
PD04701XD,"Cotizaciones internacionales - Cobre (Londres, cUS$ por libras)",14.Feb.18,322.99179006874
PD04701XD,"Cotizaciones internacionales - Cobre (Londres, cUS$ por libras)",15.Feb.18,324.001033101992
PD04701XD,"Cotizaciones internacionales - Cobre (Londres, cUS$ por libras)",16.Feb.18,326.17827649957
PD04701XD,"Cotizaciones internacionales - Cobre (Londres, cUS$ por libras)",19.Feb.18,320.984643811598
PD04701XD,"Cotizaciones internacionales - Cobre (Londres, cUS$ por libras)",20.Feb.18,319.680565734924
PD04701XD,"Cotizaciones internacionales - Cobre (Londres, cUS$ por libras)",21.Feb.18,321.052682667773
PD04701XD,"Cotizaciones internacionales - Cobre (Londres, cUS$ por libras)",22.Feb.18,323.252605684075
PD04701XD,"Cotizaciones internacionales - Cobre (Londres, cUS$ por libras)",23.Feb.18,320.338274677943
PD04701XD,"Cotizaciones internacionales - Cobre (Londres, cUS$ por libras)",26.Feb.18,321.04134285841
PD04701XD,"Cotizaciones internacionales - Cobre (Londres, cUS$ por libras)",27.Feb.18,316.868293013054
PD04701XD,"Cotizaciones internacionales - Cobre (Londres, cUS$ por libras)",28.Feb.18,312.729262595784
PD04701XD,"Cotizaciones internacionales - Cobre (Londres, cUS$ por libras)",01.Mar.18,312.366388696188
PD04701XD,"Cotizaciones internacionales - Cobre (Londres, cUS$ por libras)",02.Mar.18,311.323126234848
PD04701XD,"Cotizaciones internacionales - Cobre (Londres, cUS$ por libras)",05.Mar.18,311.810738037431
PD04701XD,"Cotizaciones internacionales - Cobre (Londres, cUS$ por libras)",06.Mar.18,315.961108264063
PD04701XD,"Cotizaciones internacionales - Cobre (Londres, cUS$ por libras)",07.Mar.18,313.420990966889
PD04701XD,"Cotizaciones internacionales - Cobre (Londres, cUS$ por libras)",08.Mar.18,308.431474847441
PD04701XD,"Cotizaciones internacionales - Cobre (Londres, cUS$ por libras)",09.Mar.18,314.679709806114
PD04701XD,"Cotizaciones internacionales - Cobre (Londres, cUS$ por libras)",12.Mar.18,311.890116702968
PD04701XD,"Cotizaciones internacionales - Cobre (Londres, cUS$ por libras)",13.Mar.18,313.670466772862
PD04701XD,"Cotizaciones internacionales - Cobre (Londres, cUS$ por libras)",14.Mar.18,315.371438177219
PD04701XD,"Cotizaciones internacionales - Cobre (Londres, cUS$ por libras)",15.Mar.18,312.411747933637
PD04701XD,"Cotizaciones internacionales - Cobre (Londres, cUS$ por libras)",16.Mar.18,311.357145662936
PD04701XD,"Cotizaciones internacionales - Cobre (Londres, cUS$ por libras)",19.Mar.18,309.327319787069
PD04701XD,"Cotizaciones internacionales - Cobre (Londres, cUS$ por libras)",20.Mar.18,305.018192229364
PD04701XD,"Cotizaciones internacionales - Cobre (Londres, cUS$ por libras)",21.Mar.18,306.651124777547
PD04701XD,"Cotizaciones internacionales - Cobre (Londres, cUS$ por libras)",22.Mar.18,301.752327132998
PD04701XD,"Cotizaciones internacionales - Cobre (Londres, cUS$ por libras)",23.Mar.18,300.176093631627
PD04701XD,"Cotizaciones internacionales - Cobre (Londres, cUS$ por libras)",26.Mar.18,297.375160719118
PD04701XD,"Cotizaciones internacionales - Cobre (Londres, cUS$ por libras)",27.Mar.18,299.665802210319
PD04701XD,"Cotizaciones internacionales - Cobre (Londres, cUS$ por libras)",28.Mar.18,300.890501621457
PD04701XD,"Cotizaciones internacionales - Cobre (Londres, cUS$ por libras)",29.Mar.18,302.965686734773
PD04701XD,"Cotizaciones internacionales - Cobre (Londres, cUS$ por libras)",30.Mar.18,302.965686734773
PD04701XD,"Cotizaciones internacionales - Cobre (Londres, cUS$ por libras)",02.Abr.18,302.965686734773
PD04701XD,"Cotizaciones internacionales - Cobre (Londres, cUS$ por libras)",03.Abr.18,306.730503443084
PD04701XD,"Cotizaciones internacionales - Cobre (Londres, cUS$ por libras)",04.Abr.18,303.487317965442
PD04701XD,"Cotizaciones internacionales - Cobre (Londres, cUS$ por libras)",05.Abr.18,307.5696493359
PD04701XD,"Cotizaciones internacionales - Cobre (Londres, cUS$ por libras)",06.Abr.18,305.244988416612
PD04701XD,"Cotizaciones internacionales - Cobre (Londres, cUS$ por libras)",09.Abr.18,308.00056209167
PD04701XD,"Cotizaciones internacionales - Cobre (Londres, cUS$ por libras)",10.Abr.18,313.352952110715
PD04701XD,"Cotizaciones internacionales - Cobre (Londres, cUS$ por libras)",11.Abr.18,313.534389060513
PD04701XD,"Cotizaciones internacionales - Cobre (Londres, cUS$ por libras)",12.Abr.18,307.864484379322
PD04701XD,"Cotizaciones internacionales - Cobre (Londres, cUS$ por libras)",13.Abr.18,308.28405732573
PD04701XD,"Cotizaciones internacionales - Cobre (Londres, cUS$ por libras)",16.Abr.18,311.90145651233
PD04701XD,"Cotizaciones internacionales - Cobre (Londres, cUS$ por libras)",17.Abr.18,309.71287330539
PD04701XD,"Cotizaciones internacionales - Cobre (Londres, cUS$ por libras)",18.Abr.18,316.618817207081
PD04701XD,"Cotizaciones internacionales - Cobre (Londres, cUS$ por libras)",19.Abr.18,314.861146755912
PD04701XD,"Cotizaciones internacionales - Cobre (Londres, cUS$ por libras)",20.Abr.18,315.292059511682
PD04701XD,"Cotizaciones internacionales - Cobre (Londres, cUS$ por libras)",23.Abr.18,312.910699545582
PD04701XD,"Cotizaciones internacionales - Cobre (Londres, cUS$ por libras)",24.Abr.18,316.153885023223
PD04701XD,"Cotizaciones internacionales - Cobre (Londres, cUS$ por libras)",25.Abr.18,316.142545213861
PD04701XD,"Cotizaciones internacionales - Cobre (Londres, cUS$ por libras)",26.Abr.18,314.271476669068
PD04701XD,"Cotizaciones internacionales - Cobre (Londres, cUS$ por libras)",27.Abr.18,306.57174611201
PD04701XD,"Cotizaciones internacionales - Cobre (Londres, cUS$ por libras)",30.Abr.18,307.082037533317
PD04701XD,"Cotizaciones internacionales - Cobre (Londres, cUS$ por libras)",01.May.18,304.235745383359
PD04701XD,"Cotizaciones internacionales - Cobre (Londres, cUS$ por libras)",02.May.18,307.739746476336
PD04701XD,"Cotizaciones internacionales - Cobre (Londres, cUS$ por libras)",03.May.18,308.068600947845
PD04701XD,"Cotizaciones internacionales - Cobre (Londres, cUS$ por libras)",04.May.18,307.989222282308
PD04701XD,"Cotizaciones internacionales - Cobre (Londres, cUS$ por libras)",07.May.18,307.989222282308
PD04701XD,"Cotizaciones internacionales - Cobre (Londres, cUS$ por libras)",08.May.18,304.258425002084
PD04701XD,"Cotizaciones internacionales - Cobre (Londres, cUS$ por libras)",09.May.18,307.274814292478
PD04701XD,"Cotizaciones internacionales - Cobre (Londres, cUS$ por libras)",10.May.18,312.252990602564
PD04701XD,"Cotizaciones internacionales - Cobre (Londres, cUS$ por libras)",11.May.18,313.364291920077
PD04701XD,"Cotizaciones internacionales - Cobre (Londres, cUS$ por libras)",14.May.18,310.994271763339
PD04701XD,"Cotizaciones internacionales - Cobre (Londres, cUS$ por libras)",15.May.18,307.059357914593
PD04701XD,"Cotizaciones internacionales - Cobre (Londres, cUS$ por libras)",16.May.18,308.216018469556
PD04701XD,"Cotizaciones internacionales - Cobre (Londres, cUS$ por libras)",17.May.18,311.028291191427
PD04701XD,"Cotizaciones internacionales - Cobre (Londres, cUS$ por libras)",18.May.18,309.588135402404
PD04701XD,"Cotizaciones internacionales - Cobre (Londres, cUS$ por libras)",21.May.18,310.449960913945
PD04701XD,"Cotizaciones internacionales - Cobre (Londres, cUS$ por libras)",22.May.18,315.258040083595
PD04701XD,"Cotizaciones internacionales - Cobre (Londres, cUS$ por libras)",23.May.18,310.325223010959
PD04701XD,"Cotizaciones internacionales - Cobre (Londres, cUS$ por libras)",24.May.18,311.062310619514
PD04701XD,"Cotizaciones internacionales - Cobre (Londres, cUS$ por libras)",25.May.18,311.402504900385
PD04701XD,"Cotizaciones internacionales - Cobre (Londres, cUS$ por libras)",28.May.18,311.402504900385
PD04701XD,"Cotizaciones internacionales - Cobre (Londres, cUS$ por libras)",29.May.18,310.506659960757
PD04701XD,"Cotizaciones internacionales - Cobre (Londres, cUS$ por libras)",30.May.18,309.826271399014
PD04701XD,"Cotizaciones internacionales - Cobre (Londres, cUS$ por libras)",31.May.18,310.47264053267
PD04701XD,"Cotizaciones internacionales - Cobre (Londres, cUS$ por libras)",01.Jun.18,312.196291555752
PD04701XD,"Cotizaciones internacionales - Cobre (Londres, cUS$ por libras)",04.Jun.18,316.301302544934
PD04701XD,"Cotizaciones internacionales - Cobre (Londres, cUS$ por libras)",05.Jun.18,321.835129513777
PD04701XD,"Cotizaciones internacionales - Cobre (Londres, cUS$ por libras)",06.Jun.18,327.096801057923
PD04701XD,"Cotizaciones internacionales - Cobre (Londres, cUS$ por libras)",07.Jun.18,332.505890123779
PD04701XD,"Cotizaciones internacionales - Cobre (Londres, cUS$ por libras)",08.Jun.18,332.211055080357
PD04701XD,"Cotizaciones internacionales - Cobre (Londres, cUS$ por libras)",11.Jun.18,329.103947315064
PD04701XD,"Cotizaciones internacionales - Cobre (Londres, cUS$ por libras)",12.Jun.18,327.017422392386
PD04701XD,"Cotizaciones internacionales - Cobre (Londres, cUS$ por libras)",13.Jun.18,328.899830746541
PD04701XD,"Cotizaciones internacionales - Cobre (Londres, cUS$ por libras)",14.Jun.18,325.361810225478
PD04701XD,"Cotizaciones internacionales - Cobre (Londres, cUS$ por libras)",15.Jun.18,318.37648765825
PD04701XD,"Cotizaciones internacionales - Cobre (Londres, cUS$ por libras)",18.Jun.18,316.199244260673
PD04701XD,"Cotizaciones internacionales - Cobre (Londres, cUS$ por libras)",19.Jun.18,309.894310255188
PD04701XD,"Cotizaciones internacionales - Cobre (Londres, cUS$ por libras)",20.Jun.18,306.798542299258
PD04701XD,"Cotizaciones internacionales - Cobre (Londres, cUS$ por libras)",21.Jun.18,307.932523235496
PD04701XD,"Cotizaciones internacionales - Cobre (Londres, cUS$ por libras)",22.Jun.18,308.057261138482
PD04701XD,"Cotizaciones internacionales - Cobre (Londres, cUS$ por libras)",25.Jun.18,306.106813928153
PD04701XD,"Cotizaciones internacionales - Cobre (Londres, cUS$ por libras)",26.Jun.18,304.609959092318
PD04701XD,"Cotizaciones internacionales - Cobre (Londres, cUS$ por libras)",27.Jun.18,303.612055868428
PD04701XD,"Cotizaciones internacionales - Cobre (Londres, cUS$ por libras)",28.Jun.18,300.663705434209
PD04701XD,"Cotizaciones internacionales - Cobre (Londres, cUS$ por libras)",29.Jun.18,300.504948103136
PD04701XD,"Cotizaciones internacionales - Cobre (Londres, cUS$ por libras)",02.Jul.18,295.95768454882
PD04701XD,"Cotizaciones internacionales - Cobre (Londres, cUS$ por libras)",03.Jul.18,294.256713144463
PD04701XD,"Cotizaciones internacionales - Cobre (Londres, cUS$ por libras)",04.Jul.18,289.743469018235
PD04701XD,"Cotizaciones internacionales - Cobre (Londres, cUS$ por libras)",05.Jul.18,287.759002379818
PD04701XD,"Cotizaciones internacionales - Cobre (Londres, cUS$ por libras)",06.Jul.18,284.787972326874
PD04701XD,"Cotizaciones internacionales - Cobre (Londres, cUS$ por libras)",09.Jul.18,289.516672830987
PD04701XD,"Cotizaciones internacionales - Cobre (Londres, cUS$ por libras)",10.Jul.18,286.715739918479
PD04701XD,"Cotizaciones internacionales - Cobre (Londres, cUS$ por libras)",11.Jul.18,278.052125565618
PD04701XD,"Cotizaciones internacionales - Cobre (Londres, cUS$ por libras)",12.Jul.18,281.692204370943
PD04701XD,"Cotizaciones internacionales - Cobre (Londres, cUS$ por libras)",13.Jul.18,281.987039414365
PD04701XD,"Cotizaciones internacionales - Cobre (Londres, cUS$ por libras)",16.Jul.18,279.639698876352
PD04701XD,"Cotizaciones internacionales - Cobre (Londres, cUS$ por libras)",17.Jul.18,277.417096241325
PD04701XD,"Cotizaciones internacionales - Cobre (Londres, cUS$ por libras)",18.Jul.18,277.757290522196
PD04701XD,"Cotizaciones internacionales - Cobre (Londres, cUS$ por libras)",19.Jul.18,273.947114576436
PD04701XD,"Cotizaciones internacionales - Cobre (Londres, cUS$ por libras)",20.Jul.18,277.711931284747
PD04701XD,"Cotizaciones internacionales - Cobre (Londres, cUS$ por libras)",23.Jul.18,276.543930920421
PD04701XD,"Cotizaciones internacionales - Cobre (Londres, cUS$ por libras)",24.Jul.18,284.164282811942
PD04701XD,"Cotizaciones internacionales - Cobre (Londres, cUS$ por libras)",25.Jul.18,284.039544908956
PD04701XD,"Cotizaciones internacionales - Cobre (Londres, cUS$ por libras)",26.Jul.18,284.243661477479
PD04701XD,"Cotizaciones internacionales - Cobre (Londres, cUS$ por libras)",27.Jul.18,284.595195567713
PD04701XD,"Cotizaciones internacionales - Cobre (Londres, cUS$ por libras)",30.Jul.18,282.293214267149
PD04701XD,"Cotizaciones internacionales - Cobre (Londres, cUS$ por libras)",31.Jul.18,284.821991754961
PD04701XD,"Cotizaciones internacionales - Cobre (Londres, cUS$ por libras)",01.Ago.18,278.82323260226
PD04701XD,"Cotizaciones internacionales - Cobre (Londres, cUS$ por libras)",02.Ago.18,277.167620435352
PD04701XD,"Cotizaciones internacionales - Cobre (Londres, cUS$ por libras)",03.Ago.18,280.240708772558
PD04701XD,"Cotizaciones internacionales - Cobre (Londres, cUS$ por libras)",06.Ago.18,276.850105773206
PD04701XD,"Cotizaciones internacionales - Cobre (Londres, cUS$ por libras)",07.Ago.18,278.6304558431
PD04701XD,"Cotizaciones internacionales - Cobre (Londres, cUS$ por libras)",08.Ago.18,278.687154889912
PD04701XD,"Cotizaciones internacionales - Cobre (Londres, cUS$ por libras)",09.Ago.18,281.159233330911
PD04701XD,"Cotizaciones internacionales - Cobre (Londres, cUS$ por libras)",10.Ago.18,279.424242498467
PD04701XD,"Cotizaciones internacionales - Cobre (Londres, cUS$ por libras)",13.Ago.18,277.745950712834
PD04701XD,"Cotizaciones internacionales - Cobre (Londres, cUS$ por libras)",14.Ago.18,272.563657834225
PD04701XD,"Cotizaciones internacionales - Cobre (Londres, cUS$ por libras)",15.Ago.18,261.223848471843
PD04701XD,"Cotizaciones internacionales - Cobre (Londres, cUS$ por libras)",16.Ago.18,267.664860189676
PD04701XD,"Cotizaciones internacionales - Cobre (Londres, cUS$ por libras)",17.Ago.18,267.143228959006
PD04701XD,"Cotizaciones internacionales - Cobre (Londres, cUS$ por libras)",20.Ago.18,270.409094055373
PD04701XD,"Cotizaciones internacionales - Cobre (Londres, cUS$ por libras)",21.Ago.18,272.971890971271
PD04701XD,"Cotizaciones internacionales - Cobre (Londres, cUS$ por libras)",22.Ago.18,271.248239948189
PD04701XD,"Cotizaciones internacionales - Cobre (Londres, cUS$ por libras)",23.Ago.18,270.658569861345
PD04701XD,"Cotizaciones internacionales - Cobre (Londres, cUS$ por libras)",24.Ago.18,276.305794923811
PD04701XD,"Cotizaciones internacionales - Cobre (Londres, cUS$ por libras)",27.Ago.18,276.305794923811
PD04701XD,"Cotizaciones internacionales - Cobre (Londres, cUS$ por libras)",28.Ago.18,278.278921752866
PD04701XD,"Cotizaciones internacionales - Cobre (Londres, cUS$ por libras)",29.Ago.18,275.466649030995
PD04701XD,"Cotizaciones internacionales - Cobre (Londres, cUS$ por libras)",30.Ago.18,274.990377037775
PD04701XD,"Cotizaciones internacionales - Cobre (Londres, cUS$ por libras)",31.Ago.18,270.703929098795
PD04701XD,"Cotizaciones internacionales - Cobre (Londres, cUS$ por libras)",03.Set.18,269.660666637455
PD04701XD,"Cotizaciones internacionales - Cobre (Londres, cUS$ por libras)",04.Set.18,262.902140257475
PD04701XD,"Cotizaciones internacionales - Cobre (Londres, cUS$ por libras)",05.Set.18,265.54431583891
PD04701XD,"Cotizaciones internacionales - Cobre (Londres, cUS$ por libras)",06.Set.18,267.800937902025
PD04701XD,"Cotizaciones internacionales - Cobre (Londres, cUS$ por libras)",07.Set.18,268.299889513969
PD04701XD,"Cotizaciones internacionales - Cobre (Londres, cUS$ por libras)",10.Set.18,267.233947433905
PD04701XD,"Cotizaciones internacionales - Cobre (Londres, cUS$ por libras)",11.Set.18,265.06804384569
PD04701XD,"Cotizaciones internacionales - Cobre (Londres, cUS$ por libras)",12.Set.18,271.304938995001
PD04701XD,"Cotizaciones internacionales - Cobre (Londres, cUS$ por libras)",13.Set.18,272.767774402748
PD04701XD,"Cotizaciones internacionales - Cobre (Londres, cUS$ por libras)",14.Set.18,269.92148225279
PD04701XD,"Cotizaciones internacionales - Cobre (Londres, cUS$ por libras)",17.Set.18,268.526685701217
PD04701XD,"Cotizaciones internacionales - Cobre (Londres, cUS$ por libras)",18.Set.18,275.058415893949
PD04701XD,"Cotizaciones internacionales - Cobre (Londres, cUS$ por libras)",19.Set.18,276.532591111059
PD04701XD,"Cotizaciones internacionales - Cobre (Londres, cUS$ por libras)",20.Set.18,275.557367505894
PD04701XD,"Cotizaciones internacionales - Cobre (Londres, cUS$ por libras)",21.Set.18,289.369255309276
PD04701XD,"Cotizaciones internacionales - Cobre (Londres, cUS$ por libras)",24.Set.18,288.257953991763
PD04701XD,"Cotizaciones internacionales - Cobre (Londres, cUS$ por libras)",25.Set.18,286.432244684419
PD04701XD,"Cotizaciones internacionales - Cobre (Londres, cUS$ por libras)",26.Set.18,284.402418808553
PD04701XD,"Cotizaciones internacionales - Cobre (Londres, cUS$ por libras)",27.Set.18,280.410805912994
PD04701XD,"Cotizaciones internacionales - Cobre (Londres, cUS$ por libras)",28.Set.18,284.107583765131
PD04701XD,"Cotizaciones internacionales - Cobre (Londres, cUS$ por libras)",01.Oct.18,283.880787577883
PD04701XD,"Cotizaciones internacionales - Cobre (Londres, cUS$ por libras)",02.Oct.18,285.218885082644
PD04701XD,"Cotizaciones internacionales - Cobre (Londres, cUS$ por libras)",03.Oct.18,284.062224527681
PD04701XD,"Cotizaciones internacionales - Cobre (Londres, cUS$ por libras)",04.Oct.18,285.230224892006
PD04701XD,"Cotizaciones internacionales - Cobre (Londres, cUS$ por libras)",05.Oct.18,279.730417351251
PD04701XD,"Cotizaciones internacionales - Cobre (Londres, cUS$ por libras)",08.Oct.18,280.05927182276
PD04701XD,"Cotizaciones internacionales - Cobre (Londres, cUS$ por libras)",09.Oct.18,285.774535741401
PD04701XD,"Cotizaciones internacionales - Cobre (Londres, cUS$ por libras)",10.Oct.18,283.540593297011
PD04701XD,"Cotizaciones internacionales - Cobre (Londres, cUS$ por libras)",11.Oct.18,283.869447768521
PD04701XD,"Cotizaciones internacionales - Cobre (Londres, cUS$ por libras)",12.Oct.18,286.62502144358
PD04701XD,"Cotizaciones internacionales - Cobre (Londres, cUS$ por libras)",15.Oct.18,285.899273644387
PD04701XD,"Cotizaciones internacionales - Cobre (Londres, cUS$ por libras)",16.Oct.18,281.329330471347
PD04701XD,"Cotizaciones internacionales - Cobre (Londres, cUS$ por libras)",17.Oct.18,281.953019986278
PD04701XD,"Cotizaciones internacionales - Cobre (Londres, cUS$ por libras)",18.Oct.18,279.29950459548
PD04701XD,"Cotizaciones internacionales - Cobre (Londres, cUS$ por libras)",19.Oct.18,282.497330835672
PD04701XD,"Cotizaciones internacionales - Cobre (Londres, cUS$ por libras)",22.Oct.18,283.166379588053
PD04701XD,"Cotizaciones internacionales - Cobre (Londres, cUS$ por libras)",23.Oct.18,280.977796381113
PD04701XD,"Cotizaciones internacionales - Cobre (Londres, cUS$ por libras)",24.Oct.18,280.682961337691
PD04701XD,"Cotizaciones internacionales - Cobre (Londres, cUS$ por libras)",25.Oct.18,283.631311771911
PD04701XD,"Cotizaciones internacionales - Cobre (Londres, cUS$ por libras)",26.Oct.18,281.544786849232
PD04701XD,"Cotizaciones internacionales - Cobre (Londres, cUS$ por libras)",29.Oct.18,280.252048581921
PD04701XD,"Cotizaciones internacionales - Cobre (Londres, cUS$ por libras)",30.Oct.18,275.625406362068
PD04701XD,"Cotizaciones internacionales - Cobre (Londres, cUS$ por libras)",31.Oct.18,273.811036864087
PD04701XD,"Cotizaciones internacionales - Cobre (Londres, cUS$ por libras)",01.Nov.18,276.804746535756
PD04701XD,"Cotizaciones internacionales - Cobre (Londres, cUS$ por libras)",02.Nov.18,286.62502144358
PD04701XD,"Cotizaciones internacionales - Cobre (Londres, cUS$ por libras)",05.Nov.18,281.522107230507
PD04701XD,"Cotizaciones internacionales - Cobre (Londres, cUS$ por libras)",06.Nov.18,280.501524387893
PD04701XD,"Cotizaciones internacionales - Cobre (Londres, cUS$ por libras)",07.Nov.18,279.911854301049
PD04701XD,"Cotizaciones internacionales - Cobre (Londres, cUS$ por libras)",08.Nov.18,279.979893157223
PD04701XD,"Cotizaciones internacionales - Cobre (Londres, cUS$ por libras)",09.Nov.18,275.716124836968
PD04701XD,"Cotizaciones internacionales - Cobre (Londres, cUS$ por libras)",12.Nov.18,275.500668459082
PD04701XD,"Cotizaciones internacionales - Cobre (Londres, cUS$ por libras)",13.Nov.18,276.169717211463
PD04701XD,"Cotizaciones internacionales - Cobre (Londres, cUS$ por libras)",14.Nov.18,277.031542723004
PD04701XD,"Cotizaciones internacionales - Cobre (Londres, cUS$ por libras)",15.Nov.18,281.136553712186
PD04701XD,"Cotizaciones internacionales - Cobre (Londres, cUS$ por libras)",16.Nov.18,282.293214267149
PD04701XD,"Cotizaciones internacionales - Cobre (Londres, cUS$ por libras)",19.Nov.18,285.423001651167
PD04701XD,"Cotizaciones internacionales - Cobre (Londres, cUS$ por libras)",20.Nov.18,281.499427611783
PD04701XD,"Cotizaciones internacionales - Cobre (Londres, cUS$ por libras)",21.Nov.18,284.357059571103
PD04701XD,"Cotizaciones internacionales - Cobre (Londres, cUS$ por libras)",22.Nov.18,285.139506417107
PD04701XD,"Cotizaciones internacionales - Cobre (Londres, cUS$ por libras)",23.Nov.18,282.882884353993
PD04701XD,"Cotizaciones internacionales - Cobre (Londres, cUS$ por libras)",26.Nov.18,282.179816173526
PD04701XD,"Cotizaciones internacionales - Cobre (Londres, cUS$ por libras)",27.Nov.18,279.197446311219
PD04701XD,"Cotizaciones internacionales - Cobre (Londres, cUS$ por libras)",28.Nov.18,283.223078634865
PD04701XD,"Cotizaciones internacionales - Cobre (Londres, cUS$ por libras)",29.Nov.18,283.381835965938
PD04701XD,"Cotizaciones internacionales - Cobre (Londres, cUS$ por libras)",30.Nov.18,282.451971598223
PD04701XD,"Cotizaciones internacionales - Cobre (Londres, cUS$ por libras)",03.Dic.18,286.330186400158
PD04701XD,"Cotizaciones internacionales - Cobre (Londres, cUS$ por libras)",04.Dic.18,281.794262655205
PD04701XD,"Cotizaciones internacionales - Cobre (Londres, cUS$ por libras)",05.Dic.18,280.093291250847
PD04701XD,"Cotizaciones internacionales - Cobre (Londres, cUS$ por libras)",06.Dic.18,275.761484074417
PD04701XD,"Cotizaciones internacionales - Cobre (Londres, cUS$ por libras)",07.Dic.18,278.913951077159
PD04701XD,"Cotizaciones internacionales - Cobre (Londres, cUS$ por libras)",10.Dic.18,276.169717211463
PD04701XD,"Cotizaciones internacionales - Cobre (Londres, cUS$ por libras)",11.Dic.18,279.889174682324
PD04701XD,"Cotizaciones internacionales - Cobre (Londres, cUS$ por libras)",12.Dic.18,278.721174317999
PD04701XD,"Cotizaciones internacionales - Cobre (Londres, cUS$ por libras)",13.Dic.18,279.34486383293
PD04701XD,"Cotizaciones internacionales - Cobre (Londres, cUS$ por libras)",14.Dic.18,277.950067281357
PD04701XD,"Cotizaciones internacionales - Cobre (Londres, cUS$ por libras)",17.Dic.18,276.48723187361
PD04701XD,"Cotizaciones internacionales - Cobre (Londres, cUS$ por libras)",18.Dic.18,269.649326828093
PD04701XD,"Cotizaciones internacionales - Cobre (Londres, cUS$ por libras)",19.Dic.18,271.724511941409
PD04701XD,"Cotizaciones internacionales - Cobre (Londres, cUS$ por libras)",20.Dic.18,271.134841854565
PD04701XD,"Cotizaciones internacionales - Cobre (Londres, cUS$ por libras)",21.Dic.18,270.68124948007
PD04701XD,"Cotizaciones internacionales - Cobre (Londres, cUS$ por libras)",24.Dic.18,269.059656741249
PD04701XD,"Cotizaciones internacionales - Cobre (Londres, cUS$ por libras)",25.Dic.18,269.059656741249
PD04701XD,"Cotizaciones internacionales - Cobre (Londres, cUS$ por libras)",26.Dic.18,269.059656741249
PD04701XD,"Cotizaciones internacionales - Cobre (Londres, cUS$ por libras)",27.Dic.18,270.749288336244
PD04701XD,"Cotizaciones internacionales - Cobre (Londres, cUS$ por libras)",28.Dic.18,271.565754610336
PD04701XD,"Cotizaciones internacionales - Cobre (Londres, cUS$ por libras)",31.Dic.18,269.842103587253
PD04701XD,"Cotizaciones internacionales - Cobre (Londres, cUS$ por libras)",01.Ene.19,269.842103587253
PD04701XD,"Cotizaciones internacionales - Cobre (Londres, cUS$ por libras)",02.Ene.19,263.945402718815
PD04701XD,"Cotizaciones internacionales - Cobre (Londres, cUS$ por libras)",03.Ene.19,259.171342977252
PD04701XD,"Cotizaciones internacionales - Cobre (Londres, cUS$ por libras)",04.Ene.19,267.49476304924
PD04701XD,"Cotizaciones internacionales - Cobre (Londres, cUS$ por libras)",07.Ene.19,267.812277711387
PD04701XD,"Cotizaciones internacionales - Cobre (Londres, cUS$ por libras)",08.Ene.19,267.007151246658
PD04701XD,"Cotizaciones internacionales - Cobre (Londres, cUS$ por libras)",09.Ene.19,269.286452928497
PD04701XD,"Cotizaciones internacionales - Cobre (Londres, cUS$ por libras)",10.Ene.19,267.97103504246
PD04701XD,"Cotizaciones internacionales - Cobre (Londres, cUS$ por libras)",11.Ene.19,268.526685701217
PD04701XD,"Cotizaciones internacionales - Cobre (Londres, cUS$ por libras)",14.Ene.19,266.122646116392
PD04701XD,"Cotizaciones internacionales - Cobre (Londres, cUS$ por libras)",15.Ene.19,266.984471627933
PD04701XD,"Cotizaciones internacionales - Cobre (Londres, cUS$ por libras)",16.Ene.19,269.354491784671
PD04701XD,"Cotizaciones internacionales - Cobre (Londres, cUS$ por libras)",17.Ene.19,270.556511577084
PD04701XD,"Cotizaciones internacionales - Cobre (Londres, cUS$ por libras)",18.Ene.19,273.493522201941
PD04701XD,"Cotizaciones internacionales - Cobre (Londres, cUS$ por libras)",21.Ene.19,269.955501680877
PD04701XD,"Cotizaciones internacionales - Cobre (Londres, cUS$ por libras)",22.Ene.19,267.812277711387
PD04701XD,"Cotizaciones internacionales - Cobre (Londres, cUS$ por libras)",23.Ene.19,268.49266627313
PD04701XD,"Cotizaciones internacionales - Cobre (Londres, cUS$ por libras)",24.Ene.19,267.347345527529
PD04701XD,"Cotizaciones internacionales - Cobre (Londres, cUS$ por libras)",25.Ene.19,273.856396101537
PD04701XD,"Cotizaciones internacionales - Cobre (Londres, cUS$ por libras)",28.Ene.19,271.202880710739
PD04701XD,"Cotizaciones internacionales - Cobre (Londres, cUS$ por libras)",29.Ene.19,273.629599914289
PD04701XD,"Cotizaciones internacionales - Cobre (Londres, cUS$ por libras)",30.Ene.19,277.609873000485
PD04701XD,"Cotizaciones internacionales - Cobre (Londres, cUS$ por libras)",31.Ene.19,279.016009361421
PD04701XD,"Cotizaciones internacionales - Cobre (Londres, cUS$ por libras)",01.Feb.19,277.405756431963
PD04701XD,"Cotizaciones internacionales - Cobre (Londres, cUS$ por libras)",04.Feb.19,278.981989933334
PD04701XD,"Cotizaciones internacionales - Cobre (Londres, cUS$ por libras)",05.Feb.19,281.998379223727
PD04701XD,"Cotizaciones internacionales - Cobre (Londres, cUS$ por libras)",06.Feb.19,283.971506052782
PD04701XD,"Cotizaciones internacionales - Cobre (Londres, cUS$ por libras)",07.Feb.19,282.497330835672
PD04701XD,"Cotizaciones internacionales - Cobre (Londres, cUS$ por libras)",08.Feb.19,280.807699240677
PD04701XD,"Cotizaciones internacionales - Cobre (Londres, cUS$ por libras)",11.Feb.19,278.312941180953
PD04701XD,"Cotizaciones internacionales - Cobre (Londres, cUS$ por libras)",12.Feb.19,276.317134733174
PD04701XD,"Cotizaciones internacionales - Cobre (Londres, cUS$ por libras)",13.Feb.19,277.757290522196
PD04701XD,"Cotizaciones internacionales - Cobre (Londres, cUS$ por libras)",14.Feb.19,278.380980037127
PD04701XD,"Cotizaciones internacionales - Cobre (Londres, cUS$ por libras)",15.Feb.19,280.909757524939
PD04701XD,"Cotizaciones internacionales - Cobre (Londres, cUS$ por libras)",18.Feb.19,287.260050767873
PD04701XD,"Cotizaciones internacionales - Cobre (Londres, cUS$ por libras)",19.Feb.19,287.759002379818
PD04701XD,"Cotizaciones internacionales - Cobre (Londres, cUS$ por libras)",20.Feb.19,291.569178325578
PD04701XD,"Cotizaciones internacionales - Cobre (Londres, cUS$ por libras)",21.Feb.19,290.049643871019
PD04701XD,"Cotizaciones internacionales - Cobre (Londres, cUS$ por libras)",22.Feb.19,295.696868933485
PD04701XD,"Cotizaciones internacionales - Cobre (Londres, cUS$ por libras)",25.Feb.19,295.946344739458
PD04701XD,"Cotizaciones internacionales - Cobre (Londres, cUS$ por libras)",26.Feb.19,295.810267027109
PD04701XD,"Cotizaciones internacionales - Cobre (Londres, cUS$ por libras)",27.Feb.19,296.921568344623
PD04701XD,"Cotizaciones internacionales - Cobre (Londres, cUS$ por libras)",28.Feb.19,297.352481100393
PD04701XD,"Cotizaciones internacionales - Cobre (Londres, cUS$ por libras)",01.Mar.19,295.969024358183
PD04701XD,"Cotizaciones internacionales - Cobre (Londres, cUS$ por libras)",04.Mar.19,293.111392398862
PD04701XD,"Cotizaciones internacionales - Cobre (Londres, cUS$ por libras)",05.Mar.19,297.012286819522
PD04701XD,"Cotizaciones internacionales - Cobre (Londres, cUS$ por libras)",06.Mar.19,294.81236380322
PD04701XD,"Cotizaciones internacionales - Cobre (Londres, cUS$ por libras)",07.Mar.19,293.020673923963
PD04701XD,"Cotizaciones internacionales - Cobre (Londres, cUS$ por libras)",08.Mar.19,291.342382138331
PD04701XD,"Cotizaciones internacionales - Cobre (Londres, cUS$ por libras)",11.Mar.19,291.886692987725
PD04701XD,"Cotizaciones internacionales - Cobre (Londres, cUS$ por libras)",12.Mar.19,294.744324947045
PD04701XD,"Cotizaciones internacionales - Cobre (Londres, cUS$ por libras)",13.Mar.19,294.903082278119
PD04701XD,"Cotizaciones internacionales - Cobre (Londres, cUS$ por libras)",14.Mar.19,291.024867476184
PD04701XD,"Cotizaciones internacionales - Cobre (Londres, cUS$ por libras)",15.Mar.19,292.374304790307
PD04701XD,"Cotizaciones internacionales - Cobre (Londres, cUS$ por libras)",18.Mar.19,292.929955449064
PD04701XD,"Cotizaciones internacionales - Cobre (Londres, cUS$ por libras)",19.Mar.19,293.428907061009
PD04701XD,"Cotizaciones internacionales - Cobre (Londres, cUS$ por libras)",20.Mar.19,294.086616004027
PD04701XD,"Cotizaciones internacionales - Cobre (Londres, cUS$ por libras)",21.Mar.19,291.795974512826
PD04701XD,"Cotizaciones internacionales - Cobre (Londres, cUS$ por libras)",22.Mar.19,286.420904875057
PD04701XD,"Cotizaciones internacionales - Cobre (Londres, cUS$ por libras)",25.Mar.19,287.441487717671
PD04701XD,"Cotizaciones internacionales - Cobre (Londres, cUS$ por libras)",26.Mar.19,287.464167336396
PD04701XD,"Cotizaciones internacionales - Cobre (Londres, cUS$ por libras)",27.Mar.19,287.396128480222
PD04701XD,"Cotizaciones internacionales - Cobre (Londres, cUS$ por libras)",28.Mar.19,288.48475017901
PD04701XD,"Cotizaciones internacionales - Cobre (Londres, cUS$ por libras)",29.Mar.19,294.222693716376
PD04701XD,"Cotizaciones internacionales - Cobre (Londres, cUS$ por libras)",01.Abr.19,293.247470111211
PD04701XD,"Cotizaciones internacionales - Cobre (Londres, cUS$ por libras)",02.Abr.19,290.91146938256
PD04701XD,"Cotizaciones internacionales - Cobre (Londres, cUS$ por libras)",03.Abr.19,294.109295622752
PD04701XD,"Cotizaciones internacionales - Cobre (Londres, cUS$ por libras)",04.Abr.19,291.966071653262
PD04701XD,"Cotizaciones internacionales - Cobre (Londres, cUS$ por libras)",05.Abr.19,289.630070924611
PD04701XD,"Cotizaciones internacionales - Cobre (Londres, cUS$ por libras)",08.Abr.19,293.009334114601
PD04701XD,"Cotizaciones internacionales - Cobre (Londres, cUS$ por libras)",09.Abr.19,293.757761532518
PD04701XD,"Cotizaciones internacionales - Cobre (Londres, cUS$ por libras)",10.Abr.19,292.499042693294
PD04701XD,"Cotizaciones internacionales - Cobre (Londres, cUS$ por libras)",11.Abr.19,289.868206921221
PD04701XD,"Cotizaciones internacionales - Cobre (Londres, cUS$ por libras)",12.Abr.19,293.179431255037
PD04701XD,"Cotizaciones internacionales - Cobre (Londres, cUS$ por libras)",15.Abr.19,292.657800024367
PD04701XD,"Cotizaciones internacionales - Cobre (Londres, cUS$ por libras)",16.Abr.19,293.428907061009
PD04701XD,"Cotizaciones internacionales - Cobre (Londres, cUS$ por libras)",17.Abr.19,296.513335207577
PD04701XD,"Cotizaciones internacionales - Cobre (Londres, cUS$ por libras)",18.Abr.19,293.05469335205
PD04701XD,"Cotizaciones internacionales - Cobre (Londres, cUS$ por libras)",19.Abr.19,293.05469335205
PD04701XD,"Cotizaciones internacionales - Cobre (Londres, cUS$ por libras)",22.Abr.19,293.05469335205
PD04701XD,"Cotizaciones internacionales - Cobre (Londres, cUS$ por libras)",23.Abr.19,290.038304061657
PD04701XD,"Cotizaciones internacionales - Cobre (Londres, cUS$ por libras)",24.Abr.19,292.328945552858
PD04701XD,"Cotizaciones internacionales - Cobre (Londres, cUS$ por libras)",25.Abr.19,288.416711322836
PD04701XD,"Cotizaciones internacionales - Cobre (Londres, cUS$ por libras)",26.Abr.19,290.242420630179
PD04701XD,"Cotizaciones internacionales - Cobre (Londres, cUS$ por libras)",29.Abr.19,290.412517770615
PD04701XD,"Cotizaciones internacionales - Cobre (Londres, cUS$ por libras)",30.Abr.19,291.512479278766
PD04701XD,"Cotizaciones internacionales - Cobre (Londres, cUS$ por libras)",01.May.19,282.372592932686
PD04701XD,"Cotizaciones internacionales - Cobre (Londres, cUS$ por libras)",02.May.19,279.685058113801
PD04701XD,"Cotizaciones internacionales - Cobre (Londres, cUS$ por libras)",03.May.19,282.554029882484
PD04701XD,"Cotizaciones internacionales - Cobre (Londres, cUS$ por libras)",06.May.19,282.554029882484
PD04701XD,"Cotizaciones internacionales - Cobre (Londres, cUS$ por libras)",07.May.19,279.809796016788
PD04701XD,"Cotizaciones internacionales - Cobre (Londres, cUS$ por libras)",08.May.19,278.040785756256
PD04701XD,"Cotizaciones internacionales - Cobre (Londres, cUS$ por libras)",09.May.19,276.192396830188
PD04701XD,"Cotizaciones internacionales - Cobre (Londres, cUS$ por libras)",10.May.19,277.054222341729
PD04701XD,"Cotizaciones internacionales - Cobre (Londres, cUS$ por libras)",13.May.19,271.543074991611
PD04701XD,"Cotizaciones internacionales - Cobre (Londres, cUS$ por libras)",14.May.19,272.019346984831
PD04701XD,"Cotizaciones internacionales - Cobre (Londres, cUS$ por libras)",15.May.19,274.593483710092
PD04701XD,"Cotizaciones internacionales - Cobre (Londres, cUS$ por libras)",16.May.19,275.375930556096
PD04701XD,"Cotizaciones internacionales - Cobre (Londres, cUS$ por libras)",17.May.19,273.652279533014
PD04701XD,"Cotizaciones internacionales - Cobre (Londres, cUS$ por libras)",20.May.19,272.325521837615
PD04701XD,"Cotizaciones internacionales - Cobre (Londres, cUS$ por libras)",21.May.19,270.567851386446
PD04701XD,"Cotizaciones internacionales - Cobre (Londres, cUS$ por libras)",22.May.19,267.347345527529
PD04701XD,"Cotizaciones internacionales - Cobre (Londres, cUS$ por libras)",23.May.19,267.664860189676
PD04701XD,"Cotizaciones internacionales - Cobre (Londres, cUS$ por libras)",24.May.19,269.070996550611
PD04701XD,"Cotizaciones internacionales - Cobre (Londres, cUS$ por libras)",27.May.19,269.070996550611
PD04701XD,"Cotizaciones internacionales - Cobre (Londres, cUS$ por libras)",28.May.19,269.479229687657
PD04701XD,"Cotizaciones internacionales - Cobre (Londres, cUS$ por libras)",29.May.19,265.532976029548
PD04701XD,"Cotizaciones internacionales - Cobre (Londres, cUS$ por libras)",30.May.19,264.081480431163
PD04701XD,"Cotizaciones internacionales - Cobre (Londres, cUS$ por libras)",31.May.19,263.355732631971
PD04701XD,"Cotizaciones internacionales - Cobre (Londres, cUS$ por libras)",03.Jun.19,263.809325006466
PD04701XD,"Cotizaciones internacionales - Cobre (Londres, cUS$ por libras)",04.Jun.19,265.54431583891
PD04701XD,"Cotizaciones internacionales - Cobre (Londres, cUS$ por libras)",05.Jun.19,262.312470170631
PD04701XD,"Cotizaciones internacionales - Cobre (Londres, cUS$ por libras)",06.Jun.19,262.641324642141
PD04701XD,"Cotizaciones internacionales - Cobre (Londres, cUS$ por libras)",07.Jun.19,262.074334174021
PD04701XD,"Cotizaciones internacionales - Cobre (Londres, cUS$ por libras)",10.Jun.19,265.816471263608
PD04701XD,"Cotizaciones internacionales - Cobre (Londres, cUS$ por libras)",11.Jun.19,265.691733360621
PD04701XD,"Cotizaciones internacionales - Cobre (Londres, cUS$ por libras)",12.Jun.19,264.126839668613
PD04701XD,"Cotizaciones internacionales - Cobre (Londres, cUS$ por libras)",13.Jun.19,264.467033949484
PD04701XD,"Cotizaciones internacionales - Cobre (Londres, cUS$ por libras)",14.Jun.19,262.981518923012
PD04701XD,"Cotizaciones internacionales - Cobre (Londres, cUS$ por libras)",17.Jun.19,263.900043481365
PD04701XD,"Cotizaciones internacionales - Cobre (Londres, cUS$ por libras)",18.Jun.19,268.753481888465
PD04701XD,"Cotizaciones internacionales - Cobre (Londres, cUS$ por libras)",19.Jun.19,267.483423239878
PD04701XD,"Cotizaciones internacionales - Cobre (Londres, cUS$ por libras)",20.Jun.19,270.363734817923
PD04701XD,"Cotizaciones internacionales - Cobre (Londres, cUS$ por libras)",21.Jun.19,270.227657105574
PD04701XD,"Cotizaciones internacionales - Cobre (Londres, cUS$ por libras)",24.Jun.19,269.49056949702
PD04701XD,"Cotizaciones internacionales - Cobre (Londres, cUS$ por libras)",25.Jun.19,273.312085252142
PD04701XD,"Cotizaciones internacionales - Cobre (Londres, cUS$ por libras)",26.Jun.19,270.840006811143
PD04701XD,"Cotizaciones internacionales - Cobre (Londres, cUS$ por libras)",27.Jun.19,271.089482617115
PD04701XD,"Cotizaciones internacionales - Cobre (Londres, cUS$ por libras)",28.Jun.19,271.338958423088
PD04701XD,"Cotizaciones internacionales - Cobre (Londres, cUS$ por libras)",01.Jul.19,269.331812165946
PD04701XD,"Cotizaciones internacionales - Cobre (Londres, cUS$ por libras)",02.Jul.19,266.190684972566
PD04701XD,"Cotizaciones internacionales - Cobre (Londres, cUS$ por libras)",03.Jul.19,268.01639427991
PD04701XD,"Cotizaciones internacionales - Cobre (Londres, cUS$ por libras)",04.Jul.19,268.027734089272
PD04701XD,"Cotizaciones internacionales - Cobre (Londres, cUS$ por libras)",05.Jul.19,267.177248387094
PD04701XD,"Cotizaciones internacionales - Cobre (Londres, cUS$ por libras)",08.Jul.19,266.406141350452
PD04701XD,"Cotizaciones internacionales - Cobre (Londres, cUS$ por libras)",09.Jul.19,263.469130725594
PD04701XD,"Cotizaciones internacionales - Cobre (Londres, cUS$ por libras)",10.Jul.19,268.912239219538
PD04701XD,"Cotizaciones internacionales - Cobre (Londres, cUS$ por libras)",11.Jul.19,269.796744349804
PD04701XD,"Cotizaciones internacionales - Cobre (Londres, cUS$ por libras)",12.Jul.19,268.9235790289
PD04701XD,"Cotizaciones internacionales - Cobre (Londres, cUS$ por libras)",15.Jul.19,271.066802998391
PD04701XD,"Cotizaciones internacionales - Cobre (Londres, cUS$ por libras)",16.Jul.19,272.155424697179
PD04701XD,"Cotizaciones internacionales - Cobre (Londres, cUS$ por libras)",17.Jul.19,270.703929098795
PD04701XD,"Cotizaciones internacionales - Cobre (Londres, cUS$ por libras)",18.Jul.19,270.817327192418
PD04701XD,"Cotizaciones internacionales - Cobre (Londres, cUS$ por libras)",19.Jul.19,274.661522566266
PD04701XD,"Cotizaciones internacionales - Cobre (Londres, cUS$ por libras)",22.Jul.19,272.019346984831
PD04701XD,"Cotizaciones internacionales - Cobre (Londres, cUS$ por libras)",23.Jul.19,269.706025874905
PD04701XD,"Cotizaciones internacionales - Cobre (Londres, cUS$ por libras)",24.Jul.19,271.191540901377
PD04701XD,"Cotizaciones internacionales - Cobre (Londres, cUS$ por libras)",25.Jul.19,271.543074991611
PD04701XD,"Cotizaciones internacionales - Cobre (Londres, cUS$ por libras)",26.Jul.19,269.479229687657
PD04701XD,"Cotizaciones internacionales - Cobre (Londres, cUS$ por libras)",29.Jul.19,272.155424697179
PD04701XD,"Cotizaciones internacionales - Cobre (Londres, cUS$ por libras)",30.Jul.19,268.753481888465
PD04701XD,"Cotizaciones internacionales - Cobre (Londres, cUS$ por libras)",31.Jul.19,267.721559236488
PD04701XD,"Cotizaciones internacionales - Cobre (Londres, cUS$ por libras)",01.Ago.19,266.485520015988
PD04701XD,"Cotizaciones internacionales - Cobre (Londres, cUS$ por libras)",02.Ago.19,258.717750602756
PD04701XD,"Cotizaciones internacionales - Cobre (Londres, cUS$ por libras)",05.Ago.19,256.744623773702
PD04701XD,"Cotizaciones internacionales - Cobre (Londres, cUS$ por libras)",06.Ago.19,256.563186823904
PD04701XD,"Cotizaciones internacionales - Cobre (Londres, cUS$ por libras)",07.Ago.19,257.64046871333
PD04701XD,"Cotizaciones internacionales - Cobre (Londres, cUS$ por libras)",08.Ago.19,261.983615699122
PD04701XD,"Cotizaciones internacionales - Cobre (Londres, cUS$ por libras)",09.Ago.19,259.999149060705
PD04701XD,"Cotizaciones internacionales - Cobre (Londres, cUS$ por libras)",12.Ago.19,259.262061452151
PD04701XD,"Cotizaciones internacionales - Cobre (Londres, cUS$ por libras)",13.Ago.19,263.287693775796
PD04701XD,"Cotizaciones internacionales - Cobre (Londres, cUS$ por libras)",14.Ago.19,260.316663722852
PD04701XD,"Cotizaciones internacionales - Cobre (Londres, cUS$ por libras)",15.Ago.19,259.78369268282
PD04701XD,"Cotizaciones internacionales - Cobre (Londres, cUS$ por libras)",16.Ago.19,259.432158592586
PD04701XD,"Cotizaciones internacionales - Cobre (Londres, cUS$ por libras)",19.Ago.19,260.611498766274
PD04701XD,"Cotizaciones internacionales - Cobre (Londres, cUS$ por libras)",20.Ago.19,257.765206616316
PD04701XD,"Cotizaciones internacionales - Cobre (Londres, cUS$ por libras)",21.Ago.19,258.853828315105
PD04701XD,"Cotizaciones internacionales - Cobre (Londres, cUS$ por libras)",22.Ago.19,256.755963583064
PD04701XD,"Cotizaciones internacionales - Cobre (Londres, cUS$ por libras)",23.Ago.19,254.601399804211
PD04701XD,"Cotizaciones internacionales - Cobre (Londres, cUS$ por libras)",26.Ago.19,254.601399804211
PD04701XD,"Cotizaciones internacionales - Cobre (Londres, cUS$ por libras)",27.Ago.19,256.812662629876
PD04701XD,"Cotizaciones internacionales - Cobre (Londres, cUS$ por libras)",28.Ago.19,257.322954051183
PD04701XD,"Cotizaciones internacionales - Cobre (Londres, cUS$ por libras)",29.Ago.19,259.012585646178
PD04701XD,"Cotizaciones internacionales - Cobre (Londres, cUS$ por libras)",30.Ago.19,256.540507205179
PD04701XD,"Cotizaciones internacionales - Cobre (Londres, cUS$ por libras)",02.Set.19,253.716894673946
PD04701XD,"Cotizaciones internacionales - Cobre (Londres, cUS$ por libras)",03.Set.19,253.3086615369
PD04701XD,"Cotizaciones internacionales - Cobre (Londres, cUS$ por libras)",04.Set.19,259.647614970472
PD04701XD,"Cotizaciones internacionales - Cobre (Londres, cUS$ por libras)",05.Set.19,264.217558143512
PD04701XD,"Cotizaciones internacionales - Cobre (Londres, cUS$ por libras)",06.Set.19,263.503150153682
PD04701XD,"Cotizaciones internacionales - Cobre (Londres, cUS$ por libras)",09.Set.19,262.629984832778
PD04701XD,"Cotizaciones internacionales - Cobre (Londres, cUS$ por libras)",10.Set.19,262.9248198762
PD04701XD,"Cotizaciones internacionales - Cobre (Londres, cUS$ por libras)",11.Set.19,260.30532391349
PD04701XD,"Cotizaciones internacionales - Cobre (Londres, cUS$ por libras)",12.Set.19,263.230994728984
PD04701XD,"Cotizaciones internacionales - Cobre (Londres, cUS$ por libras)",13.Set.19,269.853443396616
PD04701XD,"Cotizaciones internacionales - Cobre (Londres, cUS$ por libras)",16.Set.19,265.079383655053
PD04701XD,"Cotizaciones internacionales - Cobre (Londres, cUS$ por libras)",17.Set.19,262.607305214053
PD04701XD,"Cotizaciones internacionales - Cobre (Londres, cUS$ por libras)",18.Set.19,262.16505264892
PD04701XD,"Cotizaciones internacionales - Cobre (Londres, cUS$ por libras)",19.Set.19,261.337246565467
PD04701XD,"Cotizaciones internacionales - Cobre (Londres, cUS$ por libras)",20.Set.19,261.722800083788
PD04701XD,"Cotizaciones internacionales - Cobre (Londres, cUS$ por libras)",23.Set.19,260.826955144159
PD04701XD,"Cotizaciones internacionales - Cobre (Londres, cUS$ por libras)",24.Set.19,260.963032856508
PD04701XD,"Cotizaciones internacionales - Cobre (Londres, cUS$ por libras)",25.Set.19,261.133129996944
PD04701XD,"Cotizaciones internacionales - Cobre (Londres, cUS$ por libras)",26.Set.19,258.241478609536
PD04701XD,"Cotizaciones internacionales - Cobre (Londres, cUS$ por libras)",27.Set.19,260.191925819866
PD04701XD,"Cotizaciones internacionales - Cobre (Londres, cUS$ por libras)",30.Set.19,258.332197084435
PD04701XD,"Cotizaciones internacionales - Cobre (Londres, cUS$ por libras)",01.Oct.19,256.517827586454
PD04701XD,"Cotizaciones internacionales - Cobre (Londres, cUS$ por libras)",02.Oct.19,255.962176927697
PD04701XD,"Cotizaciones internacionales - Cobre (Londres, cUS$ por libras)",03.Oct.19,255.293128175317
PD04701XD,"Cotizaciones internacionales - Cobre (Londres, cUS$ por libras)",04.Oct.19,254.374603616964
PD04701XD,"Cotizaciones internacionales - Cobre (Londres, cUS$ por libras)",07.Oct.19,257.871800824323
PD04701XD,"Cotizaciones internacionales - Cobre (Londres, cUS$ por libras)",08.Oct.19,255.871458452798
PD04701XD,"Cotizaciones internacionales - Cobre (Londres, cUS$ por libras)",09.Oct.19,256.336390636656
PD04701XD,"Cotizaciones internacionales - Cobre (Londres, cUS$ por libras)",10.Oct.19,260.792935716072
PD04701XD,"Cotizaciones internacionales - Cobre (Londres, cUS$ por libras)",11.Oct.19,261.427965040366
PD04701XD,"Cotizaciones internacionales - Cobre (Londres, cUS$ por libras)",14.Oct.19,262.459887692342
PD04701XD,"Cotizaciones internacionales - Cobre (Londres, cUS$ por libras)",15.Oct.19,260.350683150939
PD04701XD,"Cotizaciones internacionales - Cobre (Londres, cUS$ por libras)",16.Oct.19,258.536313652958
PD04701XD,"Cotizaciones internacionales - Cobre (Londres, cUS$ por libras)",17.Oct.19,259.11464393044
PD04701XD,"Cotizaciones internacionales - Cobre (Londres, cUS$ por libras)",18.Oct.19,262.391848836168
PD04701XD,"Cotizaciones internacionales - Cobre (Londres, cUS$ por libras)",21.Oct.19,263.276353966434
PD04701XD,"Cotizaciones internacionales - Cobre (Londres, cUS$ por libras)",22.Oct.19,262.652664451503
PD04701XD,"Cotizaciones internacionales - Cobre (Londres, cUS$ por libras)",23.Oct.19,265.78245183552
PD04701XD,"Cotizaciones internacionales - Cobre (Londres, cUS$ por libras)",24.Oct.19,265.963888785319
PD04701XD,"Cotizaciones internacionales - Cobre (Londres, cUS$ por libras)",25.Oct.19,267.937015614373
PD04701XD,"Cotizaciones internacionales - Cobre (Londres, cUS$ por libras)",28.Oct.19,267.041170674745
PD04701XD,"Cotizaciones internacionales - Cobre (Londres, cUS$ por libras)",29.Oct.19,267.902996186286
PD04701XD,"Cotizaciones internacionales - Cobre (Londres, cUS$ por libras)",30.Oct.19,266.814374487497
PD04701XD,"Cotizaciones internacionales - Cobre (Londres, cUS$ por libras)",31.Oct.19,261.700120465063
PD04701XD,"Cotizaciones internacionales - Cobre (Londres, cUS$ por libras)",01.Nov.19,264.308276618411
PD04701XD,"Cotizaciones internacionales - Cobre (Londres, cUS$ por libras)",04.Nov.19,265.521636220186
PD04701XD,"Cotizaciones internacionales - Cobre (Londres, cUS$ por libras)",05.Nov.19,268.25453027652
PD04701XD,"Cotizaciones internacionales - Cobre (Londres, cUS$ por libras)",06.Nov.19,267.097869721557
PD04701XD,"Cotizaciones internacionales - Cobre (Londres, cUS$ por libras)",07.Nov.19,270.63589024262
PD04701XD,"Cotizaciones internacionales - Cobre (Londres, cUS$ por libras)",08.Nov.19,268.107112754809
PD04701XD,"Cotizaciones internacionales - Cobre (Londres, cUS$ por libras)",11.Nov.19,265.771112026158
PD04701XD,"Cotizaciones internacionales - Cobre (Londres, cUS$ por libras)",12.Nov.19,265.06804384569
PD04701XD,"Cotizaciones internacionales - Cobre (Londres, cUS$ por libras)",13.Nov.19,263.559849200494
PD04701XD,"Cotizaciones internacionales - Cobre (Londres, cUS$ por libras)",14.Nov.19,262.527926548517
PD04701XD,"Cotizaciones internacionales - Cobre (Londres, cUS$ por libras)",15.Nov.19,264.240237762236
PD04701XD,"Cotizaciones internacionales - Cobre (Londres, cUS$ por libras)",18.Nov.19,263.763965769016
PD04701XD,"Cotizaciones internacionales - Cobre (Londres, cUS$ por libras)",19.Nov.19,265.680393551259
PD04701XD,"Cotizaciones internacionales - Cobre (Londres, cUS$ por libras)",20.Nov.19,265.578335266998
PD04701XD,"Cotizaciones internacionales - Cobre (Londres, cUS$ por libras)",21.Nov.19,263.525829772406
PD04701XD,"Cotizaciones internacionales - Cobre (Londres, cUS$ por libras)",22.Nov.19,264.795888420993
PD04701XD,"Cotizaciones internacionales - Cobre (Londres, cUS$ por libras)",25.Nov.19,265.408238126562
PD04701XD,"Cotizaciones internacionales - Cobre (Londres, cUS$ por libras)",26.Nov.19,267.97103504246
PD04701XD,"Cotizaciones internacionales - Cobre (Londres, cUS$ por libras)",27.Nov.19,268.77616150719
PD04701XD,"Cotizaciones internacionales - Cobre (Londres, cUS$ por libras)",28.Nov.19,266.224704400653
PD04701XD,"Cotizaciones internacionales - Cobre (Londres, cUS$ por libras)",29.Nov.19,265.045364226966
PD04701XD,"Cotizaciones internacionales - Cobre (Londres, cUS$ por libras)",02.Dic.19,265.895849929144
PD04701XD,"Cotizaciones internacionales - Cobre (Londres, cUS$ por libras)",03.Dic.19,262.618645023416
PD04701XD,"Cotizaciones internacionales - Cobre (Londres, cUS$ por libras)",04.Dic.19,265.691733360621
PD04701XD,"Cotizaciones internacionales - Cobre (Londres, cUS$ por libras)",05.Dic.19,265.759772216796
PD04701XD,"Cotizaciones internacionales - Cobre (Londres, cUS$ por libras)",06.Dic.19,270.431773674097
PD04701XD,"Cotizaciones internacionales - Cobre (Londres, cUS$ por libras)",09.Dic.19,274.275969047945
PD04701XD,"Cotizaciones internacionales - Cobre (Londres, cUS$ por libras)",10.Dic.19,275.319231509284
PD04701XD,"Cotizaciones internacionales - Cobre (Londres, cUS$ por libras)",11.Dic.19,277.927387662632
PD04701XD,"Cotizaciones internacionales - Cobre (Londres, cUS$ por libras)",12.Dic.19,278.074805184343
PD04701XD,"Cotizaciones internacionales - Cobre (Londres, cUS$ por libras)",13.Dic.19,276.952164057467
PD04701XD,"Cotizaciones internacionales - Cobre (Londres, cUS$ por libras)",16.Dic.19,280.909757524939
PD04701XD,"Cotizaciones internacionales - Cobre (Londres, cUS$ por libras)",17.Dic.19,279.979893157223
PD04701XD,"Cotizaciones internacionales - Cobre (Londres, cUS$ por libras)",18.Dic.19,278.743853936724
PD04701XD,"Cotizaciones internacionales - Cobre (Londres, cUS$ por libras)",19.Dic.19,280.796359431315
PD04701XD,"Cotizaciones internacionales - Cobre (Londres, cUS$ por libras)",20.Dic.19,278.82323260226
PD04701XD,"Cotizaciones internacionales - Cobre (Londres, cUS$ por libras)",23.Dic.19,279.480941545279
PD04701XD,"Cotizaciones internacionales - Cobre (Londres, cUS$ por libras)",24.Dic.19,280.694301147053
PD04701XD,"Cotizaciones internacionales - Cobre (Londres, cUS$ por libras)",25.Dic.19,280.694301147053
PD04701XD,"Cotizaciones internacionales - Cobre (Londres, cUS$ por libras)",26.Dic.19,280.694301147053
PD04701XD,"Cotizaciones internacionales - Cobre (Londres, cUS$ por libras)",27.Dic.19,280.682961337691
PD04701XD,"Cotizaciones internacionales - Cobre (Londres, cUS$ por libras)",30.Dic.19,281.045835237287
PD04701XD,"Cotizaciones internacionales - Cobre (Londres, cUS$ por libras)",31.Dic.19,278.913951077159
PD04701XD,"Cotizaciones internacionales - Cobre (Londres, cUS$ por libras)",01.Ene.20,278.913951077159
PD04701XD,"Cotizaciones internacionales - Cobre (Londres, cUS$ por libras)",02.Ene.20,279.571660020178
PD04701XD,"Cotizaciones internacionales - Cobre (Londres, cUS$ por libras)",03.Ene.20,276.872785391931
PD04701XD,"Cotizaciones internacionales - Cobre (Londres, cUS$ por libras)",06.Ene.20,277.349057385151
PD04701XD,"Cotizaciones internacionales - Cobre (Londres, cUS$ por libras)",07.Ene.20,277.938727471995
PD04701XD,"Cotizaciones internacionales - Cobre (Londres, cUS$ por libras)",08.Ene.20,279.065904522615
PD04701XD,"Cotizaciones internacionales - Cobre (Londres, cUS$ por libras)",09.Ene.20,279.072708408233
PD04701XD,"Cotizaciones internacionales - Cobre (Londres, cUS$ por libras)",10.Ene.20,279.968553347861
PD04701XD,"Cotizaciones internacionales - Cobre (Londres, cUS$ por libras)",13.Ene.20,284.186962430667
PD04701XD,"Cotizaciones internacionales - Cobre (Londres, cUS$ por libras)",14.Ene.20,284.402418808553
PD04701XD,"Cotizaciones internacionales - Cobre (Londres, cUS$ por libras)",15.Ene.20,283.608632153186
PD04701XD,"Cotizaciones internacionales - Cobre (Londres, cUS$ por libras)",16.Ene.20,283.540593297011
PD04701XD,"Cotizaciones internacionales - Cobre (Londres, cUS$ por libras)",17.Ene.20,283.370496156576
PD04701XD,"Cotizaciones internacionales - Cobre (Londres, cUS$ por libras)",20.Ene.20,282.735466832282
PD04701XD,"Cotizaciones internacionales - Cobre (Londres, cUS$ por libras)",21.Ene.20,277.984086709444
PD04701XD,"Cotizaciones internacionales - Cobre (Londres, cUS$ por libras)",22.Ene.20,275.500668459082
PD04701XD,"Cotizaciones internacionales - Cobre (Londres, cUS$ por libras)",23.Ene.20,270.1596182494
PD04701XD,"Cotizaciones internacionales - Cobre (Londres, cUS$ por libras)",24.Ene.20,267.608161142864
PD04701XD,"Cotizaciones internacionales - Cobre (Londres, cUS$ por libras)",27.Ene.20,259.250721642788
PD04701XD,"Cotizaciones internacionales - Cobre (Londres, cUS$ por libras)",28.Ene.20,257.413672526082
PD04701XD,"Cotizaciones internacionales - Cobre (Londres, cUS$ por libras)",29.Ene.20,254.590059994849
PD04701XD,"Cotizaciones internacionales - Cobre (Londres, cUS$ por libras)",30.Ene.20,252.571573928345
PD04701XD,"Cotizaciones internacionales - Cobre (Londres, cUS$ por libras)",31.Ene.20,251.800466891703
PD04701XD,"Cotizaciones internacionales - Cobre (Londres, cUS$ por libras)",03.Feb.20,249.634563303488
PD04701XD,"Cotizaciones internacionales - Cobre (Londres, cUS$ por libras)",04.Feb.20,253.762253911395
PD04701XD,"Cotizaciones internacionales - Cobre (Londres, cUS$ por libras)",05.Feb.20,258.706410793394
PD04701XD,"Cotizaciones internacionales - Cobre (Londres, cUS$ por libras)",06.Feb.20,259.556896495573
PD04701XD,"Cotizaciones internacionales - Cobre (Londres, cUS$ por libras)",07.Feb.20,256.200312924307
PD04701XD,"Cotizaciones internacionales - Cobre (Londres, cUS$ por libras)",10.Feb.20,256.359070255381
PD04701XD,"Cotizaciones internacionales - Cobre (Londres, cUS$ por libras)",11.Feb.20,259.874411157719
PD04701XD,"Cotizaciones internacionales - Cobre (Londres, cUS$ por libras)",12.Feb.20,260.679537622448
PD04701XD,"Cotizaciones internacionales - Cobre (Londres, cUS$ por libras)",13.Feb.20,261.824858368049
PD04701XD,"Cotizaciones internacionales - Cobre (Londres, cUS$ por libras)",14.Feb.20,260.849634762884
PD04701XD,"Cotizaciones internacionales - Cobre (Londres, cUS$ por libras)",17.Feb.20,262.936159685562
PD04701XD,"Cotizaciones internacionales - Cobre (Londres, cUS$ por libras)",18.Feb.20,260.645518194361
PD04701XD,"Cotizaciones internacionales - Cobre (Londres, cUS$ por libras)",19.Feb.20,260.622838575636
PD04701XD,"Cotizaciones internacionales - Cobre (Londres, cUS$ por libras)",20.Feb.20,258.910527361917
PD04701XD,"Cotizaciones internacionales - Cobre (Londres, cUS$ por libras)",21.Feb.20,260.634178384999
PD04701XD,"Cotizaciones internacionales - Cobre (Londres, cUS$ por libras)",24.Feb.20,256.994099579674
PD04701XD,"Cotizaciones internacionales - Cobre (Londres, cUS$ por libras)",25.Feb.20,256.858021867325
PD04701XD,"Cotizaciones internacionales - Cobre (Londres, cUS$ por libras)",26.Feb.20,256.064235211959
PD04701XD,"Cotizaciones internacionales - Cobre (Londres, cUS$ por libras)",27.Feb.20,253.932351051831
PD04701XD,"Cotizaciones internacionales - Cobre (Londres, cUS$ por libras)",28.Feb.20,254.794176563372
PD04701XD,"Cotizaciones internacionales - Cobre (Londres, cUS$ por libras)",02.Mar.20,257.674488141417
PD04701XD,"Cotizaciones internacionales - Cobre (Londres, cUS$ por libras)",03.Mar.20,256.132274068133
PD04701XD,"Cotizaciones internacionales - Cobre (Londres, cUS$ por libras)",04.Mar.20,256.892041295413
PD04701XD,"Cotizaciones internacionales - Cobre (Londres, cUS$ por libras)",05.Mar.20,256.517827586454
PD04701XD,"Cotizaciones internacionales - Cobre (Londres, cUS$ por libras)",06.Mar.20,253.512778105423
PD04701XD,"Cotizaciones internacionales - Cobre (Londres, cUS$ por libras)",09.Mar.20,250.451029577579
PD04701XD,"Cotizaciones internacionales - Cobre (Londres, cUS$ por libras)",10.Mar.20,252.004583460226
PD04701XD,"Cotizaciones internacionales - Cobre (Londres, cUS$ por libras)",11.Mar.20,250.417010149492
PD04701XD,"Cotizaciones internacionales - Cobre (Londres, cUS$ por libras)",12.Mar.20,246.062523354337
PD04701XD,"Cotizaciones internacionales - Cobre (Londres, cUS$ por libras)",13.Mar.20,247.105785815677
PD04701XD,"Cotizaciones internacionales - Cobre (Londres, cUS$ por libras)",16.Mar.20,239.31533678372
PD04701XD,"Cotizaciones internacionales - Cobre (Londres, cUS$ por libras)",17.Mar.20,232.624849259914
PD04701XD,"Cotizaciones internacionales - Cobre (Londres, cUS$ por libras)",18.Mar.20,214.526513517552
PD04701XD,"Cotizaciones internacionales - Cobre (Londres, cUS$ por libras)",19.Mar.20,218.642864316097
PD04701XD,"Cotizaciones internacionales - Cobre (Londres, cUS$ por libras)",20.Mar.20,217.962475754354
PD04701XD,"Cotizaciones internacionales - Cobre (Londres, cUS$ por libras)",23.Mar.20,209.786473204076
PD04701XD,"Cotizaciones internacionales - Cobre (Londres, cUS$ por libras)",24.Mar.20,218.223291369688
PD04701XD,"Cotizaciones internacionales - Cobre (Londres, cUS$ por libras)",25.Mar.20,219.817668566039
PD04701XD,"Cotizaciones internacionales - Cobre (Londres, cUS$ por libras)",26.Mar.20,217.214048336436
PD04701XD,"Cotizaciones internacionales - Cobre (Londres, cUS$ por libras)",27.Mar.20,216.930553102377
PD04701XD,"Cotizaciones internacionales - Cobre (Londres, cUS$ por libras)",30.Mar.20,215.932649878487
PD04701XD,"Cotizaciones internacionales - Cobre (Londres, cUS$ por libras)",31.Mar.20,224.017933953866
PD04701XD,"Cotizaciones internacionales - Cobre (Londres, cUS$ por libras)",01.Abr.20,217.055291005363
PD04701XD,"Cotizaciones internacionales - Cobre (Londres, cUS$ por libras)",02.Abr.20,221.330399134981
PD04701XD,"Cotizaciones internacionales - Cobre (Londres, cUS$ por libras)",03.Abr.20,218.812961456532
PD04701XD,"Cotizaciones internacionales - Cobre (Londres, cUS$ por libras)",06.Abr.20,220.899486379211
PD04701XD,"Cotizaciones internacionales - Cobre (Londres, cUS$ por libras)",07.Abr.20,227.646672949828
PD04701XD,"Cotizaciones internacionales - Cobre (Londres, cUS$ por libras)",08.Abr.20,225.80735587125
PD04701XD,"Cotizaciones internacionales - Cobre (Londres, cUS$ por libras)",09.Abr.20,n.d.
PD04701XD,"Cotizaciones internacionales - Cobre (Londres, cUS$ por libras)",10.Abr.20,226.478672585503
PD04701XD,"Cotizaciones internacionales - Cobre (Londres, cUS$ por libras)",13.Abr.20,226.478672585503
PD04701XD,"Cotizaciones internacionales - Cobre (Londres, cUS$ por libras)",14.Abr.20,232.874325065887
PD04701XD,"Cotizaciones internacionales - Cobre (Londres, cUS$ por libras)",15.Abr.20,230.515644718511
PD04701XD,"Cotizaciones internacionales - Cobre (Londres, cUS$ por libras)",16.Abr.20,232.159917076056
PD04701XD,"Cotizaciones internacionales - Cobre (Londres, cUS$ por libras)",17.Abr.20,235.595879312858
PD04701XD,"Cotizaciones internacionales - Cobre (Londres, cUS$ por libras)",20.Abr.20,234.019645811487
PD04701XD,"Cotizaciones internacionales - Cobre (Londres, cUS$ por libras)",21.Abr.20,226.818866866374
PD04701XD,"Cotizaciones internacionales - Cobre (Londres, cUS$ por libras)",22.Abr.20,231.751683939011
PD04701XD,"Cotizaciones internacionales - Cobre (Londres, cUS$ por libras)",23.Abr.20,232.942363922061
PD04701XD,"Cotizaciones internacionales - Cobre (Londres, cUS$ por libras)",24.Abr.20,232.182143102407
PD04701XD,"Cotizaciones internacionales - Cobre (Londres, cUS$ por libras)",27.Abr.20,234.552616851519
PD04701XD,"Cotizaciones internacionales - Cobre (Londres, cUS$ por libras)",28.Abr.20,235.641238550308
PD04701XD,"Cotizaciones internacionales - Cobre (Londres, cUS$ por libras)",29.Abr.20,237.36488957339
PD04701XD,"Cotizaciones internacionales - Cobre (Londres, cUS$ por libras)",30.Abr.20,234.065005048937
PD04701XD,"Cotizaciones internacionales - Cobre (Londres, cUS$ por libras)",01.May.20,n.d.
PD04701XD,"Cotizaciones internacionales - Cobre (Londres, cUS$ por libras)",04.May.20,231.071295377268
PD04701XD,"Cotizaciones internacionales - Cobre (Londres, cUS$ por libras)",05.May.20,232.579490022465
PD04701XD,"Cotizaciones internacionales - Cobre (Londres, cUS$ por libras)",06.May.20,234.393859520446
PD04701XD,"Cotizaciones internacionales - Cobre (Londres, cUS$ por libras)",07.May.20,237.829821757248
PD04701XD,"Cotizaciones internacionales - Cobre (Londres, cUS$ por libras)",08.May.20,237.829821757248
PD04701XD,"Cotizaciones internacionales - Cobre (Londres, cUS$ por libras)",11.May.20,236.945316626982
PD04701XD,"Cotizaciones internacionales - Cobre (Londres, cUS$ por libras)",12.May.20,237.115413767418
PD04701XD,"Cotizaciones internacionales - Cobre (Londres, cUS$ por libras)",13.May.20,235.455265676765
PD04701XD,"Cotizaciones internacionales - Cobre (Londres, cUS$ por libras)",14.May.20,234.677354754505
PD04701XD,"Cotizaciones internacionales - Cobre (Londres, cUS$ por libras)",15.May.20,233.872228289776
PD04701XD,"Cotizaciones internacionales - Cobre (Londres, cUS$ por libras)",18.May.20,240.041084582912
PD04701XD,"Cotizaciones internacionales - Cobre (Londres, cUS$ por libras)",19.May.20,241.605978274921
PD04701XD,"Cotizaciones internacionales - Cobre (Londres, cUS$ por libras)",20.May.20,245.733668882828
PD04701XD,"Cotizaciones internacionales - Cobre (Londres, cUS$ por libras)",21.May.20,243.295609869916
PD04701XD,"Cotizaciones internacionales - Cobre (Londres, cUS$ por libras)",22.May.20,238.580517137037
PD04701XD,"Cotizaciones internacionales - Cobre (Londres, cUS$ por libras)",25.May.20,238.580517137037
PD04701XD,"Cotizaciones internacionales - Cobre (Londres, cUS$ por libras)",26.May.20,241.639997703008
PD04701XD,"Cotizaciones internacionales - Cobre (Londres, cUS$ por libras)",27.May.20,237.08139433933
PD04701XD,"Cotizaciones internacionales - Cobre (Londres, cUS$ por libras)",28.May.20,240.653434288481
PD04701XD,"Cotizaciones internacionales - Cobre (Londres, cUS$ por libras)",29.May.20,242.773978639246
PD04701XD,"Cotizaciones internacionales - Cobre (Londres, cUS$ por libras)",01.Jun.20,247.582057808897
PD04701XD,"Cotizaciones internacionales - Cobre (Londres, cUS$ por libras)",02.Jun.20,249.781980825199
PD04701XD,"Cotizaciones internacionales - Cobre (Londres, cUS$ por libras)",03.Jun.20,249.441786544327
PD04701XD,"Cotizaciones internacionales - Cobre (Londres, cUS$ por libras)",04.Jun.20,250.031456631171
PD04701XD,"Cotizaciones internacionales - Cobre (Londres, cUS$ por libras)",05.Jun.20,257.157392834492
PD04701XD,"Cotizaciones internacionales - Cobre (Londres, cUS$ por libras)",08.Jun.20,257.663148332055
PD04701XD,"Cotizaciones internacionales - Cobre (Londres, cUS$ por libras)",09.Jun.20,260.97437266587
PD04701XD,"Cotizaciones internacionales - Cobre (Londres, cUS$ por libras)",10.Jun.20,266.939112390484
PD04701XD,"Cotizaciones internacionales - Cobre (Londres, cUS$ por libras)",11.Jun.20,260.430061816476
PD04701XD,"Cotizaciones internacionales - Cobre (Londres, cUS$ por libras)",12.Jun.20,261.337246565467
PD04701XD,"Cotizaciones internacionales - Cobre (Londres, cUS$ por libras)",15.Jun.20,257.583769666518
PD04701XD,"Cotizaciones internacionales - Cobre (Londres, cUS$ por libras)",16.Jun.20,258.479614606146
PD04701XD,"Cotizaciones internacionales - Cobre (Londres, cUS$ por libras)",17.Jun.20,260.407382197751
PD04701XD,"Cotizaciones internacionales - Cobre (Londres, cUS$ por libras)",18.Jun.20,262.335149789356
PD04701XD,"Cotizaciones internacionales - Cobre (Londres, cUS$ por libras)",19.Jun.20,264.410334902672
PD04701XD,"Cotizaciones internacionales - Cobre (Londres, cUS$ por libras)",22.Jun.20,265.850490691695
PD04701XD,"Cotizaciones internacionales - Cobre (Londres, cUS$ por libras)",23.Jun.20,267.25662705263
PD04701XD,"Cotizaciones internacionales - Cobre (Londres, cUS$ por libras)",24.Jun.20,265.646374123172
PD04701XD,"Cotizaciones internacionales - Cobre (Londres, cUS$ por libras)",25.Jun.20,266.871073534309
PD04701XD,"Cotizaciones internacionales - Cobre (Londres, cUS$ por libras)",26.Jun.20,270.034880346414
PD04701XD,"Cotizaciones internacionales - Cobre (Londres, cUS$ por libras)",29.Jun.20,269.955501680877
PD04701XD,"Cotizaciones internacionales - Cobre (Londres, cUS$ por libras)",30.Jun.20,272.359541265702
PD04701XD,"Cotizaciones internacionales - Cobre (Londres, cUS$ por libras)",01.Jul.20,274.457405997743
PD04701XD,"Cotizaciones internacionales - Cobre (Londres, cUS$ por libras)",02.Jul.20,275.375930556096
PD04701XD,"Cotizaciones internacionales - Cobre (Londres, cUS$ por libras)",03.Jul.20,273.221366777243
PD04701XD,"Cotizaciones internacionales - Cobre (Londres, cUS$ por libras)",06.Jul.20,278.290261562228
PD04701XD,"Cotizaciones internacionales - Cobre (Londres, cUS$ por libras)",07.Jul.20,280.53554381598
PD04701XD,"Cotizaciones internacionales - Cobre (Londres, cUS$ por libras)",08.Jul.20,282.599389119934
PD04701XD,"Cotizaciones internacionales - Cobre (Londres, cUS$ por libras)",09.Jul.20,285.779071665146
PD04701XD,"Cotizaciones internacionales - Cobre (Londres, cUS$ por libras)",10.Jul.20,291.14053353168
PD04701XD,"Cotizaciones internacionales - Cobre (Londres, cUS$ por libras)",13.Jul.20,298.463782417907
PD04701XD,"Cotizaciones internacionales - Cobre (Londres, cUS$ por libras)",14.Jul.20,294.630926853422
PD04701XD,"Cotizaciones internacionales - Cobre (Londres, cUS$ por libras)",15.Jul.20,289.335235881189
PD04701XD,"Cotizaciones internacionales - Cobre (Londres, cUS$ por libras)",16.Jul.20,292.011430890711
PD04701XD,"Cotizaciones internacionales - Cobre (Londres, cUS$ por libras)",17.Jul.20,292.839236974165
PD04701XD,"Cotizaciones internacionales - Cobre (Londres, cUS$ por libras)",20.Jul.20,294.57422780661
PD04701XD,"Cotizaciones internacionales - Cobre (Londres, cUS$ por libras)",21.Jul.20,296.851261526576
PD04701XD,"Cotizaciones internacionales - Cobre (Londres, cUS$ por libras)",22.Jul.20,294.971121134293
PD04701XD,"Cotizaciones internacionales - Cobre (Londres, cUS$ por libras)",23.Jul.20,298.010190043411
PD04701XD,"Cotizaciones internacionales - Cobre (Londres, cUS$ por libras)",24.Jul.20,291.67123660984
PD04701XD,"Cotizaciones internacionales - Cobre (Londres, cUS$ por libras)",27.Jul.20,291.501139469404
PD04701XD,"Cotizaciones internacionales - Cobre (Londres, cUS$ por libras)",28.Jul.20,294.381451047449
PD04701XD,"Cotizaciones internacionales - Cobre (Londres, cUS$ por libras)",29.Jul.20,294.018577147853
PD04701XD,"Cotizaciones internacionales - Cobre (Londres, cUS$ por libras)",30.Jul.20,292.192867840509
PD04701XD,"Cotizaciones internacionales - Cobre (Londres, cUS$ por libras)",31.Jul.20,291.297022900881
PD04701XD,"Cotizaciones internacionales - Cobre (Londres, cUS$ por libras)",03.Ago.20,294.608247234697
PD04701XD,"Cotizaciones internacionales - Cobre (Londres, cUS$ por libras)",04.Ago.20,292.703159261817
PD04701XD,"Cotizaciones internacionales - Cobre (Londres, cUS$ por libras)",05.Ago.20,294.778344375132
PD04701XD,"Cotizaciones internacionales - Cobre (Londres, cUS$ por libras)",06.Ago.20,293.916518863591
PD04701XD,"Cotizaciones internacionales - Cobre (Londres, cUS$ por libras)",07.Ago.20,286.126069831635
PD04701XD,"Cotizaciones internacionales - Cobre (Londres, cUS$ por libras)",10.Ago.20,288.62
PD04701XD,"Cotizaciones internacionales - Cobre (Londres, cUS$ por libras)",11.Ago.20,288.325992847937
PD04701XD,"Cotizaciones internacionales - Cobre (Londres, cUS$ por libras)",12.Ago.20,289.346572803153
PD04701XD,"Cotizaciones internacionales - Cobre (Londres, cUS$ por libras)",13.Ago.20,289.391932040149
PD04701XD,"Cotizaciones internacionales - Cobre (Londres, cUS$ por libras)",14.Ago.20,287.690963523643
PD04701XD,"Cotizaciones internacionales - Cobre (Londres, cUS$ por libras)",17.Ago.20,292.090809556248
PD04701XD,"Cotizaciones internacionales - Cobre (Londres, cUS$ por libras)",18.Ago.20,294.494846202299
PD04701XD,"Cotizaciones internacionales - Cobre (Londres, cUS$ por libras)",19.Ago.20,302.410033058256
PD04701XD,"Cotizaciones internacionales - Cobre (Londres, cUS$ por libras)",20.Ago.20,299.121488375982
PD04701XD,"Cotizaciones internacionales - Cobre (Londres, cUS$ por libras)",21.Ago.20,297.760714237439
PD04701XD,"Cotizaciones internacionales - Cobre (Londres, cUS$ por libras)",24.Ago.20,298.441099821029
PD04701XD,"Cotizaciones internacionales - Cobre (Londres, cUS$ por libras)",25.Ago.20,296.853526526138
PD04701XD,"Cotizaciones internacionales - Cobre (Londres, cUS$ por libras)",26.Ago.20,299.529721508954
PD04701XD,"Cotizaciones internacionales - Cobre (Londres, cUS$ por libras)",27.Ago.20,299.484362271957
PD04701XD,"Cotizaciones internacionales - Cobre (Londres, cUS$ por libras)",28.Ago.20,305.199626133565
PD04701XD,"Cotizaciones internacionales - Cobre (Londres, cUS$ por libras)",31.Ago.20,305.199626133565
PD04701XD,"Cotizaciones internacionales - Cobre (Londres, cUS$ por libras)",01.Set.20,307.921180353378
PD04701XD,"Cotizaciones internacionales - Cobre (Londres, cUS$ por libras)",02.Set.20,304.768713382095
PD04701XD,"Cotizaciones internacionales - Cobre (Londres, cUS$ por libras)",03.Set.20,299.960637253741
PD04701XD,"Cotizaciones internacionales - Cobre (Londres, cUS$ por libras)",04.Set.20,302.908984665222
PD04701XD,"Cotizaciones internacionales - Cobre (Londres, cUS$ por libras)",07.Set.20,308.011898827372
PD04701XD,"Cotizaciones internacionales - Cobre (Londres, cUS$ por libras)",08.Set.20,306.968636376444
PD04701XD,"Cotizaciones internacionales - Cobre (Londres, cUS$ por libras)",09.Set.20,304.315121012126
PD04701XD,"Cotizaciones internacionales - Cobre (Londres, cUS$ por libras)",10.Set.20,304.383159867621
PD04701XD,"Cotizaciones internacionales - Cobre (Londres, cUS$ por libras)",11.Set.20,306.515044006475
PD04701XD,"Cotizaciones internacionales - Cobre (Londres, cUS$ por libras)",14.Set.20,307.89850073488
PD04701XD,"Cotizaciones internacionales - Cobre (Londres, cUS$ por libras)",15.Set.20,309.055161278301
PD04701XD,"Cotizaciones internacionales - Cobre (Londres, cUS$ por libras)",16.Set.20,307.354189890917
PD04701XD,"Cotizaciones internacionales - Cobre (Londres, cUS$ por libras)",17.Set.20,306.673801335964
PD04701XD,"Cotizaciones internacionales - Cobre (Londres, cUS$ por libras)",18.Set.20,309.962346018238
PD04701XD,"Cotizaciones internacionales - Cobre (Londres, cUS$ por libras)",21.Set.20,310.121106442436
PD04701XD,"Cotizaciones internacionales - Cobre (Londres, cUS$ por libras)",22.Set.20,308.896407031299
PD04701XD,"Cotizaciones internacionales - Cobre (Londres, cUS$ por libras)",23.Set.20,305.063551466813
PD04701XD,"Cotizaciones internacionales - Cobre (Londres, cUS$ por libras)",24.Set.20,296.581374063751
PD04701XD,"Cotizaciones internacionales - Cobre (Londres, cUS$ por libras)",25.Set.20,296.150458352686
PD04701XD,"Cotizaciones internacionales - Cobre (Londres, cUS$ por libras)",28.Set.20,298.078225925054
PD04701XD,"Cotizaciones internacionales - Cobre (Londres, cUS$ por libras)",29.Set.20,296.921565381633
PD04701XD,"Cotizaciones internacionales - Cobre (Londres, cUS$ por libras)",30.Set.20,299.824556549434
PD04701XD,"Cotizaciones internacionales - Cobre (Londres, cUS$ por libras)",01.Oct.20,300.005993497421
PD04701XD,"Cotizaciones internacionales - Cobre (Londres, cUS$ por libras)",02.Oct.20,290.730029531558
PD04701XD,"Cotizaciones internacionales - Cobre (Londres, cUS$ por libras)",05.Oct.20,295.175234757253
PD04701XD,"Cotizaciones internacionales - Cobre (Londres, cUS$ por libras)",06.Oct.20,295.243273612748
PD04701XD,"Cotizaciones internacionales - Cobre (Londres, cUS$ por libras)",07.Oct.20,295.969024358183
PD04701XD,"Cotizaciones internacionales - Cobre (Londres, cUS$ por libras)",08.Oct.20,299.892595404929
PD04701XD,"Cotizaciones internacionales - Cobre (Londres, cUS$ por libras)",09.Oct.20,305.743936977528
PD04701XD,"Cotizaciones internacionales - Cobre (Londres, cUS$ por libras)",12.Oct.20,307.036675231939
PD04701XD,"Cotizaciones internacionales - Cobre (Londres, cUS$ por libras)",13.Oct.20,303.884208260655
PD04701XD,"Cotizaciones internacionales - Cobre (Londres, cUS$ por libras)",14.Oct.20,303.997606353148
PD04701XD,"Cotizaciones internacionales - Cobre (Londres, cUS$ por libras)",15.Oct.20,303.158460468705
PD04701XD,"Cotizaciones internacionales - Cobre (Londres, cUS$ por libras)",16.Oct.20,305.176946515067
PD04701XD,"Cotizaciones internacionales - Cobre (Londres, cUS$ por libras)",19.Oct.20,306.401645913983
PD04701XD,"Cotizaciones internacionales - Cobre (Londres, cUS$ por libras)",20.Oct.20,309.077840896799
PD04701XD,"Cotizaciones internacionales - Cobre (Londres, cUS$ por libras)",21.Oct.20,315.382774839367
PD04701XD,"Cotizaciones internacionales - Cobre (Londres, cUS$ por libras)",22.Oct.20,312.343705960575
PD04701XD,"Cotizaciones internacionales - Cobre (Londres, cUS$ por libras)",23.Oct.20,312.048870920095
PD04701XD,"Cotizaciones internacionales - Cobre (Londres, cUS$ por libras)",26.Oct.20,308.714967000824
PD04701XD,"Cotizaciones internacionales - Cobre (Londres, cUS$ por libras)",27.Oct.20,307.875821116382
PD04701XD,"Cotizaciones internacionales - Cobre (Londres, cUS$ por libras)",28.Oct.20,303.657412075671
PD04701XD,"Cotizaciones internacionales - Cobre (Londres, cUS$ por libras)",29.Oct.20,303.544013983179
PD04701XD,"Cotizaciones internacionales - Cobre (Londres, cUS$ por libras)",30.Oct.20,303.657412075671
PD04701XD,"Cotizaciones internacionales - Cobre (Londres, cUS$ por libras)",02.Nov.20,304.473878341615
PD04701XD,"Cotizaciones internacionales - Cobre (Londres, cUS$ por libras)",03.Nov.20,308.057258064369
PD04701XD,"Cotizaciones internacionales - Cobre (Londres, cUS$ por libras)",04.Nov.20,306.084131255004
PD04701XD,"Cotizaciones internacionales - Cobre (Londres, cUS$ por libras)",05.Nov.20,308.352093104849
PD04701XD,"Cotizaciones internacionales - Cobre (Londres, cUS$ por libras)",06.Nov.20,314.725065902912
PD04701XD,"Cotizaciones internacionales - Cobre (Londres, cUS$ por libras)",09.Nov.20,319.056873036115
PD04701XD,"Cotizaciones internacionales - Cobre (Londres, cUS$ por libras)",10.Nov.20,311.413841602139
PD04701XD,"Cotizaciones internacionales - Cobre (Londres, cUS$ por libras)",11.Nov.20,313.545725740993
PD04701XD,"Cotizaciones internacionales - Cobre (Londres, cUS$ por libras)",12.Nov.20,313.160172226519
PD04701XD,"Cotizaciones internacionales - Cobre (Londres, cUS$ por libras)",13.Nov.20,314.158075440451
PD04701XD,"Cotizaciones internacionales - Cobre (Londres, cUS$ por libras)",16.Nov.20,322.640255978506
PD04701XD,"Cotizaciones internacionales - Cobre (Londres, cUS$ por libras)",17.Nov.20,319.782624019186
PD04701XD,"Cotizaciones internacionales - Cobre (Londres, cUS$ por libras)",18.Nov.20,321.27947885502
PD04701XD,"Cotizaciones internacionales - Cobre (Londres, cUS$ por libras)",19.Nov.20,318.784720795296
PD04701XD,"Cotizaciones internacionales - Cobre (Londres, cUS$ por libras)",20.Nov.20,325.61128603145
PD04701XD,"Cotizaciones internacionales - Cobre (Londres, cUS$ por libras)",23.Nov.20,327.289577817083
PD04701XD,"Cotizaciones internacionales - Cobre (Londres, cUS$ por libras)",24.Nov.20,331.213148551281
PD04701XD,"Cotizaciones internacionales - Cobre (Londres, cUS$ por libras)",25.Nov.20,328.332837001978
PD04701XD,"Cotizaciones internacionales - Cobre (Londres, cUS$ por libras)",26.Nov.20,333.685226967611
PD04701XD,"Cotizaciones internacionales - Cobre (Londres, cUS$ por libras)",27.Nov.20,338.470626470783
PD04701XD,"Cotizaciones internacionales - Cobre (Londres, cUS$ por libras)",30.Nov.20,348.109464332622
PD04701XD,"Cotizaciones internacionales - Cobre (Londres, cUS$ por libras)",01.Dic.20,346.726007604217
PD04701XD,"Cotizaciones internacionales - Cobre (Londres, cUS$ por libras)",02.Dic.20,345.478628586802
PD04701XD,"Cotizaciones internacionales - Cobre (Londres, cUS$ por libras)",03.Dic.20,348.313580899108
PD04701XD,"Cotizaciones internacionales - Cobre (Londres, cUS$ por libras)",04.Dic.20,351.148533211413
PD04701XD,"Cotizaciones internacionales - Cobre (Londres, cUS$ por libras)",07.Dic.20,347.292998066678
PD04701XD,"Cotizaciones internacionales - Cobre (Londres, cUS$ por libras)",08.Dic.20,346.317777927161
PD04701XD,"Cotizaciones internacionales - Cobre (Londres, cUS$ por libras)",09.Dic.20,349.470241442528
PD04701XD,"Cotizaciones internacionales - Cobre (Londres, cUS$ por libras)",10.Dic.20,349.810435720005
PD04701XD,"Cotizaciones internacionales - Cobre (Londres, cUS$ por libras)",11.Dic.20,351.125853592915
PD04701XD,"Cotizaciones internacionales - Cobre (Londres, cUS$ por libras)",14.Dic.20,352.123756806846
PD04701XD,"Cotizaciones internacionales - Cobre (Londres, cUS$ por libras)",15.Dic.20,351.670164436877
PD04701XD,"Cotizaciones internacionales - Cobre (Londres, cUS$ por libras)",16.Dic.20,354.84531102666
PD04701XD,"Cotizaciones internacionales - Cobre (Londres, cUS$ por libras)",17.Dic.20,358.020457616442
PD04701XD,"Cotizaciones internacionales - Cobre (Londres, cUS$ por libras)",18.Dic.20,361.240963443221
PD04701XD,"Cotizaciones internacionales - Cobre (Londres, cUS$ por libras)",21.Dic.20,355.48379200111
PD04701XD,"Cotizaciones internacionales - Cobre (Londres, cUS$ por libras)",22.Dic.20,351.670164436877
PD04701XD,"Cotizaciones internacionales - Cobre (Londres, cUS$ por libras)",23.Dic.20,352.191795662342
PD04701XD,"Cotizaciones internacionales - Cobre (Londres, cUS$ por libras)",24.Dic.20,353.485
PD04701XD,"Cotizaciones internacionales - Cobre (Londres, cUS$ por libras)",25.Dic.20,353.485
PD04701XD,"Cotizaciones internacionales - Cobre (Londres, cUS$ por libras)",28.Dic.20,353.484533916753
PD04701XD,"Cotizaciones internacionales - Cobre (Londres, cUS$ por libras)",29.Dic.20,355.616418055607
PD04701XD,"Cotizaciones internacionales - Cobre (Londres, cUS$ por libras)",30.Dic.20,353.96080590522
PD04701XD,"Cotizaciones internacionales - Cobre (Londres, cUS$ por libras)",31.Dic.20,351.148536715536
PD04701XD,"Cotizaciones internacionales - Cobre (Londres, cUS$ por libras)",01.Ene.21,351.148536715536
PD04701XD,"Cotizaciones internacionales - Cobre (Londres, cUS$ por libras)",04.Ene.21,359.177118159863
PD04701XD,"Cotizaciones internacionales - Cobre (Londres, cUS$ por libras)",05.Ene.21,358.973001593377
PD04701XD,"Cotizaciones internacionales - Cobre (Londres, cUS$ por libras)",06.Ene.21,368.747917166206
PD04701XD,"Cotizaciones internacionales - Cobre (Londres, cUS$ por libras)",07.Ene.21,364.529508125495
PD04701XD,"Cotizaciones internacionales - Cobre (Londres, cUS$ por libras)",08.Ene.21,369.496344576655
PD04701XD,"Cotizaciones internacionales - Cobre (Londres, cUS$ por libras)",11.Ene.21,360.67397298076
PD04701XD,"Cotizaciones internacionales - Cobre (Londres, cUS$ por libras)",12.Ene.21,362.102788946162
PD04701XD,"Cotizaciones internacionales - Cobre (Londres, cUS$ por libras)",13.Ene.21,361.082206113732
PD04701XD,"Cotizaciones internacionales - Cobre (Londres, cUS$ por libras)",14.Ene.21,362.987294067601
PD04701XD,"Cotizaciones internacionales - Cobre (Londres, cUS$ por libras)",15.Ene.21,361.944031616673
PD04701XD,"Cotizaciones internacionales - Cobre (Londres, cUS$ por libras)",18.Ene.21,361.626516957695
PD04701XD,"Cotizaciones internacionales - Cobre (Londres, cUS$ por libras)",19.Ene.21,362.261546275651
PD04701XD,"Cotizaciones internacionales - Cobre (Londres, cUS$ por libras)",20.Ene.21,363.531604911564
PD04701XD,"Cotizaciones internacionales - Cobre (Londres, cUS$ por libras)",21.Ene.21,365.18721706195
PD04701XD,"Cotizaciones internacionales - Cobre (Londres, cUS$ por libras)",22.Ene.21,357.067913639507
PD04701XD,"Cotizaciones internacionales - Cobre (Londres, cUS$ por libras)",25.Ene.21,362.170827801657
PD04701XD,"Cotizaciones internacionales - Cobre (Londres, cUS$ por libras)",26.Ene.21,360.923448784243
PD04701XD,"Cotizaciones internacionales - Cobre (Londres, cUS$ por libras)",27.Ene.21,358.111176090436
PD04701XD,"Cotizaciones internacionales - Cobre (Londres, cUS$ por libras)",28.Ene.21,352.826824980298
PD04701XD,"Cotizaciones internacionales - Cobre (Londres, cUS$ por libras)",29.Ene.21,357.294709824492
PD04701XD,"Cotizaciones internacionales - Cobre (Londres, cUS$ por libras)",01.Feb.21,355.026747974647
PD04701XD,"Cotizaciones internacionales - Cobre (Londres, cUS$ por libras)",02.Feb.21,351.78356252937
PD04701XD,"Cotizaciones internacionales - Cobre (Londres, cUS$ por libras)",03.Feb.21,355.27622377813
PD04701XD,"Cotizaciones internacionales - Cobre (Londres, cUS$ por libras)",04.Feb.21,355.321583015127
PD04701XD,"Cotizaciones internacionales - Cobre (Londres, cUS$ por libras)",05.Feb.21,359.993584425807
PD04701XD,"Cotizaciones internacionales - Cobre (Londres, cUS$ por libras)",08.Feb.21,363.191410634087
PD04701XD,"Cotizaciones internacionales - Cobre (Londres, cUS$ por libras)",09.Feb.21,369.519024195153
PD04701XD,"Cotizaciones internacionales - Cobre (Londres, cUS$ por libras)",10.Feb.21,375.551806463383
PD04701XD,"Cotizaciones internacionales - Cobre (Londres, cUS$ por libras)",11.Feb.21,376.1187931782
PD04701XD,"Cotizaciones internacionales - Cobre (Londres, cUS$ por libras)",12.Feb.21,375.143569582767
PD04701XD,"Cotizaciones internacionales - Cobre (Londres, cUS$ por libras)",15.Feb.21,381.766018184313
PD04701XD,"Cotizaciones internacionales - Cobre (Londres, cUS$ por libras)",16.Feb.21,382.809280635242
PD04701XD,"Cotizaciones internacionales - Cobre (Londres, cUS$ por libras)",17.Feb.21,381.629940473322
PD04701XD,"Cotizaciones internacionales - Cobre (Londres, cUS$ por libras)",18.Feb.21,392.357400023087
PD04701XD,"Cotizaciones internacionales - Cobre (Londres, cUS$ por libras)",19.Feb.21,399.4561206131
PD04701XD,"Cotizaciones internacionales - Cobre (Londres, cUS$ por libras)",22.Feb.21,411.294881469288
PD04701XD,"Cotizaciones internacionales - Cobre (Londres, cUS$ por libras)",23.Feb.21,415.399892417506
PD04701XD,"Cotizaciones internacionales - Cobre (Londres, cUS$ por libras)",24.Feb.21,421.205874753108
PD04701XD,"Cotizaciones internacionales - Cobre (Londres, cUS$ por libras)",25.Feb.21,436.106384106586
PD04701XD,"Cotizaciones internacionales - Cobre (Londres, cUS$ por libras)",26.Feb.21,416.057601353961
PD04701XD,"Cotizaciones internacionales - Cobre (Londres, cUS$ por libras)",01.Mar.21,417.214261897382
PD04701XD,"Cotizaciones internacionales - Cobre (Londres, cUS$ por libras)",02.Mar.21,417.917330070833
PD04701XD,"Cotizaciones internacionales - Cobre (Londres, cUS$ por libras)",03.Mar.21,420.29869001317
PD04701XD,"Cotizaciones internacionales - Cobre (Londres, cUS$ por libras)",04.Mar.21,398.548935873162
PD04701XD,"Cotizaciones internacionales - Cobre (Londres, cUS$ por libras)",05.Mar.21,409.208356567431
PD04701XD,"Cotizaciones internacionales - Cobre (Londres, cUS$ por libras)",08.Mar.21,407.892938694521
PD04701XD,"Cotizaciones internacionales - Cobre (Londres, cUS$ por libras)",09.Mar.21,403.470413087324
PD04701XD,"Cotizaciones internacionales - Cobre (Londres, cUS$ por libras)",10.Mar.21,405.466219515187
PD04701XD,"Cotizaciones internacionales - Cobre (Londres, cUS$ por libras)",11.Mar.21,411.068085284303
PD04701XD,"Cotizaciones internacionales - Cobre (Londres, cUS$ por libras)",12.Mar.21,410.614492914334
PD04701XD,"Cotizaciones internacionales - Cobre (Londres, cUS$ por libras)",15.Mar.21,414.923620429039
PD04701XD,"Cotizaciones internacionales - Cobre (Londres, cUS$ por libras)",16.Mar.21,406.668239295605
PD04701XD,"Cotizaciones internacionales - Cobre (Londres, cUS$ por libras)",17.Mar.21,409.457832370914
PD04701XD,"Cotizaciones internacionales - Cobre (Londres, cUS$ por libras)",18.Mar.21,412.315464301718
PD04701XD,"Cotizaciones internacionales - Cobre (Londres, cUS$ por libras)",19.Mar.21,409.866065503886
PD04701XD,"Cotizaciones internacionales - Cobre (Londres, cUS$ por libras)",22.Mar.21,412.655658579194
PD04701XD,"Cotizaciones internacionales - Cobre (Londres, cUS$ por libras)",23.Mar.21,408.981560382446
PD04701XD,"Cotizaciones internacionales - Cobre (Londres, cUS$ por libras)",24.Mar.21,408.958880763948
PD04701XD,"Cotizaciones internacionales - Cobre (Londres, cUS$ por libras)",25.Mar.21,398.299460069679
PD04701XD,"Cotizaciones internacionales - Cobre (Londres, cUS$ por libras)",26.Mar.21,405.012627145218
PD04701XD,"Cotizaciones internacionales - Cobre (Londres, cUS$ por libras)",29.Mar.21,405.624976844677
PD04701XD,"Cotizaciones internacionales - Cobre (Londres, cUS$ por libras)",30.Mar.21,398.639654347156
PD04701XD,"Cotizaciones internacionales - Cobre (Londres, cUS$ por libras)",31.Mar.21,401.451927040963
PD04701XD,"Cotizaciones internacionales - Cobre (Londres, cUS$ por libras)",01.Abr.21,397.709793957478
PD04701XD,"Cotizaciones internacionales - Cobre (Londres, cUS$ por libras)",02.Abr.21,397.709793957478
PD04701XD,"Cotizaciones internacionales - Cobre (Londres, cUS$ por libras)",05.Abr.21,397.709793957478
PD04701XD,"Cotizaciones internacionales - Cobre (Londres, cUS$ por libras)",06.Abr.21,407.530064798546
PD04701XD,"Cotizaciones internacionales - Cobre (Londres, cUS$ por libras)",07.Abr.21,407.393987087555
PD04701XD,"Cotizaciones internacionales - Cobre (Londres, cUS$ por libras)",08.Abr.21,408.301171827493
PD04701XD,"Cotizaciones internacionales - Cobre (Londres, cUS$ por libras)",09.Abr.21,407.915618313019
PD04701XD,"Cotizaciones internacionales - Cobre (Londres, cUS$ por libras)",12.Abr.21,403.742568509306
PD04701XD,"Cotizaciones internacionales - Cobre (Londres, cUS$ por libras)",13.Abr.21,403.878646220296
PD04701XD,"Cotizaciones internacionales - Cobre (Londres, cUS$ por libras)",14.Abr.21,408.732084578963
PD04701XD,"Cotizaciones internacionales - Cobre (Londres, cUS$ por libras)",15.Abr.21,416.737989908914
PD04701XD,"Cotizaciones internacionales - Cobre (Londres, cUS$ por libras)",16.Abr.21,423.473836602952
PD04701XD,"Cotizaciones internacionales - Cobre (Londres, cUS$ por libras)",19.Abr.21,427.057216325706
PD04701XD,"Cotizaciones internacionales - Cobre (Londres, cUS$ por libras)",20.Abr.21,426.218070441264
PD04701XD,"Cotizaciones internacionales - Cobre (Londres, cUS$ por libras)",21.Abr.21,425.583041123307
PD04701XD,"Cotizaciones internacionales - Cobre (Londres, cUS$ por libras)",22.Abr.21,429.801450164018
PD04701XD,"Cotizaciones internacionales - Cobre (Londres, cUS$ por libras)",23.Abr.21,432.9765967538
PD04701XD,"Cotizaciones internacionales - Cobre (Londres, cUS$ por libras)",26.Abr.21,441.85
PD04701XD,"Cotizaciones internacionales - Cobre (Londres, cUS$ por libras)",27.Abr.21,448.988407413702
PD04701XD,"Cotizaciones internacionales - Cobre (Londres, cUS$ por libras)",28.Abr.21,445.994697771907
PD04701XD,"Cotizaciones internacionales - Cobre (Londres, cUS$ por libras)",29.Abr.21,453.138777598917
PD04701XD,"Cotizaciones internacionales - Cobre (Londres, cUS$ por libras)",30.Abr.21,451.279048882045
PD04701XD,"Cotizaciones internacionales - Cobre (Londres, cUS$ por libras)",03.May.21,451.279048882045
PD04701XD,"Cotizaciones internacionales - Cobre (Londres, cUS$ por libras)",04.May.21,451.823359726008
PD04701XD,"Cotizaciones internacionales - Cobre (Londres, cUS$ por libras)",05.May.21,453.206816454413
PD04701XD,"Cotizaciones internacionales - Cobre (Londres, cUS$ por libras)",06.May.21,454.749030512307
PD04701XD,"Cotizaciones internacionales - Cobre (Londres, cUS$ por libras)",07.May.21,469.967054524763
PD04701XD,"Cotizaciones internacionales - Cobre (Londres, cUS$ por libras)",10.May.21,486.455137173132
PD04701XD,"Cotizaciones internacionales - Cobre (Londres, cUS$ por libras)",11.May.21,477.542047103243
PD04701XD,"Cotizaciones internacionales - Cobre (Londres, cUS$ por libras)",12.May.21,477.950280236215
PD04701XD,"Cotizaciones internacionales - Cobre (Londres, cUS$ por libras)",13.May.21,465.090936547597
PD04701XD,"Cotizaciones internacionales - Cobre (Londres, cUS$ por libras)",14.May.21,463.208528212227
PD04701XD,"Cotizaciones internacionales - Cobre (Londres, cUS$ por libras)",17.May.21,465.249693877087
PD04701XD,"Cotizaciones internacionales - Cobre (Londres, cUS$ por libras)",18.May.21,474.684415172439
PD04701XD,"Cotizaciones internacionales - Cobre (Londres, cUS$ por libras)",19.May.21,458.78600260503
PD04701XD,"Cotizaciones internacionales - Cobre (Londres, cUS$ por libras)",20.May.21,457.493264350619
PD04701XD,"Cotizaciones internacionales - Cobre (Londres, cUS$ por libras)",21.May.21,454.091321575852
PD04701XD,"Cotizaciones internacionales - Cobre (Londres, cUS$ por libras)",24.May.21,447.604950685297
PD04701XD,"Cotizaciones internacionales - Cobre (Londres, cUS$ por libras)",25.May.21,451.006893460064
PD04701XD,"Cotizaciones internacionales - Cobre (Londres, cUS$ por libras)",26.May.21,452.004796673995
PD04701XD,"Cotizaciones internacionales - Cobre (Londres, cUS$ por libras)",27.May.21,455.066545171285
PD04701XD,"Cotizaciones internacionales - Cobre (Londres, cUS$ por libras)",28.May.21,460.82716826989
PD04701XD,"Cotizaciones internacionales - Cobre (Londres, cUS$ por libras)",31.May.21,460.82716826989
PD04701XD,"Cotizaciones internacionales - Cobre (Londres, cUS$ por libras)",01.Jun.21,463.231207830725
PD04701XD,"Cotizaciones internacionales - Cobre (Londres, cUS$ por libras)",02.Jun.21,458.922080316021
PD04701XD,"Cotizaciones internacionales - Cobre (Londres, cUS$ por libras)",03.Jun.21,452.095515147989
PD04701XD,"Cotizaciones internacionales - Cobre (Londres, cUS$ por libras)",04.Jun.21,446.879202893347
PD04701XD,"Cotizaciones internacionales - Cobre (Londres, cUS$ por libras)",07.Jun.21,446.698
PD04701XD,"Cotizaciones internacionales - Cobre (Londres, cUS$ por libras)",08.Jun.21,448.081222673764
PD04701XD,"Cotizaciones internacionales - Cobre (Londres, cUS$ por libras)",09.Jun.21,448.013183818269
PD04701XD,"Cotizaciones internacionales - Cobre (Londres, cUS$ por libras)",10.Jun.21,444.906076083982
PD04701XD,"Cotizaciones internacionales - Cobre (Londres, cUS$ por libras)",11.Jun.21,454.907787841796
PD04701XD,"Cotizaciones internacionales - Cobre (Londres, cUS$ por libras)",14.Jun.21,449.056446269197
PD04701XD,"Cotizaciones internacionales - Cobre (Londres, cUS$ por libras)",15.Jun.21,433.294111412779
PD04701XD,"Cotizaciones internacionales - Cobre (Londres, cUS$ por libras)",16.Jun.21,431.275625366417
PD04701XD,"Cotizaciones internacionales - Cobre (Londres, cUS$ por libras)",17.Jun.21,427.624206788167
PD04701XD,"Cotizaciones internacionales - Cobre (Londres, cUS$ por libras)",18.Jun.21,417.577135793357
PD04701XD,"Cotizaciones internacionales - Cobre (Londres, cUS$ por libras)",21.Jun.21,410.160900544365
PD04701XD,"Cotizaciones internacionales - Cobre (Londres, cUS$ por libras)",22.Jun.21,416.874067619905
PD04701XD,"Cotizaciones internacionales - Cobre (Londres, cUS$ por libras)",23.Jun.21,421.364632082597
PD04701XD,"Cotizaciones internacionales - Cobre (Londres, cUS$ por libras)",24.Jun.21,425.945915019283
PD04701XD,"Cotizaciones internacionales - Cobre (Londres, cUS$ por libras)",25.Jun.21,427.851002973152
PD04701XD,"Cotizaciones internacionales - Cobre (Londres, cUS$ por libras)",28.Jun.21,423.36043851046
PD04701XD,"Cotizaciones internacionales - Cobre (Londres, cUS$ por libras)",29.Jun.21,418.461645090638
PD04701XD,"Cotizaciones internacionales - Cobre (Londres, cUS$ por libras)",30.Jun.21,425.6964392158
PD04701XD,"Cotizaciones internacionales - Cobre (Londres, cUS$ por libras)",01.Jul.21,423.745992024933
PD04701XD,"Cotizaciones internacionales - Cobre (Londres, cUS$ por libras)",02.Jul.21,421.682146741575
PD04701XD,"Cotizaciones internacionales - Cobre (Londres, cUS$ por libras)",05.Jul.21,427.828323354653
PD04701XD,"Cotizaciones internacionales - Cobre (Londres, cUS$ por libras)",06.Jul.21,432.182810106355
PD04701XD,"Cotizaciones internacionales - Cobre (Londres, cUS$ por libras)",07.Jul.21,428.712828476093
PD04701XD,"Cotizaciones internacionales - Cobre (Londres, cUS$ por libras)",08.Jul.21,420.230651157675
PD04701XD,"Cotizaciones internacionales - Cobre (Londres, cUS$ por libras)",09.Jul.21,428.077799158136
PD04701XD,"Cotizaciones internacionales - Cobre (Londres, cUS$ por libras)",12.Jul.21,423.972788209918
PD04701XD,"Cotizaciones internacionales - Cobre (Londres, cUS$ por libras)",13.Jul.21,422.294496441033
PD04701XD,"Cotizaciones internacionales - Cobre (Londres, cUS$ por libras)",14.Jul.21,422.249137204036
PD04701XD,"Cotizaciones internacionales - Cobre (Londres, cUS$ por libras)",15.Jul.21,423.972788209918
PD04701XD,"Cotizaciones internacionales - Cobre (Londres, cUS$ por libras)",16.Jul.21,426.218070441264
PD04701XD,"Cotizaciones internacionales - Cobre (Londres, cUS$ por libras)",19.Jul.21,420.230651157675
PD04701XD,"Cotizaciones internacionales - Cobre (Londres, cUS$ por libras)",20.Jul.21,417.803931978341
PD04701XD,"Cotizaciones internacionales - Cobre (Londres, cUS$ por libras)",21.Jul.21,420.548165816653
PD04701XD,"Cotizaciones internacionales - Cobre (Londres, cUS$ por libras)",22.Jul.21,425.583041123307
PD04701XD,"Cotizaciones internacionales - Cobre (Londres, cUS$ por libras)",23.Jul.21,427.896362210149
PD04701XD,"Cotizaciones internacionales - Cobre (Londres, cUS$ por libras)",26.Jul.21,434.541490430193
PD04701XD,"Cotizaciones internacionales - Cobre (Londres, cUS$ por libras)",27.Jul.21,440.392832002792
PD04701XD,"Cotizaciones internacionales - Cobre (Londres, cUS$ por libras)",28.Jul.21,439.8485255
PD04701XD,"Cotizaciones internacionales - Cobre (Londres, cUS$ por libras)",29.Jul.21,443.658701493852
PD04701XD,"Cotizaciones internacionales - Cobre (Londres, cUS$ por libras)",30.Jul.21,442.139162627172
PD04701XD,"Cotizaciones internacionales - Cobre (Londres, cUS$ por libras)",02.Ago.21,441.662890638704
PD04701XD,"Cotizaciones internacionales - Cobre (Londres, cUS$ por libras)",03.Ago.21,434.700247759682
PD04701XD,"Cotizaciones internacionales - Cobre (Londres, cUS$ por libras)",04.Ago.21,431.048829181433
PD04701XD,"Cotizaciones internacionales - Cobre (Londres, cUS$ por libras)",05.Ago.21,427.692245643663
PD04701XD,"Cotizaciones internacionales - Cobre (Londres, cUS$ por libras)",06.Ago.21,432.25084896185
PD04701XD,"Cotizaciones internacionales - Cobre (Londres, cUS$ por libras)",09.Ago.21,422.362535296528
PD04701XD,"Cotizaciones internacionales - Cobre (Londres, cUS$ por libras)",10.Ago.21,426.807740522223
PD04701XD,"Cotizaciones internacionales - Cobre (Londres, cUS$ por libras)",11.Ago.21,427.329371747688
PD04701XD,"Cotizaciones internacionales - Cobre (Londres, cUS$ por libras)",12.Ago.21,431.298304984915
PD04701XD,"Cotizaciones internacionales - Cobre (Londres, cUS$ por libras)",13.Ago.21,427.714925262161
PD04701XD,"Cotizaciones internacionales - Cobre (Londres, cUS$ por libras)",16.Ago.21,425.333565319825
PD04701XD,"Cotizaciones internacionales - Cobre (Londres, cUS$ por libras)",17.Ago.21,423.95010859142
PD04701XD,"Cotizaciones internacionales - Cobre (Londres, cUS$ por libras)",18.Ago.21,414.968979666036
PD04701XD,"Cotizaciones internacionales - Cobre (Londres, cUS$ por libras)",19.Ago.21,398.049984266196
PD04701XD,"Cotizaciones internacionales - Cobre (Londres, cUS$ por libras)",20.Ago.21,404.69511248624
PD04701XD,"Cotizaciones internacionales - Cobre (Londres, cUS$ por libras)",23.Ago.21,418.98327214026
PD04701XD,"Cotizaciones internacionales - Cobre (Londres, cUS$ por libras)",24.Ago.21,422.589331481513
PD04701XD,"Cotizaciones internacionales - Cobre (Londres, cUS$ por libras)",25.Ago.21,425.40160417532
PD04701XD,"Cotizaciones internacionales - Cobre (Londres, cUS$ por libras)",26.Ago.21,422.884166521993
PD04701XD,"Cotizaciones internacionales - Cobre (Londres, cUS$ por libras)",27.Ago.21,424.199584394902
PD04701XD,"Cotizaciones internacionales - Cobre (Londres, cUS$ por libras)",30.Ago.21,424.199588628004
PD04701XD,"Cotizaciones internacionales - Cobre (Londres, cUS$ por libras)",31.Ago.21,429.211780083059
PD04701XD,"Cotizaciones internacionales - Cobre (Londres, cUS$ por libras)",01.Set.21,422.385214915027
PD04701XD,"Cotizaciones internacionales - Cobre (Londres, cUS$ por libras)",02.Set.21,423.972788209918
PD04701XD,"Cotizaciones internacionales - Cobre (Londres, cUS$ por libras)",03.Set.21,424.607817527874
PD04701XD,"Cotizaciones internacionales - Cobre (Londres, cUS$ por libras)",06.Set.21,426.444866626248
PD04701XD,"Cotizaciones internacionales - Cobre (Londres, cUS$ por libras)",07.Set.21,422.974884995986
PD04701XD,"Cotizaciones internacionales - Cobre (Londres, cUS$ por libras)",08.Set.21,419.845097643201
PD04701XD,"Cotizaciones internacionales - Cobre (Londres, cUS$ por libras)",09.Set.21,424.403700961388
PD04701XD,"Cotizaciones internacionales - Cobre (Londres, cUS$ por libras)",10.Set.21,431.593140025395
PD04701XD,"Cotizaciones internacionales - Cobre (Londres, cUS$ por libras)",13.Set.21,436.673374569047
PD04701XD,"Cotizaciones internacionales - Cobre (Londres, cUS$ por libras)",14.Set.21,426.694342429731
PD04701XD,"Cotizaciones internacionales - Cobre (Londres, cUS$ por libras)",15.Set.21,430.391120244978
PD04701XD,"Cotizaciones internacionales - Cobre (Londres, cUS$ por libras)",16.Set.21,426.013953874778
PD04701XD,"Cotizaciones internacionales - Cobre (Londres, cUS$ por libras)",17.Set.21,427.987080684143
PD04701XD,"Cotizaciones internacionales - Cobre (Londres, cUS$ por libras)",20.Set.21,414.832901955045
PD04701XD,"Cotizaciones internacionales - Cobre (Londres, cUS$ por libras)",21.Set.21,413.041212093668
PD04701XD,"Cotizaciones internacionales - Cobre (Londres, cUS$ por libras)",22.Set.21,419.799738406204
PD04701XD,"Cotizaciones internacionales - Cobre (Londres, cUS$ por libras)",23.Set.21,419.663660695214
PD04701XD,"Cotizaciones internacionales - Cobre (Londres, cUS$ por libras)",24.Set.21,420.706923146142
PD04701XD,"Cotizaciones internacionales - Cobre (Londres, cUS$ por libras)",27.Set.21,423.700632787937
PD04701XD,"Cotizaciones internacionales - Cobre (Londres, cUS$ por libras)",28.Set.21,420.162612302179
PD04701XD,"Cotizaciones internacionales - Cobre (Londres, cUS$ por libras)",29.Set.21,418.529679770291
PD04701XD,"Cotizaciones internacionales - Cobre (Londres, cUS$ por libras)",30.Set.21,410.09286168887
PD04701XD,"Cotizaciones internacionales - Cobre (Londres, cUS$ por libras)",01.Oct.21,413.358726752646
PD04701XD,"Cotizaciones internacionales - Cobre (Londres, cUS$ por libras)",04.Oct.21,420.366728868665
PD04701XD,"Cotizaciones internacionales - Cobre (Londres, cUS$ por libras)",05.Oct.21,412.383503157213
PD04701XD,"Cotizaciones internacionales - Cobre (Londres, cUS$ por libras)",06.Oct.21,412.587619723699
PD04701XD,"Cotizaciones internacionales - Cobre (Londres, cUS$ por libras)",07.Oct.21,416.261717920447
PD04701XD,"Cotizaciones internacionales - Cobre (Londres, cUS$ por libras)",08.Oct.21,419.391509458354
PD04701XD,"Cotizaciones internacionales - Cobre (Londres, cUS$ por libras)",11.Oct.21,432.137455181671
PD04701XD,"Cotizaciones internacionales - Cobre (Londres, cUS$ por libras)",12.Oct.21,434.768286615177
PD04701XD,"Cotizaciones internacionales - Cobre (Londres, cUS$ por libras)",13.Oct.21,438.215588626941
PD04701XD,"Cotizaciones internacionales - Cobre (Londres, cUS$ por libras)",14.Oct.21,452.276952095976
PD04701XD,"Cotizaciones internacionales - Cobre (Londres, cUS$ por libras)",15.Oct.21,478.766746502159
PD04701XD,"Cotizaciones internacionales - Cobre (Londres, cUS$ por libras)",18.Oct.21,476.271988467331
PD04701XD,"Cotizaciones internacionales - Cobre (Londres, cUS$ por libras)",19.Oct.21,483.166592490858
PD04701XD,"Cotizaciones internacionales - Cobre (Londres, cUS$ por libras)",20.Oct.21,460.895207125385
PD04701XD,"Cotizaciones internacionales - Cobre (Londres, cUS$ por libras)",21.Oct.21,455.905691055728
PD04701XD,"Cotizaciones internacionales - Cobre (Londres, cUS$ por libras)",22.Oct.21,453.229496072911
PD04701XD,"Cotizaciones internacionales - Cobre (Londres, cUS$ por libras)",25.Oct.21,455.860331818731
PD04701XD,"Cotizaciones internacionales - Cobre (Londres, cUS$ por libras)",26.Oct.21,453.048059124923
PD04701XD,"Cotizaciones internacionales - Cobre (Londres, cUS$ por libras)",27.Oct.21,446.765804800854
PD04701XD,"Cotizaciones internacionales - Cobre (Londres, cUS$ por libras)",28.Oct.21,447.242076789322
PD04701XD,"Cotizaciones internacionales - Cobre (Londres, cUS$ por libras)",29.Oct.21,451.55120881007
PD04701XD,"Cotizaciones internacionales - Cobre (Londres, cUS$ por libras)",01.Nov.21,447.922469814108
PD04701XD,"Cotizaciones internacionales - Cobre (Londres, cUS$ por libras)",02.Nov.21,445.291629598456
PD04701XD,"Cotizaciones internacionales - Cobre (Londres, cUS$ por libras)",03.Nov.21,445.654503494431
PD04701XD,"Cotizaciones internacionales - Cobre (Londres, cUS$ por libras)",04.Nov.21,443.840134014555
PD04701XD,"Cotizaciones internacionales - Cobre (Londres, cUS$ por libras)",05.Nov.21,441.798968349695
PD04701XD,"Cotizaciones internacionales - Cobre (Londres, cUS$ por libras)",08.Nov.21,448.376057714244
PD04701XD,"Cotizaciones internacionales - Cobre (Londres, cUS$ por libras)",09.Nov.21,453.68308844288
PD04701XD,"Cotizaciones internacionales - Cobre (Londres, cUS$ por libras)",10.Nov.21,444.112289436537
PD04701XD,"Cotizaciones internacionales - Cobre (Londres, cUS$ por libras)",11.Nov.21,446.788484419353
PD04701XD,"Cotizaciones internacionales - Cobre (Londres, cUS$ por libras)",12.Nov.21,446.992600985839
PD04701XD,"Cotizaciones internacionales - Cobre (Londres, cUS$ por libras)",15.Nov.21,446.561688234368
PD04701XD,"Cotizaciones internacionales - Cobre (Londres, cUS$ por libras)",16.Nov.21,439.077414129882
PD04701XD,"Cotizaciones internacionales - Cobre (Londres, cUS$ por libras)",17.Nov.21,430.685955285457
PD04701XD,"Cotizaciones internacionales - Cobre (Londres, cUS$ por libras)",18.Nov.21,428.644789620597
PD04701XD,"Cotizaciones internacionales - Cobre (Londres, cUS$ por libras)",19.Nov.21,436.378539528567
PD04701XD,"Cotizaciones internacionales - Cobre (Londres, cUS$ por libras)",22.Nov.21,441.345375979726
PD04701XD,"Cotizaciones internacionales - Cobre (Londres, cUS$ por libras)",23.Nov.21,445.677183112929
PD04701XD,"Cotizaciones internacionales - Cobre (Londres, cUS$ por libras)",24.Nov.21,446.879202893347
PD04701XD,"Cotizaciones internacionales - Cobre (Londres, cUS$ por libras)",25.Nov.21,450.507946348731
PD04701XD,"Cotizaciones internacionales - Cobre (Londres, cUS$ por libras)",26.Nov.21,436.809452280037
PD04701XD,"Cotizaciones internacionales - Cobre (Londres, cUS$ por libras)",29.Nov.21,442.297919956661
PD04701XD,"Cotizaciones internacionales - Cobre (Londres, cUS$ por libras)",30.Nov.21,435.675471355115
PD04701XD,"Cotizaciones internacionales - Cobre (Londres, cUS$ por libras)",01.Dic.21,434.133257297221
PD04701XD,"Cotizaciones internacionales - Cobre (Londres, cUS$ por libras)",02.Dic.21,431.819940519525
PD04701XD,"Cotizaciones internacionales - Cobre (Londres, cUS$ por libras)",03.Dic.21,431.502421551401
PD04701XD,"Cotizaciones internacionales - Cobre (Londres, cUS$ por libras)",06.Dic.21,432.092091632361
PD04701XD,"Cotizaciones internacionales - Cobre (Londres, cUS$ por libras)",07.Dic.21,437.580559308985
PD04701XD,"Cotizaciones internacionales - Cobre (Londres, cUS$ por libras)",08.Dic.21,433.430193448983
PD04701XD,"Cotizaciones internacionales - Cobre (Londres, cUS$ por libras)",09.Dic.21,434.450771956199
PD04701XD,"Cotizaciones internacionales - Cobre (Londres, cUS$ por libras)",10.Dic.21,432.863202980864
PD04701XD,"Cotizaciones internacionales - Cobre (Londres, cUS$ por libras)",13.Dic.21,430.912751470442
PD04701XD,"Cotizaciones internacionales - Cobre (Londres, cUS$ por libras)",14.Dic.21,430.232362915489
PD04701XD,"Cotizaciones internacionales - Cobre (Londres, cUS$ por libras)",15.Dic.21,421.387311701095
PD04701XD,"Cotizaciones internacionales - Cobre (Londres, cUS$ por libras)",16.Dic.21,431.184906892423
PD04701XD,"Cotizaciones internacionales - Cobre (Londres, cUS$ por libras)",17.Dic.21,431.81993621038
PD04701XD,"Cotizaciones internacionales - Cobre (Londres, cUS$ por libras)",20.Dic.21,426.648983192734
PD04701XD,"Cotizaciones internacionales - Cobre (Londres, cUS$ por libras)",21.Dic.21,431.865295447377
PD04701XD,"Cotizaciones internacionales - Cobre (Londres, cUS$ por libras)",22.Dic.21,436.582656095053
PD04701XD,"Cotizaciones internacionales - Cobre (Londres, cUS$ por libras)",23.Dic.21,435.720830592112
PD04701XD,"Cotizaciones internacionales - Cobre (Londres, cUS$ por libras)",24.Dic.21,434.632208904187
PD04701XD,"Cotizaciones internacionales - Cobre (Londres, cUS$ por libras)",27.Dic.21,434.632213241396
PD04701XD,"Cotizaciones internacionales - Cobre (Londres, cUS$ por libras)",28.Dic.21,434.632208904187
PD04701XD,"Cotizaciones internacionales - Cobre (Londres, cUS$ por libras)",29.Dic.21,437.94343320496
PD04701XD,"Cotizaciones internacionales - Cobre (Londres, cUS$ por libras)",30.Dic.21,440.664987424773
PD04701XD,"Cotizaciones internacionales - Cobre (Londres, cUS$ por libras)",31.Dic.21,439.621724973844
PD04701XD,"Cotizaciones internacionales - Cobre (Londres, cUS$ por libras)",03.Ene.22,439.621724973844
PD04701XD,"Cotizaciones internacionales - Cobre (Londres, cUS$ por libras)",04.Ene.22,438.170229389944
PD04701XD,"Cotizaciones internacionales - Cobre (Londres, cUS$ por libras)",05.Ene.22,443.522619355577
PD04701XD,"Cotizaciones internacionales - Cobre (Londres, cUS$ por libras)",06.Ene.22,433.86110187524
PD04701XD,"Cotizaciones internacionales - Cobre (Londres, cUS$ por libras)",07.Ene.22,436.129063725084
PD04701XD,"Cotizaciones internacionales - Cobre (Londres, cUS$ por libras)",10.Ene.22,438.397025574929
PD04701XD,"Cotizaciones internacionales - Cobre (Londres, cUS$ por libras)",11.Ene.22,438.260947863938
PD04701XD,"Cotizaciones internacionales - Cobre (Londres, cUS$ por libras)",12.Ene.22,451.097611934057
PD04701XD,"Cotizaciones internacionales - Cobre (Londres, cUS$ por libras)",13.Ene.22,452.322311332973
PD04701XD,"Cotizaciones internacionales - Cobre (Londres, cUS$ por libras)",14.Ene.22,449.056446269197
PD04701XD,"Cotizaciones internacionales - Cobre (Londres, cUS$ por libras)",17.Ene.22,438.827938326399
PD04701XD,"Cotizaciones internacionales - Cobre (Londres, cUS$ por libras)",18.Ene.22,440.302113528798
PD04701XD,"Cotizaciones internacionales - Cobre (Londres, cUS$ por libras)",19.Ene.22,444.565881806505
PD04701XD,"Cotizaciones internacionales - Cobre (Londres, cUS$ por libras)",20.Ene.22,450.19042719412
PD04701XD,"Cotizaciones internacionales - Cobre (Londres, cUS$ por libras)",21.Ene.22,452.23159285898
PD04701XD,"Cotizaciones internacionales - Cobre (Londres, cUS$ por libras)",24.Ene.22,444.520522569509
PD04701XD,"Cotizaciones internacionales - Cobre (Londres, cUS$ por libras)",25.Ene.22,441.980405297683
PD04701XD,"Cotizaciones internacionales - Cobre (Londres, cUS$ por libras)",26.Ene.22,452.004796673995
PD04701XD,"Cotizaciones internacionales - Cobre (Londres, cUS$ por libras)",27.Ene.22,447.786387633284
PD04701XD,"Cotizaciones internacionales - Cobre (Londres, cUS$ por libras)",28.Ene.22,438.986695655888
PD04701XD,"Cotizaciones internacionales - Cobre (Londres, cUS$ por libras)",31.Ene.22,436.355859910069
PD04701XD,"Cotizaciones internacionales - Cobre (Londres, cUS$ por libras)",01.Feb.22,440.029958106816
PD04701XD,"Cotizaciones internacionales - Cobre (Londres, cUS$ por libras)",02.Feb.22,448.14926152926
PD04701XD,"Cotizaciones internacionales - Cobre (Londres, cUS$ por libras)",03.Feb.22,443.840134014555
PD04701XD,"Cotizaciones internacionales - Cobre (Londres, cUS$ por libras)",04.Feb.22,447.922465344275
PD04701XD,"Cotizaciones internacionales - Cobre (Londres, cUS$ por libras)",07.Feb.22,446.788484419353
PD04701XD,"Cotizaciones internacionales - Cobre (Londres, cUS$ por libras)",08.Feb.22,442.706153089633
PD04701XD,"Cotizaciones internacionales - Cobre (Londres, cUS$ por libras)",09.Feb.22,448.194620766256
PD04701XD,"Cotizaciones internacionales - Cobre (Londres, cUS$ por libras)",10.Feb.22,463.5940817267
PD04701XD,"Cotizaciones internacionales - Cobre (Londres, cUS$ por libras)",11.Feb.22,455.406739448762
PD04701XD,"Cotizaciones internacionales - Cobre (Londres, cUS$ por libras)",14.Feb.22,448.239980003253
PD04701XD,"Cotizaciones internacionales - Cobre (Londres, cUS$ por libras)",15.Feb.22,454.499554708824
PD04701XD,"Cotizaciones internacionales - Cobre (Londres, cUS$ por libras)",16.Feb.22,455.656215252245
PD04701XD,"Cotizaciones internacionales - Cobre (Londres, cUS$ por libras)",17.Feb.22,454.045962338855
PD04701XD,"Cotizaciones internacionales - Cobre (Londres, cUS$ por libras)",18.Feb.22,454.272758523839
PD04701XD,"Cotizaciones internacionales - Cobre (Londres, cUS$ por libras)",21.Feb.22,451.778000489011
PD04701XD,"Cotizaciones internacionales - Cobre (Londres, cUS$ por libras)",22.Feb.22,454.499554708824
PD04701XD,"Cotizaciones internacionales - Cobre (Londres, cUS$ por libras)",23.Feb.22,453.819166153871
PD04701XD,"Cotizaciones internacionales - Cobre (Londres, cUS$ por libras)",24.Feb.22,452.821262939939
PD04701XD,"Cotizaciones internacionales - Cobre (Londres, cUS$ por libras)",25.Feb.22,449.963631009135
PD04701XD,"Cotizaciones internacionales - Cobre (Londres, cUS$ por libras)",28.Feb.22,452.413029806967
PD04701XD,"Cotizaciones internacionales - Cobre (Londres, cUS$ por libras)",01.Mar.22,452.503748280961
PD04701XD,"Cotizaciones internacionales - Cobre (Londres, cUS$ por libras)",02.Mar.22,465.272373495585
PD04701XD,"Cotizaciones internacionales - Cobre (Londres, cUS$ por libras)",03.Mar.22,474.911211357424
PD04701XD,"Cotizaciones internacionales - Cobre (Londres, cUS$ por libras)",04.Mar.22,474.729774409436
PD04701XD,"Cotizaciones internacionales - Cobre (Londres, cUS$ por libras)",07.Mar.22,486.704612976615
PD04701XD,"Cotizaciones internacionales - Cobre (Londres, cUS$ por libras)",08.Mar.22,461.348799495354
PD04701XD,"Cotizaciones internacionales - Cobre (Londres, cUS$ por libras)",09.Mar.22,455.951050292724
PD04701XD,"Cotizaciones internacionales - Cobre (Londres, cUS$ por libras)",10.Mar.22,460.124100096438
PD04701XD,"Cotizaciones internacionales - Cobre (Londres, cUS$ por libras)",11.Mar.22,460.169459333435
PD04701XD,"Cotizaciones internacionales - Cobre (Londres, cUS$ por libras)",14.Mar.22,448.14926152926
PD04701XD,"Cotizaciones internacionales - Cobre (Londres, cUS$ por libras)",15.Mar.22,445.699862731428
PD04701XD,"Cotizaciones internacionales - Cobre (Londres, cUS$ por libras)",16.Mar.22,458.150973287073
PD04701XD,"Cotizaciones internacionales - Cobre (Londres, cUS$ por libras)",17.Mar.22,461.12200331037
PD04701XD,"Cotizaciones internacionales - Cobre (Londres, cUS$ por libras)",18.Mar.22,464.886819981111
PD04701XD,"Cotizaciones internacionales - Cobre (Londres, cUS$ por libras)",21.Mar.22,461.439517969348
PD04701XD,"Cotizaciones internacionales - Cobre (Londres, cUS$ por libras)",22.Mar.22,469.105229021822
PD04701XD,"Cotizaciones internacionales - Cobre (Londres, cUS$ por libras)",23.Mar.22,467.699092674919
PD04701XD,"Cotizaciones internacionales - Cobre (Londres, cUS$ por libras)",24.Mar.22,472.688608744576
PD04701XD,"Cotizaciones internacionales - Cobre (Londres, cUS$ por libras)",25.Mar.22,466.292956328015
PD04701XD,"Cotizaciones internacionales - Cobre (Londres, cUS$ por libras)",28.Mar.22,463.88891676718
PD04701XD,"Cotizaciones internacionales - Cobre (Londres, cUS$ por libras)",29.Mar.22,469.468102917797
PD04701XD,"Cotizaciones internacionales - Cobre (Londres, cUS$ por libras)",30.Mar.22,471.305152016171
PD04701XD,"Cotizaciones internacionales - Cobre (Londres, cUS$ por libras)",31.Mar.22,468.878432836838
PD04701XD,"Cotizaciones internacionales - Cobre (Londres, cUS$ por libras)",01.Abr.22,464.796101507118
PD04701XD,"Cotizaciones internacionales - Cobre (Londres, cUS$ por libras)",04.Abr.22,467.268179923448
PD04701XD,"Cotizaciones internacionales - Cobre (Londres, cUS$ por libras)",05.Abr.22,472.915404929561
PD04701XD,"Cotizaciones internacionales - Cobre (Londres, cUS$ por libras)",06.Abr.22,469.490782536296
PD04701XD,"Cotizaciones internacionales - Cobre (Londres, cUS$ por libras)",07.Abr.22,466.837267171978
PD04701XD,"Cotizaciones internacionales - Cobre (Londres, cUS$ por libras)",08.Abr.22,471.282472397673
PD04701XD,"Cotizaciones internacionales - Cobre (Londres, cUS$ por libras)",11.Abr.22,464.274470281653
PD04701XD,"Cotizaciones internacionales - Cobre (Londres, cUS$ por libras)",12.Abr.22,462.709576605261
PD04701XD,"Cotizaciones internacionales - Cobre (Londres, cUS$ por libras)",13.Abr.22,466.769228316482
PD04701XD,"Cotizaciones internacionales - Cobre (Londres, cUS$ por libras)",14.Abr.22,466.156883268819
PD04701XD,"Cotizaciones internacionales - Cobre (Londres, cUS$ por libras)",15.Abr.22,466.156883268819
PD04701XD,"Cotizaciones internacionales - Cobre (Londres, cUS$ por libras)",18.Abr.22,466.156878617024
PD04701XD,"Cotizaciones internacionales - Cobre (Londres, cUS$ por libras)",19.Abr.22,470.874239264701
PD04701XD,"Cotizaciones internacionales - Cobre (Londres, cUS$ por libras)",20.Abr.22,463.344605923217
PD04701XD,"Cotizaciones internacionales - Cobre (Londres, cUS$ por libras)",21.Abr.22,465.748645484052
PD04701XD,"Cotizaciones internacionales - Cobre (Londres, cUS$ por libras)",22.Abr.22,464.047674096669
PD04701XD,"Cotizaciones internacionales - Cobre (Londres, cUS$ por libras)",25.Abr.22,449.918271772138
PD04701XD,"Cotizaciones internacionales - Cobre (Londres, cUS$ por libras)",26.Abr.22,449.623436731658
PD04701XD,"Cotizaciones internacionales - Cobre (Londres, cUS$ por libras)",27.Abr.22,449.510038639166
PD04701XD,"Cotizaciones internacionales - Cobre (Londres, cUS$ por libras)",28.Abr.22,445.064833413471
PD04701XD,"Cotizaciones internacionales - Cobre (Londres, cUS$ por libras)",29.Abr.22,445.450386927945
PD04701XD,"Cotizaciones internacionales - Cobre (Londres, cUS$ por libras)",02.May.22,445.450386927945
PD04701XD,"Cotizaciones internacionales - Cobre (Londres, cUS$ por libras)",03.May.22,431.411703077408
PD04701XD,"Cotizaciones internacionales - Cobre (Londres, cUS$ por libras)",04.May.22,429.733411308523
PD04701XD,"Cotizaciones internacionales - Cobre (Londres, cUS$ por libras)",05.May.22,432.772480187314
PD04701XD,"Cotizaciones internacionales - Cobre (Londres, cUS$ por libras)",06.May.22,427.646886406666
PD04701XD,"Cotizaciones internacionales - Cobre (Londres, cUS$ por libras)",09.May.22,415.4906108915
PD04701XD,"Cotizaciones internacionales - Cobre (Londres, cUS$ por libras)",10.May.22,424.108865920909
PD04701XD,"Cotizaciones internacionales - Cobre (Londres, cUS$ por libras)",11.May.22,424.879972949856
PD04701XD,"Cotizaciones internacionales - Cobre (Londres, cUS$ por libras)",12.May.22,409.07227885644
PD04701XD,"Cotizaciones internacionales - Cobre (Londres, cUS$ por libras)",13.May.22,411.136124139798
PD04701XD,"Cotizaciones internacionales - Cobre (Londres, cUS$ por libras)",16.May.22,420.480126961158
PD04701XD,"Cotizaciones internacionales - Cobre (Londres, cUS$ por libras)",17.May.22,426.195390822765
PD04701XD,"Cotizaciones internacionales - Cobre (Londres, cUS$ por libras)",18.May.22,420.230651157675
PD04701XD,"Cotizaciones internacionales - Cobre (Londres, cUS$ por libras)",19.May.22,421.251233990105
PD04701XD,"Cotizaciones internacionales - Cobre (Londres, cUS$ por libras)",20.May.22,429.869489019513
PD04701XD,"Cotizaciones internacionales - Cobre (Londres, cUS$ por libras)",23.May.22,430.93543108894
PD04701XD,"Cotizaciones internacionales - Cobre (Londres, cUS$ por libras)",24.May.22,429.121061609065
PD04701XD,"Cotizaciones internacionales - Cobre (Londres, cUS$ por libras)",25.May.22,421.251233990105
PD04701XD,"Cotizaciones internacionales - Cobre (Londres, cUS$ por libras)",26.May.22,424.517099053881
PD04701XD,"Cotizaciones internacionales - Cobre (Londres, cUS$ por libras)",27.May.22,425.605720741806
PD04701XD,"Cotizaciones internacionales - Cobre (Londres, cUS$ por libras)",30.May.22,431.842615828878
PD04701XD,"Cotizaciones internacionales - Cobre (Londres, cUS$ por libras)",31.May.22,430.93543108894
PD04701XD,"Cotizaciones internacionales - Cobre (Londres, cUS$ por libras)",01.Jun.22,428.871585805582
PD04701XD,"Cotizaciones internacionales - Cobre (Londres, cUS$ por libras)",02.Jun.22,428.871585805582
PD04701XD,"Cotizaciones internacionales - Cobre (Londres, cUS$ por libras)",03.Jun.22,428.871585805582
PD04701XD,"Cotizaciones internacionales - Cobre (Londres, cUS$ por libras)",06.Jun.22,440.528909713782
PD04701XD,"Cotizaciones internacionales - Cobre (Londres, cUS$ por libras)",07.Jun.22,435.992986014093
PD04701XD,"Cotizaciones internacionales - Cobre (Londres, cUS$ por libras)",08.Jun.22,439.621724973844
PD04701XD,"Cotizaciones internacionales - Cobre (Londres, cUS$ por libras)",09.Jun.22,436.809452280037
PD04701XD,"Cotizaciones internacionales - Cobre (Londres, cUS$ por libras)",10.Jun.22,432.591043239327
PD04701XD,"Cotizaciones internacionales - Cobre (Londres, cUS$ por libras)",13.Jun.22,421.387311701095
PD04701XD,"Cotizaciones internacionales - Cobre (Londres, cUS$ por libras)",14.Jun.22,420.162612302179
PD04701XD,"Cotizaciones internacionales - Cobre (Londres, cUS$ por libras)",15.Jun.22,419.890456880198
PD04701XD,"Cotizaciones internacionales - Cobre (Londres, cUS$ por libras)",16.Jun.22,412.995852856671
PD04701XD,"Cotizaciones internacionales - Cobre (Londres, cUS$ por libras)",17.Jun.22,412.814415908683
PD04701XD,"Cotizaciones internacionales - Cobre (Londres, cUS$ por libras)",20.Jun.22,402.563228347386
PD04701XD,"Cotizaciones internacionales - Cobre (Londres, cUS$ por libras)",21.Jun.22,408.233132971998
PD04701XD,"Cotizaciones internacionales - Cobre (Londres, cUS$ por libras)",22.Jun.22,395.940779745841
PD04701XD,"Cotizaciones internacionales - Cobre (Londres, cUS$ por libras)",23.Jun.22,389.091534959311
PD04701XD,"Cotizaciones internacionales - Cobre (Londres, cUS$ por libras)",24.Jun.22,375.597165700832
PD04701XD,"Cotizaciones internacionales - Cobre (Londres, cUS$ por libras)",27.Jun.22,378.885706635011
PD04701XD,"Cotizaciones internacionales - Cobre (Londres, cUS$ por libras)",28.Jun.22,385.644232947547
PD04701XD,"Cotizaciones internacionales - Cobre (Londres, cUS$ por libras)",29.Jun.22,383.10411949873
PD04701XD,"Cotizaciones internacionales - Cobre (Londres, cUS$ por libras)",30.Jun.22,373.986909039347
PD04701XD,"Cotizaciones internacionales - Cobre (Londres, cUS$ por libras)",01.Jul.22,361.762594668685
PD04701XD,"Cotizaciones internacionales - Cobre (Londres, cUS$ por libras)",04.Jul.22,364.506828506997
PD04701XD,"Cotizaciones internacionales - Cobre (Londres, cUS$ por libras)",05.Jul.22,354.119563234709
PD04701XD,"Cotizaciones internacionales - Cobre (Londres, cUS$ por libras)",06.Jul.22,341.350938020085
PD04701XD,"Cotizaciones internacionales - Cobre (Londres, cUS$ por libras)",07.Jul.22,355.389621870622
PD04701XD,"Cotizaciones internacionales - Cobre (Londres, cUS$ por libras)",08.Jul.22,353.348456205762
PD04701XD,"Cotizaciones internacionales - Cobre (Londres, cUS$ por libras)",11.Jul.22,345.773463627282
PD04701XD,"Cotizaciones internacionales - Cobre (Londres, cUS$ por libras)",12.Jul.22,334.320256285568
PD04701XD,"Cotizaciones internacionales - Cobre (Londres, cUS$ por libras)",13.Jul.22,329.62557525639
PD04701XD,"Cotizaciones internacionales - Cobre (Londres, cUS$ por libras)",14.Jul.22,327.312254169548
PD04701XD,"Cotizaciones internacionales - Cobre (Londres, cUS$ por libras)",15.Jul.22,317.51465897822
PD04701XD,"Cotizaciones internacionales - Cobre (Londres, cUS$ por libras)",18.Jul.22,332.029614817225
PD04701XD,"Cotizaciones internacionales - Cobre (Londres, cUS$ por libras)",19.Jul.22,330.283284192844
PD04701XD,"Cotizaciones internacionales - Cobre (Londres, cUS$ por libras)",20.Jul.22,334.342935904066
PD04701XD,"Cotizaciones internacionales - Cobre (Londres, cUS$ por libras)",21.Jul.22,328.015322343
PD04701XD,"Cotizaciones internacionales - Cobre (Londres, cUS$ por libras)",22.Jul.22,334.388295141063
PD04701XD,"Cotizaciones internacionales - Cobre (Londres, cUS$ por libras)",25.Jul.22,337.835597152826
PD04701XD,"Cotizaciones internacionales - Cobre (Londres, cUS$ por libras)",26.Jul.22,344.34464766188
PD04701XD,"Cotizaciones internacionales - Cobre (Londres, cUS$ por libras)",27.Jul.22,342.552957800503
PD04701XD,"Cotizaciones internacionales - Cobre (Londres, cUS$ por libras)",28.Jul.22,349.810439210775
PD04701XD,"Cotizaciones internacionales - Cobre (Londres, cUS$ por libras)",29.Jul.22,353.824731725058
PD04701XD,"Cotizaciones internacionales - Cobre (Londres, cUS$ por libras)",01.Ago.22,359.721429003825
PD04701XD,"Cotizaciones internacionales - Cobre (Londres, cUS$ por libras)",02.Ago.22,354.663874078672
PD04701XD,"Cotizaciones internacionales - Cobre (Londres, cUS$ por libras)",03.Ago.22,352.622708413812
PD04701XD,"Cotizaciones internacionales - Cobre (Londres, cUS$ por libras)",04.Ago.22,346.635289130223
PD04701XD,"Cotizaciones internacionales - Cobre (Londres, cUS$ por libras)",05.Ago.22,355.185505304136
PD04701XD,"Cotizaciones internacionales - Cobre (Londres, cUS$ por libras)",08.Ago.22,355.389621870622
PD04701XD,"Cotizaciones internacionales - Cobre (Londres, cUS$ por libras)",09.Ago.22,361.581157720698
PD04701XD,"Cotizaciones internacionales - Cobre (Londres, cUS$ por libras)",10.Ago.22,361.785274287184
PD04701XD,"Cotizaciones internacionales - Cobre (Londres, cUS$ por libras)",11.Ago.22,369.224189154673
PD04701XD,"Cotizaciones internacionales - Cobre (Londres, cUS$ por libras)",12.Ago.22,365.822246379907
PD04701XD,"Cotizaciones internacionales - Cobre (Londres, cUS$ por libras)",15.Ago.22,356.773078599027
PD04701XD,"Cotizaciones internacionales - Cobre (Londres, cUS$ por libras)",16.Ago.22,362.511022079134
PD04701XD,"Cotizaciones internacionales - Cobre (Londres, cUS$ por libras)",17.Ago.22,360.832730310249
PD04701XD,"Cotizaciones internacionales - Cobre (Londres, cUS$ por libras)",18.Ago.22,363.781080715047
PD04701XD,"Cotizaciones internacionales - Cobre (Londres, cUS$ por libras)",19.Ago.22,365.18721706195
PD04701XD,"Cotizaciones internacionales - Cobre (Londres, cUS$ por libras)",22.Ago.22,364.733624691981
PD04701XD,"Cotizaciones internacionales - Cobre (Londres, cUS$ por libras)",23.Ago.22,367.432499293296
PD04701XD,"Cotizaciones internacionales - Cobre (Londres, cUS$ por libras)",24.Ago.22,364.302711940511
PD04701XD,"Cotizaciones internacionales - Cobre (Londres, cUS$ por libras)",25.Ago.22,369.904577709627
PD04701XD,"Cotizaciones internacionales - Cobre (Londres, cUS$ por libras)",26.Ago.22,377.162055629129
PD04701XD,"Cotizaciones internacionales - Cobre (Londres, cUS$ por libras)",29.Ago.22,377.162055629129
PD04701XD,"Cotizaciones internacionales - Cobre (Londres, cUS$ por libras)",30.Ago.22,358.814247844506
PD04701XD,"Cotizaciones internacionales - Cobre (Londres, cUS$ por libras)",31.Ago.22,350.218668852977
PD04701XD,"Cotizaciones internacionales - Cobre (Londres, cUS$ por libras)",01.Set.22,349.356843350036
PD04701XD,"Cotizaciones internacionales - Cobre (Londres, cUS$ por libras)",02.Set.22,344.140531095394
PD04701XD,"Cotizaciones internacionales - Cobre (Londres, cUS$ por libras)",05.Set.22,347.11156111869
PD04701XD,"Cotizaciones internacionales - Cobre (Londres, cUS$ por libras)",06.Set.22,349.583639535021
PD04701XD,"Cotizaciones internacionales - Cobre (Londres, cUS$ por libras)",07.Set.22,350.626901985949
PD04701XD,"Cotizaciones internacionales - Cobre (Londres, cUS$ por libras)",08.Set.22,358.610127697401
PD04701XD,"Cotizaciones internacionales - Cobre (Londres, cUS$ por libras)",09.Set.22,362.193507420156
PD04701XD,"Cotizaciones internacionales - Cobre (Londres, cUS$ por libras)",12.Set.22,364.053236137028
PD04701XD,"Cotizaciones internacionales - Cobre (Londres, cUS$ por libras)",13.Set.22,373.306520484393
PD04701XD,"Cotizaciones internacionales - Cobre (Londres, cUS$ por libras)",14.Set.22,356.750398980529
PD04701XD,"Cotizaciones internacionales - Cobre (Londres, cUS$ por libras)",15.Set.22,354.074203997713
PD04701XD,"Cotizaciones internacionales - Cobre (Londres, cUS$ por libras)",16.Set.22,353.439174679756
PD04701XD,"Cotizaciones internacionales - Cobre (Londres, cUS$ por libras)",19.Set.22,352.531989939818
PD04701XD,"Cotizaciones internacionales - Cobre (Londres, cUS$ por libras)",20.Set.22,353.620611627744
PD04701XD,"Cotizaciones internacionales - Cobre (Londres, cUS$ por libras)",21.Set.22,352.055717951351
PD04701XD,"Cotizaciones internacionales - Cobre (Londres, cUS$ por libras)",22.Set.22,354.482437130685
PD04701XD,"Cotizaciones internacionales - Cobre (Londres, cUS$ por libras)",23.Set.22,337.744878678833
PD04701XD,"Cotizaciones internacionales - Cobre (Londres, cUS$ por libras)",26.Set.22,337.880956389823
PD04701XD,"Cotizaciones internacionales - Cobre (Londres, cUS$ por libras)",27.Set.22,339.060296551742
PD04701XD,"Cotizaciones internacionales - Cobre (Londres, cUS$ por libras)",28.Set.22,333.526469638122
PD04701XD,"Cotizaciones internacionales - Cobre (Londres, cUS$ por libras)",29.Set.22,347.474435014665
PD04701XD,"Cotizaciones internacionales - Cobre (Londres, cUS$ por libras)",30.Set.22,346.862085315207
PD04701XD,"Cotizaciones internacionales - Cobre (Londres, cUS$ por libras)",03.Oct.22,341.28289916459
PD04701XD,"Cotizaciones internacionales - Cobre (Londres, cUS$ por libras)",04.Oct.22,344.548764228366
PD04701XD,"Cotizaciones internacionales - Cobre (Londres, cUS$ por libras)",05.Oct.22,347.497114633164
PD04701XD,"Cotizaciones internacionales - Cobre (Londres, cUS$ por libras)",06.Oct.22,351.261931303905
PD04701XD,"Cotizaciones internacionales - Cobre (Londres, cUS$ por libras)",07.Oct.22,343.61889986993
PD04701XD,"Cotizaciones internacionales - Cobre (Londres, cUS$ por libras)",10.Oct.22,347.224959211182
PD04701XD,"Cotizaciones internacionales - Cobre (Londres, cUS$ por libras)",11.Oct.22,344.140531095394
PD04701XD,"Cotizaciones internacionales - Cobre (Londres, cUS$ por libras)",12.Oct.22,345.886861719774
PD04701XD,"Cotizaciones internacionales - Cobre (Londres, cUS$ por libras)",13.Oct.22,347.587833107158
PD04701XD,"Cotizaciones internacionales - Cobre (Londres, cUS$ por libras)",14.Oct.22,348.72181403208
PD04701XD,"Cotizaciones internacionales - Cobre (Londres, cUS$ por libras)",17.Oct.22,349.946513430996
PD04701XD,"Cotizaciones internacionales - Cobre (Londres, cUS$ por libras)",18.Oct.22,341.827210008553
PD04701XD,"Cotizaciones internacionales - Cobre (Londres, cUS$ por libras)",19.Oct.22,336.565538516914
PD04701XD,"Cotizaciones internacionales - Cobre (Londres, cUS$ por libras)",20.Oct.22,344.072492239899
PD04701XD,"Cotizaciones internacionales - Cobre (Londres, cUS$ por libras)",21.Oct.22,342.235443141525
PD04701XD,"Cotizaciones internacionales - Cobre (Londres, cUS$ por libras)",24.Oct.22,347.497114633164
PD04701XD,"Cotizaciones internacionales - Cobre (Londres, cUS$ por libras)",25.Oct.22,341.827210008553
PD04701XD,"Cotizaciones internacionales - Cobre (Londres, cUS$ por libras)",26.Oct.22,352.101077188348
PD04701XD,"Cotizaciones internacionales - Cobre (Londres, cUS$ por libras)",27.Oct.22,352.758786124803
PD04701XD,"Cotizaciones internacionales - Cobre (Londres, cUS$ por libras)",28.Oct.22,347.610512725656
PD04701XD,"Cotizaciones internacionales - Cobre (Londres, cUS$ por libras)",31.Oct.22,341.328258401587
PD04701XD,"Cotizaciones internacionales - Cobre (Londres, cUS$ por libras)",01.Nov.22,351.307294046609
PD04701XD,"Cotizaciones internacionales - Cobre (Londres, cUS$ por libras)",02.Nov.22,349.492921061027
PD04701XD,"Cotizaciones internacionales - Cobre (Londres, cUS$ por libras)",03.Nov.22,340.647869846634
PD04701XD,"Cotizaciones internacionales - Cobre (Londres, cUS$ por libras)",04.Nov.22,358.564768460405
PD04701XD,"Cotizaciones internacionales - Cobre (Londres, cUS$ por libras)",07.Nov.22,360.810050691751
PD04701XD,"Cotizaciones internacionales - Cobre (Londres, cUS$ por libras)",08.Nov.22,361.69455581319
PD04701XD,"Cotizaciones internacionales - Cobre (Londres, cUS$ por libras)",09.Nov.22,364.46146927
PD04701XD,"Cotizaciones internacionales - Cobre (Londres, cUS$ por libras)",10.Nov.22,365.822246379907
PD04701XD,"Cotizaciones internacionales - Cobre (Londres, cUS$ por libras)",11.Nov.22,382.877319490737
PD04701XD,"Cotizaciones internacionales - Cobre (Londres, cUS$ por libras)",14.Nov.22,378.568191976032
PD04701XD,"Cotizaciones internacionales - Cobre (Londres, cUS$ por libras)",15.Nov.22,378.432114265042
PD04701XD,"Cotizaciones internacionales - Cobre (Londres, cUS$ por libras)",16.Nov.22,377.162055629129
PD04701XD,"Cotizaciones internacionales - Cobre (Londres, cUS$ por libras)",17.Nov.22,369.904577709627
PD04701XD,"Cotizaciones internacionales - Cobre (Londres, cUS$ por libras)",18.Nov.22,365.005780113963
PD04701XD,"Cotizaciones internacionales - Cobre (Londres, cUS$ por libras)",21.Nov.22,358.360651893919
PD04701XD,"Cotizaciones internacionales - Cobre (Londres, cUS$ por libras)",22.Nov.22,362.692459027121
PD04701XD,"Cotizaciones internacionales - Cobre (Londres, cUS$ por libras)",23.Nov.22,361.150244969227
PD04701XD,"Cotizaciones internacionales - Cobre (Londres, cUS$ por libras)",24.Nov.22,362.442983223639
PD04701XD,"Cotizaciones internacionales - Cobre (Londres, cUS$ por libras)",25.Nov.22,366.049042564891
PD04701XD,"Cotizaciones internacionales - Cobre (Londres, cUS$ por libras)",28.Nov.22,361.331681917215
PD04701XD,"Cotizaciones internacionales - Cobre (Londres, cUS$ por libras)",29.Nov.22,364.484152525698
PD04701XD,"Cotizaciones internacionales - Cobre (Londres, cUS$ por libras)",30.Nov.22,371.855024900493
PD04701XD,"Cotizaciones internacionales - Cobre (Londres, cUS$ por libras)",01.Dic.22,372.694170784935
PD04701XD,"Cotizaciones internacionales - Cobre (Londres, cUS$ por libras)",02.Dic.22,378.386755028045
PD04701XD,"Cotizaciones internacionales - Cobre (Londres, cUS$ por libras)",05.Dic.22,382.83196025374
PD04701XD,"Cotizaciones internacionales - Cobre (Londres, cUS$ por libras)",06.Dic.22,378.999104727503
PD04701XD,"Cotizaciones internacionales - Cobre (Londres, cUS$ por libras)",07.Dic.22,378.02388113207
PD04701XD,"Cotizaciones internacionales - Cobre (Londres, cUS$ por libras)",08.Dic.22,387.231810106637
PD04701XD,"Cotizaciones internacionales - Cobre (Londres, cUS$ por libras)",09.Dic.22,385.122605565234
PD04701XD,"Cotizaciones internacionales - Cobre (Londres, cUS$ por libras)",12.Dic.22,379.724852519453
PD04701XD,"Cotizaciones internacionales - Cobre (Londres, cUS$ por libras)",13.Dic.22,380.155765270923
PD04701XD,"Cotizaciones internacionales - Cobre (Londres, cUS$ por libras)",14.Dic.22,381.697979328818
PD04701XD,"Cotizaciones internacionales - Cobre (Londres, cUS$ por libras)",15.Dic.22,380.246483744917
PD04701XD,"Cotizaciones internacionales - Cobre (Londres, cUS$ por libras)",16.Dic.22,373.374559339889
PD04701XD,"Cotizaciones internacionales - Cobre (Londres, cUS$ por libras)",19.Dic.22,377.887803421079
PD04701XD,"Cotizaciones internacionales - Cobre (Londres, cUS$ por libras)",20.Dic.22,376.572385548169
PD04701XD,"Cotizaciones internacionales - Cobre (Londres, cUS$ por libras)",21.Dic.22,377.706366473092
PD04701XD,"Cotizaciones internacionales - Cobre (Londres, cUS$ por libras)",22.Dic.22,378.545512357534
PD04701XD,"Cotizaciones internacionales - Cobre (Londres, cUS$ por libras)",23.Dic.22,376.867220588649
PD04701XD,"Cotizaciones internacionales - Cobre (Londres, cUS$ por libras)",26.Dic.22,376.867220588649
PD04701XD,"Cotizaciones internacionales - Cobre (Londres, cUS$ por libras)",27.Dic.22,376.867220588649
PD04701XD,"Cotizaciones internacionales - Cobre (Londres, cUS$ por libras)",28.Dic.22,383.330911860706
PD04701XD,"Cotizaciones internacionales - Cobre (Londres, cUS$ por libras)",29.Dic.22,380.79079458888
PD04701XD,"Cotizaciones internacionales - Cobre (Londres, cUS$ por libras)",30.Dic.22,380.427920692905
PD04701XD,"Cotizaciones internacionales - Cobre (Londres, cUS$ por libras)",02.Ene.23,380.427924489207
PD04701XD,"Cotizaciones internacionales - Cobre (Londres, cUS$ por libras)",03.Ene.23,380.563998403896
PD04701XD,"Cotizaciones internacionales - Cobre (Londres, cUS$ por libras)",04.Ene.23,372.353980223191
PD04701XD,"Cotizaciones internacionales - Cobre (Londres, cUS$ por libras)",05.Ene.23,381.924779325042
PD04701XD,"Cotizaciones internacionales - Cobre (Londres, cUS$ por libras)",06.Ene.23,379.316619386481
PD04701XD,"Cotizaciones internacionales - Cobre (Londres, cUS$ por libras)",09.Ene.23,395.623265086863
PD04701XD,"Cotizaciones internacionales - Cobre (Londres, cUS$ por libras)",10.Ene.23,397.641751133224
PD04701XD,"Cotizaciones internacionales - Cobre (Londres, cUS$ por libras)",11.Ene.23,407.643462891038
PD04701XD,"Cotizaciones internacionales - Cobre (Londres, cUS$ por libras)",12.Ene.23,411.476318417275
PD04701XD,"Cotizaciones internacionales - Cobre (Londres, cUS$ por libras)",13.Ene.23,413.086571330665
PD04701XD,"Cotizaciones internacionales - Cobre (Londres, cUS$ por libras)",16.Ene.23,414.832901955045
PD04701XD,"Cotizaciones internacionales - Cobre (Londres, cUS$ por libras)",17.Ene.23,413.404085989643
PD04701XD,"Cotizaciones internacionales - Cobre (Londres, cUS$ por libras)",18.Ene.23,428.009760302641
PD04701XD,"Cotizaciones internacionales - Cobre (Londres, cUS$ por libras)",19.Ene.23,416.851388001406
PD04701XD,"Cotizaciones internacionales - Cobre (Londres, cUS$ por libras)",20.Ene.23,418.756475955276
PD04701XD,"Cotizaciones internacionales - Cobre (Londres, cUS$ por libras)",23.Ene.23,423.677953169438
PD04701XD,"Cotizaciones internacionales - Cobre (Londres, cUS$ por libras)",24.Ene.23,422.203777967039
PD04701XD,"Cotizaciones internacionales - Cobre (Londres, cUS$ por libras)",25.Ene.23,419.935816117195
PD04701XD,"Cotizaciones internacionales - Cobre (Londres, cUS$ por libras)",26.Ene.23,421.3192728456
PD04701XD,"Cotizaciones internacionales - Cobre (Londres, cUS$ por libras)",27.Ene.23,423.904749354423
PD04701XD,"Cotizaciones internacionales - Cobre (Londres, cUS$ por libras)",30.Ene.23,418.529679770291
PD04701XD,"Cotizaciones internacionales - Cobre (Londres, cUS$ por libras)",31.Ene.23,411.635075746764
PD04701XD,"Cotizaciones internacionales - Cobre (Londres, cUS$ por libras)",01.Feb.23,416.170999446453
PD04701XD,"Cotizaciones internacionales - Cobre (Londres, cUS$ por libras)",02.Feb.23,413.404085989643
PD04701XD,"Cotizaciones internacionales - Cobre (Londres, cUS$ por libras)",03.Feb.23,410.954687191811
PD04701XD,"Cotizaciones internacionales - Cobre (Londres, cUS$ por libras)",06.Feb.23,403.311655757835
PD04701XD,"Cotizaciones internacionales - Cobre (Londres, cUS$ por libras)",07.Feb.23,402.109635977418
PD04701XD,"Cotizaciones internacionales - Cobre (Londres, cUS$ por libras)",08.Feb.23,408.505288393979
PD04701XD,"Cotizaciones internacionales - Cobre (Londres, cUS$ por libras)",09.Feb.23,406.123928451642
PD04701XD,"Cotizaciones internacionales - Cobre (Londres, cUS$ por libras)",10.Feb.23,403.924005457293
PD04701XD,"Cotizaciones internacionales - Cobre (Londres, cUS$ por libras)",13.Feb.23,404.241520116271
PD04701XD,"Cotizaciones internacionales - Cobre (Londres, cUS$ por libras)",14.Feb.23,405.126025237711
PD04701XD,"Cotizaciones internacionales - Cobre (Londres, cUS$ por libras)",15.Feb.23,400.340625734539
PD04701XD,"Cotizaciones internacionales - Cobre (Londres, cUS$ por libras)",16.Feb.23,403.334335376334
PD04701XD,"Cotizaciones internacionales - Cobre (Londres, cUS$ por libras)",17.Feb.23,402.381791399399
PD04701XD,"Cotizaciones internacionales - Cobre (Londres, cUS$ por libras)",20.Feb.23,408.913521526951
PD04701XD,"Cotizaciones internacionales - Cobre (Londres, cUS$ por libras)",21.Feb.23,412.927814001176
PD04701XD,"Cotizaciones internacionales - Cobre (Londres, cUS$ por libras)",22.Feb.23,413.721600648621
PD04701XD,"Cotizaciones internacionales - Cobre (Londres, cUS$ por libras)",23.Feb.23,410.954687191811
PD04701XD,"Cotizaciones internacionales - Cobre (Londres, cUS$ por libras)",24.Feb.23,399.478800231598
PD04701XD,"Cotizaciones internacionales - Cobre (Londres, cUS$ por libras)",27.Feb.23,396.938682959772
PD04701XD,"Cotizaciones internacionales - Cobre (Londres, cUS$ por libras)",28.Feb.23,401.157092000483
PD04701XD,"Cotizaciones internacionales - Cobre (Londres, cUS$ por libras)",01.Mar.23,411.249522232291
PD04701XD,"Cotizaciones internacionales - Cobre (Londres, cUS$ por libras)",02.Mar.23,403.515772324321
PD04701XD,"Cotizaciones internacionales - Cobre (Londres, cUS$ por libras)",03.Mar.23,405.738374937169
PD04701XD,"Cotizaciones internacionales - Cobre (Londres, cUS$ por libras)",06.Mar.23,400.023111075561
PD04701XD,"Cotizaciones internacionales - Cobre (Londres, cUS$ por libras)",07.Mar.23,400.249907260545
PD04701XD,"Cotizaciones internacionales - Cobre (Londres, cUS$ por libras)",08.Mar.23,399.614877942589
PD04701XD,"Cotizaciones internacionales - Cobre (Londres, cUS$ por libras)",09.Mar.23,399.524159468595
PD04701XD,"Cotizaciones internacionales - Cobre (Londres, cUS$ por libras)",10.Mar.23,397.12011990776
PD04701XD,"Cotizaciones internacionales - Cobre (Londres, cUS$ por libras)",13.Mar.23,392.402759260083
PD04701XD,"Cotizaciones internacionales - Cobre (Londres, cUS$ por libras)",14.Mar.23,403.924005457293
PD04701XD,"Cotizaciones internacionales - Cobre (Londres, cUS$ por libras)",15.Mar.23,386.687495398475
PD04701XD,"Cotizaciones internacionales - Cobre (Londres, cUS$ por libras)",16.Mar.23,387.141087768444
PD04701XD,"Cotizaciones internacionales - Cobre (Londres, cUS$ por libras)",17.Mar.23,391.041982150177
PD04701XD,"Cotizaciones internacionales - Cobre (Londres, cUS$ por libras)",20.Mar.23,393.582099422003
PD04701XD,"Cotizaciones internacionales - Cobre (Londres, cUS$ por libras)",21.Mar.23,400.249907260545
PD04701XD,"Cotizaciones internacionales - Cobre (Londres, cUS$ por libras)",22.Mar.23,402.812704150869
PD04701XD,"Cotizaciones internacionales - Cobre (Londres, cUS$ por libras)",23.Mar.23,404.468316301256
PD04701XD,"Cotizaciones internacionales - Cobre (Londres, cUS$ por libras)",24.Mar.23,404.921908671225
PD04701XD,"Cotizaciones internacionales - Cobre (Londres, cUS$ por libras)",27.Mar.23,402.608587584383
PD04701XD,"Cotizaciones internacionales - Cobre (Londres, cUS$ por libras)",28.Mar.23,405.239423330203
PD04701XD,"Cotizaciones internacionales - Cobre (Londres, cUS$ por libras)",29.Mar.23,410.591813295836
PD04701XD,"Cotizaciones internacionales - Cobre (Londres, cUS$ por libras)",30.Mar.23,409.979463596378
PD04701XD,"Cotizaciones internacionales - Cobre (Londres, cUS$ por libras)",31.Mar.23,405.2847825672
PD04701XD,"Cotizaciones internacionales - Cobre (Londres, cUS$ por libras)",03.Abr.23,406.690918914103
PD04701XD,"Cotizaciones internacionales - Cobre (Londres, cUS$ por libras)",04.Abr.23,405.057986382215
PD04701XD,"Cotizaciones internacionales - Cobre (Londres, cUS$ por libras)",05.Abr.23,398.254100832682
PD04701XD,"Cotizaciones internacionales - Cobre (Londres, cUS$ por libras)",06.Abr.23,400.794222104046
PD04701XD,"Cotizaciones internacionales - Cobre (Londres, cUS$ por libras)",07.Abr.23,400.794222104046
PD04701XD,"Cotizaciones internacionales - Cobre (Londres, cUS$ por libras)",10.Abr.23,400.794218104508
PD04701XD,"Cotizaciones internacionales - Cobre (Londres, cUS$ por libras)",11.Abr.23,400.862256960003
PD04701XD,"Cotizaciones internacionales - Cobre (Londres, cUS$ por libras)",12.Abr.23,399.297363283611
PD04701XD,"Cotizaciones internacionales - Cobre (Londres, cUS$ por libras)",13.Abr.23,408.301171827493
PD04701XD,"Cotizaciones internacionales - Cobre (Londres, cUS$ por libras)",14.Abr.23,411.952590405742
PD04701XD,"Cotizaciones internacionales - Cobre (Londres, cUS$ por libras)",17.Abr.23,407.552744417044
PD04701XD,"Cotizaciones internacionales - Cobre (Londres, cUS$ por libras)",18.Abr.23,406.690918914103
PD04701XD,"Cotizaciones internacionales - Cobre (Londres, cUS$ por libras)",19.Abr.23,402.563228347386
PD04701XD,"Cotizaciones internacionales - Cobre (Londres, cUS$ por libras)",20.Abr.23,402.563232364578
PD04701XD,"Cotizaciones internacionales - Cobre (Londres, cUS$ por libras)",21.Abr.23,399.88703336457
PD04701XD,"Cotizaciones internacionales - Cobre (Londres, cUS$ por libras)",24.Abr.23,397.460314185237
PD04701XD,"Cotizaciones internacionales - Cobre (Londres, cUS$ por libras)",25.Abr.23,386.506058450488
PD04701XD,"Cotizaciones internacionales - Cobre (Londres, cUS$ por libras)",26.Abr.23,389.136894196307
PD04701XD,"Cotizaciones internacionales - Cobre (Londres, cUS$ por libras)",27.Abr.23,383.988620797161
PD04701XD,"Cotizaciones internacionales - Cobre (Londres, cUS$ por libras)",28.Abr.23,388.774020300332
PD04701XD,"Cotizaciones internacionales - Cobre (Londres, cUS$ por libras)",01.May.23,388.774024179921
PD04701XD,"Cotizaciones internacionales - Cobre (Londres, cUS$ por libras)",02.May.23,388.86474265482
PD04701XD,"Cotizaciones internacionales - Cobre (Londres, cUS$ por libras)",03.May.23,384.918485155597
PD04701XD,"Cotizaciones internacionales - Cobre (Londres, cUS$ por libras)",04.May.23,387.322524716432
PD04701XD,"Cotizaciones internacionales - Cobre (Londres, cUS$ por libras)",05.May.23,385.009203629591
PD04701XD,"Cotizaciones internacionales - Cobre (Londres, cUS$ por libras)",08.May.23,385.009203629591
PD04701XD,"Cotizaciones internacionales - Cobre (Londres, cUS$ por libras)",09.May.23,389.318331144295
PD04701XD,"Cotizaciones internacionales - Cobre (Londres, cUS$ por libras)",10.May.23,384.14737812665
PD04701XD,"Cotizaciones internacionales - Cobre (Londres, cUS$ por libras)",11.May.23,374.984812253278
PD04701XD,"Cotizaciones internacionales - Cobre (Londres, cUS$ por libras)",12.May.23,373.760112854362
PD04701XD,"Cotizaciones internacionales - Cobre (Londres, cUS$ por libras)",15.May.23,375.891996993216
PD04701XD,"Cotizaciones internacionales - Cobre (Londres, cUS$ por libras)",16.May.23,366.321197986873
PD04701XD,"Cotizaciones internacionales - Cobre (Londres, cUS$ por libras)",17.May.23,370.857125387357
PD04701XD,"Cotizaciones internacionales - Cobre (Londres, cUS$ por libras)",18.May.23,370.653005120075
PD04701XD,"Cotizaciones internacionales - Cobre (Londres, cUS$ por libras)",19.May.23,372.943650310035
PD04701XD,"Cotizaciones internacionales - Cobre (Londres, cUS$ por libras)",22.May.23,367.137664252816
PD04701XD,"Cotizaciones internacionales - Cobre (Londres, cUS$ por libras)",23.May.23,361.10488573223
PD04701XD,"Cotizaciones internacionales - Cobre (Londres, cUS$ por libras)",24.May.23,358.791564645389
PD04701XD,"Cotizaciones internacionales - Cobre (Londres, cUS$ por libras)",25.May.23,359.335879075176
PD04701XD,"Cotizaciones internacionales - Cobre (Londres, cUS$ por libras)",26.May.23,366.593357067101
PD04701XD,"Cotizaciones internacionales - Cobre (Londres, cUS$ por libras)",29.May.23,366.593353408854
PD04701XD,"Cotizaciones internacionales - Cobre (Londres, cUS$ por libras)",30.May.23,368.407722888729
PD04701XD,"Cotizaciones internacionales - Cobre (Londres, cUS$ por libras)",31.May.23,363.645006632881
PD04701XD,"Cotizaciones internacionales - Cobre (Londres, cUS$ por libras)",01.Jun.23,372.422019079365
PD04701XD,"Cotizaciones internacionales - Cobre (Londres, cUS$ por libras)",02.Jun.23,378.159962616731
PD04701XD,"Cotizaciones internacionales - Cobre (Londres, cUS$ por libras)",05.Jun.23,374.894093779284
PD04701XD,"Cotizaciones internacionales - Cobre (Londres, cUS$ por libras)",06.Jun.23,376.980622443043
PD04701XD,"Cotizaciones internacionales - Cobre (Londres, cUS$ por libras)",07.Jun.23,378.840347398014
PD04701XD,"Cotizaciones internacionales - Cobre (Londres, cUS$ por libras)",08.Jun.23,373.896194296475
PD04701XD,"Cotizaciones internacionales - Cobre (Londres, cUS$ por libras)",09.Jun.23,379.566095189964
PD04701XD,"Cotizaciones internacionales - Cobre (Londres, cUS$ por libras)",12.Jun.23,375.892000744254
PD04701XD,"Cotizaciones internacionales - Cobre (Londres, cUS$ por libras)",13.Jun.23,381.992814369297
PD04701XD,"Cotizaciones internacionales - Cobre (Londres, cUS$ por libras)",14.Jun.23,383.603071110674
PD04701XD,"Cotizaciones internacionales - Cobre (Londres, cUS$ por libras)",15.Jun.23,384.600974334564
PD04701XD,"Cotizaciones internacionales - Cobre (Londres, cUS$ por libras)",16.Jun.23,388.320431805426
PD04701XD,"Cotizaciones internacionales - Cobre (Londres, cUS$ por libras)",19.Jun.23,387.458606293884
PD04701XD,"Cotizaciones internacionales - Cobre (Londres, cUS$ por libras)",20.Jun.23,388.501868755224
PD04701XD,"Cotizaciones internacionales - Cobre (Londres, cUS$ por libras)",21.Jun.23,385.099925946509
PD04701XD,"Cotizaciones internacionales - Cobre (Londres, cUS$ por libras)",22.Jun.23,393.287268306149
PD04701XD,"Cotizaciones internacionales - Cobre (Londres, cUS$ por libras)",23.Jun.23,385.099925946509
PD04701XD,"Cotizaciones internacionales - Cobre (Londres, cUS$ por libras)",26.Jun.23,382.695886361684
PD04701XD,"Cotizaciones internacionales - Cobre (Londres, cUS$ por libras)",27.Jun.23,379.520739740217
PD04701XD,"Cotizaciones internacionales - Cobre (Londres, cUS$ por libras)",28.Jun.23,375.030175232713
PD04701XD,"Cotizaciones internacionales - Cobre (Londres, cUS$ por libras)",29.Jun.23,370.380853394136
PD04701XD,"Cotizaciones internacionales - Cobre (Londres, cUS$ por libras)",30.Jun.23,372.399339460641
PD04701XD,"Cotizaciones internacionales - Cobre (Londres, cUS$ por libras)",03.Jul.23,378.976428890822
PD04701XD,"Cotizaciones internacionales - Cobre (Londres, cUS$ por libras)",04.Jul.23,378.704273466125
PD04701XD,"Cotizaciones internacionales - Cobre (Londres, cUS$ por libras)",05.Jul.23,374.259068196071
PD04701XD,"Cotizaciones internacionales - Cobre (Londres, cUS$ por libras)",06.Jul.23,375.574486082108
PD04701XD,"Cotizaciones internacionales - Cobre (Londres, cUS$ por libras)",07.Jul.23,376.436311593649
PD04701XD,"Cotizaciones internacionales - Cobre (Londres, cUS$ por libras)",10.Jul.23,375.846641506805
PD04701XD,"Cotizaciones internacionales - Cobre (Londres, cUS$ por libras)",11.Jul.23,379.702176690015
PD04701XD,"Cotizaciones internacionales - Cobre (Londres, cUS$ por libras)",12.Jul.23,379.520739740217
PD04701XD,"Cotizaciones internacionales - Cobre (Londres, cUS$ por libras)",13.Jul.23,389.409053504214
PD04701XD,"Cotizaciones internacionales - Cobre (Londres, cUS$ por libras)",14.Jul.23,392.402763175883
PD04701XD,"Cotizaciones internacionales - Cobre (Londres, cUS$ por libras)",17.Jul.23,383.761828441748
PD04701XD,"Cotizaciones internacionales - Cobre (Londres, cUS$ por libras)",18.Jul.23,381.471186950547
PD04701XD,"Cotizaciones internacionales - Cobre (Londres, cUS$ por libras)",19.Jul.23,378.931069653373
PD04701XD,"Cotizaciones internacionales - Cobre (Londres, cUS$ por libras)",20.Jul.23,387.503965531334
PD04701XD,"Cotizaciones internacionales - Cobre (Londres, cUS$ por libras)",21.Jul.23,382.015497799941
PD04701XD,"Cotizaciones internacionales - Cobre (Londres, cUS$ por libras)",24.Jul.23,382.378371699537
PD04701XD,"Cotizaciones internacionales - Cobre (Londres, cUS$ por libras)",25.Jul.23,389.953364353609
PD04701XD,"Cotizaciones internacionales - Cobre (Londres, cUS$ por libras)",26.Jul.23,387.095732394288
PD04701XD,"Cotizaciones internacionales - Cobre (Londres, cUS$ por libras)",27.Jul.23,389.114218460792
PD04701XD,"Cotizaciones internacionales - Cobre (Londres, cUS$ por libras)",28.Jul.23,389.726568166361
PD04701XD,"Cotizaciones internacionales - Cobre (Londres, cUS$ por libras)",31.Jul.23,391.699694995416
PD04701XD,"Cotizaciones internacionales - Cobre (Londres, cUS$ por libras)",01.Ago.23,395.555230178626
PD04701XD,"Cotizaciones internacionales - Cobre (Londres, cUS$ por libras)",02.Ago.23,387.594684006233
PD04701XD,"Cotizaciones internacionales - Cobre (Londres, cUS$ por libras)",03.Ago.23,384.283459672417
PD04701XD,"Cotizaciones internacionales - Cobre (Londres, cUS$ por libras)",04.Ago.23,383.308236067252
PD04701XD,"Cotizaciones internacionales - Cobre (Londres, cUS$ por libras)",07.Ago.23,385.326722133757
PD04701XD,"Cotizaciones internacionales - Cobre (Londres, cUS$ por libras)",08.Ago.23,375.393049132309
PD04701XD,"Cotizaciones internacionales - Cobre (Londres, cUS$ por libras)",09.Ago.23,380.790798388804
PD04701XD,"Cotizaciones internacionales - Cobre (Londres, cUS$ por libras)",10.Ago.23,382.083536656115
PD04701XD,"Cotizaciones internacionales - Cobre (Londres, cUS$ por libras)",11.Ago.23,373.850835059025
PD04701XD,"Cotizaciones internacionales - Cobre (Londres, cUS$ por libras)",14.Ago.23,373.850835059025
PD04701XD,"Cotizaciones internacionales - Cobre (Londres, cUS$ por libras)",15.Ago.23,368.611843133605
PD04701XD,"Cotizaciones internacionales - Cobre (Londres, cUS$ por libras)",16.Ago.23,368.861318939577
PD04701XD,"Cotizaciones internacionales - Cobre (Londres, cUS$ por libras)",17.Ago.23,372.626135647888
PD04701XD,"Cotizaciones internacionales - Cobre (Londres, cUS$ por libras)",18.Ago.23,370.857125387357
PD04701XD,"Cotizaciones internacionales - Cobre (Londres, cUS$ por libras)",21.Ago.23,373.737436965402
PD04701XD,"Cotizaciones internacionales - Cobre (Londres, cUS$ por libras)",22.Ago.23,378.386758803979
PD04701XD,"Cotizaciones internacionales - Cobre (Londres, cUS$ por libras)",23.Ago.23,379.997011733437
PD04701XD,"Cotizaciones internacionales - Cobre (Londres, cUS$ por libras)",24.Ago.23,379.135186221896
PD04701XD,"Cotizaciones internacionales - Cobre (Londres, cUS$ por libras)",25.Ago.23,380.178448683235
PD04701XD,"Cotizaciones internacionales - Cobre (Londres, cUS$ por libras)",28.Ago.23,380.178448683235
PD04701XD,"Cotizaciones internacionales - Cobre (Londres, cUS$ por libras)",29.Ago.23,379.883613639813
PD04701XD,"Cotizaciones internacionales - Cobre (Londres, cUS$ por libras)",30.Ago.23,380.768118770079
PD04701XD,"Cotizaciones internacionales - Cobre (Londres, cUS$ por libras)",31.Ago.23,379.180545459345
PD04701XD,"Cotizaciones internacionales - Cobre (Londres, cUS$ por libras)",01.Set.23,386.233906882747
PD04701XD,"Cotizaciones internacionales - Cobre (Londres, cUS$ por libras)",04.Set.23,381.289750000748
PD04701XD,"Cotizaciones internacionales - Cobre (Londres, cUS$ por libras)",05.Set.23,382.378371699537
PD04701XD,"Cotizaciones internacionales - Cobre (Londres, cUS$ por libras)",06.Set.23,380.790798388804
PD04701XD,"Cotizaciones internacionales - Cobre (Londres, cUS$ por libras)",07.Set.23,373.87351467775
PD04701XD,"Cotizaciones internacionales - Cobre (Londres, cUS$ por libras)",08.Set.23,373.079728022384
PD04701XD,"Cotizaciones internacionales - Cobre (Londres, cUS$ por libras)",11.Set.23,377.955846048208
PD04701XD,"Cotizaciones internacionales - Cobre (Londres, cUS$ por libras)",12.Set.23,378.182642235456
PD04701XD,"Cotizaciones internacionales - Cobre (Londres, cUS$ por libras)",13.Set.23,378.885710415923
PD04701XD,"Cotizaciones internacionales - Cobre (Londres, cUS$ por libras)",14.Set.23,382.06085703739
PD04701XD,"Cotizaciones internacionales - Cobre (Londres, cUS$ por libras)",15.Set.23,379.951652495987
PD04701XD,"Cotizaciones internacionales - Cobre (Londres, cUS$ por libras)",18.Set.23,377.388855580089
PD04701XD,"Cotizaciones internacionales - Cobre (Londres, cUS$ por libras)",19.Set.23,373.465281540704
PD04701XD,"Cotizaciones internacionales - Cobre (Londres, cUS$ por libras)",20.Set.23,375.438408369759
PD04701XD,"Cotizaciones internacionales - Cobre (Londres, cUS$ por libras)",21.Set.23,367.455182578642
PD04701XD,"Cotizaciones internacionales - Cobre (Londres, cUS$ por libras)",22.Set.23,371.401436236751
PD04701XD,"Cotizaciones internacionales - Cobre (Londres, cUS$ por libras)",25.Set.23,367.727338003339
PD04701XD,"Cotizaciones internacionales - Cobre (Londres, cUS$ por libras)",26.Set.23,365.867609267908
PD04701XD,"Cotizaciones internacionales - Cobre (Londres, cUS$ por libras)",27.Set.23,363.645006632881
PD04701XD,"Cotizaciones internacionales - Cobre (Londres, cUS$ por libras)",28.Set.23,367.954134190587
PD04701XD,"Cotizaciones internacionales - Cobre (Londres, cUS$ por libras)",29.Set.23,373.329203828356
PD04701XD,"Cotizaciones internacionales - Cobre (Londres, cUS$ por libras)",02.Oct.23,367.432502959917
PD04701XD,"Cotizaciones internacionales - Cobre (Londres, cUS$ por libras)",03.Oct.23,361.059530098258
PD04701XD,"Cotizaciones internacionales - Cobre (Londres, cUS$ por libras)",04.Oct.23,358.814244263887
PD04701XD,"Cotizaciones internacionales - Cobre (Londres, cUS$ por libras)",05.Oct.23,354.369042574452
PD04701XD,"Cotizaciones internacionales - Cobre (Londres, cUS$ por libras)",06.Oct.23,357.748305764442
PD04701XD,"Cotizaciones internacionales - Cobre (Londres, cUS$ por libras)",09.Oct.23,363.576967776707
PD04701XD,"Cotizaciones internacionales - Cobre (Londres, cUS$ por libras)",10.Oct.23,358.678170132158
PD04701XD,"Cotizaciones internacionales - Cobre (Londres, cUS$ por libras)",11.Oct.23,360.311102680341
PD04701XD,"Cotizaciones internacionales - Cobre (Londres, cUS$ por libras)",12.Oct.23,362.647103408992
PD04701XD,"Cotizaciones internacionales - Cobre (Londres, cUS$ por libras)",13.Oct.23,357.92974271424
PD04701XD,"Cotizaciones internacionales - Cobre (Londres, cUS$ por libras)",16.Oct.23,359.245160600277
PD04701XD,"Cotizaciones internacionales - Cobre (Londres, cUS$ por libras)",17.Oct.23,355.911256647736
PD04701XD,"Cotizaciones internacionales - Cobre (Londres, cUS$ por libras)",18.Oct.23,360.492536032772
PD04701XD,"Cotizaciones internacionales - Cobre (Londres, cUS$ por libras)",19.Oct.23,360.061623281302
PD04701XD,"Cotizaciones internacionales - Cobre (Londres, cUS$ por libras)",20.Oct.23,357.249350587495
PD04701XD,"Cotizaciones internacionales - Cobre (Londres, cUS$ por libras)",23.Oct.23,354.913349882155
PD04701XD,"Cotizaciones internacionales - Cobre (Londres, cUS$ por libras)",24.Oct.23,358.360651893919
PD04701XD,"Cotizaciones internacionales - Cobre (Londres, cUS$ por libras)",25.Oct.23,360.424497177277
PD04701XD,"Cotizaciones internacionales - Cobre (Londres, cUS$ por libras)",26.Oct.23,360.106982518299
PD04701XD,"Cotizaciones internacionales - Cobre (Londres, cUS$ por libras)",27.Oct.23,361.218283824723
PD04701XD,"Cotizaciones internacionales - Cobre (Londres, cUS$ por libras)",30.Oct.23,367.863412044767
PD04701XD,"Cotizaciones internacionales - Cobre (Londres, cUS$ por libras)",31.Oct.23,364.597546980991
PD04701XD,"Cotizaciones internacionales - Cobre (Londres, cUS$ por libras)",01.Nov.23,367.863415715688
PD04701XD,"Cotizaciones internacionales - Cobre (Londres, cUS$ por libras)",02.Nov.23,365.867605616904
PD04701XD,"Cotizaciones internacionales - Cobre (Londres, cUS$ por libras)",03.Nov.23,366.07172218339
PD04701XD,"Cotizaciones internacionales - Cobre (Londres, cUS$ por libras)",06.Nov.23,369.065431825184
PD04701XD,"Cotizaciones internacionales - Cobre (Londres, cUS$ por libras)",07.Nov.23,365.958324090897
PD04701XD,"Cotizaciones internacionales - Cobre (Londres, cUS$ por libras)",08.Nov.23,366.865508830835
PD04701XD,"Cotizaciones internacionales - Cobre (Londres, cUS$ por libras)",09.Nov.23,364.257352703514
PD04701XD,"Cotizaciones internacionales - Cobre (Londres, cUS$ por libras)",10.Nov.23,363.146055020936
PD04701XD,"Cotizaciones internacionales - Cobre (Londres, cUS$ por libras)",13.Nov.23,363.531604911564
PD04701XD,"Cotizaciones internacionales - Cobre (Londres, cUS$ por libras)",14.Nov.23,366.547994171857
PD04701XD,"Cotizaciones internacionales - Cobre (Londres, cUS$ por libras)",15.Nov.23,370.539607027583
PD04701XD,"Cotizaciones internacionales - Cobre (Londres, cUS$ por libras)",16.Nov.23,370.380853394136
PD04701XD,"Cotizaciones internacionales - Cobre (Londres, cUS$ por libras)",17.Nov.23,369.26954839167
PD04701XD,"Cotizaciones internacionales - Cobre (Londres, cUS$ por libras)",20.Nov.23,374.077631246273
PD04701XD,"Cotizaciones internacionales - Cobre (Londres, cUS$ por libras)",21.Nov.23,377.570288762101
PD04701XD,"Cotizaciones internacionales - Cobre (Londres, cUS$ por libras)",22.Nov.23,376.300230126188
PD04701XD,"Cotizaciones internacionales - Cobre (Londres, cUS$ por libras)",23.Nov.23,376.821861351652
PD04701XD,"Cotizaciones internacionales - Cobre (Londres, cUS$ por libras)",24.Nov.23,376.481667074176
PD04701XD,"Cotizaciones internacionales - Cobre (Londres, cUS$ por libras)",27.Nov.23,375.619841571235
PD04701XD,"Cotizaciones internacionales - Cobre (Londres, cUS$ por libras)",28.Nov.23,375.483763860244
PD04701XD,"Cotizaciones internacionales - Cobre (Londres, cUS$ por libras)",29.Nov.23,380.291842981914
PD04701XD,"Cotizaciones internacionales - Cobre (Londres, cUS$ por libras)",30.Nov.23,377.933166429483
PD04701XD,"Cotizaciones internacionales - Cobre (Londres, cUS$ por libras)",01.Dic.23,383.557711873225
PD04701XD,"Cotizaciones internacionales - Cobre (Londres, cUS$ por libras)",04.Dic.23,381.788701612693
PD04701XD,"Cotizaciones internacionales - Cobre (Londres, cUS$ por libras)",05.Dic.23,374.621942095668
PD04701XD,"Cotizaciones internacionales - Cobre (Londres, cUS$ por libras)",06.Dic.23,376.34559311875
PD04701XD,"Cotizaciones internacionales - Cobre (Londres, cUS$ por libras)",07.Dic.23,372.898291072585
PD04701XD,"Cotizaciones internacionales - Cobre (Londres, cUS$ por libras)",08.Dic.23,378.658914228676
PD04701XD,"Cotizaciones internacionales - Cobre (Londres, cUS$ por libras)",11.Dic.23,375.370369513585
PD04701XD,"Cotizaciones internacionales - Cobre (Londres, cUS$ por libras)",12.Dic.23,375.211612182511
PD04701XD,"Cotizaciones internacionales - Cobre (Londres, cUS$ por libras)",13.Dic.23,372.172543273393
PD04701XD,"Cotizaciones internacionales - Cobre (Londres, cUS$ por libras)",14.Dic.23,383.807187679197
PD04701XD,"Cotizaciones internacionales - Cobre (Londres, cUS$ por libras)",15.Dic.23,384.238100434968
PD04701XD,"Cotizaciones internacionales - Cobre (Londres, cUS$ por libras)",18.Dic.23,382.06085703739
PD04701XD,"Cotizaciones internacionales - Cobre (Londres, cUS$ por libras)",19.Dic.23,382.786604836583
PD04701XD,"Cotizaciones internacionales - Cobre (Londres, cUS$ por libras)",20.Dic.23,384.033983866445
PD04701XD,"Cotizaciones internacionales - Cobre (Londres, cUS$ por libras)",21.Dic.23,383.739148823023
PD04701XD,"Cotizaciones internacionales - Cobre (Londres, cUS$ por libras)",22.Dic.23,385.508159083555
PD04701XD,"Cotizaciones internacionales - Cobre (Londres, cUS$ por libras)",25.Dic.23,385.508159083555
PD04701XD,"Cotizaciones internacionales - Cobre (Londres, cUS$ por libras)",26.Dic.23,385.508159083555
PD04701XD,"Cotizaciones internacionales - Cobre (Londres, cUS$ por libras)",27.Dic.23,386.075149551674
PD04701XD,"Cotizaciones internacionales - Cobre (Londres, cUS$ por libras)",28.Dic.23,386.91429544449
PD04701XD,"Cotizaciones internacionales - Cobre (Londres, cUS$ por libras)",29.Dic.23,384.464896622216
PD04701XD,"Cotizaciones internacionales - Cobre (Londres, cUS$ por libras)",01.Ene.24,384.464896622216
PD04701XD,"Cotizaciones internacionales - Cobre (Londres, cUS$ por libras)",02.Ene.24,382.378371699537
PD04701XD,"Cotizaciones internacionales - Cobre (Londres, cUS$ por libras)",03.Ene.24,380.15576906451
PD04701XD,"Cotizaciones internacionales - Cobre (Londres, cUS$ por libras)",04.Ene.24,379.883613639813
PD04701XD,"Cotizaciones internacionales - Cobre (Londres, cUS$ por libras)",05.Ene.24,378.590875372501
PD04701XD,"Cotizaciones internacionales - Cobre (Londres, cUS$ por libras)",08.Ene.24,376.254874643851
PD04701XD,"Cotizaciones internacionales - Cobre (Londres, cUS$ por libras)",09.Ene.24,376.549709687273
PD04701XD,"Cotizaciones internacionales - Cobre (Londres, cUS$ por libras)",10.Ene.24,375.801282269355
PD04701XD,"Cotizaciones internacionales - Cobre (Londres, cUS$ por libras)",11.Ene.24,377.933166429483
PD04701XD,"Cotizaciones internacionales - Cobre (Londres, cUS$ por libras)",12.Ene.24,375.982719219153
PD04701XD,"Cotizaciones internacionales - Cobre (Londres, cUS$ por libras)",15.Ene.24,373.692077727952
PD04701XD,"Cotizaciones internacionales - Cobre (Londres, cUS$ por libras)",16.Ene.24,375.574486082108
PD04701XD,"Cotizaciones internacionales - Cobre (Londres, cUS$ por libras)",17.Ene.24,373.306524209631
PD04701XD,"Cotizaciones internacionales - Cobre (Londres, cUS$ por libras)",18.Ene.24,371.4467954742
PD04701XD,"Cotizaciones internacionales - Cobre (Londres, cUS$ por libras)",19.Ene.24,375.34768989486
PD04701XD,"Cotizaciones internacionales - Cobre (Londres, cUS$ por libras)",22.Ene.24,374.417825527145
PD04701XD,"Cotizaciones internacionales - Cobre (Londres, cUS$ por libras)",23.Ene.24,375.733243413181
PD04701XD,"Cotizaciones internacionales - Cobre (Londres, cUS$ por libras)",24.Ene.24,383.739148823023
PD04701XD,"Cotizaciones internacionales - Cobre (Londres, cUS$ por libras)",25.Ene.24,384.918488996711
PD04701XD,"Cotizaciones internacionales - Cobre (Londres, cUS$ por libras)",26.Ene.24,383.149478736179
PD04701XD,"Cotizaciones internacionales - Cobre (Londres, cUS$ por libras)",29.Ene.24,381.970138562491
PD04701XD,"Cotizaciones internacionales - Cobre (Londres, cUS$ por libras)",30.Ene.24,383.829867297922
PD04701XD,"Cotizaciones internacionales - Cobre (Londres, cUS$ por libras)",31.Ene.24,386.143188407848
PD04701XD,"Cotizaciones internacionales - Cobre (Londres, cUS$ por libras)",01.Feb.24,382.695886361684
PD04701XD,"Cotizaciones internacionales - Cobre (Londres, cUS$ por libras)",02.Feb.24,381.017594576051
PD04701XD,"Cotizaciones internacionales - Cobre (Londres, cUS$ por libras)",05.Feb.24,377.797088717135
PD04701XD,"Cotizaciones internacionales - Cobre (Londres, cUS$ por libras)",06.Feb.24,375.574486082108
PD04701XD,"Cotizaciones internacionales - Cobre (Londres, cUS$ por libras)",07.Feb.24,375.597165700832
PD04701XD,"Cotizaciones internacionales - Cobre (Londres, cUS$ por libras)",08.Feb.24,372.036465561044
PD04701XD,"Cotizaciones internacionales - Cobre (Londres, cUS$ por libras)",09.Feb.24,367.024269822871
PD04701XD,"Cotizaciones internacionales - Cobre (Londres, cUS$ por libras)",12.Feb.24,366.752114398174
PD04701XD,"Cotizaciones internacionales - Cobre (Londres, cUS$ por libras)",13.Feb.24,371.265358524402
PD04701XD,"Cotizaciones internacionales - Cobre (Londres, cUS$ por libras)",14.Feb.24,368.929357795752
PD04701XD,"Cotizaciones internacionales - Cobre (Londres, cUS$ por libras)",15.Feb.24,369.813862926017
PD04701XD,"Cotizaciones internacionales - Cobre (Londres, cUS$ por libras)",16.Feb.24,377.479574054988
PD04701XD,"Cotizaciones internacionales - Cobre (Londres, cUS$ por libras)",19.Feb.24,379.407341646593
PD04701XD,"Cotizaciones internacionales - Cobre (Londres, cUS$ por libras)",20.Feb.24,379.498060121492
PD04701XD,"Cotizaciones internacionales - Cobre (Londres, cUS$ por libras)",21.Feb.24,384.283459672417
PD04701XD,"Cotizaciones internacionales - Cobre (Londres, cUS$ por libras)",22.Feb.24,384.737052046913
PD04701XD,"Cotizaciones internacionales - Cobre (Londres, cUS$ por libras)",23.Feb.24,382.945362167656
PD04701XD,"Cotizaciones internacionales - Cobre (Londres, cUS$ por libras)",26.Feb.24,379.792895164914
PD04701XD,"Cotizaciones internacionales - Cobre (Londres, cUS$ por libras)",27.Feb.24,380.858837244978
PD04701XD,"Cotizaciones internacionales - Cobre (Londres, cUS$ por libras)",28.Feb.24,378.318719947804
PD04701XD,"Cotizaciones internacionales - Cobre (Londres, cUS$ por libras)",29.Feb.24,380.518642964106
PD04701XD,"Cotizaciones internacionales - Cobre (Londres, cUS$ por libras)",01.Mar.24,380.745439151354
PD04701XD,"Cotizaciones internacionales - Cobre (Londres, cUS$ por libras)",04.Mar.24,382.695886361684
PD04701XD,"Cotizaciones internacionales - Cobre (Londres, cUS$ por libras)",05.Mar.24,382.355692080812
PD04701XD,"Cotizaciones internacionales - Cobre (Londres, cUS$ por libras)",06.Mar.24,382.877323311482
PD04701XD,"Cotizaciones internacionales - Cobre (Londres, cUS$ por libras)",07.Mar.24,388.229713330526
PD04701XD,"Cotizaciones internacionales - Cobre (Londres, cUS$ por libras)",08.Mar.24,387.934878287105
PD04701XD,"Cotizaciones internacionales - Cobre (Londres, cUS$ por libras)",11.Mar.24,386.551421544894
PD04701XD,"Cotizaciones internacionales - Cobre (Londres, cUS$ por libras)",12.Mar.24,388.547227992673
PD04701XD,"Cotizaciones internacionales - Cobre (Londres, cUS$ por libras)",13.Mar.24,395.850065222048
PD04701XD,"Cotizaciones internacionales - Cobre (Londres, cUS$ por libras)",14.Mar.24,398.775736037542
PD04701XD,"Cotizaciones internacionales - Cobre (Londres, cUS$ por libras)",15.Mar.24,403.992048344238
PD04701XD,"Cotizaciones internacionales - Cobre (Londres, cUS$ por libras)",18.Mar.24,407.008437634632
PD04701XD,"Cotizaciones internacionales - Cobre (Londres, cUS$ por libras)",19.Mar.24,402.563232364578
PD04701XD,"Cotizaciones internacionales - Cobre (Londres, cUS$ por libras)",20.Mar.24,398.707697181368
PD04701XD,"Cotizaciones internacionales - Cobre (Londres, cUS$ por libras)",21.Mar.24,402.495193508404
PD04701XD,"Cotizaciones internacionales - Cobre (Londres, cUS$ por libras)",22.Mar.24,396.485094546341
PD04701XD,"Cotizaciones internacionales - Cobre (Londres, cUS$ por libras)",25.Mar.24,396.666531496139
PD04701XD,"Cotizaciones internacionales - Cobre (Londres, cUS$ por libras)",26.Mar.24,397.52835700768
PD04701XD,"Cotizaciones internacionales - Cobre (Londres, cUS$ por libras)",27.Mar.24,394.443928861112
PD04701XD,"Cotizaciones internacionales - Cobre (Londres, cUS$ por libras)",28.Mar.24,395.940783696947
PD04701XD,"Cotizaciones internacionales - Cobre (Londres, cUS$ por libras)",29.Mar.24,395.940783696947
PD04701XD,"Cotizaciones internacionales - Cobre (Londres, cUS$ por libras)",01.Abr.24,395.940783696947
PD04701XD,"Cotizaciones internacionales - Cobre (Londres, cUS$ por libras)",02.Abr.24,404.604398049807
PD04701XD,"Cotizaciones internacionales - Cobre (Londres, cUS$ por libras)",03.Abr.24,405.148708899201
PD04701XD,"Cotizaciones internacionales - Cobre (Londres, cUS$ por libras)",04.Abr.24,419.890461070298
PD04701XD,"Cotizaciones internacionales - Cobre (Londres, cUS$ por libras)",05.Abr.24,417.214266060776
PD04701XD,"Cotizaciones internacionales - Cobre (Londres, cUS$ por libras)",08.Abr.24,421.886267518078
PD04701XD,"Cotizaciones internacionales - Cobre (Londres, cUS$ por libras)",09.Abr.24,421.636791712105
PD04701XD,"Cotizaciones internacionales - Cobre (Londres, cUS$ por libras)",10.Abr.24,424.789258714848
PD04701XD,"Cotizaciones internacionales - Cobre (Londres, cUS$ por libras)",11.Abr.24,419.142033652381
PD04701XD,"Cotizaciones internacionales - Cobre (Londres, cUS$ por libras)",12.Abr.24,426.46755050048
PD04701XD,"Cotizaciones internacionales - Cobre (Londres, cUS$ por libras)",15.Abr.24,425.923239651086
PD04701XD,"Cotizaciones internacionales - Cobre (Londres, cUS$ por libras)",16.Abr.24,425.333569564242
PD04701XD,"Cotizaciones internacionales - Cobre (Londres, cUS$ por libras)",17.Abr.24,427.919046098865
PD04701XD,"Cotizaciones internacionales - Cobre (Londres, cUS$ por libras)",18.Abr.24,436.219786552129
PD04701XD,"Cotizaciones internacionales - Cobre (Londres, cUS$ por libras)",19.Abr.24,442.207205895467
PD04701XD,"Cotizaciones internacionales - Cobre (Londres, cUS$ por libras)",22.Abr.24,445.178235948411
PD04701XD,"Cotizaciones internacionales - Cobre (Londres, cUS$ por libras)",23.Abr.24,435.403320278038
PD04701XD,"Cotizaciones internacionales - Cobre (Londres, cUS$ por libras)",24.Abr.24,438.669185374404
PD04701XD,"Cotizaciones internacionales - Cobre (Londres, cUS$ por libras)",25.Abr.24,444.112293868347
PD04701XD,"Cotizaciones internacionales - Cobre (Londres, cUS$ por libras)",26.Abr.24,447.650314389411
PD04701XD,"Cotizaciones internacionales - Cobre (Londres, cUS$ por libras)",29.Abr.24,450.64402406108
PD04701XD,"Cotizaciones internacionales - Cobre (Londres, cUS$ por libras)",30.Abr.24,452.390354702887
PD04701XD,"Cotizaciones internacionales - Cobre (Londres, cUS$ por libras)",01.May.24,444.112293868347
PD04701XD,"Cotizaciones internacionales - Cobre (Londres, cUS$ por libras)",02.May.24,438.170233762459
PD04701XD,"Cotizaciones internacionales - Cobre (Londres, cUS$ por libras)",03.May.24,441.662895046073
PD04701XD,"Cotizaciones internacionales - Cobre (Londres, cUS$ por libras)",06.May.24,441.662895046073
PD04701XD,"Cotizaciones internacionales - Cobre (Londres, cUS$ por libras)",07.May.24,446.652411165521
PD04701XD,"Cotizaciones internacionales - Cobre (Londres, cUS$ por libras)",08.May.24,441.798972758421
PD04701XD,"Cotizaciones internacionales - Cobre (Londres, cUS$ por libras)",09.May.24,441.254661909027
PD04701XD,"Cotizaciones internacionales - Cobre (Londres, cUS$ por libras)",10.May.24,450.961538723226
PD04701XD,"Cotizaciones internacionales - Cobre (Londres, cUS$ por libras)",13.May.24,454.000607632345
PD04701XD,"Cotizaciones internacionales - Cobre (Londres, cUS$ por libras)",14.May.24,457.085035778913
PD04701XD,"Cotizaciones internacionales - Cobre (Londres, cUS$ por libras)",15.May.24,463.616765971645
PD04701XD,"Cotizaciones internacionales - Cobre (Londres, cUS$ por libras)",16.May.24,467.563019629754
PD04701XD,"Cotizaciones internacionales - Cobre (Londres, cUS$ por libras)",17.May.24,471.645351000212
PD04701XD,"Cotizaciones internacionales - Cobre (Londres, cUS$ por libras)",20.May.24,492.465240989546
PD04701XD,"Cotizaciones internacionales - Cobre (Londres, cUS$ por libras)",21.May.24,488.745783518685
PD04701XD,"Cotizaciones internacionales - Cobre (Londres, cUS$ por libras)",22.May.24,473.867953635239
PD04701XD,"Cotizaciones internacionales - Cobre (Londres, cUS$ por libras)",23.May.24,466.769232974388
PD04701XD,"Cotizaciones internacionales - Cobre (Londres, cUS$ por libras)",24.May.24,465.227018901104
PD04701XD,"Cotizaciones internacionales - Cobre (Londres, cUS$ por libras)",27.May.24,465.227018901104
PD04701XD,"Cotizaciones internacionales - Cobre (Londres, cUS$ por libras)",28.May.24,468.606282091093
PD04701XD,"Cotizaciones internacionales - Cobre (Londres, cUS$ por libras)",29.May.24,466.927990305461
PD04701XD,"Cotizaciones internacionales - Cobre (Londres, cUS$ por libras)",30.May.24,454.340801913216
PD04701XD,"Cotizaciones internacionales - Cobre (Londres, cUS$ por libras)",31.May.24,452.911985933556
PD04701XD,"Cotizaciones internacionales - Cobre (Londres, cUS$ por libras)",03.Jun.24,452.934665552281
PD04701XD,"Cotizaciones internacionales - Cobre (Londres, cUS$ por libras)",04.Jun.24,447.174042396191
PD04701XD,"Cotizaciones internacionales - Cobre (Londres, cUS$ por libras)",05.Jun.24,443.114390644458
PD04701XD,"Cotizaciones internacionales - Cobre (Londres, cUS$ por libras)",06.Jun.24,450.417227873832
PD04701XD,"Cotizaciones internacionales - Cobre (Londres, cUS$ por libras)",07.Jun.24,446.334896503374
PD04701XD,"Cotizaciones internacionales - Cobre (Londres, cUS$ por libras)",10.Jun.24,439.735127454468
PD04701XD,"Cotizaciones internacionales - Cobre (Londres, cUS$ por libras)",11.Jun.24,433.951824679653
PD04701XD,"Cotizaciones internacionales - Cobre (Londres, cUS$ por libras)",12.Jun.24,439.871205166816
PD04701XD,"Cotizaciones internacionales - Cobre (Londres, cUS$ por libras)",13.Jun.24,441.481458096275
PD04701XD,"Cotizaciones internacionales - Cobre (Londres, cUS$ por libras)",14.Jun.24,437.716641387964
PD04701XD,"Cotizaciones internacionales - Cobre (Londres, cUS$ por libras)",17.Jun.24,429.869493309195
PD04701XD,"Cotizaciones internacionales - Cobre (Londres, cUS$ por libras)",18.Jun.24,427.556172199269
PD04701XD,"Cotizaciones internacionales - Cobre (Londres, cUS$ por libras)",19.Jun.24,437.807359862863
PD04701XD,"Cotizaciones internacionales - Cobre (Londres, cUS$ por libras)",20.Jun.24,437.625922913065
PD04701XD,"Cotizaciones internacionales - Cobre (Londres, cUS$ por libras)",21.Jun.24,433.770387729855
PD04701XD,"Cotizaciones internacionales - Cobre (Londres, cUS$ por libras)",24.Jun.24,432.27353289402
PD04701XD,"Cotizaciones internacionales - Cobre (Londres, cUS$ por libras)",25.Jun.24,430.549881870938
PD04701XD,"Cotizaciones internacionales - Cobre (Londres, cUS$ por libras)",26.Jun.24,427.284016774572
PD04701XD,"Cotizaciones internacionales - Cobre (Londres, cUS$ por libras)",27.Jun.24,427.397414868196
PD04701XD,"Cotizaciones internacionales - Cobre (Londres, cUS$ por libras)",28.Jun.24,429.84681369047
PD04701XD,"Cotizaciones internacionales - Cobre (Londres, cUS$ por libras)",01.Jul.24,431.683862807176
PD04701XD,"Cotizaciones internacionales - Cobre (Londres, cUS$ por libras)",02.Jul.24,433.021960311937
PD04701XD,"Cotizaciones internacionales - Cobre (Londres, cUS$ por libras)",03.Jul.24,436.491941976826
PD04701XD,"Cotizaciones internacionales - Cobre (Londres, cUS$ por libras)",04.Jul.24,441.186623052853
PD04701XD,"Cotizaciones internacionales - Cobre (Londres, cUS$ por libras)",05.Jul.24,444.928760142439
PD04701XD,"Cotizaciones internacionales - Cobre (Londres, cUS$ por libras)",08.Jul.24,444.883400904989
PD04701XD,"Cotizaciones internacionales - Cobre (Londres, cUS$ por libras)",09.Jul.24,442.796875982311
PD04701XD,"Cotizaciones internacionales - Cobre (Londres, cUS$ por libras)",10.Jul.24,439.803166310642
PD04701XD,"Cotizaciones internacionales - Cobre (Londres, cUS$ por libras)",11.Jul.24,439.689768217018
PD04701XD,"Cotizaciones internacionales - Cobre (Londres, cUS$ por libras)",12.Jul.24,438.759903849303
PD04701XD,"Cotizaciones internacionales - Cobre (Londres, cUS$ por libras)",15.Jul.24,439.054738892725
PD04701XD,"Cotizaciones internacionales - Cobre (Londres, cUS$ por libras)",16.Jul.24,433.883785823478
PD04701XD,"Cotizaciones internacionales - Cobre (Londres, cUS$ por libras)",17.Jul.24,432.409610606369
PD04701XD,"Cotizaciones internacionales - Cobre (Londres, cUS$ por libras)",18.Jul.24,423.745996253508
PD04701XD,"Cotizaciones internacionales - Cobre (Londres, cUS$ por libras)",19.Jul.24,417.940013859969
PD04701XD,"Cotizaciones internacionales - Cobre (Londres, cUS$ por libras)",22.Jul.24,414.016439820584
PD04701XD,"Cotizaciones internacionales - Cobre (Londres, cUS$ por libras)",23.Jul.24,410.61449701187
PD04701XD,"Cotizaciones internacionales - Cobre (Londres, cUS$ por libras)",24.Jul.24,409.072282938585
PD04701XD,"Cotizaciones internacionales - Cobre (Londres, cUS$ por libras)",25.Jul.24,404.468320337458
PD04701XD,"Cotizaciones internacionales - Cobre (Londres, cUS$ por libras)",26.Jul.24,409.072282938585
PD04701XD,"Cotizaciones internacionales - Cobre (Londres, cUS$ por libras)",29.Jul.24,403.969368725513
PD04701XD,"Cotizaciones internacionales - Cobre (Londres, cUS$ por libras)",30.Jul.24,399.569522692909
PD04701XD,"Cotizaciones internacionales - Cobre (Londres, cUS$ por libras)",31.Jul.24,408.890845988787
PD04701XD,"Cotizaciones internacionales - Cobre (Londres, cUS$ por libras)",01.Ago.24,408.14241857087
PD04701XD,"Cotizaciones internacionales - Cobre (Londres, cUS$ por libras)",02.Ago.24,407.18987458443
PD04701XD,"Cotizaciones internacionales - Cobre (Londres, cUS$ por libras)",05.Ago.24,391.019306433673
PD04701XD,"Cotizaciones internacionales - Cobre (Londres, cUS$ por libras)",06.Ago.24,395.305754372653
PD04701XD,"Cotizaciones internacionales - Cobre (Londres, cUS$ por libras)",07.Ago.24,393.944977249167
PD04701XD,"Cotizaciones internacionales - Cobre (Londres, cUS$ por libras)",08.Ago.24,392.312044700984
PD04701XD,"Cotizaciones internacionales - Cobre (Londres, cUS$ por libras)",09.Ago.24,399.388085743111
PD04701XD,"Cotizaciones internacionales - Cobre (Londres, cUS$ por libras)",12.Ago.24,401.474610665789
PD04701XD,"Cotizaciones internacionales - Cobre (Londres, cUS$ por libras)",13.Ago.24,400.612785154248
PD04701XD,"Cotizaciones internacionales - Cobre (Londres, cUS$ por libras)",14.Ago.24,403.969368725513
PD04701XD,"Cotizaciones internacionales - Cobre (Londres, cUS$ por libras)",15.Ago.24,408.641370182815
PD04701XD,"Cotizaciones internacionales - Cobre (Londres, cUS$ por libras)",16.Ago.24,405.420864323898
PD04701XD,"Cotizaciones internacionales - Cobre (Londres, cUS$ por libras)",19.Ago.24,413.47212897119
PD04701XD,"Cotizaciones internacionales - Cobre (Londres, cUS$ por libras)",20.Ago.24,415.127741138098
PD04701XD,"Cotizaciones internacionales - Cobre (Londres, cUS$ por libras)",21.Ago.24,414.492711813804
PD04701XD,"Cotizaciones internacionales - Cobre (Londres, cUS$ por libras)",22.Ago.24,411.00005053019
PD04701XD,"Cotizaciones internacionales - Cobre (Londres, cUS$ por libras)",23.Ago.24,411.499002142135
PD04701XD,"Cotizaciones internacionales - Cobre (Londres, cUS$ por libras)",26.Ago.24,411.499002142135
PD04701XD,"Cotizaciones internacionales - Cobre (Londres, cUS$ por libras)",27.Ago.24,419.459548314528
PD04701XD,"Cotizaciones internacionales - Cobre (Londres, cUS$ por libras)",28.Ago.24,414.379313720181
PD04701XD,"Cotizaciones internacionales - Cobre (Londres, cUS$ por libras)",29.Ago.24,413.494808589915
PD04701XD,"Cotizaciones internacionales - Cobre (Londres, cUS$ por libras)",30.Ago.24,417.985373097418
PD04701XD,"Cotizaciones internacionales - Cobre (Londres, cUS$ por libras)",02.Set.24,409.775351119053
PD04701XD,"Cotizaciones internacionales - Cobre (Londres, cUS$ por libras)",03.Set.24,401.701406853037
PD04701XD,"Cotizaciones internacionales - Cobre (Londres, cUS$ por libras)",04.Set.24,400.544746298074
PD04701XD,"Cotizaciones internacionales - Cobre (Londres, cUS$ por libras)",05.Set.24,404.377601862559
PD04701XD,"Cotizaciones internacionales - Cobre (Londres, cUS$ por libras)",06.Set.24,408.822807132613
PD04701XD,"Cotizaciones internacionales - Cobre (Londres, cUS$ por libras)",09.Set.24,407.756865052549
PD04701XD,"Cotizaciones internacionales - Cobre (Londres, cUS$ por libras)",10.Set.24,405.28478661155
PD04701XD,"Cotizaciones internacionales - Cobre (Londres, cUS$ por libras)",11.Set.24,408.573331326641
PD04701XD,"Cotizaciones internacionales - Cobre (Londres, cUS$ por libras)",12.Set.24,413.47212897119
PD04701XD,"Cotizaciones internacionales - Cobre (Londres, cUS$ por libras)",13.Set.24,411.884555660456
PD04701XD,"Cotizaciones internacionales - Cobre (Londres, cUS$ por libras)",16.Set.24,418.030732334868
PD04701XD,"Cotizaciones internacionales - Cobre (Londres, cUS$ por libras)",17.Set.24,419.210072508555
PD04701XD,"Cotizaciones internacionales - Cobre (Londres, cUS$ por libras)",18.Set.24,421.341956668683
PD04701XD,"Cotizaciones internacionales - Cobre (Londres, cUS$ por libras)",19.Set.24,426.626307831554
PD04701XD,"Cotizaciones internacionales - Cobre (Londres, cUS$ por libras)",20.Set.24,426.150035838334
PD04701XD,"Cotizaciones internacionales - Cobre (Londres, cUS$ por libras)",23.Set.24,423.156326166665
PD04701XD,"Cotizaciones internacionales - Cobre (Londres, cUS$ por libras)",24.Set.24,435.539397990386
PD04701XD,"Cotizaciones internacionales - Cobre (Londres, cUS$ por libras)",25.Set.24,436.287825408303
PD04701XD,"Cotizaciones internacionales - Cobre (Londres, cUS$ por libras)",26.Set.24,446.516333453172
PD04701XD,"Cotizaciones internacionales - Cobre (Londres, cUS$ por libras)",27.Set.24,447.242081252365
PD04701XD,"Cotizaciones internacionales - Cobre (Londres, cUS$ por libras)",30.Set.24,443.023672169559
PD04701XD,"Cotizaciones internacionales - Cobre (Londres, cUS$ por libras)",01.Oct.24,441.844331995871
PD04701XD,"Cotizaciones internacionales - Cobre (Londres, cUS$ por libras)",02.Oct.24,448.262664094979
PD04701XD,"Cotizaciones internacionales - Cobre (Londres, cUS$ por libras)",03.Oct.24,443.8854976811
PD04701XD,"Cotizaciones internacionales - Cobre (Londres, cUS$ por libras)",04.Oct.24,443.794779206201
PD04701XD,"Cotizaciones internacionales - Cobre (Londres, cUS$ por libras)",07.Oct.24,445.26895442331
PD04701XD,"Cotizaciones internacionales - Cobre (Londres, cUS$ por libras)",08.Oct.24,436.310505027028
PD04701XD,"Cotizaciones internacionales - Cobre (Londres, cUS$ por libras)",09.Oct.24,433.180717643011
PD04701XD,"Cotizaciones internacionales - Cobre (Londres, cUS$ por libras)",10.Oct.24,431.230270432681
PD04701XD,"Cotizaciones internacionales - Cobre (Londres, cUS$ por libras)",11.Oct.24,435.289922184414
PD04701XD,"Cotizaciones internacionales - Cobre (Londres, cUS$ por libras)",14.Oct.24,431.638503569727
PD04701XD,"Cotizaciones internacionales - Cobre (Londres, cUS$ por libras)",15.Oct.24,426.444870881755
PD04701XD,"Cotizaciones internacionales - Cobre (Londres, cUS$ por libras)",16.Oct.24,430.413804158589
PD04701XD,"Cotizaciones internacionales - Cobre (Londres, cUS$ por libras)",17.Oct.24,425.469647276591
PD04701XD,"Cotizaciones internacionales - Cobre (Londres, cUS$ por libras)",18.Oct.24,429.665376740672
PD04701XD,"Cotizaciones internacionales - Cobre (Londres, cUS$ por libras)",21.Oct.24,435.108485234616
PD04701XD,"Cotizaciones internacionales - Cobre (Londres, cUS$ por libras)",22.Oct.24,430.481843014764
PD04701XD,"Cotizaciones internacionales - Cobre (Londres, cUS$ por libras)",23.Oct.24,424.743899477398
PD04701XD,"Cotizaciones internacionales - Cobre (Londres, cUS$ por libras)",24.Oct.24,426.966502112425
PD04701XD,"Cotizaciones internacionales - Cobre (Londres, cUS$ por libras)",25.Oct.24,425.696443463838
PD04701XD,"Cotizaciones internacionales - Cobre (Londres, cUS$ por libras)",28.Oct.24,426.46755050048
PD04701XD,"Cotizaciones internacionales - Cobre (Londres, cUS$ por libras)",29.Oct.24,427.782968386517
PD04701XD,"Cotizaciones internacionales - Cobre (Londres, cUS$ por libras)",30.Oct.24,424.381025577802
PD04701XD,"Cotizaciones internacionales - Cobre (Londres, cUS$ por libras)",31.Oct.24,427.601531436718
PD04701XD,"Cotizaciones internacionales - Cobre (Londres, cUS$ por libras)",01.Nov.24,427.510812961819
PD04701XD,"Cotizaciones internacionales - Cobre (Londres, cUS$ por libras)",04.Nov.24,431.139551957782
PD04701XD,"Cotizaciones internacionales - Cobre (Londres, cUS$ por libras)",05.Nov.24,434.881689047368
PD04701XD,"Cotizaciones internacionales - Cobre (Londres, cUS$ por libras)",06.Nov.24,419.595626026876
PD04701XD,"Cotizaciones internacionales - Cobre (Londres, cUS$ por libras)",07.Nov.24,425.741802701288
PD04701XD,"Cotizaciones internacionales - Cobre (Londres, cUS$ por libras)",08.Nov.24,422.884170741967
PD04701XD,"Cotizaciones internacionales - Cobre (Londres, cUS$ por libras)",11.Nov.24,419.618305645601
PD04701XD,"Cotizaciones internacionales - Cobre (Londres, cUS$ por libras)",12.Nov.24,408.459933233017
PD04701XD,"Cotizaciones internacionales - Cobre (Londres, cUS$ por libras)",13.Nov.24,406.827000684834
PD04701XD,"Cotizaciones internacionales - Cobre (Londres, cUS$ por libras)",14.Nov.24,397.709793957478
PD04701XD,"Cotizaciones internacionales - Cobre (Londres, cUS$ por libras)",15.Nov.24,410.727895105493
PD04701XD,"Cotizaciones internacionales - Cobre (Londres, cUS$ por libras)",18.Nov.24,401.86016418411
PD04701XD,"Cotizaciones internacionales - Cobre (Londres, cUS$ por libras)",19.Nov.24,404.581718431082
PD04701XD,"Cotizaciones internacionales - Cobre (Londres, cUS$ por libras)",20.Nov.24,409.231040269659
PD04701XD,"Cotizaciones internacionales - Cobre (Londres, cUS$ por libras)",21.Nov.24,405.76105860477
PD04701XD,"Cotizaciones internacionales - Cobre (Londres, cUS$ por libras)",22.Nov.24,400.4767074419
PD04701XD,"Cotizaciones internacionales - Cobre (Londres, cUS$ por libras)",25.Nov.24,404.513679574908
PD04701XD,"Cotizaciones internacionales - Cobre (Londres, cUS$ por libras)",26.Nov.24,404.831194237054
PD04701XD,"Cotizaciones internacionales - Cobre (Londres, cUS$ por libras)",27.Nov.24,403.583815207192
PD04701XD,"Cotizaciones internacionales - Cobre (Londres, cUS$ por libras)",28.Nov.24,401.451931047064
PD04701XD,"Cotizaciones internacionales - Cobre (Londres, cUS$ por libras)",29.Nov.24,402.744669314376
PD04701XD,"Cotizaciones internacionales - Cobre (Londres, cUS$ por libras)",02.Dic.24,402.38179541478
PD04701XD,"Cotizaciones internacionales - Cobre (Londres, cUS$ por libras)",03.Dic.24,405.556942036247
PD04701XD,"Cotizaciones internacionales - Cobre (Londres, cUS$ por libras)",04.Dic.24,406.010534410742
PD04701XD,"Cotizaciones internacionales - Cobre (Londres, cUS$ por libras)",05.Dic.24,406.736282209935
PD04701XD,"Cotizaciones internacionales - Cobre (Londres, cUS$ por libras)",06.Dic.24,410.04750654375
PD04701XD,"Cotizaciones internacionales - Cobre (Londres, cUS$ por libras)",09.Dic.24,412.95049774052
PD04701XD,"Cotizaciones internacionales - Cobre (Londres, cUS$ por libras)",10.Dic.24,411.272205954888
PD04701XD,"Cotizaciones internacionales - Cobre (Londres, cUS$ por libras)",11.Dic.24,411.725798329383
PD04701XD,"Cotizaciones internacionales - Cobre (Londres, cUS$ por libras)",12.Dic.24,409.979467687576
PD04701XD,"Cotizaciones internacionales - Cobre (Londres, cUS$ por libras)",13.Dic.24,407.734185433824
PD04701XD,"Cotizaciones internacionales - Cobre (Londres, cUS$ por libras)",16.Dic.24,405.148708899201
PD04701XD,"Cotizaciones internacionales - Cobre (Londres, cUS$ por libras)",17.Dic.24,401.497290284514
PD04701XD,"Cotizaciones internacionales - Cobre (Londres, cUS$ por libras)",18.Dic.24,403.946689106789
PD04701XD,"Cotizaciones internacionales - Cobre (Londres, cUS$ por libras)",19.Dic.24,398.95717298734
PD04701XD,"Cotizaciones internacionales - Cobre (Londres, cUS$ por libras)",20.Dic.24,398.843774893716
PD04701XD,"Cotizaciones internacionales - Cobre (Londres, cUS$ por libras)",23.Dic.24,400.884940578945
PD04701XD,"Cotizaciones internacionales - Cobre (Londres, cUS$ por libras)",24.Dic.24,401.315853334716
PD04701XD,"Cotizaciones internacionales - Cobre (Londres, cUS$ por libras)",25.Dic.24,401.315853334716
PD04701XD,"Cotizaciones internacionales - Cobre (Londres, cUS$ por libras)",26.Dic.24,401.315853334716
PD04701XD,"Cotizaciones internacionales - Cobre (Londres, cUS$ por libras)",27.Dic.24,401.111736766193
PD04701XD,"Cotizaciones internacionales - Cobre (Londres, cUS$ por libras)",30.Dic.24,401.111736766193
PD04701XD,"Cotizaciones internacionales - Cobre (Londres, cUS$ por libras)",31.Dic.24,394.897521235607
PD04701XD,"Cotizaciones internacionales - Cobre (Londres, cUS$ por libras)",01.Ene.25,394.897521235607
PD04701XD,"Cotizaciones internacionales - Cobre (Londres, cUS$ por libras)",02.Ene.25,393.967656867892
PD04701XD,"Cotizaciones internacionales - Cobre (Londres, cUS$ por libras)",03.Ene.25,394.67072504836
PD04701XD,"Cotizaciones internacionales - Cobre (Londres, cUS$ por libras)",06.Ene.25,403.402378257394
PD04701XD,"Cotizaciones internacionales - Cobre (Londres, cUS$ por libras)",07.Ene.25,403.062183976523
PD04701XD,"Cotizaciones internacionales - Cobre (Londres, cUS$ por libras)",08.Ene.25,401.293173715991
PD04701XD,"Cotizaciones internacionales - Cobre (Londres, cUS$ por libras)",09.Ene.25,406.441447166513
PD04701XD,"Cotizaciones internacionales - Cobre (Londres, cUS$ por libras)",10.Ene.25,408.029020477246
PD04701XD,"Cotizaciones internacionales - Cobre (Londres, cUS$ por libras)",13.Ene.25,407.325952296779
PD04701XD,"Cotizaciones internacionales - Cobre (Londres, cUS$ por libras)",14.Ene.25,408.958884844962
PD04701XD,"Cotizaciones internacionales - Cobre (Londres, cUS$ por libras)",15.Ene.25,409.14032179476
PD04701XD,"Cotizaciones internacionales - Cobre (Londres, cUS$ por libras)",16.Ene.25,414.356634101456
PD04701XD,"Cotizaciones internacionales - Cobre (Londres, cUS$ por libras)",17.Ene.25,414.220556389107
PD04701XD,"Cotizaciones internacionales - Cobre (Londres, cUS$ por libras)",20.Ene.25,410.206263874824
PD04701XD,"Cotizaciones internacionales - Cobre (Londres, cUS$ por libras)",21.Ene.25,411.272205954888
PD04701XD,"Cotizaciones internacionales - Cobre (Londres, cUS$ por libras)",22.Ene.25,413.812323252061
PD04701XD,"Cotizaciones internacionales - Cobre (Londres, cUS$ por libras)",23.Ene.25,410.773254342943
PD04701XD,"Cotizaciones internacionales - Cobre (Londres, cUS$ por libras)",24.Ene.25,418.121450809767
PD04701XD,"Cotizaciones internacionales - Cobre (Londres, cUS$ por libras)",27.Ene.25,410.546458155695
PD04701XD,"Cotizaciones internacionales - Cobre (Londres, cUS$ por libras)",28.Ene.25,403.266300545046
PD04701XD,"Cotizaciones internacionales - Cobre (Londres, cUS$ por libras)",29.Ene.25,402.835387789275
PD04701XD,"Cotizaciones internacionales - Cobre (Londres, cUS$ por libras)",30.Ene.25,407.099156109531
PD04701XD,"Cotizaciones internacionales - Cobre (Londres, cUS$ por libras)",31.Ene.25,405.942495554568
PD04701XD,"Cotizaciones internacionales - Cobre (Londres, cUS$ por libras)",03.Feb.25,402.177678846257
PD04701XD,"Cotizaciones internacionales - Cobre (Londres, cUS$ por libras)",04.Feb.25,407.915622383622
PD04701XD,"Cotizaciones internacionales - Cobre (Londres, cUS$ por libras)",05.Feb.25,409.367117982007
PD04701XD,"Cotizaciones internacionales - Cobre (Londres, cUS$ por libras)",06.Feb.25,415.717411224942
PD04701XD,"Cotizaciones internacionales - Cobre (Londres, cUS$ por libras)",07.Feb.25,421.296597431234
PD04701XD,"Cotizaciones internacionales - Cobre (Londres, cUS$ por libras)",10.Feb.25,421.273917812509
PD04701XD,"Cotizaciones internacionales - Cobre (Londres, cUS$ por libras)",11.Feb.25,419.346150220904
PD04701XD,"Cotizaciones internacionales - Cobre (Londres, cUS$ por libras)",12.Feb.25,420.820325438014
PD04701XD,"Cotizaciones internacionales - Cobre (Londres, cUS$ por libras)",13.Feb.25,424.653181002499
PD04701XD,"Cotizaciones internacionales - Cobre (Londres, cUS$ por libras)",14.Feb.25,445.214837854787
PD04701XD,"Cotizaciones internacionales - Cobre (Londres, cUS$ por libras)",17.Feb.25,421.432675143582
PD04701XD,"Cotizaciones internacionales - Cobre (Londres, cUS$ por libras)",18.Feb.25,421.61411209338
PD04701XD,"Cotizaciones internacionales - Cobre (Londres, cUS$ por libras)",19.Feb.25,427.873686861416
PD04701XD,"Cotizaciones internacionales - Cobre (Londres, cUS$ por libras)",20.Feb.25,431.570464713552
PD04701XD,"Cotizaciones internacionales - Cobre (Londres, cUS$ por libras)",21.Feb.25,430.640600345837
PD04701XD,"Cotizaciones internacionales - Cobre (Londres, cUS$ por libras)",24.Feb.25,430.459163396039
PD04701XD,"Cotizaciones internacionales - Cobre (Londres, cUS$ por libras)",25.Feb.25,429.234463984902
PD04701XD,"Cotizaciones internacionales - Cobre (Londres, cUS$ por libras)",26.Feb.25,431.094192720332
PD04701XD,"Cotizaciones internacionales - Cobre (Londres, cUS$ por libras)",27.Feb.25,427.079900206049
PD04701XD,"Cotizaciones internacionales - Cobre (Londres, cUS$ por libras)",28.Feb.25,424.721219858673
PD04701XD,"Cotizaciones internacionales - Cobre (Londres, cUS$ por libras)",03.Mar.25,424.585142146325
PD04701XD,"Cotizaciones internacionales - Cobre (Londres, cUS$ por libras)",04.Mar.25,426.150035838334
PD04701XD,"Cotizaciones internacionales - Cobre (Londres, cUS$ por libras)",05.Mar.25,432.772484505965
PD04701XD,"Cotizaciones internacionales - Cobre (Londres, cUS$ por libras)",06.Mar.25,437.898078337762
PD04701XD,"Cotizaciones internacionales - Cobre (Londres, cUS$ por libras)",07.Mar.25,438.351670712257
PD04701XD,"Cotizaciones internacionales - Cobre (Londres, cUS$ por libras)",10.Mar.25,433.044639930662
PD04701XD,"Cotizaciones internacionales - Cobre (Londres, cUS$ por libras)",11.Mar.25,436.718738164074
PD04701XD,"Cotizaciones internacionales - Cobre (Londres, cUS$ por libras)",12.Mar.25,442.978312932109
PD04701XD,"Cotizaciones internacionales - Cobre (Londres, cUS$ por libras)",13.Mar.25,440.098001354064
PD04701XD,"Cotizaciones internacionales - Cobre (Londres, cUS$ por libras)",14.Mar.25,442.660798269962
PD04701XD,"Cotizaciones internacionales - Cobre (Londres, cUS$ por libras)",17.Mar.25,442.161846658018
PD04701XD,"Cotizaciones internacionales - Cobre (Londres, cUS$ por libras)",18.Mar.25,446.062741078677
PD04701XD,"Cotizaciones internacionales - Cobre (Londres, cUS$ por libras)",19.Mar.25,449.691480074639
PD04701XD,"Cotizaciones internacionales - Cobre (Londres, cUS$ por libras)",20.Mar.25,449.578081981016
PD04701XD,"Cotizaciones internacionales - Cobre (Londres, cUS$ por libras)",21.Mar.25,445.83594489143
PD04701XD,"Cotizaciones internacionales - Cobre (Londres, cUS$ por libras)",24.Mar.25,452.594471271409
PD04701XD,"Cotizaciones internacionales - Cobre (Londres, cUS$ por libras)",25.Mar.25,452.775908221208
PD04701XD,"Cotizaciones internacionales - Cobre (Londres, cUS$ por libras)",26.Mar.25,448.330702951154
PD04701XD,"Cotizaciones internacionales - Cobre (Londres, cUS$ por libras)",27.Mar.25,443.930856918549
PD04701XD,"Cotizaciones internacionales - Cobre (Londres, cUS$ por libras)",28.Mar.25,444.293730818145
PD04701XD,"Cotizaciones internacionales - Cobre (Londres, cUS$ por libras)",31.Mar.25,438.759903849303
PD04701XD,"Cotizaciones internacionales - Cobre (Londres, cUS$ por libras)",01.Abr.25,437.807359862863
PD04701XD,"Cotizaciones internacionales - Cobre (Londres, cUS$ por libras)",02.Abr.25,437.535204438166
PD04701XD,"Cotizaciones internacionales - Cobre (Londres, cUS$ por libras)",03.Abr.25,426.240754313233
PD04701XD,"Cotizaciones internacionales - Cobre (Londres, cUS$ por libras)",04.Abr.25,400.544746298074
PD04701XD,"Cotizaciones internacionales - Cobre (Londres, cUS$ por libras)",07.Abr.25,400.295270492101
PD04701XD,"Cotizaciones internacionales - Cobre (Londres, cUS$ por libras)",08.Abr.25,397.346920057882
PD04701XD,"Cotizaciones internacionales - Cobre (Londres, cUS$ por libras)",09.Abr.25,387.322528581536
PD04701XD,"Cotizaciones internacionales - Cobre (Londres, cUS$ por libras)",10.Abr.25,407.23523382188
PD04701XD,"Cotizaciones internacionales - Cobre (Londres, cUS$ por libras)",11.Abr.25,416.397799786685
PD04701XD,"Cotizaciones internacionales - Cobre (Londres, cUS$ por libras)",14.Abr.25,417.871975003794
PD04701XD,"Cotizaciones internacionales - Cobre (Londres, cUS$ por libras)",15.Abr.25,412.496905366025
PD04701XD,"Cotizaciones internacionales - Cobre (Londres, cUS$ por libras)",16.Abr.25,411.99795375408
PD04701XD,"Cotizaciones internacionales - Cobre (Londres, cUS$ por libras)",17.Abr.25,412.95049774052
PD04701XD,"Cotizaciones internacionales - Cobre (Londres, cUS$ por libras)",18.Abr.25,412.95049774052
PD04701XD,"Cotizaciones internacionales - Cobre (Londres, cUS$ por libras)",21.Abr.25,412.95049774052
PD04701XD,"Cotizaciones internacionales - Cobre (Londres, cUS$ por libras)",22.Abr.25,421.546073237206
PD04701XD,"Cotizaciones internacionales - Cobre (Londres, cUS$ por libras)",23.Abr.25,427.125259443498
PD04701XD,"Cotizaciones internacionales - Cobre (Londres, cUS$ por libras)",24.Abr.25,426.853104018801
PD04701XD,"Cotizaciones internacionales - Cobre (Londres, cUS$ por libras)",25.Abr.25,424.743899477398
PD04701XD,"Cotizaciones internacionales - Cobre (Londres, cUS$ por libras)",28.Abr.25,424.811938333572
PD04701XD,"Cotizaciones internacionales - Cobre (Londres, cUS$ por libras)",29.Abr.25,430.345765302415
PD04701XD,"Cotizaciones internacionales - Cobre (Londres, cUS$ por libras)",30.Abr.25,417.486421485473
PD04701XD,"Cotizaciones internacionales - Cobre (Londres, cUS$ por libras)",01.May.25,417.078188348427
PD04701XD,"Cotizaciones internacionales - Cobre (Londres, cUS$ por libras)",02.May.25,425.288210326792
PD04701XD,"Cotizaciones internacionales - Cobre (Londres, cUS$ por libras)",05.May.25,425.288210326792
PD04701XD,"Cotizaciones internacionales - Cobre (Londres, cUS$ por libras)",06.May.25,430.912755770534
PD04701XD,"Cotizaciones internacionales - Cobre (Londres, cUS$ por libras)",07.May.25,430.277726446241
PD04701XD,"Cotizaciones internacionales - Cobre (Londres, cUS$ por libras)",08.May.25,426.966502112425
PD04701XD,"Cotizaciones internacionales - Cobre (Londres, cUS$ por libras)",09.May.25,430.255046827516
PD04701XD,"Cotizaciones internacionales - Cobre (Londres, cUS$ por libras)",12.May.25,434.995087140992
PD04701XD,"Cotizaciones internacionales - Cobre (Londres, cUS$ por libras)",13.May.25,432.454969843818
PD04701XD,"Cotizaciones internacionales - Cobre (Londres, cUS$ por libras)",14.May.25,437.693961769239
PD04701XD,"Cotizaciones internacionales - Cobre (Londres, cUS$ por libras)",15.May.25,432.613727174891
PD04701XD,"Cotizaciones internacionales - Cobre (Londres, cUS$ por libras)",16.May.25,432.454969843818
PD04701XD,"Cotizaciones internacionales - Cobre (Londres, cUS$ por libras)",19.May.25,432.953921455763
PD04701XD,"Cotizaciones internacionales - Cobre (Londres, cUS$ por libras)",20.May.25,432.27353289402
PD04701XD,"Cotizaciones internacionales - Cobre (Londres, cUS$ por libras)",21.May.25,432.386930987644
PD04701XD,"Cotizaciones internacionales - Cobre (Londres, cUS$ por libras)",22.May.25,430.595241108387
PD04701XD,"Cotizaciones internacionales - Cobre (Londres, cUS$ por libras)",23.May.25,435.221883328239
PD04701XD,"Cotizaciones internacionales - Cobre (Londres, cUS$ por libras)",26.May.25,435.221883328239
PD04701XD,"Cotizaciones internacionales - Cobre (Londres, cUS$ por libras)",27.May.25,437.852719100312
PD04701XD,"Cotizaciones internacionales - Cobre (Londres, cUS$ por libras)",28.May.25,439.168136986349
PD04701XD,"Cotizaciones internacionales - Cobre (Londres, cUS$ por libras)",29.May.25,437.331087869643
PD04701XD,"Cotizaciones internacionales - Cobre (Londres, cUS$ por libras)",30.May.25,436.491941976826
PD04701XD,"Cotizaciones internacionales - Cobre (Londres, cUS$ por libras)",02.Jun.25,437.943437575211
PD04701XD,"Cotizaciones internacionales - Cobre (Londres, cUS$ por libras)",03.Jun.25,437.399126725817
PD04701XD,"Cotizaciones internacionales - Cobre (Londres, cUS$ por libras)",04.Jun.25,438.782583468028
PD04701XD,"Cotizaciones internacionales - Cobre (Londres, cUS$ por libras)",05.Jun.25,446.062741078677
PD04701XD,"Cotizaciones internacionales - Cobre (Londres, cUS$ por libras)",06.Jun.25,444.293730818145
PD04701XD,"Cotizaciones internacionales - Cobre (Londres, cUS$ por libras)",09.Jun.25,446.74312964042
PD04701XD,"Cotizaciones internacionales - Cobre (Londres, cUS$ por libras)",10.Jun.25,446.969925827668
PD04701XD,"Cotizaciones internacionales - Cobre (Londres, cUS$ por libras)",11.Jun.25,441.345380383926
PD04701XD,"Cotizaciones internacionales - Cobre (Londres, cUS$ por libras)",12.Jun.25,443.567983018953
PD04701XD,"Cotizaciones internacionales - Cobre (Londres, cUS$ por libras)",13.Jun.25,438.07951528756
PD04701XD,"Cotizaciones internacionales - Cobre (Londres, cUS$ por libras)",16.Jun.25,441.708254283522
PD04701XD,"Cotizaciones internacionales - Cobre (Londres, cUS$ por libras)",17.Jun.25,445.450391373108
PD04701XD,"Cotizaciones internacionales - Cobre (Londres, cUS$ por libras)",18.Jun.25,446.380255740824
PD04701XD,"Cotizaciones internacionales - Cobre (Londres, cUS$ por libras)",19.Jun.25,440.528914109834
PD04701XD,"Cotizaciones internacionales - Cobre (Londres, cUS$ por libras)",20.Jun.25,451.097616435575
PD04701XD,"Cotizaciones internacionales - Cobre (Londres, cUS$ por libras)",23.Jun.25,455.179947806033
PD04701XD,"Cotizaciones internacionales - Cobre (Londres, cUS$ por libras)",24.Jun.25,450.439907492557
PD04701XD,"Cotizaciones internacionales - Cobre (Londres, cUS$ por libras)",25.Jun.25,444.974119379888
PD04701XD,"Cotizaciones internacionales - Cobre (Londres, cUS$ por libras)",26.Jun.25,458.808686801995
PD04701XD,"Cotizaciones internacionales - Cobre (Londres, cUS$ por libras)",27.Jun.25,455.905695605225
PD04701XD,"Cotizaciones internacionales - Cobre (Londres, cUS$ por libras)",30.Jun.25,455.40674399328
PD04701XD,"Cotizaciones internacionales - Cobre (Londres, cUS$ por libras)",01.Jul.25,456.35928797972
PD04701XD,"Cotizaciones internacionales - Cobre (Londres, cUS$ por libras)",02.Jul.25,455.633540180528
PD04701XD,"Cotizaciones internacionales - Cobre (Londres, cUS$ por libras)",03.Jul.25,459.035482989243
PD04701XD,"Cotizaciones internacionales - Cobre (Londres, cUS$ por libras)",04.Jul.25,452.254276990538
PD04701XD,"Cotizaciones internacionales - Cobre (Londres, cUS$ por libras)",07.Jul.25,448.738936088199
PD04701XD,"Cotizaciones internacionales - Cobre (Londres, cUS$ por libras)",08.Jul.25,450.190431686584
PD04701XD,"Cotizaciones internacionales - Cobre (Londres, cUS$ por libras)",09.Jul.25,437.036252826221
PD04701XD,"Cotizaciones internacionales - Cobre (Londres, cUS$ por libras)",10.Jul.25,442.343283607816
PD04701XD,"Cotizaciones internacionales - Cobre (Londres, cUS$ por libras)",11.Jul.25,437.149650919844
PD04701XD,"Cotizaciones internacionales - Cobre (Londres, cUS$ por libras)",14.Jul.25,433.407513830258
PD04701XD,"Cotizaciones internacionales - Cobre (Londres, cUS$ por libras)",15.Jul.25,433.815746967304
PD04701XD,"Cotizaciones internacionales - Cobre (Londres, cUS$ por libras)",16.Jul.25,433.770387729855
PD04701XD,"Cotizaciones internacionales - Cobre (Londres, cUS$ por libras)",17.Jul.25,434.813650191194
PD04701XD,"Cotizaciones internacionales - Cobre (Londres, cUS$ por libras)",18.Jul.25,438.487748424606
PD04701XD,"Cotizaciones internacionales - Cobre (Londres, cUS$ por libras)",21.Jul.25,443.318507212981
PD04701XD,"Cotizaciones internacionales - Cobre (Londres, cUS$ por libras)",22.Jul.25,445.359672898209
PD04701XD,"Cotizaciones internacionales - Cobre (Londres, cUS$ por libras)",23.Jul.25,447.332799727264
PD04701XD,"Cotizaciones internacionales - Cobre (Londres, cUS$ por libras)",24.Jul.25,447.287440489814
PD04701XD,"Cotizaciones internacionales - Cobre (Londres, cUS$ por libras)",25.Jul.25,443.976216155999
PD04701XD,"Cotizaciones internacionales - Cobre (Londres, cUS$ por libras)",28.Jul.25,443.749419968751
PD04701XD,"Cotizaciones internacionales - Cobre (Londres, cUS$ por libras)",29.Jul.25,441.504137714999
PD04701XD,"Cotizaciones internacionales - Cobre (Londres, cUS$ por libras)",30.Jul.25,439.961923641715
PD04701XD,"Cotizaciones internacionales - Cobre (Londres, cUS$ por libras)",31.Jul.25,435.720834940184
PD04701XD,"Cotizaciones internacionales - Cobre (Londres, cUS$ por libras)",01.Ago.25,432.523008699992
PD04701XD,"Cotizaciones internacionales - Cobre (Londres, cUS$ por libras)",04.Ago.25,436.469262358102
PD04701XD,"Cotizaciones internacionales - Cobre (Londres, cUS$ por libras)",05.Ago.25,434.382737435423
PD04701XD,"Cotizaciones internacionales - Cobre (Londres, cUS$ por libras)",06.Ago.25,435.65279608401
PD04701XD,"Cotizaciones internacionales - Cobre (Londres, cUS$ por libras)",07.Ago.25,437.104291682395
PD04701XD,"Cotizaciones internacionales - Cobre (Londres, cUS$ por libras)",08.Ago.25,436.673378926624
PD04701XD,"Cotizaciones internacionales - Cobre (Londres, cUS$ por libras)",11.Ago.25,437.421806344542
PD04701XD,"Cotizaciones internacionales - Cobre (Londres, cUS$ por libras)",12.Ago.25,438.238272618633
PD04701XD,"Cotizaciones internacionales - Cobre (Londres, cUS$ por libras)",13.Ago.25,442.093807801843
PD04701XD,"Cotizaciones internacionales - Cobre (Londres, cUS$ por libras)",14.Ago.25,438.419709568431
PD04701XD,"Cotizaciones internacionales - Cobre (Londres, cUS$ por libras)",15.Ago.25,436.401223501927
PD04701XD,"Cotizaciones internacionales - Cobre (Londres, cUS$ por libras)",18.Ago.25,436.6506993079
PD04701XD,"Cotizaciones internacionales - Cobre (Londres, cUS$ por libras)",19.Ago.25,436.423903120652
PD04701XD,"Cotizaciones internacionales - Cobre (Londres, cUS$ por libras)",20.Ago.25,434.382737435423
PD04701XD,"Cotizaciones internacionales - Cobre (Londres, cUS$ por libras)",21.Ago.25,435.947631127432
PD04701XD,"Cotizaciones internacionales - Cobre (Londres, cUS$ por libras)",22.Ago.25,437.399126725817
PD04701XD,"Cotizaciones internacionales - Cobre (Londres, cUS$ por libras)",25.Ago.25,437.399126725817
PD04701XD,"Cotizaciones internacionales - Cobre (Londres, cUS$ por libras)",26.Ago.25,440.324797541312
PD04701XD,"Cotizaciones internacionales - Cobre (Londres, cUS$ por libras)",27.Ago.25,439.168136986349
PD04701XD,"Cotizaciones internacionales - Cobre (Londres, cUS$ por libras)",28.Ago.25,440.143360591514
PD04701XD,"Cotizaciones internacionales - Cobre (Londres, cUS$ por libras)",29.Ago.25,444.747323192641
PD04701XD,"Cotizaciones internacionales - Cobre (Londres, cUS$ por libras)",01.Set.25,444.724643573916
PD04701XD,"Cotizaciones internacionales - Cobre (Londres, cUS$ por libras)",02.Set.25,443.318507212981
PD04701XD,"Cotizaciones internacionales - Cobre (Londres, cUS$ por libras)",03.Set.25,447.831751339209
PD04701XD,"Cotizaciones internacionales - Cobre (Londres, cUS$ por libras)",04.Set.25,445.110197092237
PD04701XD,"Cotizaciones internacionales - Cobre (Londres, cUS$ por libras)",05.Set.25,448.194625238805
PD04701XD,"Cotizaciones internacionales - Cobre (Londres, cUS$ por libras)",08.Set.25,444.996798998613
PD04701XD,"Cotizaciones internacionales - Cobre (Londres, cUS$ por libras)",09.Set.25,445.541109848008
PD04701XD,"Cotizaciones internacionales - Cobre (Londres, cUS$ por libras)",10.Set.25,446.652411165521
PD04701XD,"Cotizaciones internacionales - Cobre (Londres, cUS$ por libras)",11.Set.25,450.235790924034
PD04701XD,"Cotizaciones internacionales - Cobre (Londres, cUS$ por libras)",12.Set.25,453.796491063822
PD04701XD,"Cotizaciones internacionales - Cobre (Londres, cUS$ por libras)",15.Set.25,452.957345171006
PD04701XD,"Cotizaciones internacionales - Cobre (Londres, cUS$ por libras)",16.Set.25,456.835559972941
PD04701XD,"Cotizaciones internacionales - Cobre (Londres, cUS$ por libras)",17.Set.25,448.784295325649
PD04701XD,"Cotizaciones internacionales - Cobre (Londres, cUS$ por libras)",18.Set.25,448.829654563098
PD04701XD,"Cotizaciones internacionales - Cobre (Londres, cUS$ por libras)",19.Set.25,449.237887700144
PD04701XD,"Cotizaciones internacionales - Cobre (Londres, cUS$ por libras)",22.Set.25,450.031674355511
PD04701XD,"Cotizaciones internacionales - Cobre (Londres, cUS$ por libras)",23.Set.25,449.056450750346
PD04701XD,"Cotizaciones internacionales - Cobre (Londres, cUS$ por libras)",24.Set.25,447.332799727264
PD04701XD,"Cotizaciones internacionales - Cobre (Londres, cUS$ por libras)",25.Set.25,467.744456579552
PD04701XD,"Cotizaciones internacionales - Cobre (Londres, cUS$ por libras)",26.Set.25,459.284958795215
PD04701XD,"Cotizaciones internacionales - Cobre (Londres, cUS$ por libras)",29.Set.25,464.16107682104
PD04701XD,"Cotizaciones internacionales - Cobre (Londres, cUS$ por libras)",30.Set.25,467.200145730158
PD04701XD,"Cotizaciones internacionales - Cobre (Londres, cUS$ por libras)",01.Oct.25,465.521853944525
PD04701XD,"Cotizaciones internacionales - Cobre (Londres, cUS$ por libras)",02.Oct.25,474.230827534835
PD04701XD,"Cotizaciones internacionales - Cobre (Londres, cUS$ por libras)",03.Oct.25,477.972964624421
PD04701XD,"Cotizaciones internacionales - Cobre (Londres, cUS$ por libras)",06.Oct.25,481.238829720788
PD04701XD,"Cotizaciones internacionales - Cobre (Londres, cUS$ por libras)",07.Oct.25,482.758364175347
PD04701XD,"Cotizaciones internacionales - Cobre (Londres, cUS$ por libras)",08.Oct.25,487.067491733052
PD04701XD,"Cotizaciones internacionales - Cobre (Londres, cUS$ por libras)",09.Oct.25,492.896153745317
PD04701XD,"Cotizaciones internacionales - Cobre (Londres, cUS$ por libras)",10.Oct.25,486.931414020704
PD04701XD,"Cotizaciones internacionales - Cobre (Londres, cUS$ por libras)",13.Oct.25,481.601703620384
PD04701XD,"Cotizaciones internacionales - Cobre (Londres, cUS$ por libras)",14.Oct.25,480.807916965017
PD04701XD,"Cotizaciones internacionales - Cobre (Londres, cUS$ por libras)",15.Oct.25,485.434559184869
PD04701XD,"Cotizaciones internacionales - Cobre (Londres, cUS$ por libras)",16.Oct.25,476.045197032816
PD04701XD,"Cotizaciones internacionales - Cobre (Londres, cUS$ por libras)",17.Oct.25,477.519372249926
PD04701XD,"Cotizaciones internacionales - Cobre (Londres, cUS$ por libras)",20.Oct.25,479.946091453476
PD04701XD,"Cotizaciones internacionales - Cobre (Londres, cUS$ por libras)",21.Oct.25,481.352227814411
PD04701XD,"Cotizaciones internacionales - Cobre (Londres, cUS$ por libras)",22.Oct.25,480.807916965017
PD04701XD,"Cotizaciones internacionales - Cobre (Londres, cUS$ por libras)",23.Oct.25,489.743686742574
PD04701XD,"Cotizaciones internacionales - Cobre (Londres, cUS$ por libras)",24.Oct.25,490.19727911707
PD04701XD,"Cotizaciones internacionales - Cobre (Londres, cUS$ por libras)",27.Oct.25,498.361941857985
PD04701XD,"Cotizaciones internacionales - Cobre (Londres, cUS$ por libras)",28.Oct.25,495.186795236518
PD04701XD,"Cotizaciones internacionales - Cobre (Londres, cUS$ por libras)",29.Oct.25,502.013360472672
PD04701XD,"Cotizaciones internacionales - Cobre (Londres, cUS$ por libras)",30.Oct.25,496.638290834903
PD04701XD,"Cotizaciones internacionales - Cobre (Londres, cUS$ por libras)",31.Oct.25,494.48372705605
PD04701XD,"Cotizaciones internacionales - Cobre (Londres, cUS$ por libras)",03.Nov.25,493.168309170014
PD04701XD,"Cotizaciones internacionales - Cobre (Londres, cUS$ por libras)",04.Nov.25,480.830596583742
PD04701XD,"Cotizaciones internacionales - Cobre (Londres, cUS$ por libras)",05.Nov.25,480.943994677366
PD04701XD,"Cotizaciones internacionales - Cobre (Londres, cUS$ por libras)",06.Nov.25,486.387103171309
PD04701XD,"Cotizaciones internacionales - Cobre (Londres, cUS$ por libras)",07.Nov.25,486.251025458961
PD04701XD,"Cotizaciones internacionales - Cobre (Londres, cUS$ por libras)",10.Nov.25,489.879764454923
PD04701XD,"Cotizaciones internacionales - Cobre (Londres, cUS$ por libras)",11.Nov.25,488.836501993584
PD04701XD,"Cotizaciones internacionales - Cobre (Londres, cUS$ por libras)",12.Nov.25,491.376619290758
PD04701XD,"Cotizaciones internacionales - Cobre (Londres, cUS$ por libras)",13.Nov.25,496.320776172756
PD04701XD,"Cotizaciones internacionales - Cobre (Londres, cUS$ por libras)",14.Nov.25,492.193085564849
PD04701XD,"Cotizaciones internacionales - Cobre (Londres, cUS$ por libras)",17.Nov.25,489.834405217473
PD04701XD,"Cotizaciones internacionales - Cobre (Londres, cUS$ por libras)",18.Nov.25,483.030519600044
PD04701XD,"Cotizaciones internacionales - Cobre (Londres, cUS$ por libras)",19.Nov.25,489.154016655731
PD04701XD,"Cotizaciones internacionales - Cobre (Londres, cUS$ por libras)",20.Nov.25,489.380812842978
PD04701XD,"Cotizaciones internacionales - Cobre (Londres, cUS$ por libras)",21.Nov.25,484.686131766952
PD04701XD,"Cotizaciones internacionales - Cobre (Londres, cUS$ por libras)",24.Nov.25,489.652968267675
PD04701XD,"Cotizaciones internacionales - Cobre (Londres, cUS$ por libras)",25.Nov.25,493.327066501087
PD04701XD,"Cotizaciones internacionales - Cobre (Londres, cUS$ por libras)",26.Nov.25,497.953708720939
PD04701XD,"Cotizaciones internacionales - Cobre (Londres, cUS$ por libras)",27.Nov.25,495.95790227316
PD04701XD,"Cotizaciones internacionales - Cobre (Londres, cUS$ por libras)",28.Nov.25,499.133048894627
PD04701XD,"Cotizaciones internacionales - Cobre (Londres, cUS$ por libras)",01.Dic.25,512.514023942238
PD04701XD,"Cotizaciones internacionales - Cobre (Londres, cUS$ por libras)",02.Dic.25,511.878994617945
PD04701XD,"Cotizaciones internacionales - Cobre (Londres, cUS$ por libras)",03.Dic.25,518.773598710274
PD04701XD,"Cotizaciones internacionales - Cobre (Londres, cUS$ por libras)",04.Dic.25,520.361172021007
PD04701XD,"Cotizaciones internacionales - Cobre (Londres, cUS$ por libras)",05.Dic.25,528.208320099776
PD04701XD,"Cotizaciones internacionales - Cobre (Londres, cUS$ por libras)",08.Dic.25,530.476281972252
PD04701XD,"Cotizaciones internacionales - Cobre (Londres, cUS$ por libras)",09.Dic.25,524.511542247639
PD04701XD,"Cotizaciones internacionales - Cobre (Londres, cUS$ por libras)",10.Dic.25,528.208320099776
PD04701XD,"Cotizaciones internacionales - Cobre (Londres, cUS$ por libras)",11.Dic.25,532.517447657481
PD04701XD,"Cotizaciones internacionales - Cobre (Londres, cUS$ por libras)",12.Dic.25,535.964749703645
PD04701XD,"Cotizaciones internacionales - Cobre (Londres, cUS$ por libras)",15.Dic.25,534.08234134949
PD04701XD,"Cotizaciones internacionales - Cobre (Londres, cUS$ por libras)",16.Dic.25,527.80008696273
PD04701XD,"Cotizaciones internacionales - Cobre (Londres, cUS$ por libras)",17.Dic.25,531.610262908491
PD04701XD,"Cotizaciones internacionales - Cobre (Londres, cUS$ por libras)",18.Dic.25,531.678301764665
PD04701XD,"Cotizaciones internacionales - Cobre (Londres, cUS$ por libras)",19.Dic.25,537.280167589682
PD04701XD,"Cotizaciones internacionales - Cobre (Londres, cUS$ por libras)",22.Dic.25,541.589295147387
PD04701XD,"Cotizaciones internacionales - Cobre (Londres, cUS$ por libras)",23.Dic.25,547.485996015826
PD04701XD,"Cotizaciones internacionales - Cobre (Londres, cUS$ por libras)",24.Dic.25,555.78673646909
PD04701XD,"Cotizaciones internacionales - Cobre (Londres, cUS$ por libras)",25.Dic.25,555.78673646909
PD04701XD,"Cotizaciones internacionales - Cobre (Londres, cUS$ por libras)",26.Dic.25,555.78673646909
PD04701XD,"Cotizaciones internacionales - Cobre (Londres, cUS$ por libras)",29.Dic.25,558.190776053915
PD04701XD,"Cotizaciones internacionales - Cobre (Londres, cUS$ por libras)",30.Dic.25,567.534778968518
PD04701XD,"Cotizaciones internacionales - Cobre (Londres, cUS$ por libras)",31.Dic.25,567.171905068922
PD04702XD,"Cotizaciones internacionales - Plata (H.Harman, US$ por onzas troy)",01.Ene.15,n.d.
PD04702XD,"Cotizaciones internacionales - Plata (H.Harman, US$ por onzas troy)",02.Ene.15,15.93
PD04702XD,"Cotizaciones internacionales - Plata (H.Harman, US$ por onzas troy)",05.Ene.15,15.94
PD04702XD,"Cotizaciones internacionales - Plata (H.Harman, US$ por onzas troy)",06.Ene.15,16.6
PD04702XD,"Cotizaciones internacionales - Plata (H.Harman, US$ por onzas troy)",07.Ene.15,16.57
PD04702XD,"Cotizaciones internacionales - Plata (H.Harman, US$ por onzas troy)",08.Ene.15,16.435
PD04702XD,"Cotizaciones internacionales - Plata (H.Harman, US$ por onzas troy)",09.Ene.15,16.44
PD04702XD,"Cotizaciones internacionales - Plata (H.Harman, US$ por onzas troy)",12.Ene.15,16.495
PD04702XD,"Cotizaciones internacionales - Plata (H.Harman, US$ por onzas troy)",13.Ene.15,17.195
PD04702XD,"Cotizaciones internacionales - Plata (H.Harman, US$ por onzas troy)",14.Ene.15,16.97
PD04702XD,"Cotizaciones internacionales - Plata (H.Harman, US$ por onzas troy)",15.Ene.15,17.115
PD04702XD,"Cotizaciones internacionales - Plata (H.Harman, US$ por onzas troy)",16.Ene.15,17.76
PD04702XD,"Cotizaciones internacionales - Plata (H.Harman, US$ por onzas troy)",19.Ene.15,17.76
PD04702XD,"Cotizaciones internacionales - Plata (H.Harman, US$ por onzas troy)",20.Ene.15,17.985
PD04702XD,"Cotizaciones internacionales - Plata (H.Harman, US$ por onzas troy)",21.Ene.15,18.15
PD04702XD,"Cotizaciones internacionales - Plata (H.Harman, US$ por onzas troy)",22.Ene.15,18.41
PD04702XD,"Cotizaciones internacionales - Plata (H.Harman, US$ por onzas troy)",23.Ene.15,18.33
PD04702XD,"Cotizaciones internacionales - Plata (H.Harman, US$ por onzas troy)",26.Ene.15,17.965
PD04702XD,"Cotizaciones internacionales - Plata (H.Harman, US$ por onzas troy)",27.Ene.15,18.11
PD04702XD,"Cotizaciones internacionales - Plata (H.Harman, US$ por onzas troy)",28.Ene.15,18.105
PD04702XD,"Cotizaciones internacionales - Plata (H.Harman, US$ por onzas troy)",29.Ene.15,16.985
PD04702XD,"Cotizaciones internacionales - Plata (H.Harman, US$ por onzas troy)",30.Ene.15,17.22
PD04702XD,"Cotizaciones internacionales - Plata (H.Harman, US$ por onzas troy)",02.Feb.15,17.255
PD04702XD,"Cotizaciones internacionales - Plata (H.Harman, US$ por onzas troy)",03.Feb.15,17.28
PD04702XD,"Cotizaciones internacionales - Plata (H.Harman, US$ por onzas troy)",04.Feb.15,17.495
PD04702XD,"Cotizaciones internacionales - Plata (H.Harman, US$ por onzas troy)",05.Feb.15,17.13
PD04702XD,"Cotizaciones internacionales - Plata (H.Harman, US$ por onzas troy)",06.Feb.15,16.65
PD04702XD,"Cotizaciones internacionales - Plata (H.Harman, US$ por onzas troy)",09.Feb.15,17.095
PD04702XD,"Cotizaciones internacionales - Plata (H.Harman, US$ por onzas troy)",10.Feb.15,17.01
PD04702XD,"Cotizaciones internacionales - Plata (H.Harman, US$ por onzas troy)",11.Feb.15,16.89
PD04702XD,"Cotizaciones internacionales - Plata (H.Harman, US$ por onzas troy)",12.Feb.15,16.915
PD04702XD,"Cotizaciones internacionales - Plata (H.Harman, US$ por onzas troy)",13.Feb.15,17.36
PD04702XD,"Cotizaciones internacionales - Plata (H.Harman, US$ por onzas troy)",16.Feb.15,17.36
PD04702XD,"Cotizaciones internacionales - Plata (H.Harman, US$ por onzas troy)",17.Feb.15,16.335
PD04702XD,"Cotizaciones internacionales - Plata (H.Harman, US$ por onzas troy)",18.Feb.15,16.375
PD04702XD,"Cotizaciones internacionales - Plata (H.Harman, US$ por onzas troy)",19.Feb.15,16.465
PD04702XD,"Cotizaciones internacionales - Plata (H.Harman, US$ por onzas troy)",20.Feb.15,16.385
PD04702XD,"Cotizaciones internacionales - Plata (H.Harman, US$ por onzas troy)",23.Feb.15,16.405
PD04702XD,"Cotizaciones internacionales - Plata (H.Harman, US$ por onzas troy)",24.Feb.15,16.145
PD04702XD,"Cotizaciones internacionales - Plata (H.Harman, US$ por onzas troy)",25.Feb.15,16.485
PD04702XD,"Cotizaciones internacionales - Plata (H.Harman, US$ por onzas troy)",26.Feb.15,16.64
PD04702XD,"Cotizaciones internacionales - Plata (H.Harman, US$ por onzas troy)",27.Feb.15,16.64
PD04702XD,"Cotizaciones internacionales - Plata (H.Harman, US$ por onzas troy)",02.Mar.15,16.525
PD04702XD,"Cotizaciones internacionales - Plata (H.Harman, US$ por onzas troy)",03.Mar.15,16.23
PD04702XD,"Cotizaciones internacionales - Plata (H.Harman, US$ por onzas troy)",04.Mar.15,16.17
PD04702XD,"Cotizaciones internacionales - Plata (H.Harman, US$ por onzas troy)",05.Mar.15,16.25
PD04702XD,"Cotizaciones internacionales - Plata (H.Harman, US$ por onzas troy)",06.Mar.15,15.865
PD04702XD,"Cotizaciones internacionales - Plata (H.Harman, US$ por onzas troy)",09.Mar.15,15.81
PD04702XD,"Cotizaciones internacionales - Plata (H.Harman, US$ por onzas troy)",10.Mar.15,15.72
PD04702XD,"Cotizaciones internacionales - Plata (H.Harman, US$ por onzas troy)",11.Mar.15,15.39
PD04702XD,"Cotizaciones internacionales - Plata (H.Harman, US$ por onzas troy)",12.Mar.15,15.52
PD04702XD,"Cotizaciones internacionales - Plata (H.Harman, US$ por onzas troy)",13.Mar.15,15.53
PD04702XD,"Cotizaciones internacionales - Plata (H.Harman, US$ por onzas troy)",16.Mar.15,15.63
PD04702XD,"Cotizaciones internacionales - Plata (H.Harman, US$ por onzas troy)",17.Mar.15,15.6
PD04702XD,"Cotizaciones internacionales - Plata (H.Harman, US$ por onzas troy)",18.Mar.15,15.59
PD04702XD,"Cotizaciones internacionales - Plata (H.Harman, US$ por onzas troy)",19.Mar.15,16.125
PD04702XD,"Cotizaciones internacionales - Plata (H.Harman, US$ por onzas troy)",20.Mar.15,16.82
PD04702XD,"Cotizaciones internacionales - Plata (H.Harman, US$ por onzas troy)",23.Mar.15,16.94
PD04702XD,"Cotizaciones internacionales - Plata (H.Harman, US$ por onzas troy)",24.Mar.15,16.915
PD04702XD,"Cotizaciones internacionales - Plata (H.Harman, US$ por onzas troy)",25.Mar.15,17.075
PD04702XD,"Cotizaciones internacionales - Plata (H.Harman, US$ por onzas troy)",26.Mar.15,17.12
PD04702XD,"Cotizaciones internacionales - Plata (H.Harman, US$ por onzas troy)",27.Mar.15,17.055
PD04702XD,"Cotizaciones internacionales - Plata (H.Harman, US$ por onzas troy)",30.Mar.15,16.685
PD04702XD,"Cotizaciones internacionales - Plata (H.Harman, US$ por onzas troy)",31.Mar.15,16.715
PD04702XD,"Cotizaciones internacionales - Plata (H.Harman, US$ por onzas troy)",01.Abr.15,16.86
PD04702XD,"Cotizaciones internacionales - Plata (H.Harman, US$ por onzas troy)",02.Abr.15,16.685
PD04702XD,"Cotizaciones internacionales - Plata (H.Harman, US$ por onzas troy)",03.Abr.15,16.685
PD04702XD,"Cotizaciones internacionales - Plata (H.Harman, US$ por onzas troy)",06.Abr.15,17.15
PD04702XD,"Cotizaciones internacionales - Plata (H.Harman, US$ por onzas troy)",07.Abr.15,16.87
PD04702XD,"Cotizaciones internacionales - Plata (H.Harman, US$ por onzas troy)",08.Abr.15,16.485
PD04702XD,"Cotizaciones internacionales - Plata (H.Harman, US$ por onzas troy)",09.Abr.15,16.235
PD04702XD,"Cotizaciones internacionales - Plata (H.Harman, US$ por onzas troy)",10.Abr.15,16.465
PD04702XD,"Cotizaciones internacionales - Plata (H.Harman, US$ por onzas troy)",13.Abr.15,16.345
PD04702XD,"Cotizaciones internacionales - Plata (H.Harman, US$ por onzas troy)",14.Abr.15,16.3
PD04702XD,"Cotizaciones internacionales - Plata (H.Harman, US$ por onzas troy)",15.Abr.15,16.235
PD04702XD,"Cotizaciones internacionales - Plata (H.Harman, US$ por onzas troy)",16.Abr.15,16.29
PD04702XD,"Cotizaciones internacionales - Plata (H.Harman, US$ por onzas troy)",17.Abr.15,16.27
PD04702XD,"Cotizaciones internacionales - Plata (H.Harman, US$ por onzas troy)",20.Abr.15,15.935
PD04702XD,"Cotizaciones internacionales - Plata (H.Harman, US$ por onzas troy)",21.Abr.15,15.945
PD04702XD,"Cotizaciones internacionales - Plata (H.Harman, US$ por onzas troy)",22.Abr.15,15.8
PD04702XD,"Cotizaciones internacionales - Plata (H.Harman, US$ por onzas troy)",23.Abr.15,15.84
PD04702XD,"Cotizaciones internacionales - Plata (H.Harman, US$ por onzas troy)",24.Abr.15,15.715
PD04702XD,"Cotizaciones internacionales - Plata (H.Harman, US$ por onzas troy)",27.Abr.15,16.42
PD04702XD,"Cotizaciones internacionales - Plata (H.Harman, US$ por onzas troy)",28.Abr.15,16.62
PD04702XD,"Cotizaciones internacionales - Plata (H.Harman, US$ por onzas troy)",29.Abr.15,16.67
PD04702XD,"Cotizaciones internacionales - Plata (H.Harman, US$ por onzas troy)",30.Abr.15,16.025
PD04702XD,"Cotizaciones internacionales - Plata (H.Harman, US$ por onzas troy)",01.May.15,16.02
PD04702XD,"Cotizaciones internacionales - Plata (H.Harman, US$ por onzas troy)",04.May.15,16.625
PD04702XD,"Cotizaciones internacionales - Plata (H.Harman, US$ por onzas troy)",05.May.15,16.605
PD04702XD,"Cotizaciones internacionales - Plata (H.Harman, US$ por onzas troy)",06.May.15,16.52
PD04702XD,"Cotizaciones internacionales - Plata (H.Harman, US$ por onzas troy)",07.May.15,16.335
PD04702XD,"Cotizaciones internacionales - Plata (H.Harman, US$ por onzas troy)",08.May.15,16.46
PD04702XD,"Cotizaciones internacionales - Plata (H.Harman, US$ por onzas troy)",11.May.15,16.24
PD04702XD,"Cotizaciones internacionales - Plata (H.Harman, US$ por onzas troy)",12.May.15,16.57
PD04702XD,"Cotizaciones internacionales - Plata (H.Harman, US$ por onzas troy)",13.May.15,17.13
PD04702XD,"Cotizaciones internacionales - Plata (H.Harman, US$ por onzas troy)",14.May.15,17.44
PD04702XD,"Cotizaciones internacionales - Plata (H.Harman, US$ por onzas troy)",15.May.15,17.56
PD04702XD,"Cotizaciones internacionales - Plata (H.Harman, US$ por onzas troy)",18.May.15,17.72
PD04702XD,"Cotizaciones internacionales - Plata (H.Harman, US$ por onzas troy)",19.May.15,17.095
PD04702XD,"Cotizaciones internacionales - Plata (H.Harman, US$ por onzas troy)",20.May.15,17.14
PD04702XD,"Cotizaciones internacionales - Plata (H.Harman, US$ por onzas troy)",21.May.15,17.145
PD04702XD,"Cotizaciones internacionales - Plata (H.Harman, US$ por onzas troy)",22.May.15,17.16
PD04702XD,"Cotizaciones internacionales - Plata (H.Harman, US$ por onzas troy)",25.May.15,17.16
PD04702XD,"Cotizaciones internacionales - Plata (H.Harman, US$ por onzas troy)",26.May.15,16.775
PD04702XD,"Cotizaciones internacionales - Plata (H.Harman, US$ por onzas troy)",27.May.15,16.705
PD04702XD,"Cotizaciones internacionales - Plata (H.Harman, US$ por onzas troy)",28.May.15,16.68
PD04702XD,"Cotizaciones internacionales - Plata (H.Harman, US$ por onzas troy)",29.May.15,16.73
PD04702XD,"Cotizaciones internacionales - Plata (H.Harman, US$ por onzas troy)",01.Jun.15,16.895
PD04702XD,"Cotizaciones internacionales - Plata (H.Harman, US$ por onzas troy)",02.Jun.15,16.795
PD04702XD,"Cotizaciones internacionales - Plata (H.Harman, US$ por onzas troy)",03.Jun.15,16.605
PD04702XD,"Cotizaciones internacionales - Plata (H.Harman, US$ por onzas troy)",04.Jun.15,16.19
PD04702XD,"Cotizaciones internacionales - Plata (H.Harman, US$ por onzas troy)",05.Jun.15,16.055
PD04702XD,"Cotizaciones internacionales - Plata (H.Harman, US$ por onzas troy)",08.Jun.15,15.94
PD04702XD,"Cotizaciones internacionales - Plata (H.Harman, US$ por onzas troy)",09.Jun.15,16
PD04702XD,"Cotizaciones internacionales - Plata (H.Harman, US$ por onzas troy)",10.Jun.15,16.005
PD04702XD,"Cotizaciones internacionales - Plata (H.Harman, US$ por onzas troy)",11.Jun.15,15.94
PD04702XD,"Cotizaciones internacionales - Plata (H.Harman, US$ por onzas troy)",12.Jun.15,15.9
PD04702XD,"Cotizaciones internacionales - Plata (H.Harman, US$ por onzas troy)",15.Jun.15,16.2
PD04702XD,"Cotizaciones internacionales - Plata (H.Harman, US$ por onzas troy)",16.Jun.15,15.975
PD04702XD,"Cotizaciones internacionales - Plata (H.Harman, US$ por onzas troy)",17.Jun.15,16.03
PD04702XD,"Cotizaciones internacionales - Plata (H.Harman, US$ por onzas troy)",18.Jun.15,16.18
PD04702XD,"Cotizaciones internacionales - Plata (H.Harman, US$ por onzas troy)",19.Jun.15,16.085
PD04702XD,"Cotizaciones internacionales - Plata (H.Harman, US$ por onzas troy)",22.Jun.15,16.145
PD04702XD,"Cotizaciones internacionales - Plata (H.Harman, US$ por onzas troy)",23.Jun.15,15.785
PD04702XD,"Cotizaciones internacionales - Plata (H.Harman, US$ por onzas troy)",24.Jun.15,15.855
PD04702XD,"Cotizaciones internacionales - Plata (H.Harman, US$ por onzas troy)",25.Jun.15,15.845
PD04702XD,"Cotizaciones internacionales - Plata (H.Harman, US$ por onzas troy)",26.Jun.15,15.785
PD04702XD,"Cotizaciones internacionales - Plata (H.Harman, US$ por onzas troy)",29.Jun.15,15.715
PD04702XD,"Cotizaciones internacionales - Plata (H.Harman, US$ por onzas troy)",30.Jun.15,15.715
PD04702XD,"Cotizaciones internacionales - Plata (H.Harman, US$ por onzas troy)",01.Jul.15,15.62
PD04702XD,"Cotizaciones internacionales - Plata (H.Harman, US$ por onzas troy)",02.Jul.15,15.585
PD04702XD,"Cotizaciones internacionales - Plata (H.Harman, US$ por onzas troy)",03.Jul.15,15.585
PD04702XD,"Cotizaciones internacionales - Plata (H.Harman, US$ por onzas troy)",06.Jul.15,15.685
PD04702XD,"Cotizaciones internacionales - Plata (H.Harman, US$ por onzas troy)",07.Jul.15,14.98
PD04702XD,"Cotizaciones internacionales - Plata (H.Harman, US$ por onzas troy)",08.Jul.15,15.125
PD04702XD,"Cotizaciones internacionales - Plata (H.Harman, US$ por onzas troy)",09.Jul.15,15.4
PD04702XD,"Cotizaciones internacionales - Plata (H.Harman, US$ por onzas troy)",10.Jul.15,15.535
PD04702XD,"Cotizaciones internacionales - Plata (H.Harman, US$ por onzas troy)",13.Jul.15,15.455
PD04702XD,"Cotizaciones internacionales - Plata (H.Harman, US$ por onzas troy)",14.Jul.15,15.345
PD04702XD,"Cotizaciones internacionales - Plata (H.Harman, US$ por onzas troy)",15.Jul.15,15.02
PD04702XD,"Cotizaciones internacionales - Plata (H.Harman, US$ por onzas troy)",16.Jul.15,15.015
PD04702XD,"Cotizaciones internacionales - Plata (H.Harman, US$ por onzas troy)",17.Jul.15,14.855
PD04702XD,"Cotizaciones internacionales - Plata (H.Harman, US$ por onzas troy)",20.Jul.15,14.87
PD04702XD,"Cotizaciones internacionales - Plata (H.Harman, US$ por onzas troy)",21.Jul.15,14.82
PD04702XD,"Cotizaciones internacionales - Plata (H.Harman, US$ por onzas troy)",22.Jul.15,14.83
PD04702XD,"Cotizaciones internacionales - Plata (H.Harman, US$ por onzas troy)",23.Jul.15,14.715
PD04702XD,"Cotizaciones internacionales - Plata (H.Harman, US$ por onzas troy)",24.Jul.15,14.525
PD04702XD,"Cotizaciones internacionales - Plata (H.Harman, US$ por onzas troy)",27.Jul.15,14.67
PD04702XD,"Cotizaciones internacionales - Plata (H.Harman, US$ por onzas troy)",28.Jul.15,14.665
PD04702XD,"Cotizaciones internacionales - Plata (H.Harman, US$ por onzas troy)",29.Jul.15,14.85
PD04702XD,"Cotizaciones internacionales - Plata (H.Harman, US$ por onzas troy)",30.Jul.15,14.78
PD04702XD,"Cotizaciones internacionales - Plata (H.Harman, US$ por onzas troy)",31.Jul.15,14.825
PD04702XD,"Cotizaciones internacionales - Plata (H.Harman, US$ por onzas troy)",03.Ago.15,14.63
PD04702XD,"Cotizaciones internacionales - Plata (H.Harman, US$ por onzas troy)",04.Ago.15,14.63
PD04702XD,"Cotizaciones internacionales - Plata (H.Harman, US$ por onzas troy)",05.Ago.15,14.54
PD04702XD,"Cotizaciones internacionales - Plata (H.Harman, US$ por onzas troy)",06.Ago.15,14.665
PD04702XD,"Cotizaciones internacionales - Plata (H.Harman, US$ por onzas troy)",07.Ago.15,14.915
PD04702XD,"Cotizaciones internacionales - Plata (H.Harman, US$ por onzas troy)",10.Ago.15,15.325
PD04702XD,"Cotizaciones internacionales - Plata (H.Harman, US$ por onzas troy)",11.Ago.15,15.265
PD04702XD,"Cotizaciones internacionales - Plata (H.Harman, US$ por onzas troy)",12.Ago.15,15.565
PD04702XD,"Cotizaciones internacionales - Plata (H.Harman, US$ por onzas troy)",13.Ago.15,15.465
PD04702XD,"Cotizaciones internacionales - Plata (H.Harman, US$ por onzas troy)",14.Ago.15,15.24
PD04702XD,"Cotizaciones internacionales - Plata (H.Harman, US$ por onzas troy)",17.Ago.15,15.32
PD04702XD,"Cotizaciones internacionales - Plata (H.Harman, US$ por onzas troy)",18.Ago.15,14.835
PD04702XD,"Cotizaciones internacionales - Plata (H.Harman, US$ por onzas troy)",19.Ago.15,15.225
PD04702XD,"Cotizaciones internacionales - Plata (H.Harman, US$ por onzas troy)",20.Ago.15,15.525
PD04702XD,"Cotizaciones internacionales - Plata (H.Harman, US$ por onzas troy)",21.Ago.15,15.31
PD04702XD,"Cotizaciones internacionales - Plata (H.Harman, US$ por onzas troy)",24.Ago.15,14.93
PD04702XD,"Cotizaciones internacionales - Plata (H.Harman, US$ por onzas troy)",25.Ago.15,14.67
PD04702XD,"Cotizaciones internacionales - Plata (H.Harman, US$ por onzas troy)",26.Ago.15,14.11
PD04702XD,"Cotizaciones internacionales - Plata (H.Harman, US$ por onzas troy)",27.Ago.15,14.48
PD04702XD,"Cotizaciones internacionales - Plata (H.Harman, US$ por onzas troy)",28.Ago.15,14.465
PD04702XD,"Cotizaciones internacionales - Plata (H.Harman, US$ por onzas troy)",31.Ago.15,14.655
PD04702XD,"Cotizaciones internacionales - Plata (H.Harman, US$ por onzas troy)",01.Set.15,14.625
PD04702XD,"Cotizaciones internacionales - Plata (H.Harman, US$ por onzas troy)",02.Set.15,14.57
PD04702XD,"Cotizaciones internacionales - Plata (H.Harman, US$ por onzas troy)",03.Set.15,14.67
PD04702XD,"Cotizaciones internacionales - Plata (H.Harman, US$ por onzas troy)",04.Set.15,14.605
PD04702XD,"Cotizaciones internacionales - Plata (H.Harman, US$ por onzas troy)",07.Set.15,14.605
PD04702XD,"Cotizaciones internacionales - Plata (H.Harman, US$ por onzas troy)",08.Set.15,14.85
PD04702XD,"Cotizaciones internacionales - Plata (H.Harman, US$ por onzas troy)",09.Set.15,14.625
PD04702XD,"Cotizaciones internacionales - Plata (H.Harman, US$ por onzas troy)",10.Set.15,14.705
PD04702XD,"Cotizaciones internacionales - Plata (H.Harman, US$ por onzas troy)",11.Set.15,14.375
PD04702XD,"Cotizaciones internacionales - Plata (H.Harman, US$ por onzas troy)",14.Set.15,14.405
PD04702XD,"Cotizaciones internacionales - Plata (H.Harman, US$ por onzas troy)",15.Set.15,14.365
PD04702XD,"Cotizaciones internacionales - Plata (H.Harman, US$ por onzas troy)",16.Set.15,14.89
PD04702XD,"Cotizaciones internacionales - Plata (H.Harman, US$ por onzas troy)",17.Set.15,14.935
PD04702XD,"Cotizaciones internacionales - Plata (H.Harman, US$ por onzas troy)",18.Set.15,15.19
PD04702XD,"Cotizaciones internacionales - Plata (H.Harman, US$ por onzas troy)",21.Set.15,15.24
PD04702XD,"Cotizaciones internacionales - Plata (H.Harman, US$ por onzas troy)",22.Set.15,14.8
PD04702XD,"Cotizaciones internacionales - Plata (H.Harman, US$ por onzas troy)",23.Set.15,14.825
PD04702XD,"Cotizaciones internacionales - Plata (H.Harman, US$ por onzas troy)",24.Set.15,15.15
PD04702XD,"Cotizaciones internacionales - Plata (H.Harman, US$ por onzas troy)",25.Set.15,15.125
PD04702XD,"Cotizaciones internacionales - Plata (H.Harman, US$ por onzas troy)",28.Set.15,14.575
PD04702XD,"Cotizaciones internacionales - Plata (H.Harman, US$ por onzas troy)",29.Set.15,14.68
PD04702XD,"Cotizaciones internacionales - Plata (H.Harman, US$ por onzas troy)",30.Set.15,14.55
PD04702XD,"Cotizaciones internacionales - Plata (H.Harman, US$ por onzas troy)",01.Oct.15,14.6
PD04702XD,"Cotizaciones internacionales - Plata (H.Harman, US$ por onzas troy)",02.Oct.15,15.265
PD04702XD,"Cotizaciones internacionales - Plata (H.Harman, US$ por onzas troy)",05.Oct.15,15.585
PD04702XD,"Cotizaciones internacionales - Plata (H.Harman, US$ por onzas troy)",06.Oct.15,16.015
PD04702XD,"Cotizaciones internacionales - Plata (H.Harman, US$ por onzas troy)",07.Oct.15,16.01
PD04702XD,"Cotizaciones internacionales - Plata (H.Harman, US$ por onzas troy)",08.Oct.15,15.72
PD04702XD,"Cotizaciones internacionales - Plata (H.Harman, US$ por onzas troy)",09.Oct.15,15.89
PD04702XD,"Cotizaciones internacionales - Plata (H.Harman, US$ por onzas troy)",12.Oct.15,15.905
PD04702XD,"Cotizaciones internacionales - Plata (H.Harman, US$ por onzas troy)",13.Oct.15,15.97
PD04702XD,"Cotizaciones internacionales - Plata (H.Harman, US$ por onzas troy)",14.Oct.15,16.12
PD04702XD,"Cotizaciones internacionales - Plata (H.Harman, US$ por onzas troy)",15.Oct.15,16.165
PD04702XD,"Cotizaciones internacionales - Plata (H.Harman, US$ por onzas troy)",16.Oct.15,16.1
PD04702XD,"Cotizaciones internacionales - Plata (H.Harman, US$ por onzas troy)",19.Oct.15,15.835
PD04702XD,"Cotizaciones internacionales - Plata (H.Harman, US$ por onzas troy)",20.Oct.15,15.825
PD04702XD,"Cotizaciones internacionales - Plata (H.Harman, US$ por onzas troy)",21.Oct.15,15.715
PD04702XD,"Cotizaciones internacionales - Plata (H.Harman, US$ por onzas troy)",22.Oct.15,15.875
PD04702XD,"Cotizaciones internacionales - Plata (H.Harman, US$ por onzas troy)",23.Oct.15,15.855
PD04702XD,"Cotizaciones internacionales - Plata (H.Harman, US$ por onzas troy)",26.Oct.15,15.945
PD04702XD,"Cotizaciones internacionales - Plata (H.Harman, US$ por onzas troy)",27.Oct.15,15.965
PD04702XD,"Cotizaciones internacionales - Plata (H.Harman, US$ por onzas troy)",28.Oct.15,16.35
PD04702XD,"Cotizaciones internacionales - Plata (H.Harman, US$ por onzas troy)",29.Oct.15,15.6
PD04702XD,"Cotizaciones internacionales - Plata (H.Harman, US$ por onzas troy)",30.Oct.15,15.565
PD04702XD,"Cotizaciones internacionales - Plata (H.Harman, US$ por onzas troy)",02.Nov.15,15.39
PD04702XD,"Cotizaciones internacionales - Plata (H.Harman, US$ por onzas troy)",03.Nov.15,15.33
PD04702XD,"Cotizaciones internacionales - Plata (H.Harman, US$ por onzas troy)",04.Nov.15,15.185
PD04702XD,"Cotizaciones internacionales - Plata (H.Harman, US$ por onzas troy)",05.Nov.15,15.025
PD04702XD,"Cotizaciones internacionales - Plata (H.Harman, US$ por onzas troy)",06.Nov.15,14.76
PD04702XD,"Cotizaciones internacionales - Plata (H.Harman, US$ por onzas troy)",09.Nov.15,14.515
PD04702XD,"Cotizaciones internacionales - Plata (H.Harman, US$ por onzas troy)",10.Nov.15,14.445
PD04702XD,"Cotizaciones internacionales - Plata (H.Harman, US$ por onzas troy)",11.Nov.15,14.325
PD04702XD,"Cotizaciones internacionales - Plata (H.Harman, US$ por onzas troy)",12.Nov.15,14.265
PD04702XD,"Cotizaciones internacionales - Plata (H.Harman, US$ por onzas troy)",13.Nov.15,14.255
PD04702XD,"Cotizaciones internacionales - Plata (H.Harman, US$ por onzas troy)",16.Nov.15,14.225
PD04702XD,"Cotizaciones internacionales - Plata (H.Harman, US$ por onzas troy)",17.Nov.15,14.125
PD04702XD,"Cotizaciones internacionales - Plata (H.Harman, US$ por onzas troy)",18.Nov.15,14.07
PD04702XD,"Cotizaciones internacionales - Plata (H.Harman, US$ por onzas troy)",19.Nov.15,14.37
PD04702XD,"Cotizaciones internacionales - Plata (H.Harman, US$ por onzas troy)",20.Nov.15,14.13
PD04702XD,"Cotizaciones internacionales - Plata (H.Harman, US$ por onzas troy)",23.Nov.15,14.085
PD04702XD,"Cotizaciones internacionales - Plata (H.Harman, US$ por onzas troy)",24.Nov.15,14.24
PD04702XD,"Cotizaciones internacionales - Plata (H.Harman, US$ por onzas troy)",25.Nov.15,14.16
PD04702XD,"Cotizaciones internacionales - Plata (H.Harman, US$ por onzas troy)",26.Nov.15,14.16
PD04702XD,"Cotizaciones internacionales - Plata (H.Harman, US$ por onzas troy)",27.Nov.15,14.07
PD04702XD,"Cotizaciones internacionales - Plata (H.Harman, US$ por onzas troy)",30.Nov.15,14.075
PD04702XD,"Cotizaciones internacionales - Plata (H.Harman, US$ por onzas troy)",01.Dic.15,14.1
PD04702XD,"Cotizaciones internacionales - Plata (H.Harman, US$ por onzas troy)",02.Dic.15,13.97
PD04702XD,"Cotizaciones internacionales - Plata (H.Harman, US$ por onzas troy)",03.Dic.15,14.045
PD04702XD,"Cotizaciones internacionales - Plata (H.Harman, US$ por onzas troy)",04.Dic.15,14.595
PD04702XD,"Cotizaciones internacionales - Plata (H.Harman, US$ por onzas troy)",07.Dic.15,14.37
PD04702XD,"Cotizaciones internacionales - Plata (H.Harman, US$ por onzas troy)",08.Dic.15,14.125
PD04702XD,"Cotizaciones internacionales - Plata (H.Harman, US$ por onzas troy)",09.Dic.15,14.16
PD04702XD,"Cotizaciones internacionales - Plata (H.Harman, US$ por onzas troy)",10.Dic.15,14.135
PD04702XD,"Cotizaciones internacionales - Plata (H.Harman, US$ por onzas troy)",11.Dic.15,13.915
PD04702XD,"Cotizaciones internacionales - Plata (H.Harman, US$ por onzas troy)",14.Dic.15,13.725
PD04702XD,"Cotizaciones internacionales - Plata (H.Harman, US$ por onzas troy)",15.Dic.15,13.73
PD04702XD,"Cotizaciones internacionales - Plata (H.Harman, US$ por onzas troy)",16.Dic.15,14.195
PD04702XD,"Cotizaciones internacionales - Plata (H.Harman, US$ por onzas troy)",17.Dic.15,13.715
PD04702XD,"Cotizaciones internacionales - Plata (H.Harman, US$ por onzas troy)",18.Dic.15,14.14
PD04702XD,"Cotizaciones internacionales - Plata (H.Harman, US$ por onzas troy)",21.Dic.15,14.305
PD04702XD,"Cotizaciones internacionales - Plata (H.Harman, US$ por onzas troy)",22.Dic.15,14.305
PD04702XD,"Cotizaciones internacionales - Plata (H.Harman, US$ por onzas troy)",23.Dic.15,14.305
PD04702XD,"Cotizaciones internacionales - Plata (H.Harman, US$ por onzas troy)",24.Dic.15,14.4
PD04702XD,"Cotizaciones internacionales - Plata (H.Harman, US$ por onzas troy)",25.Dic.15,14.4
PD04702XD,"Cotizaciones internacionales - Plata (H.Harman, US$ por onzas troy)",28.Dic.15,13.945
PD04702XD,"Cotizaciones internacionales - Plata (H.Harman, US$ por onzas troy)",29.Dic.15,13.975
PD04702XD,"Cotizaciones internacionales - Plata (H.Harman, US$ por onzas troy)",30.Dic.15,13.87
PD04702XD,"Cotizaciones internacionales - Plata (H.Harman, US$ por onzas troy)",31.Dic.15,13.855
PD04702XD,"Cotizaciones internacionales - Plata (H.Harman, US$ por onzas troy)",01.Ene.16,n.d.
PD04702XD,"Cotizaciones internacionales - Plata (H.Harman, US$ por onzas troy)",04.Ene.16,13.895
PD04702XD,"Cotizaciones internacionales - Plata (H.Harman, US$ por onzas troy)",05.Ene.16,14.02
PD04702XD,"Cotizaciones internacionales - Plata (H.Harman, US$ por onzas troy)",06.Ene.16,13.98
PD04702XD,"Cotizaciones internacionales - Plata (H.Harman, US$ por onzas troy)",07.Ene.16,14.205
PD04702XD,"Cotizaciones internacionales - Plata (H.Harman, US$ por onzas troy)",08.Ene.16,14.04
PD04702XD,"Cotizaciones internacionales - Plata (H.Harman, US$ por onzas troy)",11.Ene.16,13.99
PD04702XD,"Cotizaciones internacionales - Plata (H.Harman, US$ por onzas troy)",12.Ene.16,13.78
PD04702XD,"Cotizaciones internacionales - Plata (H.Harman, US$ por onzas troy)",13.Ene.16,14.2
PD04702XD,"Cotizaciones internacionales - Plata (H.Harman, US$ por onzas troy)",14.Ene.16,13.82
PD04702XD,"Cotizaciones internacionales - Plata (H.Harman, US$ por onzas troy)",15.Ene.16,14
PD04702XD,"Cotizaciones internacionales - Plata (H.Harman, US$ por onzas troy)",18.Ene.16,14
PD04702XD,"Cotizaciones internacionales - Plata (H.Harman, US$ por onzas troy)",19.Ene.16,14.11
PD04702XD,"Cotizaciones internacionales - Plata (H.Harman, US$ por onzas troy)",20.Ene.16,14.135
PD04702XD,"Cotizaciones internacionales - Plata (H.Harman, US$ por onzas troy)",21.Ene.16,13.98
PD04702XD,"Cotizaciones internacionales - Plata (H.Harman, US$ por onzas troy)",22.Ene.16,14.115
PD04702XD,"Cotizaciones internacionales - Plata (H.Harman, US$ por onzas troy)",25.Ene.16,14.275
PD04702XD,"Cotizaciones internacionales - Plata (H.Harman, US$ por onzas troy)",26.Ene.16,14.51
PD04702XD,"Cotizaciones internacionales - Plata (H.Harman, US$ por onzas troy)",27.Ene.16,14.515
PD04702XD,"Cotizaciones internacionales - Plata (H.Harman, US$ por onzas troy)",28.Ene.16,14.26
PD04702XD,"Cotizaciones internacionales - Plata (H.Harman, US$ por onzas troy)",29.Ene.16,14.295
PD04702XD,"Cotizaciones internacionales - Plata (H.Harman, US$ por onzas troy)",01.Feb.16,14.335
PD04702XD,"Cotizaciones internacionales - Plata (H.Harman, US$ por onzas troy)",02.Feb.16,14.315
PD04702XD,"Cotizaciones internacionales - Plata (H.Harman, US$ por onzas troy)",03.Feb.16,14.685
PD04702XD,"Cotizaciones internacionales - Plata (H.Harman, US$ por onzas troy)",04.Feb.16,14.89
PD04702XD,"Cotizaciones internacionales - Plata (H.Harman, US$ por onzas troy)",05.Feb.16,14.755
PD04702XD,"Cotizaciones internacionales - Plata (H.Harman, US$ por onzas troy)",08.Feb.16,15.36
PD04702XD,"Cotizaciones internacionales - Plata (H.Harman, US$ por onzas troy)",09.Feb.16,15.44
PD04702XD,"Cotizaciones internacionales - Plata (H.Harman, US$ por onzas troy)",10.Feb.16,15.255
PD04702XD,"Cotizaciones internacionales - Plata (H.Harman, US$ por onzas troy)",11.Feb.16,15.925
PD04702XD,"Cotizaciones internacionales - Plata (H.Harman, US$ por onzas troy)",12.Feb.16,15.79
PD04702XD,"Cotizaciones internacionales - Plata (H.Harman, US$ por onzas troy)",15.Feb.16,15.79
PD04702XD,"Cotizaciones internacionales - Plata (H.Harman, US$ por onzas troy)",16.Feb.16,15.395
PD04702XD,"Cotizaciones internacionales - Plata (H.Harman, US$ por onzas troy)",17.Feb.16,15.425
PD04702XD,"Cotizaciones internacionales - Plata (H.Harman, US$ por onzas troy)",18.Feb.16,15.43
PD04702XD,"Cotizaciones internacionales - Plata (H.Harman, US$ por onzas troy)",19.Feb.16,15.465
PD04702XD,"Cotizaciones internacionales - Plata (H.Harman, US$ por onzas troy)",22.Feb.16,15.23
PD04702XD,"Cotizaciones internacionales - Plata (H.Harman, US$ por onzas troy)",23.Feb.16,15.335
PD04702XD,"Cotizaciones internacionales - Plata (H.Harman, US$ por onzas troy)",24.Feb.16,15.44
PD04702XD,"Cotizaciones internacionales - Plata (H.Harman, US$ por onzas troy)",25.Feb.16,15.215
PD04702XD,"Cotizaciones internacionales - Plata (H.Harman, US$ por onzas troy)",26.Feb.16,14.775
PD04702XD,"Cotizaciones internacionales - Plata (H.Harman, US$ por onzas troy)",29.Feb.16,14.885
PD04702XD,"Cotizaciones internacionales - Plata (H.Harman, US$ por onzas troy)",01.Mar.16,14.79
PD04702XD,"Cotizaciones internacionales - Plata (H.Harman, US$ por onzas troy)",02.Mar.16,15.01
PD04702XD,"Cotizaciones internacionales - Plata (H.Harman, US$ por onzas troy)",03.Mar.16,15.185
PD04702XD,"Cotizaciones internacionales - Plata (H.Harman, US$ por onzas troy)",04.Mar.16,15.73
PD04702XD,"Cotizaciones internacionales - Plata (H.Harman, US$ por onzas troy)",07.Mar.16,15.69
PD04702XD,"Cotizaciones internacionales - Plata (H.Harman, US$ por onzas troy)",08.Mar.16,15.475
PD04702XD,"Cotizaciones internacionales - Plata (H.Harman, US$ por onzas troy)",09.Mar.16,15.405
PD04702XD,"Cotizaciones internacionales - Plata (H.Harman, US$ por onzas troy)",10.Mar.16,15.58
PD04702XD,"Cotizaciones internacionales - Plata (H.Harman, US$ por onzas troy)",11.Mar.16,15.655
PD04702XD,"Cotizaciones internacionales - Plata (H.Harman, US$ por onzas troy)",14.Mar.16,15.52
PD04702XD,"Cotizaciones internacionales - Plata (H.Harman, US$ por onzas troy)",15.Mar.16,15.35
PD04702XD,"Cotizaciones internacionales - Plata (H.Harman, US$ por onzas troy)",16.Mar.16,15.295
PD04702XD,"Cotizaciones internacionales - Plata (H.Harman, US$ por onzas troy)",17.Mar.16,16.04
PD04702XD,"Cotizaciones internacionales - Plata (H.Harman, US$ por onzas troy)",18.Mar.16,15.885
PD04702XD,"Cotizaciones internacionales - Plata (H.Harman, US$ por onzas troy)",21.Mar.16,15.905
PD04702XD,"Cotizaciones internacionales - Plata (H.Harman, US$ por onzas troy)",22.Mar.16,15.89
PD04702XD,"Cotizaciones internacionales - Plata (H.Harman, US$ por onzas troy)",23.Mar.16,15.355
PD04702XD,"Cotizaciones internacionales - Plata (H.Harman, US$ por onzas troy)",24.Mar.16,15.28
PD04702XD,"Cotizaciones internacionales - Plata (H.Harman, US$ por onzas troy)",25.Mar.16,15.28
PD04702XD,"Cotizaciones internacionales - Plata (H.Harman, US$ por onzas troy)",28.Mar.16,15.275
PD04702XD,"Cotizaciones internacionales - Plata (H.Harman, US$ por onzas troy)",29.Mar.16,15.185
PD04702XD,"Cotizaciones internacionales - Plata (H.Harman, US$ por onzas troy)",30.Mar.16,15.255
PD04702XD,"Cotizaciones internacionales - Plata (H.Harman, US$ por onzas troy)",31.Mar.16,15.465
PD04702XD,"Cotizaciones internacionales - Plata (H.Harman, US$ por onzas troy)",01.Abr.16,14.92
PD04702XD,"Cotizaciones internacionales - Plata (H.Harman, US$ por onzas troy)",04.Abr.16,15.05
PD04702XD,"Cotizaciones internacionales - Plata (H.Harman, US$ por onzas troy)",05.Abr.16,15.195
PD04702XD,"Cotizaciones internacionales - Plata (H.Harman, US$ por onzas troy)",06.Abr.16,15.195
PD04702XD,"Cotizaciones internacionales - Plata (H.Harman, US$ por onzas troy)",07.Abr.16,15.29
PD04702XD,"Cotizaciones internacionales - Plata (H.Harman, US$ por onzas troy)",08.Abr.16,15.36
PD04702XD,"Cotizaciones internacionales - Plata (H.Harman, US$ por onzas troy)",11.Abr.16,15.955
PD04702XD,"Cotizaciones internacionales - Plata (H.Harman, US$ por onzas troy)",12.Abr.16,16.175
PD04702XD,"Cotizaciones internacionales - Plata (H.Harman, US$ por onzas troy)",13.Abr.16,16.255
PD04702XD,"Cotizaciones internacionales - Plata (H.Harman, US$ por onzas troy)",14.Abr.16,16.17
PD04702XD,"Cotizaciones internacionales - Plata (H.Harman, US$ por onzas troy)",15.Abr.16,16.3
PD04702XD,"Cotizaciones internacionales - Plata (H.Harman, US$ por onzas troy)",18.Abr.16,16.285
PD04702XD,"Cotizaciones internacionales - Plata (H.Harman, US$ por onzas troy)",19.Abr.16,17.035
PD04702XD,"Cotizaciones internacionales - Plata (H.Harman, US$ por onzas troy)",20.Abr.16,17.165
PD04702XD,"Cotizaciones internacionales - Plata (H.Harman, US$ por onzas troy)",21.Abr.16,17.17
PD04702XD,"Cotizaciones internacionales - Plata (H.Harman, US$ por onzas troy)",22.Abr.16,17.075
PD04702XD,"Cotizaciones internacionales - Plata (H.Harman, US$ por onzas troy)",25.Abr.16,17.06
PD04702XD,"Cotizaciones internacionales - Plata (H.Harman, US$ por onzas troy)",26.Abr.16,17.17
PD04702XD,"Cotizaciones internacionales - Plata (H.Harman, US$ por onzas troy)",27.Abr.16,17.27
PD04702XD,"Cotizaciones internacionales - Plata (H.Harman, US$ por onzas troy)",28.Abr.16,17.565
PD04702XD,"Cotizaciones internacionales - Plata (H.Harman, US$ por onzas troy)",29.Abr.16,17.905
PD04702XD,"Cotizaciones internacionales - Plata (H.Harman, US$ por onzas troy)",02.May.16,17.765
PD04702XD,"Cotizaciones internacionales - Plata (H.Harman, US$ por onzas troy)",03.May.16,17.42
PD04702XD,"Cotizaciones internacionales - Plata (H.Harman, US$ por onzas troy)",04.May.16,17.355
PD04702XD,"Cotizaciones internacionales - Plata (H.Harman, US$ por onzas troy)",05.May.16,17.36
PD04702XD,"Cotizaciones internacionales - Plata (H.Harman, US$ por onzas troy)",06.May.16,17.59
PD04702XD,"Cotizaciones internacionales - Plata (H.Harman, US$ por onzas troy)",09.May.16,17.03
PD04702XD,"Cotizaciones internacionales - Plata (H.Harman, US$ por onzas troy)",10.May.16,17.085
PD04702XD,"Cotizaciones internacionales - Plata (H.Harman, US$ por onzas troy)",11.May.16,17.46
PD04702XD,"Cotizaciones internacionales - Plata (H.Harman, US$ por onzas troy)",12.May.16,17.12
PD04702XD,"Cotizaciones internacionales - Plata (H.Harman, US$ por onzas troy)",13.May.16,17.12
PD04702XD,"Cotizaciones internacionales - Plata (H.Harman, US$ por onzas troy)",16.May.16,17.255
PD04702XD,"Cotizaciones internacionales - Plata (H.Harman, US$ por onzas troy)",17.May.16,17.34
PD04702XD,"Cotizaciones internacionales - Plata (H.Harman, US$ por onzas troy)",18.May.16,17.15
PD04702XD,"Cotizaciones internacionales - Plata (H.Harman, US$ por onzas troy)",19.May.16,16.54
PD04702XD,"Cotizaciones internacionales - Plata (H.Harman, US$ por onzas troy)",20.May.16,16.5
PD04702XD,"Cotizaciones internacionales - Plata (H.Harman, US$ por onzas troy)",23.May.16,16.42
PD04702XD,"Cotizaciones internacionales - Plata (H.Harman, US$ por onzas troy)",24.May.16,16.305
PD04702XD,"Cotizaciones internacionales - Plata (H.Harman, US$ por onzas troy)",25.May.16,16.35
PD04702XD,"Cotizaciones internacionales - Plata (H.Harman, US$ por onzas troy)",26.May.16,16.405
PD04702XD,"Cotizaciones internacionales - Plata (H.Harman, US$ por onzas troy)",27.May.16,16.285
PD04702XD,"Cotizaciones internacionales - Plata (H.Harman, US$ por onzas troy)",30.May.16,16.285
PD04702XD,"Cotizaciones internacionales - Plata (H.Harman, US$ por onzas troy)",31.May.16,16.035
PD04702XD,"Cotizaciones internacionales - Plata (H.Harman, US$ por onzas troy)",01.Jun.16,15.995
PD04702XD,"Cotizaciones internacionales - Plata (H.Harman, US$ por onzas troy)",02.Jun.16,16.055
PD04702XD,"Cotizaciones internacionales - Plata (H.Harman, US$ por onzas troy)",03.Jun.16,16.375
PD04702XD,"Cotizaciones internacionales - Plata (H.Harman, US$ por onzas troy)",06.Jun.16,16.48
PD04702XD,"Cotizaciones internacionales - Plata (H.Harman, US$ por onzas troy)",07.Jun.16,16.38
PD04702XD,"Cotizaciones internacionales - Plata (H.Harman, US$ por onzas troy)",08.Jun.16,17.08
PD04702XD,"Cotizaciones internacionales - Plata (H.Harman, US$ por onzas troy)",09.Jun.16,17.28
PD04702XD,"Cotizaciones internacionales - Plata (H.Harman, US$ por onzas troy)",10.Jun.16,17.285
PD04702XD,"Cotizaciones internacionales - Plata (H.Harman, US$ por onzas troy)",13.Jun.16,17.425
PD04702XD,"Cotizaciones internacionales - Plata (H.Harman, US$ por onzas troy)",14.Jun.16,17.355
PD04702XD,"Cotizaciones internacionales - Plata (H.Harman, US$ por onzas troy)",15.Jun.16,17.51
PD04702XD,"Cotizaciones internacionales - Plata (H.Harman, US$ por onzas troy)",16.Jun.16,17.71
PD04702XD,"Cotizaciones internacionales - Plata (H.Harman, US$ por onzas troy)",17.Jun.16,17.365
PD04702XD,"Cotizaciones internacionales - Plata (H.Harman, US$ por onzas troy)",20.Jun.16,17.525
PD04702XD,"Cotizaciones internacionales - Plata (H.Harman, US$ por onzas troy)",21.Jun.16,17.315
PD04702XD,"Cotizaciones internacionales - Plata (H.Harman, US$ por onzas troy)",22.Jun.16,17.34
PD04702XD,"Cotizaciones internacionales - Plata (H.Harman, US$ por onzas troy)",23.Jun.16,17.385
PD04702XD,"Cotizaciones internacionales - Plata (H.Harman, US$ por onzas troy)",24.Jun.16,17.82
PD04702XD,"Cotizaciones internacionales - Plata (H.Harman, US$ por onzas troy)",27.Jun.16,17.75
PD04702XD,"Cotizaciones internacionales - Plata (H.Harman, US$ por onzas troy)",28.Jun.16,17.865
PD04702XD,"Cotizaciones internacionales - Plata (H.Harman, US$ por onzas troy)",29.Jun.16,18.45
PD04702XD,"Cotizaciones internacionales - Plata (H.Harman, US$ por onzas troy)",30.Jun.16,18.55
PD04702XD,"Cotizaciones internacionales - Plata (H.Harman, US$ por onzas troy)",01.Jul.16,19.54
PD04702XD,"Cotizaciones internacionales - Plata (H.Harman, US$ por onzas troy)",04.Jul.16,19.54
PD04702XD,"Cotizaciones internacionales - Plata (H.Harman, US$ por onzas troy)",05.Jul.16,19.835
PD04702XD,"Cotizaciones internacionales - Plata (H.Harman, US$ por onzas troy)",06.Jul.16,20.165
PD04702XD,"Cotizaciones internacionales - Plata (H.Harman, US$ por onzas troy)",07.Jul.16,19.67
PD04702XD,"Cotizaciones internacionales - Plata (H.Harman, US$ por onzas troy)",08.Jul.16,19.945
PD04702XD,"Cotizaciones internacionales - Plata (H.Harman, US$ por onzas troy)",11.Jul.16,20.465
PD04702XD,"Cotizaciones internacionales - Plata (H.Harman, US$ por onzas troy)",12.Jul.16,20.34
PD04702XD,"Cotizaciones internacionales - Plata (H.Harman, US$ por onzas troy)",13.Jul.16,20.345
PD04702XD,"Cotizaciones internacionales - Plata (H.Harman, US$ por onzas troy)",14.Jul.16,20.305
PD04702XD,"Cotizaciones internacionales - Plata (H.Harman, US$ por onzas troy)",15.Jul.16,20.145
PD04702XD,"Cotizaciones internacionales - Plata (H.Harman, US$ por onzas troy)",18.Jul.16,20.045
PD04702XD,"Cotizaciones internacionales - Plata (H.Harman, US$ por onzas troy)",19.Jul.16,19.995
PD04702XD,"Cotizaciones internacionales - Plata (H.Harman, US$ por onzas troy)",20.Jul.16,19.64
PD04702XD,"Cotizaciones internacionales - Plata (H.Harman, US$ por onzas troy)",21.Jul.16,19.71
PD04702XD,"Cotizaciones internacionales - Plata (H.Harman, US$ por onzas troy)",22.Jul.16,19.69
PD04702XD,"Cotizaciones internacionales - Plata (H.Harman, US$ por onzas troy)",25.Jul.16,19.71
PD04702XD,"Cotizaciones internacionales - Plata (H.Harman, US$ por onzas troy)",26.Jul.16,19.69
PD04702XD,"Cotizaciones internacionales - Plata (H.Harman, US$ por onzas troy)",27.Jul.16,20.035
PD04702XD,"Cotizaciones internacionales - Plata (H.Harman, US$ por onzas troy)",28.Jul.16,20.23
PD04702XD,"Cotizaciones internacionales - Plata (H.Harman, US$ por onzas troy)",29.Jul.16,20.335
PD04702XD,"Cotizaciones internacionales - Plata (H.Harman, US$ por onzas troy)",01.Ago.16,20.595
PD04702XD,"Cotizaciones internacionales - Plata (H.Harman, US$ por onzas troy)",02.Ago.16,20.69
PD04702XD,"Cotizaciones internacionales - Plata (H.Harman, US$ por onzas troy)",03.Ago.16,20.445
PD04702XD,"Cotizaciones internacionales - Plata (H.Harman, US$ por onzas troy)",04.Ago.16,20.445
PD04702XD,"Cotizaciones internacionales - Plata (H.Harman, US$ por onzas troy)",05.Ago.16,19.765
PD04702XD,"Cotizaciones internacionales - Plata (H.Harman, US$ por onzas troy)",08.Ago.16,19.825
PD04702XD,"Cotizaciones internacionales - Plata (H.Harman, US$ por onzas troy)",09.Ago.16,19.845
PD04702XD,"Cotizaciones internacionales - Plata (H.Harman, US$ por onzas troy)",10.Ago.16,20.245
PD04702XD,"Cotizaciones internacionales - Plata (H.Harman, US$ por onzas troy)",11.Ago.16,20.12
PD04702XD,"Cotizaciones internacionales - Plata (H.Harman, US$ por onzas troy)",12.Ago.16,20.16
PD04702XD,"Cotizaciones internacionales - Plata (H.Harman, US$ por onzas troy)",15.Ago.16,19.875
PD04702XD,"Cotizaciones internacionales - Plata (H.Harman, US$ por onzas troy)",16.Ago.16,19.885
PD04702XD,"Cotizaciones internacionales - Plata (H.Harman, US$ por onzas troy)",17.Ago.16,19.595
PD04702XD,"Cotizaciones internacionales - Plata (H.Harman, US$ por onzas troy)",18.Ago.16,19.76
PD04702XD,"Cotizaciones internacionales - Plata (H.Harman, US$ por onzas troy)",19.Ago.16,19.38
PD04702XD,"Cotizaciones internacionales - Plata (H.Harman, US$ por onzas troy)",22.Ago.16,18.97
PD04702XD,"Cotizaciones internacionales - Plata (H.Harman, US$ por onzas troy)",23.Ago.16,18.905
PD04702XD,"Cotizaciones internacionales - Plata (H.Harman, US$ por onzas troy)",24.Ago.16,18.585
PD04702XD,"Cotizaciones internacionales - Plata (H.Harman, US$ por onzas troy)",25.Ago.16,18.54
PD04702XD,"Cotizaciones internacionales - Plata (H.Harman, US$ por onzas troy)",26.Ago.16,18.725
PD04702XD,"Cotizaciones internacionales - Plata (H.Harman, US$ por onzas troy)",29.Ago.16,18.785
PD04702XD,"Cotizaciones internacionales - Plata (H.Harman, US$ por onzas troy)",30.Ago.16,18.63
PD04702XD,"Cotizaciones internacionales - Plata (H.Harman, US$ por onzas troy)",31.Ago.16,18.72
PD04702XD,"Cotizaciones internacionales - Plata (H.Harman, US$ por onzas troy)",01.Set.16,18.845
PD04702XD,"Cotizaciones internacionales - Plata (H.Harman, US$ por onzas troy)",02.Set.16,19.25
PD04702XD,"Cotizaciones internacionales - Plata (H.Harman, US$ por onzas troy)",05.Set.16,19.25
PD04702XD,"Cotizaciones internacionales - Plata (H.Harman, US$ por onzas troy)",06.Set.16,19.82
PD04702XD,"Cotizaciones internacionales - Plata (H.Harman, US$ por onzas troy)",07.Set.16,19.79
PD04702XD,"Cotizaciones internacionales - Plata (H.Harman, US$ por onzas troy)",08.Set.16,19.7
PD04702XD,"Cotizaciones internacionales - Plata (H.Harman, US$ por onzas troy)",09.Set.16,19.41
PD04702XD,"Cotizaciones internacionales - Plata (H.Harman, US$ por onzas troy)",12.Set.16,18.845
PD04702XD,"Cotizaciones internacionales - Plata (H.Harman, US$ por onzas troy)",13.Set.16,18.955
PD04702XD,"Cotizaciones internacionales - Plata (H.Harman, US$ por onzas troy)",14.Set.16,19.06
PD04702XD,"Cotizaciones internacionales - Plata (H.Harman, US$ por onzas troy)",15.Set.16,19.11
PD04702XD,"Cotizaciones internacionales - Plata (H.Harman, US$ por onzas troy)",16.Set.16,18.795
PD04702XD,"Cotizaciones internacionales - Plata (H.Harman, US$ por onzas troy)",19.Set.16,19.265
PD04702XD,"Cotizaciones internacionales - Plata (H.Harman, US$ por onzas troy)",20.Set.16,19.255
PD04702XD,"Cotizaciones internacionales - Plata (H.Harman, US$ por onzas troy)",21.Set.16,19.75
PD04702XD,"Cotizaciones internacionales - Plata (H.Harman, US$ por onzas troy)",22.Set.16,20.055
PD04702XD,"Cotizaciones internacionales - Plata (H.Harman, US$ por onzas troy)",23.Set.16,19.8
PD04702XD,"Cotizaciones internacionales - Plata (H.Harman, US$ por onzas troy)",26.Set.16,19.565
PD04702XD,"Cotizaciones internacionales - Plata (H.Harman, US$ por onzas troy)",27.Set.16,19.085
PD04702XD,"Cotizaciones internacionales - Plata (H.Harman, US$ por onzas troy)",28.Set.16,19.09
PD04702XD,"Cotizaciones internacionales - Plata (H.Harman, US$ por onzas troy)",29.Set.16,19.14
PD04702XD,"Cotizaciones internacionales - Plata (H.Harman, US$ por onzas troy)",30.Set.16,19.34
PD04702XD,"Cotizaciones internacionales - Plata (H.Harman, US$ por onzas troy)",03.Oct.16,18.95
PD04702XD,"Cotizaciones internacionales - Plata (H.Harman, US$ por onzas troy)",04.Oct.16,18.082
PD04702XD,"Cotizaciones internacionales - Plata (H.Harman, US$ por onzas troy)",05.Oct.16,18.082
PD04702XD,"Cotizaciones internacionales - Plata (H.Harman, US$ por onzas troy)",06.Oct.16,17.355
PD04702XD,"Cotizaciones internacionales - Plata (H.Harman, US$ por onzas troy)",07.Oct.16,17.23
PD04702XD,"Cotizaciones internacionales - Plata (H.Harman, US$ por onzas troy)",10.Oct.16,17.68
PD04702XD,"Cotizaciones internacionales - Plata (H.Harman, US$ por onzas troy)",11.Oct.16,17.545
PD04702XD,"Cotizaciones internacionales - Plata (H.Harman, US$ por onzas troy)",12.Oct.16,17.455
PD04702XD,"Cotizaciones internacionales - Plata (H.Harman, US$ por onzas troy)",13.Oct.16,17.46
PD04702XD,"Cotizaciones internacionales - Plata (H.Harman, US$ por onzas troy)",14.Oct.16,17.4
PD04702XD,"Cotizaciones internacionales - Plata (H.Harman, US$ por onzas troy)",17.Oct.16,17.435
PD04702XD,"Cotizaciones internacionales - Plata (H.Harman, US$ por onzas troy)",18.Oct.16,17.685
PD04702XD,"Cotizaciones internacionales - Plata (H.Harman, US$ por onzas troy)",19.Oct.16,17.69
PD04702XD,"Cotizaciones internacionales - Plata (H.Harman, US$ por onzas troy)",20.Oct.16,17.53
PD04702XD,"Cotizaciones internacionales - Plata (H.Harman, US$ por onzas troy)",21.Oct.16,17.445
PD04702XD,"Cotizaciones internacionales - Plata (H.Harman, US$ por onzas troy)",24.Oct.16,17.445
PD04702XD,"Cotizaciones internacionales - Plata (H.Harman, US$ por onzas troy)",25.Oct.16,17.765
PD04702XD,"Cotizaciones internacionales - Plata (H.Harman, US$ por onzas troy)",26.Oct.16,17.675
PD04702XD,"Cotizaciones internacionales - Plata (H.Harman, US$ por onzas troy)",27.Oct.16,17.645
PD04702XD,"Cotizaciones internacionales - Plata (H.Harman, US$ por onzas troy)",28.Oct.16,17.67
PD04702XD,"Cotizaciones internacionales - Plata (H.Harman, US$ por onzas troy)",31.Oct.16,17.83
PD04702XD,"Cotizaciones internacionales - Plata (H.Harman, US$ por onzas troy)",01.Nov.16,18.385
PD04702XD,"Cotizaciones internacionales - Plata (H.Harman, US$ por onzas troy)",02.Nov.16,18.675
PD04702XD,"Cotizaciones internacionales - Plata (H.Harman, US$ por onzas troy)",03.Nov.16,18.29
PD04702XD,"Cotizaciones internacionales - Plata (H.Harman, US$ por onzas troy)",04.Nov.16,18.42
PD04702XD,"Cotizaciones internacionales - Plata (H.Harman, US$ por onzas troy)",07.Nov.16,18.11
PD04702XD,"Cotizaciones internacionales - Plata (H.Harman, US$ por onzas troy)",08.Nov.16,18.405
PD04702XD,"Cotizaciones internacionales - Plata (H.Harman, US$ por onzas troy)",09.Nov.16,18.705
PD04702XD,"Cotizaciones internacionales - Plata (H.Harman, US$ por onzas troy)",10.Nov.16,18.56
PD04702XD,"Cotizaciones internacionales - Plata (H.Harman, US$ por onzas troy)",11.Nov.16,17.715
PD04702XD,"Cotizaciones internacionales - Plata (H.Harman, US$ por onzas troy)",14.Nov.16,16.86
PD04702XD,"Cotizaciones internacionales - Plata (H.Harman, US$ por onzas troy)",15.Nov.16,17.065
PD04702XD,"Cotizaciones internacionales - Plata (H.Harman, US$ por onzas troy)",16.Nov.16,16.965
PD04702XD,"Cotizaciones internacionales - Plata (H.Harman, US$ por onzas troy)",17.Nov.16,16.945
PD04702XD,"Cotizaciones internacionales - Plata (H.Harman, US$ por onzas troy)",18.Nov.16,16.6
PD04702XD,"Cotizaciones internacionales - Plata (H.Harman, US$ por onzas troy)",21.Nov.16,16.59
PD04702XD,"Cotizaciones internacionales - Plata (H.Harman, US$ por onzas troy)",22.Nov.16,16.665
PD04702XD,"Cotizaciones internacionales - Plata (H.Harman, US$ por onzas troy)",23.Nov.16,16.37
PD04702XD,"Cotizaciones internacionales - Plata (H.Harman, US$ por onzas troy)",24.Nov.16,16.37
PD04702XD,"Cotizaciones internacionales - Plata (H.Harman, US$ por onzas troy)",25.Nov.16,16.52
PD04702XD,"Cotizaciones internacionales - Plata (H.Harman, US$ por onzas troy)",28.Nov.16,16.595
PD04702XD,"Cotizaciones internacionales - Plata (H.Harman, US$ por onzas troy)",29.Nov.16,16.605
PD04702XD,"Cotizaciones internacionales - Plata (H.Harman, US$ por onzas troy)",30.Nov.16,16.51
PD04702XD,"Cotizaciones internacionales - Plata (H.Harman, US$ por onzas troy)",01.Dic.16,16.51
PD04702XD,"Cotizaciones internacionales - Plata (H.Harman, US$ por onzas troy)",02.Dic.16,16.51
PD04702XD,"Cotizaciones internacionales - Plata (H.Harman, US$ por onzas troy)",05.Dic.16,16.735
PD04702XD,"Cotizaciones internacionales - Plata (H.Harman, US$ por onzas troy)",06.Dic.16,16.805
PD04702XD,"Cotizaciones internacionales - Plata (H.Harman, US$ por onzas troy)",07.Dic.16,17.215
PD04702XD,"Cotizaciones internacionales - Plata (H.Harman, US$ por onzas troy)",08.Dic.16,17.085
PD04702XD,"Cotizaciones internacionales - Plata (H.Harman, US$ por onzas troy)",09.Dic.16,16.975
PD04702XD,"Cotizaciones internacionales - Plata (H.Harman, US$ por onzas troy)",12.Dic.16,17.19
PD04702XD,"Cotizaciones internacionales - Plata (H.Harman, US$ por onzas troy)",13.Dic.16,16.875
PD04702XD,"Cotizaciones internacionales - Plata (H.Harman, US$ por onzas troy)",14.Dic.16,17.21
PD04702XD,"Cotizaciones internacionales - Plata (H.Harman, US$ por onzas troy)",15.Dic.16,15.935
PD04702XD,"Cotizaciones internacionales - Plata (H.Harman, US$ por onzas troy)",16.Dic.16,16.225
PD04702XD,"Cotizaciones internacionales - Plata (H.Harman, US$ por onzas troy)",19.Dic.16,16.065
PD04702XD,"Cotizaciones internacionales - Plata (H.Harman, US$ por onzas troy)",20.Dic.16,15.92
PD04702XD,"Cotizaciones internacionales - Plata (H.Harman, US$ por onzas troy)",21.Dic.16,15.96
PD04702XD,"Cotizaciones internacionales - Plata (H.Harman, US$ por onzas troy)",22.Dic.16,15.92
PD04702XD,"Cotizaciones internacionales - Plata (H.Harman, US$ por onzas troy)",23.Dic.16,15.77
PD04702XD,"Cotizaciones internacionales - Plata (H.Harman, US$ por onzas troy)",26.Dic.16,15.77
PD04702XD,"Cotizaciones internacionales - Plata (H.Harman, US$ por onzas troy)",27.Dic.16,15.905
PD04702XD,"Cotizaciones internacionales - Plata (H.Harman, US$ por onzas troy)",28.Dic.16,16.04
PD04702XD,"Cotizaciones internacionales - Plata (H.Harman, US$ por onzas troy)",29.Dic.16,16.24
PD04702XD,"Cotizaciones internacionales - Plata (H.Harman, US$ por onzas troy)",30.Dic.16,16.05
PD04702XD,"Cotizaciones internacionales - Plata (H.Harman, US$ por onzas troy)",02.Ene.17,16.05
PD04702XD,"Cotizaciones internacionales - Plata (H.Harman, US$ por onzas troy)",03.Ene.17,16.48
PD04702XD,"Cotizaciones internacionales - Plata (H.Harman, US$ por onzas troy)",04.Ene.17,16.475
PD04702XD,"Cotizaciones internacionales - Plata (H.Harman, US$ por onzas troy)",05.Ene.17,16.665
PD04702XD,"Cotizaciones internacionales - Plata (H.Harman, US$ por onzas troy)",06.Ene.17,16.48
PD04702XD,"Cotizaciones internacionales - Plata (H.Harman, US$ por onzas troy)",09.Ene.17,16.695
PD04702XD,"Cotizaciones internacionales - Plata (H.Harman, US$ por onzas troy)",10.Ene.17,16.91
PD04702XD,"Cotizaciones internacionales - Plata (H.Harman, US$ por onzas troy)",11.Ene.17,16.64
PD04702XD,"Cotizaciones internacionales - Plata (H.Harman, US$ por onzas troy)",12.Ene.17,16.815
PD04702XD,"Cotizaciones internacionales - Plata (H.Harman, US$ por onzas troy)",13.Ene.17,16.765
PD04702XD,"Cotizaciones internacionales - Plata (H.Harman, US$ por onzas troy)",16.Ene.17,16.765
PD04702XD,"Cotizaciones internacionales - Plata (H.Harman, US$ por onzas troy)",17.Ene.17,17.1
PD04702XD,"Cotizaciones internacionales - Plata (H.Harman, US$ por onzas troy)",18.Ene.17,17.27
PD04702XD,"Cotizaciones internacionales - Plata (H.Harman, US$ por onzas troy)",19.Ene.17,16.885
PD04702XD,"Cotizaciones internacionales - Plata (H.Harman, US$ por onzas troy)",20.Ene.17,17.01
PD04702XD,"Cotizaciones internacionales - Plata (H.Harman, US$ por onzas troy)",23.Ene.17,17.195
PD04702XD,"Cotizaciones internacionales - Plata (H.Harman, US$ por onzas troy)",24.Ene.17,17.195
PD04702XD,"Cotizaciones internacionales - Plata (H.Harman, US$ por onzas troy)",25.Ene.17,16.995
PD04702XD,"Cotizaciones internacionales - Plata (H.Harman, US$ por onzas troy)",26.Ene.17,16.725
PD04702XD,"Cotizaciones internacionales - Plata (H.Harman, US$ por onzas troy)",27.Ene.17,17.07
PD04702XD,"Cotizaciones internacionales - Plata (H.Harman, US$ por onzas troy)",30.Ene.17,17.125
PD04702XD,"Cotizaciones internacionales - Plata (H.Harman, US$ por onzas troy)",31.Ene.17,17.545
PD04702XD,"Cotizaciones internacionales - Plata (H.Harman, US$ por onzas troy)",01.Feb.17,17.46
PD04702XD,"Cotizaciones internacionales - Plata (H.Harman, US$ por onzas troy)",02.Feb.17,17.55
PD04702XD,"Cotizaciones internacionales - Plata (H.Harman, US$ por onzas troy)",03.Feb.17,17.515
PD04702XD,"Cotizaciones internacionales - Plata (H.Harman, US$ por onzas troy)",06.Feb.17,17.665
PD04702XD,"Cotizaciones internacionales - Plata (H.Harman, US$ por onzas troy)",07.Feb.17,17.74
PD04702XD,"Cotizaciones internacionales - Plata (H.Harman, US$ por onzas troy)",08.Feb.17,17.83
PD04702XD,"Cotizaciones internacionales - Plata (H.Harman, US$ por onzas troy)",09.Feb.17,17.7
PD04702XD,"Cotizaciones internacionales - Plata (H.Harman, US$ por onzas troy)",10.Feb.17,17.985
PD04702XD,"Cotizaciones internacionales - Plata (H.Harman, US$ por onzas troy)",13.Feb.17,17.85
PD04702XD,"Cotizaciones internacionales - Plata (H.Harman, US$ por onzas troy)",14.Feb.17,17.895
PD04702XD,"Cotizaciones internacionales - Plata (H.Harman, US$ por onzas troy)",15.Feb.17,17.96
PD04702XD,"Cotizaciones internacionales - Plata (H.Harman, US$ por onzas troy)",16.Feb.17,18.09
PD04702XD,"Cotizaciones internacionales - Plata (H.Harman, US$ por onzas troy)",17.Feb.17,18.06
PD04702XD,"Cotizaciones internacionales - Plata (H.Harman, US$ por onzas troy)",20.Feb.17,18.06
PD04702XD,"Cotizaciones internacionales - Plata (H.Harman, US$ por onzas troy)",21.Feb.17,18.045
PD04702XD,"Cotizaciones internacionales - Plata (H.Harman, US$ por onzas troy)",22.Feb.17,17.955
PD04702XD,"Cotizaciones internacionales - Plata (H.Harman, US$ por onzas troy)",23.Feb.17,18.135
PD04702XD,"Cotizaciones internacionales - Plata (H.Harman, US$ por onzas troy)",24.Feb.17,18.375
PD04702XD,"Cotizaciones internacionales - Plata (H.Harman, US$ por onzas troy)",27.Feb.17,18.475
PD04702XD,"Cotizaciones internacionales - Plata (H.Harman, US$ por onzas troy)",28.Feb.17,18.445
PD04702XD,"Cotizaciones internacionales - Plata (H.Harman, US$ por onzas troy)",01.Mar.17,18.43
PD04702XD,"Cotizaciones internacionales - Plata (H.Harman, US$ por onzas troy)",02.Mar.17,18.03
PD04702XD,"Cotizaciones internacionales - Plata (H.Harman, US$ por onzas troy)",03.Mar.17,17.7
PD04702XD,"Cotizaciones internacionales - Plata (H.Harman, US$ por onzas troy)",06.Mar.17,17.785
PD04702XD,"Cotizaciones internacionales - Plata (H.Harman, US$ por onzas troy)",07.Mar.17,17.545
PD04702XD,"Cotizaciones internacionales - Plata (H.Harman, US$ por onzas troy)",08.Mar.17,17.29
PD04702XD,"Cotizaciones internacionales - Plata (H.Harman, US$ por onzas troy)",09.Mar.17,17.1
PD04702XD,"Cotizaciones internacionales - Plata (H.Harman, US$ por onzas troy)",10.Mar.17,16.93
PD04702XD,"Cotizaciones internacionales - Plata (H.Harman, US$ por onzas troy)",13.Mar.17,17.01
PD04702XD,"Cotizaciones internacionales - Plata (H.Harman, US$ por onzas troy)",14.Mar.17,17.015
PD04702XD,"Cotizaciones internacionales - Plata (H.Harman, US$ por onzas troy)",15.Mar.17,16.875
PD04702XD,"Cotizaciones internacionales - Plata (H.Harman, US$ por onzas troy)",16.Mar.17,17.345
PD04702XD,"Cotizaciones internacionales - Plata (H.Harman, US$ por onzas troy)",17.Mar.17,17.35
PD04702XD,"Cotizaciones internacionales - Plata (H.Harman, US$ por onzas troy)",20.Mar.17,17.43
PD04702XD,"Cotizaciones internacionales - Plata (H.Harman, US$ por onzas troy)",21.Mar.17,17.56
PD04702XD,"Cotizaciones internacionales - Plata (H.Harman, US$ por onzas troy)",22.Mar.17,17.575
PD04702XD,"Cotizaciones internacionales - Plata (H.Harman, US$ por onzas troy)",23.Mar.17,17.61
PD04702XD,"Cotizaciones internacionales - Plata (H.Harman, US$ por onzas troy)",24.Mar.17,17.735
PD04702XD,"Cotizaciones internacionales - Plata (H.Harman, US$ por onzas troy)",27.Mar.17,18.065
PD04702XD,"Cotizaciones internacionales - Plata (H.Harman, US$ por onzas troy)",28.Mar.17,18.2
PD04702XD,"Cotizaciones internacionales - Plata (H.Harman, US$ por onzas troy)",29.Mar.17,18.21
PD04702XD,"Cotizaciones internacionales - Plata (H.Harman, US$ por onzas troy)",30.Mar.17,18.255
PD04702XD,"Cotizaciones internacionales - Plata (H.Harman, US$ por onzas troy)",31.Mar.17,18.205
PD04702XD,"Cotizaciones internacionales - Plata (H.Harman, US$ por onzas troy)",03.Abr.17,18.25
PD04702XD,"Cotizaciones internacionales - Plata (H.Harman, US$ por onzas troy)",04.Abr.17,18.325
PD04702XD,"Cotizaciones internacionales - Plata (H.Harman, US$ por onzas troy)",05.Abr.17,18.245
PD04702XD,"Cotizaciones internacionales - Plata (H.Harman, US$ por onzas troy)",06.Abr.17,18.245
PD04702XD,"Cotizaciones internacionales - Plata (H.Harman, US$ por onzas troy)",07.Abr.17,18.38
PD04702XD,"Cotizaciones internacionales - Plata (H.Harman, US$ por onzas troy)",10.Abr.17,17.93
PD04702XD,"Cotizaciones internacionales - Plata (H.Harman, US$ por onzas troy)",11.Abr.17,18.27
PD04702XD,"Cotizaciones internacionales - Plata (H.Harman, US$ por onzas troy)",12.Abr.17,18.315
PD04702XD,"Cotizaciones internacionales - Plata (H.Harman, US$ por onzas troy)",13.Abr.17,18.475
PD04702XD,"Cotizaciones internacionales - Plata (H.Harman, US$ por onzas troy)",14.Abr.17,18.475
PD04702XD,"Cotizaciones internacionales - Plata (H.Harman, US$ por onzas troy)",17.Abr.17,18.515
PD04702XD,"Cotizaciones internacionales - Plata (H.Harman, US$ por onzas troy)",18.Abr.17,18.265
PD04702XD,"Cotizaciones internacionales - Plata (H.Harman, US$ por onzas troy)",19.Abr.17,18.135
PD04702XD,"Cotizaciones internacionales - Plata (H.Harman, US$ por onzas troy)",20.Abr.17,17.9
PD04702XD,"Cotizaciones internacionales - Plata (H.Harman, US$ por onzas troy)",21.Abr.17,17.86
PD04702XD,"Cotizaciones internacionales - Plata (H.Harman, US$ por onzas troy)",24.Abr.17,17.875
PD04702XD,"Cotizaciones internacionales - Plata (H.Harman, US$ por onzas troy)",25.Abr.17,17.705
PD04702XD,"Cotizaciones internacionales - Plata (H.Harman, US$ por onzas troy)",26.Abr.17,17.445
PD04702XD,"Cotizaciones internacionales - Plata (H.Harman, US$ por onzas troy)",27.Abr.17,17.3
PD04702XD,"Cotizaciones internacionales - Plata (H.Harman, US$ por onzas troy)",28.Abr.17,17.2
PD04702XD,"Cotizaciones internacionales - Plata (H.Harman, US$ por onzas troy)",01.May.17,17.015
PD04702XD,"Cotizaciones internacionales - Plata (H.Harman, US$ por onzas troy)",02.May.17,16.835
PD04702XD,"Cotizaciones internacionales - Plata (H.Harman, US$ por onzas troy)",03.May.17,16.53
PD04702XD,"Cotizaciones internacionales - Plata (H.Harman, US$ por onzas troy)",04.May.17,16.26
PD04702XD,"Cotizaciones internacionales - Plata (H.Harman, US$ por onzas troy)",05.May.17,16.3
PD04702XD,"Cotizaciones internacionales - Plata (H.Harman, US$ por onzas troy)",08.May.17,16.24
PD04702XD,"Cotizaciones internacionales - Plata (H.Harman, US$ por onzas troy)",09.May.17,16.115
PD04702XD,"Cotizaciones internacionales - Plata (H.Harman, US$ por onzas troy)",10.May.17,16.225
PD04702XD,"Cotizaciones internacionales - Plata (H.Harman, US$ por onzas troy)",11.May.17,16.23
PD04702XD,"Cotizaciones internacionales - Plata (H.Harman, US$ por onzas troy)",12.May.17,16.415
PD04702XD,"Cotizaciones internacionales - Plata (H.Harman, US$ por onzas troy)",15.May.17,16.655
PD04702XD,"Cotizaciones internacionales - Plata (H.Harman, US$ por onzas troy)",16.May.17,16.725
PD04702XD,"Cotizaciones internacionales - Plata (H.Harman, US$ por onzas troy)",17.May.17,16.875
PD04702XD,"Cotizaciones internacionales - Plata (H.Harman, US$ por onzas troy)",18.May.17,16.69
PD04702XD,"Cotizaciones internacionales - Plata (H.Harman, US$ por onzas troy)",19.May.17,16.75
PD04702XD,"Cotizaciones internacionales - Plata (H.Harman, US$ por onzas troy)",22.May.17,17.15
PD04702XD,"Cotizaciones internacionales - Plata (H.Harman, US$ por onzas troy)",23.May.17,17.09
PD04702XD,"Cotizaciones internacionales - Plata (H.Harman, US$ por onzas troy)",24.May.17,17.07
PD04702XD,"Cotizaciones internacionales - Plata (H.Harman, US$ por onzas troy)",25.May.17,17.185
PD04702XD,"Cotizaciones internacionales - Plata (H.Harman, US$ por onzas troy)",26.May.17,17.295
PD04702XD,"Cotizaciones internacionales - Plata (H.Harman, US$ por onzas troy)",29.May.17,17.295
PD04702XD,"Cotizaciones internacionales - Plata (H.Harman, US$ por onzas troy)",30.May.17,17.385
PD04702XD,"Cotizaciones internacionales - Plata (H.Harman, US$ por onzas troy)",31.May.17,17.35
PD04702XD,"Cotizaciones internacionales - Plata (H.Harman, US$ por onzas troy)",01.Jun.17,17.195
PD04702XD,"Cotizaciones internacionales - Plata (H.Harman, US$ por onzas troy)",02.Jun.17,17.515
PD04702XD,"Cotizaciones internacionales - Plata (H.Harman, US$ por onzas troy)",05.Jun.17,17.545
PD04702XD,"Cotizaciones internacionales - Plata (H.Harman, US$ por onzas troy)",06.Jun.17,17.71
PD04702XD,"Cotizaciones internacionales - Plata (H.Harman, US$ por onzas troy)",07.Jun.17,17.625
PD04702XD,"Cotizaciones internacionales - Plata (H.Harman, US$ por onzas troy)",08.Jun.17,17.45
PD04702XD,"Cotizaciones internacionales - Plata (H.Harman, US$ por onzas troy)",09.Jun.17,17.215
PD04702XD,"Cotizaciones internacionales - Plata (H.Harman, US$ por onzas troy)",12.Jun.17,16.935
PD04702XD,"Cotizaciones internacionales - Plata (H.Harman, US$ por onzas troy)",13.Jun.17,16.8
PD04702XD,"Cotizaciones internacionales - Plata (H.Harman, US$ por onzas troy)",14.Jun.17,17.175
PD04702XD,"Cotizaciones internacionales - Plata (H.Harman, US$ por onzas troy)",15.Jun.17,16.735
PD04702XD,"Cotizaciones internacionales - Plata (H.Harman, US$ por onzas troy)",16.Jun.17,16.675
PD04702XD,"Cotizaciones internacionales - Plata (H.Harman, US$ por onzas troy)",19.Jun.17,16.555
PD04702XD,"Cotizaciones internacionales - Plata (H.Harman, US$ por onzas troy)",20.Jun.17,16.445
PD04702XD,"Cotizaciones internacionales - Plata (H.Harman, US$ por onzas troy)",21.Jun.17,16.395
PD04702XD,"Cotizaciones internacionales - Plata (H.Harman, US$ por onzas troy)",22.Jun.17,16.57
PD04702XD,"Cotizaciones internacionales - Plata (H.Harman, US$ por onzas troy)",23.Jun.17,16.69
PD04702XD,"Cotizaciones internacionales - Plata (H.Harman, US$ por onzas troy)",26.Jun.17,16.58
PD04702XD,"Cotizaciones internacionales - Plata (H.Harman, US$ por onzas troy)",27.Jun.17,16.595
PD04702XD,"Cotizaciones internacionales - Plata (H.Harman, US$ por onzas troy)",28.Jun.17,16.805
PD04702XD,"Cotizaciones internacionales - Plata (H.Harman, US$ por onzas troy)",29.Jun.17,16.64
PD04702XD,"Cotizaciones internacionales - Plata (H.Harman, US$ por onzas troy)",30.Jun.17,16.635
PD04702XD,"Cotizaciones internacionales - Plata (H.Harman, US$ por onzas troy)",03.Jul.17,16.11
PD04702XD,"Cotizaciones internacionales - Plata (H.Harman, US$ por onzas troy)",04.Jul.17,16.11
PD04702XD,"Cotizaciones internacionales - Plata (H.Harman, US$ por onzas troy)",05.Jul.17,15.96
PD04702XD,"Cotizaciones internacionales - Plata (H.Harman, US$ por onzas troy)",06.Jul.17,15.94
PD04702XD,"Cotizaciones internacionales - Plata (H.Harman, US$ por onzas troy)",07.Jul.17,15.39
PD04702XD,"Cotizaciones internacionales - Plata (H.Harman, US$ por onzas troy)",10.Jul.17,15.56
PD04702XD,"Cotizaciones internacionales - Plata (H.Harman, US$ por onzas troy)",11.Jul.17,15.705
PD04702XD,"Cotizaciones internacionales - Plata (H.Harman, US$ por onzas troy)",12.Jul.17,15.905
PD04702XD,"Cotizaciones internacionales - Plata (H.Harman, US$ por onzas troy)",13.Jul.17,15.71
PD04702XD,"Cotizaciones internacionales - Plata (H.Harman, US$ por onzas troy)",14.Jul.17,15.89
PD04702XD,"Cotizaciones internacionales - Plata (H.Harman, US$ por onzas troy)",17.Jul.17,16.08
PD04702XD,"Cotizaciones internacionales - Plata (H.Harman, US$ por onzas troy)",18.Jul.17,16.265
PD04702XD,"Cotizaciones internacionales - Plata (H.Harman, US$ por onzas troy)",19.Jul.17,16.275
PD04702XD,"Cotizaciones internacionales - Plata (H.Harman, US$ por onzas troy)",20.Jul.17,16.335
PD04702XD,"Cotizaciones internacionales - Plata (H.Harman, US$ por onzas troy)",21.Jul.17,16.43
PD04702XD,"Cotizaciones internacionales - Plata (H.Harman, US$ por onzas troy)",24.Jul.17,16.485
PD04702XD,"Cotizaciones internacionales - Plata (H.Harman, US$ por onzas troy)",25.Jul.17,16.48
PD04702XD,"Cotizaciones internacionales - Plata (H.Harman, US$ por onzas troy)",26.Jul.17,16.425
PD04702XD,"Cotizaciones internacionales - Plata (H.Harman, US$ por onzas troy)",27.Jul.17,16.59
PD04702XD,"Cotizaciones internacionales - Plata (H.Harman, US$ por onzas troy)",28.Jul.17,16.685
PD04702XD,"Cotizaciones internacionales - Plata (H.Harman, US$ por onzas troy)",31.Jul.17,16.82
PD04702XD,"Cotizaciones internacionales - Plata (H.Harman, US$ por onzas troy)",01.Ago.17,16.735
PD04702XD,"Cotizaciones internacionales - Plata (H.Harman, US$ por onzas troy)",02.Ago.17,16.72
PD04702XD,"Cotizaciones internacionales - Plata (H.Harman, US$ por onzas troy)",03.Ago.17,16.615
PD04702XD,"Cotizaciones internacionales - Plata (H.Harman, US$ por onzas troy)",04.Ago.17,16.28
PD04702XD,"Cotizaciones internacionales - Plata (H.Harman, US$ por onzas troy)",07.Ago.17,16.25
PD04702XD,"Cotizaciones internacionales - Plata (H.Harman, US$ por onzas troy)",08.Ago.17,16.355
PD04702XD,"Cotizaciones internacionales - Plata (H.Harman, US$ por onzas troy)",09.Ago.17,16.86
PD04702XD,"Cotizaciones internacionales - Plata (H.Harman, US$ por onzas troy)",10.Ago.17,17.085
PD04702XD,"Cotizaciones internacionales - Plata (H.Harman, US$ por onzas troy)",11.Ago.17,17.06
PD04702XD,"Cotizaciones internacionales - Plata (H.Harman, US$ por onzas troy)",14.Ago.17,17.11
PD04702XD,"Cotizaciones internacionales - Plata (H.Harman, US$ por onzas troy)",15.Ago.17,16.67
PD04702XD,"Cotizaciones internacionales - Plata (H.Harman, US$ por onzas troy)",16.Ago.17,16.97
PD04702XD,"Cotizaciones internacionales - Plata (H.Harman, US$ por onzas troy)",17.Ago.17,17.05
PD04702XD,"Cotizaciones internacionales - Plata (H.Harman, US$ por onzas troy)",18.Ago.17,17.055
PD04702XD,"Cotizaciones internacionales - Plata (H.Harman, US$ por onzas troy)",21.Ago.17,17.025
PD04702XD,"Cotizaciones internacionales - Plata (H.Harman, US$ por onzas troy)",22.Ago.17,17.02
PD04702XD,"Cotizaciones internacionales - Plata (H.Harman, US$ por onzas troy)",23.Ago.17,17.025
PD04702XD,"Cotizaciones internacionales - Plata (H.Harman, US$ por onzas troy)",24.Ago.17,16.99
PD04702XD,"Cotizaciones internacionales - Plata (H.Harman, US$ por onzas troy)",25.Ago.17,17.075
PD04702XD,"Cotizaciones internacionales - Plata (H.Harman, US$ por onzas troy)",28.Ago.17,17.38
PD04702XD,"Cotizaciones internacionales - Plata (H.Harman, US$ por onzas troy)",29.Ago.17,17.56
PD04702XD,"Cotizaciones internacionales - Plata (H.Harman, US$ por onzas troy)",30.Ago.17,17.43
PD04702XD,"Cotizaciones internacionales - Plata (H.Harman, US$ por onzas troy)",31.Ago.17,17.57
PD04702XD,"Cotizaciones internacionales - Plata (H.Harman, US$ por onzas troy)",01.Set.17,17.71
PD04702XD,"Cotizaciones internacionales - Plata (H.Harman, US$ por onzas troy)",04.Set.17,17.71
PD04702XD,"Cotizaciones internacionales - Plata (H.Harman, US$ por onzas troy)",05.Set.17,17.93
PD04702XD,"Cotizaciones internacionales - Plata (H.Harman, US$ por onzas troy)",06.Set.17,17.995
PD04702XD,"Cotizaciones internacionales - Plata (H.Harman, US$ por onzas troy)",07.Set.17,18.08
PD04702XD,"Cotizaciones internacionales - Plata (H.Harman, US$ por onzas troy)",08.Set.17,18.06
PD04702XD,"Cotizaciones internacionales - Plata (H.Harman, US$ por onzas troy)",11.Set.17,17.885
PD04702XD,"Cotizaciones internacionales - Plata (H.Harman, US$ por onzas troy)",12.Set.17,17.84
PD04702XD,"Cotizaciones internacionales - Plata (H.Harman, US$ por onzas troy)",13.Set.17,17.725
PD04702XD,"Cotizaciones internacionales - Plata (H.Harman, US$ por onzas troy)",14.Set.17,17.715
PD04702XD,"Cotizaciones internacionales - Plata (H.Harman, US$ por onzas troy)",15.Set.17,17.68
PD04702XD,"Cotizaciones internacionales - Plata (H.Harman, US$ por onzas troy)",18.Set.17,17.2
PD04702XD,"Cotizaciones internacionales - Plata (H.Harman, US$ por onzas troy)",19.Set.17,17.28
PD04702XD,"Cotizaciones internacionales - Plata (H.Harman, US$ por onzas troy)",20.Set.17,17.295
PD04702XD,"Cotizaciones internacionales - Plata (H.Harman, US$ por onzas troy)",21.Set.17,17.025
PD04702XD,"Cotizaciones internacionales - Plata (H.Harman, US$ por onzas troy)",22.Set.17,16.97
PD04702XD,"Cotizaciones internacionales - Plata (H.Harman, US$ por onzas troy)",25.Set.17,17.03
PD04702XD,"Cotizaciones internacionales - Plata (H.Harman, US$ por onzas troy)",26.Set.17,16.88
PD04702XD,"Cotizaciones internacionales - Plata (H.Harman, US$ por onzas troy)",27.Set.17,16.795
PD04702XD,"Cotizaciones internacionales - Plata (H.Harman, US$ por onzas troy)",28.Set.17,16.77
PD04702XD,"Cotizaciones internacionales - Plata (H.Harman, US$ por onzas troy)",29.Set.17,16.765
PD04702XD,"Cotizaciones internacionales - Plata (H.Harman, US$ por onzas troy)",02.Oct.17,16.655
PD04702XD,"Cotizaciones internacionales - Plata (H.Harman, US$ por onzas troy)",03.Oct.17,16.64
PD04702XD,"Cotizaciones internacionales - Plata (H.Harman, US$ por onzas troy)",04.Oct.17,16.625
PD04702XD,"Cotizaciones internacionales - Plata (H.Harman, US$ por onzas troy)",05.Oct.17,16.67
PD04702XD,"Cotizaciones internacionales - Plata (H.Harman, US$ por onzas troy)",06.Oct.17,16.825
PD04702XD,"Cotizaciones internacionales - Plata (H.Harman, US$ por onzas troy)",09.Oct.17,16.905
PD04702XD,"Cotizaciones internacionales - Plata (H.Harman, US$ por onzas troy)",10.Oct.17,17.18
PD04702XD,"Cotizaciones internacionales - Plata (H.Harman, US$ por onzas troy)",11.Oct.17,17.12
PD04702XD,"Cotizaciones internacionales - Plata (H.Harman, US$ por onzas troy)",12.Oct.17,17.195
PD04702XD,"Cotizaciones internacionales - Plata (H.Harman, US$ por onzas troy)",13.Oct.17,17.33
PD04702XD,"Cotizaciones internacionales - Plata (H.Harman, US$ por onzas troy)",16.Oct.17,17.4
PD04702XD,"Cotizaciones internacionales - Plata (H.Harman, US$ por onzas troy)",17.Oct.17,16.985
PD04702XD,"Cotizaciones internacionales - Plata (H.Harman, US$ por onzas troy)",18.Oct.17,17.005
PD04702XD,"Cotizaciones internacionales - Plata (H.Harman, US$ por onzas troy)",19.Oct.17,17.235
PD04702XD,"Cotizaciones internacionales - Plata (H.Harman, US$ por onzas troy)",20.Oct.17,17.005
PD04702XD,"Cotizaciones internacionales - Plata (H.Harman, US$ por onzas troy)",23.Oct.17,16.985
PD04702XD,"Cotizaciones internacionales - Plata (H.Harman, US$ por onzas troy)",24.Oct.17,16.935
PD04702XD,"Cotizaciones internacionales - Plata (H.Harman, US$ por onzas troy)",25.Oct.17,16.92
PD04702XD,"Cotizaciones internacionales - Plata (H.Harman, US$ por onzas troy)",26.Oct.17,16.915
PD04702XD,"Cotizaciones internacionales - Plata (H.Harman, US$ por onzas troy)",27.Oct.17,16.72
PD04702XD,"Cotizaciones internacionales - Plata (H.Harman, US$ por onzas troy)",30.Oct.17,16.785
PD04702XD,"Cotizaciones internacionales - Plata (H.Harman, US$ por onzas troy)",31.Oct.17,16.675
PD04702XD,"Cotizaciones internacionales - Plata (H.Harman, US$ por onzas troy)",01.Nov.17,17.1
PD04702XD,"Cotizaciones internacionales - Plata (H.Harman, US$ por onzas troy)",02.Nov.17,17.125
PD04702XD,"Cotizaciones internacionales - Plata (H.Harman, US$ por onzas troy)",03.Nov.17,16.83
PD04702XD,"Cotizaciones internacionales - Plata (H.Harman, US$ por onzas troy)",06.Nov.17,17.19
PD04702XD,"Cotizaciones internacionales - Plata (H.Harman, US$ por onzas troy)",07.Nov.17,16.96
PD04702XD,"Cotizaciones internacionales - Plata (H.Harman, US$ por onzas troy)",08.Nov.17,17.19
PD04702XD,"Cotizaciones internacionales - Plata (H.Harman, US$ por onzas troy)",09.Nov.17,16.985
PD04702XD,"Cotizaciones internacionales - Plata (H.Harman, US$ por onzas troy)",10.Nov.17,16.87
PD04702XD,"Cotizaciones internacionales - Plata (H.Harman, US$ por onzas troy)",13.Nov.17,17.01
PD04702XD,"Cotizaciones internacionales - Plata (H.Harman, US$ por onzas troy)",14.Nov.17,17.02
PD04702XD,"Cotizaciones internacionales - Plata (H.Harman, US$ por onzas troy)",15.Nov.17,17.015
PD04702XD,"Cotizaciones internacionales - Plata (H.Harman, US$ por onzas troy)",16.Nov.17,17.095
PD04702XD,"Cotizaciones internacionales - Plata (H.Harman, US$ por onzas troy)",17.Nov.17,17.155
PD04702XD,"Cotizaciones internacionales - Plata (H.Harman, US$ por onzas troy)",20.Nov.17,16.93
PD04702XD,"Cotizaciones internacionales - Plata (H.Harman, US$ por onzas troy)",21.Nov.17,17.015
PD04702XD,"Cotizaciones internacionales - Plata (H.Harman, US$ por onzas troy)",22.Nov.17,17.145
PD04702XD,"Cotizaciones internacionales - Plata (H.Harman, US$ por onzas troy)",23.Nov.17,17.145
PD04702XD,"Cotizaciones internacionales - Plata (H.Harman, US$ por onzas troy)",24.Nov.17,17.01
PD04702XD,"Cotizaciones internacionales - Plata (H.Harman, US$ por onzas troy)",27.Nov.17,17.07
PD04702XD,"Cotizaciones internacionales - Plata (H.Harman, US$ por onzas troy)",28.Nov.17,16.865
PD04702XD,"Cotizaciones internacionales - Plata (H.Harman, US$ por onzas troy)",29.Nov.17,16.605
PD04702XD,"Cotizaciones internacionales - Plata (H.Harman, US$ por onzas troy)",30.Nov.17,16.335
PD04702XD,"Cotizaciones internacionales - Plata (H.Harman, US$ por onzas troy)",01.Dic.17,16.41
PD04702XD,"Cotizaciones internacionales - Plata (H.Harman, US$ por onzas troy)",04.Dic.17,16.27
PD04702XD,"Cotizaciones internacionales - Plata (H.Harman, US$ por onzas troy)",05.Dic.17,16.065
PD04702XD,"Cotizaciones internacionales - Plata (H.Harman, US$ por onzas troy)",06.Dic.17,15.935
PD04702XD,"Cotizaciones internacionales - Plata (H.Harman, US$ por onzas troy)",07.Dic.17,15.755
PD04702XD,"Cotizaciones internacionales - Plata (H.Harman, US$ por onzas troy)",08.Dic.17,15.765
PD04702XD,"Cotizaciones internacionales - Plata (H.Harman, US$ por onzas troy)",11.Dic.17,15.75
PD04702XD,"Cotizaciones internacionales - Plata (H.Harman, US$ por onzas troy)",12.Dic.17,15.635
PD04702XD,"Cotizaciones internacionales - Plata (H.Harman, US$ por onzas troy)",13.Dic.17,15.74
PD04702XD,"Cotizaciones internacionales - Plata (H.Harman, US$ por onzas troy)",14.Dic.17,15.84
PD04702XD,"Cotizaciones internacionales - Plata (H.Harman, US$ por onzas troy)",15.Dic.17,16.02
PD04702XD,"Cotizaciones internacionales - Plata (H.Harman, US$ por onzas troy)",18.Dic.17,16.135
PD04702XD,"Cotizaciones internacionales - Plata (H.Harman, US$ por onzas troy)",19.Dic.17,16.085
PD04702XD,"Cotizaciones internacionales - Plata (H.Harman, US$ por onzas troy)",20.Dic.17,16.21
PD04702XD,"Cotizaciones internacionales - Plata (H.Harman, US$ por onzas troy)",21.Dic.17,16.2
PD04702XD,"Cotizaciones internacionales - Plata (H.Harman, US$ por onzas troy)",22.Dic.17,16.415
PD04702XD,"Cotizaciones internacionales - Plata (H.Harman, US$ por onzas troy)",25.Dic.17,16.415
PD04702XD,"Cotizaciones internacionales - Plata (H.Harman, US$ por onzas troy)",26.Dic.17,16.53
PD04702XD,"Cotizaciones internacionales - Plata (H.Harman, US$ por onzas troy)",27.Dic.17,16.69
PD04702XD,"Cotizaciones internacionales - Plata (H.Harman, US$ por onzas troy)",28.Dic.17,16.84
PD04702XD,"Cotizaciones internacionales - Plata (H.Harman, US$ por onzas troy)",29.Dic.17,17.01
PD04702XD,"Cotizaciones internacionales - Plata (H.Harman, US$ por onzas troy)",01.Ene.18,17.01
PD04702XD,"Cotizaciones internacionales - Plata (H.Harman, US$ por onzas troy)",02.Ene.18,17.155
PD04702XD,"Cotizaciones internacionales - Plata (H.Harman, US$ por onzas troy)",03.Ene.18,17.185
PD04702XD,"Cotizaciones internacionales - Plata (H.Harman, US$ por onzas troy)",04.Ene.18,17.205
PD04702XD,"Cotizaciones internacionales - Plata (H.Harman, US$ por onzas troy)",05.Ene.18,17.25
PD04702XD,"Cotizaciones internacionales - Plata (H.Harman, US$ por onzas troy)",08.Ene.18,17.035
PD04702XD,"Cotizaciones internacionales - Plata (H.Harman, US$ por onzas troy)",09.Ene.18,16.955
PD04702XD,"Cotizaciones internacionales - Plata (H.Harman, US$ por onzas troy)",10.Ene.18,16.97
PD04702XD,"Cotizaciones internacionales - Plata (H.Harman, US$ por onzas troy)",11.Ene.18,16.975
PD04702XD,"Cotizaciones internacionales - Plata (H.Harman, US$ por onzas troy)",12.Ene.18,17.08
PD04702XD,"Cotizaciones internacionales - Plata (H.Harman, US$ por onzas troy)",15.Ene.18,17.08
PD04702XD,"Cotizaciones internacionales - Plata (H.Harman, US$ por onzas troy)",16.Ene.18,17.13
PD04702XD,"Cotizaciones internacionales - Plata (H.Harman, US$ por onzas troy)",17.Ene.18,17.07
PD04702XD,"Cotizaciones internacionales - Plata (H.Harman, US$ por onzas troy)",18.Ene.18,17.02
PD04702XD,"Cotizaciones internacionales - Plata (H.Harman, US$ por onzas troy)",19.Ene.18,16.99
PD04702XD,"Cotizaciones internacionales - Plata (H.Harman, US$ por onzas troy)",22.Ene.18,16.98
PD04702XD,"Cotizaciones internacionales - Plata (H.Harman, US$ por onzas troy)",23.Ene.18,16.895
PD04702XD,"Cotizaciones internacionales - Plata (H.Harman, US$ por onzas troy)",24.Ene.18,17.39
PD04702XD,"Cotizaciones internacionales - Plata (H.Harman, US$ por onzas troy)",25.Ene.18,17.565
PD04702XD,"Cotizaciones internacionales - Plata (H.Harman, US$ por onzas troy)",26.Ene.18,17.395
PD04702XD,"Cotizaciones internacionales - Plata (H.Harman, US$ por onzas troy)",29.Ene.18,17.095
PD04702XD,"Cotizaciones internacionales - Plata (H.Harman, US$ por onzas troy)",30.Ene.18,17.095
PD04702XD,"Cotizaciones internacionales - Plata (H.Harman, US$ por onzas troy)",31.Ene.18,17.235
PD04702XD,"Cotizaciones internacionales - Plata (H.Harman, US$ por onzas troy)",01.Feb.18,17.125
PD04702XD,"Cotizaciones internacionales - Plata (H.Harman, US$ por onzas troy)",02.Feb.18,16.68
PD04702XD,"Cotizaciones internacionales - Plata (H.Harman, US$ por onzas troy)",05.Feb.18,16.775
PD04702XD,"Cotizaciones internacionales - Plata (H.Harman, US$ por onzas troy)",06.Feb.18,16.63
PD04702XD,"Cotizaciones internacionales - Plata (H.Harman, US$ por onzas troy)",07.Feb.18,16.38
PD04702XD,"Cotizaciones internacionales - Plata (H.Harman, US$ por onzas troy)",08.Feb.18,16.355
PD04702XD,"Cotizaciones internacionales - Plata (H.Harman, US$ por onzas troy)",09.Feb.18,16.25
PD04702XD,"Cotizaciones internacionales - Plata (H.Harman, US$ por onzas troy)",12.Feb.18,16.515
PD04702XD,"Cotizaciones internacionales - Plata (H.Harman, US$ por onzas troy)",13.Feb.18,16.545
PD04702XD,"Cotizaciones internacionales - Plata (H.Harman, US$ por onzas troy)",14.Feb.18,16.715
PD04702XD,"Cotizaciones internacionales - Plata (H.Harman, US$ por onzas troy)",15.Feb.18,16.71
PD04702XD,"Cotizaciones internacionales - Plata (H.Harman, US$ por onzas troy)",16.Feb.18,16.735
PD04702XD,"Cotizaciones internacionales - Plata (H.Harman, US$ por onzas troy)",19.Feb.18,16.735
PD04702XD,"Cotizaciones internacionales - Plata (H.Harman, US$ por onzas troy)",20.Feb.18,16.51
PD04702XD,"Cotizaciones internacionales - Plata (H.Harman, US$ por onzas troy)",21.Feb.18,16.615
PD04702XD,"Cotizaciones internacionales - Plata (H.Harman, US$ por onzas troy)",22.Feb.18,16.64
PD04702XD,"Cotizaciones internacionales - Plata (H.Harman, US$ por onzas troy)",23.Feb.18,16.54
PD04702XD,"Cotizaciones internacionales - Plata (H.Harman, US$ por onzas troy)",26.Feb.18,16.57
PD04702XD,"Cotizaciones internacionales - Plata (H.Harman, US$ por onzas troy)",27.Feb.18,16.34
PD04702XD,"Cotizaciones internacionales - Plata (H.Harman, US$ por onzas troy)",28.Feb.18,16.435
PD04702XD,"Cotizaciones internacionales - Plata (H.Harman, US$ por onzas troy)",01.Mar.18,16.32
PD04702XD,"Cotizaciones internacionales - Plata (H.Harman, US$ por onzas troy)",02.Mar.18,16.435
PD04702XD,"Cotizaciones internacionales - Plata (H.Harman, US$ por onzas troy)",05.Mar.18,16.429
PD04702XD,"Cotizaciones internacionales - Plata (H.Harman, US$ por onzas troy)",06.Mar.18,16.842
PD04702XD,"Cotizaciones internacionales - Plata (H.Harman, US$ por onzas troy)",07.Mar.18,16.465
PD04702XD,"Cotizaciones internacionales - Plata (H.Harman, US$ por onzas troy)",08.Mar.18,16.488
PD04702XD,"Cotizaciones internacionales - Plata (H.Harman, US$ por onzas troy)",09.Mar.18,16.665
PD04702XD,"Cotizaciones internacionales - Plata (H.Harman, US$ por onzas troy)",12.Mar.18,16.499
PD04702XD,"Cotizaciones internacionales - Plata (H.Harman, US$ por onzas troy)",13.Mar.18,16.607
PD04702XD,"Cotizaciones internacionales - Plata (H.Harman, US$ por onzas troy)",14.Mar.18,16.56
PD04702XD,"Cotizaciones internacionales - Plata (H.Harman, US$ por onzas troy)",15.Mar.18,16.415
PD04702XD,"Cotizaciones internacionales - Plata (H.Harman, US$ por onzas troy)",16.Mar.18,16.281
PD04702XD,"Cotizaciones internacionales - Plata (H.Harman, US$ por onzas troy)",19.Mar.18,16.34
PD04702XD,"Cotizaciones internacionales - Plata (H.Harman, US$ por onzas troy)",20.Mar.18,16.179
PD04702XD,"Cotizaciones internacionales - Plata (H.Harman, US$ por onzas troy)",21.Mar.18,16.483
PD04702XD,"Cotizaciones internacionales - Plata (H.Harman, US$ por onzas troy)",22.Mar.18,16.4
PD04702XD,"Cotizaciones internacionales - Plata (H.Harman, US$ por onzas troy)",23.Mar.18,16.593
PD04702XD,"Cotizaciones internacionales - Plata (H.Harman, US$ por onzas troy)",26.Mar.18,16.752
PD04702XD,"Cotizaciones internacionales - Plata (H.Harman, US$ por onzas troy)",27.Mar.18,16.551
PD04702XD,"Cotizaciones internacionales - Plata (H.Harman, US$ por onzas troy)",28.Mar.18,16.306
PD04702XD,"Cotizaciones internacionales - Plata (H.Harman, US$ por onzas troy)",29.Mar.18,16.322
PD04702XD,"Cotizaciones internacionales - Plata (H.Harman, US$ por onzas troy)",30.Mar.18,16.322
PD04702XD,"Cotizaciones internacionales - Plata (H.Harman, US$ por onzas troy)",02.Abr.18,16.605
PD04702XD,"Cotizaciones internacionales - Plata (H.Harman, US$ por onzas troy)",03.Abr.18,16.422
PD04702XD,"Cotizaciones internacionales - Plata (H.Harman, US$ por onzas troy)",04.Abr.18,16.301
PD04702XD,"Cotizaciones internacionales - Plata (H.Harman, US$ por onzas troy)",05.Abr.18,16.395
PD04702XD,"Cotizaciones internacionales - Plata (H.Harman, US$ por onzas troy)",06.Abr.18,16.405
PD04702XD,"Cotizaciones internacionales - Plata (H.Harman, US$ por onzas troy)",09.Abr.18,16.472
PD04702XD,"Cotizaciones internacionales - Plata (H.Harman, US$ por onzas troy)",10.Abr.18,16.608
PD04702XD,"Cotizaciones internacionales - Plata (H.Harman, US$ por onzas troy)",11.Abr.18,16.807
PD04702XD,"Cotizaciones internacionales - Plata (H.Harman, US$ por onzas troy)",12.Abr.18,16.53
PD04702XD,"Cotizaciones internacionales - Plata (H.Harman, US$ por onzas troy)",13.Abr.18,16.662
PD04702XD,"Cotizaciones internacionales - Plata (H.Harman, US$ por onzas troy)",16.Abr.18,16.725
PD04702XD,"Cotizaciones internacionales - Plata (H.Harman, US$ por onzas troy)",17.Abr.18,16.767
PD04702XD,"Cotizaciones internacionales - Plata (H.Harman, US$ por onzas troy)",18.Abr.18,17.235
PD04702XD,"Cotizaciones internacionales - Plata (H.Harman, US$ por onzas troy)",19.Abr.18,17.205
PD04702XD,"Cotizaciones internacionales - Plata (H.Harman, US$ por onzas troy)",20.Abr.18,17.202
PD04702XD,"Cotizaciones internacionales - Plata (H.Harman, US$ por onzas troy)",23.Abr.18,16.651
PD04702XD,"Cotizaciones internacionales - Plata (H.Harman, US$ por onzas troy)",24.Abr.18,16.728
PD04702XD,"Cotizaciones internacionales - Plata (H.Harman, US$ por onzas troy)",25.Abr.18,16.574
PD04702XD,"Cotizaciones internacionales - Plata (H.Harman, US$ por onzas troy)",26.Abr.18,16.491
PD04702XD,"Cotizaciones internacionales - Plata (H.Harman, US$ por onzas troy)",27.Abr.18,16.48
PD04702XD,"Cotizaciones internacionales - Plata (H.Harman, US$ por onzas troy)",30.Abr.18,16.351
PD04702XD,"Cotizaciones internacionales - Plata (H.Harman, US$ por onzas troy)",01.May.18,16.135
PD04702XD,"Cotizaciones internacionales - Plata (H.Harman, US$ por onzas troy)",02.May.18,16.425
PD04702XD,"Cotizaciones internacionales - Plata (H.Harman, US$ por onzas troy)",03.May.18,16.439
PD04702XD,"Cotizaciones internacionales - Plata (H.Harman, US$ por onzas troy)",04.May.18,16.457
PD04702XD,"Cotizaciones internacionales - Plata (H.Harman, US$ por onzas troy)",07.May.18,16.505
PD04702XD,"Cotizaciones internacionales - Plata (H.Harman, US$ por onzas troy)",08.May.18,16.42
PD04702XD,"Cotizaciones internacionales - Plata (H.Harman, US$ por onzas troy)",09.May.18,16.557
PD04702XD,"Cotizaciones internacionales - Plata (H.Harman, US$ por onzas troy)",10.May.18,16.727
PD04702XD,"Cotizaciones internacionales - Plata (H.Harman, US$ por onzas troy)",11.May.18,16.762
PD04702XD,"Cotizaciones internacionales - Plata (H.Harman, US$ por onzas troy)",14.May.18,16.665
PD04702XD,"Cotizaciones internacionales - Plata (H.Harman, US$ por onzas troy)",15.May.18,16.294
PD04702XD,"Cotizaciones internacionales - Plata (H.Harman, US$ por onzas troy)",16.May.18,16.323
PD04702XD,"Cotizaciones internacionales - Plata (H.Harman, US$ por onzas troy)",17.May.18,16.476
PD04702XD,"Cotizaciones internacionales - Plata (H.Harman, US$ por onzas troy)",18.May.18,16.434
PD04702XD,"Cotizaciones internacionales - Plata (H.Harman, US$ por onzas troy)",21.May.18,16.487
PD04702XD,"Cotizaciones internacionales - Plata (H.Harman, US$ por onzas troy)",22.May.18,16.603
PD04702XD,"Cotizaciones internacionales - Plata (H.Harman, US$ por onzas troy)",23.May.18,16.406
PD04702XD,"Cotizaciones internacionales - Plata (H.Harman, US$ por onzas troy)",24.May.18,16.645
PD04702XD,"Cotizaciones internacionales - Plata (H.Harman, US$ por onzas troy)",25.May.18,16.555
PD04702XD,"Cotizaciones internacionales - Plata (H.Harman, US$ por onzas troy)",28.May.18,16.555
PD04702XD,"Cotizaciones internacionales - Plata (H.Harman, US$ por onzas troy)",29.May.18,16.42
PD04702XD,"Cotizaciones internacionales - Plata (H.Harman, US$ por onzas troy)",30.May.18,16.533
PD04702XD,"Cotizaciones internacionales - Plata (H.Harman, US$ por onzas troy)",31.May.18,16.51
PD04702XD,"Cotizaciones internacionales - Plata (H.Harman, US$ por onzas troy)",01.Jun.18,16.471
PD04702XD,"Cotizaciones internacionales - Plata (H.Harman, US$ por onzas troy)",04.Jun.18,16.457
PD04702XD,"Cotizaciones internacionales - Plata (H.Harman, US$ por onzas troy)",05.Jun.18,16.501
PD04702XD,"Cotizaciones internacionales - Plata (H.Harman, US$ por onzas troy)",06.Jun.18,16.745
PD04702XD,"Cotizaciones internacionales - Plata (H.Harman, US$ por onzas troy)",07.Jun.18,16.866
PD04702XD,"Cotizaciones internacionales - Plata (H.Harman, US$ por onzas troy)",08.Jun.18,16.771
PD04702XD,"Cotizaciones internacionales - Plata (H.Harman, US$ por onzas troy)",11.Jun.18,16.94
PD04702XD,"Cotizaciones internacionales - Plata (H.Harman, US$ por onzas troy)",12.Jun.18,16.915
PD04702XD,"Cotizaciones internacionales - Plata (H.Harman, US$ por onzas troy)",13.Jun.18,16.98
PD04702XD,"Cotizaciones internacionales - Plata (H.Harman, US$ por onzas troy)",14.Jun.18,17.225
PD04702XD,"Cotizaciones internacionales - Plata (H.Harman, US$ por onzas troy)",15.Jun.18,16.59
PD04702XD,"Cotizaciones internacionales - Plata (H.Harman, US$ por onzas troy)",18.Jun.18,16.472
PD04702XD,"Cotizaciones internacionales - Plata (H.Harman, US$ por onzas troy)",19.Jun.18,16.38
PD04702XD,"Cotizaciones internacionales - Plata (H.Harman, US$ por onzas troy)",20.Jun.18,16.35
PD04702XD,"Cotizaciones internacionales - Plata (H.Harman, US$ por onzas troy)",21.Jun.18,16.32
PD04702XD,"Cotizaciones internacionales - Plata (H.Harman, US$ por onzas troy)",22.Jun.18,16.415
PD04702XD,"Cotizaciones internacionales - Plata (H.Harman, US$ por onzas troy)",25.Jun.18,16.33
PD04702XD,"Cotizaciones internacionales - Plata (H.Harman, US$ por onzas troy)",26.Jun.18,16.3
PD04702XD,"Cotizaciones internacionales - Plata (H.Harman, US$ por onzas troy)",27.Jun.18,16.19
PD04702XD,"Cotizaciones internacionales - Plata (H.Harman, US$ por onzas troy)",28.Jun.18,16.002
PD04702XD,"Cotizaciones internacionales - Plata (H.Harman, US$ por onzas troy)",29.Jun.18,16.15
PD04702XD,"Cotizaciones internacionales - Plata (H.Harman, US$ por onzas troy)",02.Jul.18,15.873
PD04702XD,"Cotizaciones internacionales - Plata (H.Harman, US$ por onzas troy)",03.Jul.18,16.04
PD04702XD,"Cotizaciones internacionales - Plata (H.Harman, US$ por onzas troy)",04.Jul.18,16.04
PD04702XD,"Cotizaciones internacionales - Plata (H.Harman, US$ por onzas troy)",05.Jul.18,16.06
PD04702XD,"Cotizaciones internacionales - Plata (H.Harman, US$ por onzas troy)",06.Jul.18,16
PD04702XD,"Cotizaciones internacionales - Plata (H.Harman, US$ por onzas troy)",09.Jul.18,16.11
PD04702XD,"Cotizaciones internacionales - Plata (H.Harman, US$ por onzas troy)",10.Jul.18,16.1
PD04702XD,"Cotizaciones internacionales - Plata (H.Harman, US$ por onzas troy)",11.Jul.18,15.855
PD04702XD,"Cotizaciones internacionales - Plata (H.Harman, US$ por onzas troy)",12.Jul.18,15.997
PD04702XD,"Cotizaciones internacionales - Plata (H.Harman, US$ por onzas troy)",13.Jul.18,15.858
PD04702XD,"Cotizaciones internacionales - Plata (H.Harman, US$ por onzas troy)",16.Jul.18,15.772
PD04702XD,"Cotizaciones internacionales - Plata (H.Harman, US$ por onzas troy)",17.Jul.18,15.622
PD04702XD,"Cotizaciones internacionales - Plata (H.Harman, US$ por onzas troy)",18.Jul.18,15.494
PD04702XD,"Cotizaciones internacionales - Plata (H.Harman, US$ por onzas troy)",19.Jul.18,15.291
PD04702XD,"Cotizaciones internacionales - Plata (H.Harman, US$ por onzas troy)",20.Jul.18,15.5
PD04702XD,"Cotizaciones internacionales - Plata (H.Harman, US$ por onzas troy)",23.Jul.18,15.42
PD04702XD,"Cotizaciones internacionales - Plata (H.Harman, US$ por onzas troy)",24.Jul.18,15.502
PD04702XD,"Cotizaciones internacionales - Plata (H.Harman, US$ por onzas troy)",25.Jul.18,15.565
PD04702XD,"Cotizaciones internacionales - Plata (H.Harman, US$ por onzas troy)",26.Jul.18,15.478
PD04702XD,"Cotizaciones internacionales - Plata (H.Harman, US$ por onzas troy)",27.Jul.18,15.54
PD04702XD,"Cotizaciones internacionales - Plata (H.Harman, US$ por onzas troy)",30.Jul.18,15.521
PD04702XD,"Cotizaciones internacionales - Plata (H.Harman, US$ por onzas troy)",31.Jul.18,15.585
PD04702XD,"Cotizaciones internacionales - Plata (H.Harman, US$ por onzas troy)",01.Ago.18,15.44
PD04702XD,"Cotizaciones internacionales - Plata (H.Harman, US$ por onzas troy)",02.Ago.18,15.4
PD04702XD,"Cotizaciones internacionales - Plata (H.Harman, US$ por onzas troy)",03.Ago.18,15.518
PD04702XD,"Cotizaciones internacionales - Plata (H.Harman, US$ por onzas troy)",06.Ago.18,15.365
PD04702XD,"Cotizaciones internacionales - Plata (H.Harman, US$ por onzas troy)",07.Ago.18,15.408
PD04702XD,"Cotizaciones internacionales - Plata (H.Harman, US$ por onzas troy)",08.Ago.18,15.377
PD04702XD,"Cotizaciones internacionales - Plata (H.Harman, US$ por onzas troy)",09.Ago.18,15.451
PD04702XD,"Cotizaciones internacionales - Plata (H.Harman, US$ por onzas troy)",10.Ago.18,15.335
PD04702XD,"Cotizaciones internacionales - Plata (H.Harman, US$ por onzas troy)",13.Ago.18,15.093
PD04702XD,"Cotizaciones internacionales - Plata (H.Harman, US$ por onzas troy)",14.Ago.18,15.077
PD04702XD,"Cotizaciones internacionales - Plata (H.Harman, US$ por onzas troy)",15.Ago.18,14.46
PD04702XD,"Cotizaciones internacionales - Plata (H.Harman, US$ por onzas troy)",16.Ago.18,14.793
PD04702XD,"Cotizaciones internacionales - Plata (H.Harman, US$ por onzas troy)",17.Ago.18,14.685
PD04702XD,"Cotizaciones internacionales - Plata (H.Harman, US$ por onzas troy)",20.Ago.18,14.685
PD04702XD,"Cotizaciones internacionales - Plata (H.Harman, US$ por onzas troy)",21.Ago.18,14.772
PD04702XD,"Cotizaciones internacionales - Plata (H.Harman, US$ por onzas troy)",22.Ago.18,14.765
PD04702XD,"Cotizaciones internacionales - Plata (H.Harman, US$ por onzas troy)",23.Ago.18,14.603
PD04702XD,"Cotizaciones internacionales - Plata (H.Harman, US$ por onzas troy)",24.Ago.18,14.875
PD04702XD,"Cotizaciones internacionales - Plata (H.Harman, US$ por onzas troy)",27.Ago.18,14.889
PD04702XD,"Cotizaciones internacionales - Plata (H.Harman, US$ por onzas troy)",28.Ago.18,14.879
PD04702XD,"Cotizaciones internacionales - Plata (H.Harman, US$ por onzas troy)",29.Ago.18,14.733
PD04702XD,"Cotizaciones internacionales - Plata (H.Harman, US$ por onzas troy)",30.Ago.18,14.561
PD04702XD,"Cotizaciones internacionales - Plata (H.Harman, US$ por onzas troy)",31.Ago.18,14.538
PD04702XD,"Cotizaciones internacionales - Plata (H.Harman, US$ por onzas troy)",03.Set.18,14.538
PD04702XD,"Cotizaciones internacionales - Plata (H.Harman, US$ por onzas troy)",04.Set.18,14.116
PD04702XD,"Cotizaciones internacionales - Plata (H.Harman, US$ por onzas troy)",05.Set.18,14.22
PD04702XD,"Cotizaciones internacionales - Plata (H.Harman, US$ por onzas troy)",06.Set.18,14.185
PD04702XD,"Cotizaciones internacionales - Plata (H.Harman, US$ por onzas troy)",07.Set.18,14.22
PD04702XD,"Cotizaciones internacionales - Plata (H.Harman, US$ por onzas troy)",10.Set.18,14.193
PD04702XD,"Cotizaciones internacionales - Plata (H.Harman, US$ por onzas troy)",11.Set.18,14.112
PD04702XD,"Cotizaciones internacionales - Plata (H.Harman, US$ por onzas troy)",12.Set.18,14.225
PD04702XD,"Cotizaciones internacionales - Plata (H.Harman, US$ por onzas troy)",13.Set.18,14.24
PD04702XD,"Cotizaciones internacionales - Plata (H.Harman, US$ por onzas troy)",14.Set.18,14.149
PD04702XD,"Cotizaciones internacionales - Plata (H.Harman, US$ por onzas troy)",17.Set.18,14.217
PD04702XD,"Cotizaciones internacionales - Plata (H.Harman, US$ por onzas troy)",18.Set.18,14.201
PD04702XD,"Cotizaciones internacionales - Plata (H.Harman, US$ por onzas troy)",19.Set.18,14.281
PD04702XD,"Cotizaciones internacionales - Plata (H.Harman, US$ por onzas troy)",20.Set.18,14.24
PD04702XD,"Cotizaciones internacionales - Plata (H.Harman, US$ por onzas troy)",21.Set.18,14.337
PD04702XD,"Cotizaciones internacionales - Plata (H.Harman, US$ por onzas troy)",24.Set.18,14.368
PD04702XD,"Cotizaciones internacionales - Plata (H.Harman, US$ por onzas troy)",25.Set.18,14.511
PD04702XD,"Cotizaciones internacionales - Plata (H.Harman, US$ por onzas troy)",26.Set.18,14.4
PD04702XD,"Cotizaciones internacionales - Plata (H.Harman, US$ por onzas troy)",27.Set.18,14.262
PD04702XD,"Cotizaciones internacionales - Plata (H.Harman, US$ por onzas troy)",28.Set.18,14.685
PD04702XD,"Cotizaciones internacionales - Plata (H.Harman, US$ por onzas troy)",01.Oct.18,14.475
PD04702XD,"Cotizaciones internacionales - Plata (H.Harman, US$ por onzas troy)",02.Oct.18,14.766
PD04702XD,"Cotizaciones internacionales - Plata (H.Harman, US$ por onzas troy)",03.Oct.18,14.712
PD04702XD,"Cotizaciones internacionales - Plata (H.Harman, US$ por onzas troy)",04.Oct.18,14.63
PD04702XD,"Cotizaciones internacionales - Plata (H.Harman, US$ por onzas troy)",05.Oct.18,14.607
PD04702XD,"Cotizaciones internacionales - Plata (H.Harman, US$ por onzas troy)",08.Oct.18,14.29
PD04702XD,"Cotizaciones internacionales - Plata (H.Harman, US$ por onzas troy)",09.Oct.18,14.413
PD04702XD,"Cotizaciones internacionales - Plata (H.Harman, US$ por onzas troy)",10.Oct.18,14.32
PD04702XD,"Cotizaciones internacionales - Plata (H.Harman, US$ por onzas troy)",11.Oct.18,14.6
PD04702XD,"Cotizaciones internacionales - Plata (H.Harman, US$ por onzas troy)",12.Oct.18,14.603
PD04702XD,"Cotizaciones internacionales - Plata (H.Harman, US$ por onzas troy)",15.Oct.18,14.74
PD04702XD,"Cotizaciones internacionales - Plata (H.Harman, US$ por onzas troy)",16.Oct.18,14.725
PD04702XD,"Cotizaciones internacionales - Plata (H.Harman, US$ por onzas troy)",17.Oct.18,14.697
PD04702XD,"Cotizaciones internacionales - Plata (H.Harman, US$ por onzas troy)",18.Oct.18,14.645
PD04702XD,"Cotizaciones internacionales - Plata (H.Harman, US$ por onzas troy)",19.Oct.18,14.633
PD04702XD,"Cotizaciones internacionales - Plata (H.Harman, US$ por onzas troy)",22.Oct.18,14.576
PD04702XD,"Cotizaciones internacionales - Plata (H.Harman, US$ por onzas troy)",23.Oct.18,14.77
PD04702XD,"Cotizaciones internacionales - Plata (H.Harman, US$ por onzas troy)",24.Oct.18,14.705
PD04702XD,"Cotizaciones internacionales - Plata (H.Harman, US$ por onzas troy)",25.Oct.18,14.635
PD04702XD,"Cotizaciones internacionales - Plata (H.Harman, US$ por onzas troy)",26.Oct.18,14.749
PD04702XD,"Cotizaciones internacionales - Plata (H.Harman, US$ por onzas troy)",29.Oct.18,14.625
PD04702XD,"Cotizaciones internacionales - Plata (H.Harman, US$ por onzas troy)",30.Oct.18,14.469
PD04702XD,"Cotizaciones internacionales - Plata (H.Harman, US$ por onzas troy)",31.Oct.18,14.34
PD04702XD,"Cotizaciones internacionales - Plata (H.Harman, US$ por onzas troy)",01.Nov.18,14.705
PD04702XD,"Cotizaciones internacionales - Plata (H.Harman, US$ por onzas troy)",02.Nov.18,14.815
PD04702XD,"Cotizaciones internacionales - Plata (H.Harman, US$ por onzas troy)",05.Nov.18,14.64
PD04702XD,"Cotizaciones internacionales - Plata (H.Harman, US$ por onzas troy)",06.Nov.18,14.536
PD04702XD,"Cotizaciones internacionales - Plata (H.Harman, US$ por onzas troy)",07.Nov.18,14.604
PD04702XD,"Cotizaciones internacionales - Plata (H.Harman, US$ por onzas troy)",08.Nov.18,14.459
PD04702XD,"Cotizaciones internacionales - Plata (H.Harman, US$ por onzas troy)",09.Nov.18,14.146
PD04702XD,"Cotizaciones internacionales - Plata (H.Harman, US$ por onzas troy)",12.Nov.18,14.065
PD04702XD,"Cotizaciones internacionales - Plata (H.Harman, US$ por onzas troy)",13.Nov.18,14.065
PD04702XD,"Cotizaciones internacionales - Plata (H.Harman, US$ por onzas troy)",14.Nov.18,14.067
PD04702XD,"Cotizaciones internacionales - Plata (H.Harman, US$ por onzas troy)",15.Nov.18,14.274
PD04702XD,"Cotizaciones internacionales - Plata (H.Harman, US$ por onzas troy)",16.Nov.18,14.36
PD04702XD,"Cotizaciones internacionales - Plata (H.Harman, US$ por onzas troy)",19.Nov.18,14.4
PD04702XD,"Cotizaciones internacionales - Plata (H.Harman, US$ por onzas troy)",20.Nov.18,14.364
PD04702XD,"Cotizaciones internacionales - Plata (H.Harman, US$ por onzas troy)",21.Nov.18,14.521
PD04702XD,"Cotizaciones internacionales - Plata (H.Harman, US$ por onzas troy)",22.Nov.18,14.521
PD04702XD,"Cotizaciones internacionales - Plata (H.Harman, US$ por onzas troy)",23.Nov.18,14.3
PD04702XD,"Cotizaciones internacionales - Plata (H.Harman, US$ por onzas troy)",26.Nov.18,14.251
PD04702XD,"Cotizaciones internacionales - Plata (H.Harman, US$ por onzas troy)",27.Nov.18,14.14
PD04702XD,"Cotizaciones internacionales - Plata (H.Harman, US$ por onzas troy)",28.Nov.18,14.183
PD04702XD,"Cotizaciones internacionales - Plata (H.Harman, US$ por onzas troy)",29.Nov.18,14.35
PD04702XD,"Cotizaciones internacionales - Plata (H.Harman, US$ por onzas troy)",30.Nov.18,14.177
PD04702XD,"Cotizaciones internacionales - Plata (H.Harman, US$ por onzas troy)",03.Dic.18,14.465
PD04702XD,"Cotizaciones internacionales - Plata (H.Harman, US$ por onzas troy)",04.Dic.18,14.569
PD04702XD,"Cotizaciones internacionales - Plata (H.Harman, US$ por onzas troy)",05.Dic.18,14.502
PD04702XD,"Cotizaciones internacionales - Plata (H.Harman, US$ por onzas troy)",06.Dic.18,14.465
PD04702XD,"Cotizaciones internacionales - Plata (H.Harman, US$ por onzas troy)",07.Dic.18,14.588
PD04702XD,"Cotizaciones internacionales - Plata (H.Harman, US$ por onzas troy)",10.Dic.18,14.59
PD04702XD,"Cotizaciones internacionales - Plata (H.Harman, US$ por onzas troy)",11.Dic.18,14.585
PD04702XD,"Cotizaciones internacionales - Plata (H.Harman, US$ por onzas troy)",12.Dic.18,14.77
PD04702XD,"Cotizaciones internacionales - Plata (H.Harman, US$ por onzas troy)",13.Dic.18,14.78
PD04702XD,"Cotizaciones internacionales - Plata (H.Harman, US$ por onzas troy)",14.Dic.18,14.617
PD04702XD,"Cotizaciones internacionales - Plata (H.Harman, US$ por onzas troy)",17.Dic.18,14.647
PD04702XD,"Cotizaciones internacionales - Plata (H.Harman, US$ por onzas troy)",18.Dic.18,14.662
PD04702XD,"Cotizaciones internacionales - Plata (H.Harman, US$ por onzas troy)",19.Dic.18,14.802
PD04702XD,"Cotizaciones internacionales - Plata (H.Harman, US$ por onzas troy)",20.Dic.18,14.735
PD04702XD,"Cotizaciones internacionales - Plata (H.Harman, US$ por onzas troy)",21.Dic.18,14.667
PD04702XD,"Cotizaciones internacionales - Plata (H.Harman, US$ por onzas troy)",24.Dic.18,14.77
PD04702XD,"Cotizaciones internacionales - Plata (H.Harman, US$ por onzas troy)",25.Dic.18,14.77
PD04702XD,"Cotizaciones internacionales - Plata (H.Harman, US$ por onzas troy)",26.Dic.18,15.152
PD04702XD,"Cotizaciones internacionales - Plata (H.Harman, US$ por onzas troy)",27.Dic.18,15.236
PD04702XD,"Cotizaciones internacionales - Plata (H.Harman, US$ por onzas troy)",28.Dic.18,15.334
PD04702XD,"Cotizaciones internacionales - Plata (H.Harman, US$ por onzas troy)",31.Dic.18,15.512
PD04702XD,"Cotizaciones internacionales - Plata (H.Harman, US$ por onzas troy)",01.Ene.19,15.512
PD04702XD,"Cotizaciones internacionales - Plata (H.Harman, US$ por onzas troy)",02.Ene.19,15.55
PD04702XD,"Cotizaciones internacionales - Plata (H.Harman, US$ por onzas troy)",03.Ene.19,15.683
PD04702XD,"Cotizaciones internacionales - Plata (H.Harman, US$ por onzas troy)",04.Ene.19,15.758
PD04702XD,"Cotizaciones internacionales - Plata (H.Harman, US$ por onzas troy)",07.Ene.19,15.702
PD04702XD,"Cotizaciones internacionales - Plata (H.Harman, US$ por onzas troy)",08.Ene.19,15.631
PD04702XD,"Cotizaciones internacionales - Plata (H.Harman, US$ por onzas troy)",09.Ene.19,15.66
PD04702XD,"Cotizaciones internacionales - Plata (H.Harman, US$ por onzas troy)",10.Ene.19,15.661
PD04702XD,"Cotizaciones internacionales - Plata (H.Harman, US$ por onzas troy)",11.Ene.19,15.65
PD04702XD,"Cotizaciones internacionales - Plata (H.Harman, US$ por onzas troy)",14.Ene.19,15.64
PD04702XD,"Cotizaciones internacionales - Plata (H.Harman, US$ por onzas troy)",15.Ene.19,15.577
PD04702XD,"Cotizaciones internacionales - Plata (H.Harman, US$ por onzas troy)",16.Ene.19,15.6
PD04702XD,"Cotizaciones internacionales - Plata (H.Harman, US$ por onzas troy)",17.Ene.19,15.517
PD04702XD,"Cotizaciones internacionales - Plata (H.Harman, US$ por onzas troy)",18.Ene.19,15.423
PD04702XD,"Cotizaciones internacionales - Plata (H.Harman, US$ por onzas troy)",21.Ene.19,15.303
PD04702XD,"Cotizaciones internacionales - Plata (H.Harman, US$ por onzas troy)",22.Ene.19,15.327
PD04702XD,"Cotizaciones internacionales - Plata (H.Harman, US$ por onzas troy)",23.Ene.19,15.371
PD04702XD,"Cotizaciones internacionales - Plata (H.Harman, US$ por onzas troy)",24.Ene.19,15.334
PD04702XD,"Cotizaciones internacionales - Plata (H.Harman, US$ por onzas troy)",25.Ene.19,15.7
PD04702XD,"Cotizaciones internacionales - Plata (H.Harman, US$ por onzas troy)",28.Ene.19,15.764
PD04702XD,"Cotizaciones internacionales - Plata (H.Harman, US$ por onzas troy)",29.Ene.19,15.862
PD04702XD,"Cotizaciones internacionales - Plata (H.Harman, US$ por onzas troy)",30.Ene.19,15.935
PD04702XD,"Cotizaciones internacionales - Plata (H.Harman, US$ por onzas troy)",31.Ene.19,16.084
PD04702XD,"Cotizaciones internacionales - Plata (H.Harman, US$ por onzas troy)",01.Feb.19,15.95
PD04702XD,"Cotizaciones internacionales - Plata (H.Harman, US$ por onzas troy)",04.Feb.19,15.906
PD04702XD,"Cotizaciones internacionales - Plata (H.Harman, US$ por onzas troy)",05.Feb.19,15.834
PD04702XD,"Cotizaciones internacionales - Plata (H.Harman, US$ por onzas troy)",06.Feb.19,15.749
PD04702XD,"Cotizaciones internacionales - Plata (H.Harman, US$ por onzas troy)",07.Feb.19,15.698
PD04702XD,"Cotizaciones internacionales - Plata (H.Harman, US$ por onzas troy)",08.Feb.19,15.787
PD04702XD,"Cotizaciones internacionales - Plata (H.Harman, US$ por onzas troy)",11.Feb.19,15.724
PD04702XD,"Cotizaciones internacionales - Plata (H.Harman, US$ por onzas troy)",12.Feb.19,15.697
PD04702XD,"Cotizaciones internacionales - Plata (H.Harman, US$ por onzas troy)",13.Feb.19,15.706
PD04702XD,"Cotizaciones internacionales - Plata (H.Harman, US$ por onzas troy)",14.Feb.19,15.59
PD04702XD,"Cotizaciones internacionales - Plata (H.Harman, US$ por onzas troy)",15.Feb.19,15.659
PD04702XD,"Cotizaciones internacionales - Plata (H.Harman, US$ por onzas troy)",18.Feb.19,15.825
PD04702XD,"Cotizaciones internacionales - Plata (H.Harman, US$ por onzas troy)",19.Feb.19,15.98
PD04702XD,"Cotizaciones internacionales - Plata (H.Harman, US$ por onzas troy)",20.Feb.19,16.14
PD04702XD,"Cotizaciones internacionales - Plata (H.Harman, US$ por onzas troy)",21.Feb.19,15.888
PD04702XD,"Cotizaciones internacionales - Plata (H.Harman, US$ por onzas troy)",22.Feb.19,15.949
PD04702XD,"Cotizaciones internacionales - Plata (H.Harman, US$ por onzas troy)",25.Feb.19,15.913
PD04702XD,"Cotizaciones internacionales - Plata (H.Harman, US$ por onzas troy)",26.Feb.19,15.895
PD04702XD,"Cotizaciones internacionales - Plata (H.Harman, US$ por onzas troy)",27.Feb.19,15.747
PD04702XD,"Cotizaciones internacionales - Plata (H.Harman, US$ por onzas troy)",28.Feb.19,15.655
PD04702XD,"Cotizaciones internacionales - Plata (H.Harman, US$ por onzas troy)",01.Mar.19,15.318
PD04702XD,"Cotizaciones internacionales - Plata (H.Harman, US$ por onzas troy)",04.Mar.19,15.131
PD04702XD,"Cotizaciones internacionales - Plata (H.Harman, US$ por onzas troy)",05.Mar.19,15.125
PD04702XD,"Cotizaciones internacionales - Plata (H.Harman, US$ por onzas troy)",06.Mar.19,15.074
PD04702XD,"Cotizaciones internacionales - Plata (H.Harman, US$ por onzas troy)",07.Mar.19,15.045
PD04702XD,"Cotizaciones internacionales - Plata (H.Harman, US$ por onzas troy)",08.Mar.19,15.358
PD04702XD,"Cotizaciones internacionales - Plata (H.Harman, US$ por onzas troy)",11.Mar.19,15.304
PD04702XD,"Cotizaciones internacionales - Plata (H.Harman, US$ por onzas troy)",12.Mar.19,15.391
PD04702XD,"Cotizaciones internacionales - Plata (H.Harman, US$ por onzas troy)",13.Mar.19,15.488
PD04702XD,"Cotizaciones internacionales - Plata (H.Harman, US$ por onzas troy)",14.Mar.19,15.215
PD04702XD,"Cotizaciones internacionales - Plata (H.Harman, US$ por onzas troy)",15.Mar.19,15.319
PD04702XD,"Cotizaciones internacionales - Plata (H.Harman, US$ por onzas troy)",18.Mar.19,15.359
PD04702XD,"Cotizaciones internacionales - Plata (H.Harman, US$ por onzas troy)",19.Mar.19,15.4
PD04702XD,"Cotizaciones internacionales - Plata (H.Harman, US$ por onzas troy)",20.Mar.19,15.315
PD04702XD,"Cotizaciones internacionales - Plata (H.Harman, US$ por onzas troy)",21.Mar.19,15.5
PD04702XD,"Cotizaciones internacionales - Plata (H.Harman, US$ por onzas troy)",22.Mar.19,15.42
PD04702XD,"Cotizaciones internacionales - Plata (H.Harman, US$ por onzas troy)",25.Mar.19,15.574
PD04702XD,"Cotizaciones internacionales - Plata (H.Harman, US$ por onzas troy)",26.Mar.19,15.454
PD04702XD,"Cotizaciones internacionales - Plata (H.Harman, US$ por onzas troy)",27.Mar.19,15.327
PD04702XD,"Cotizaciones internacionales - Plata (H.Harman, US$ por onzas troy)",28.Mar.19,15.08
PD04702XD,"Cotizaciones internacionales - Plata (H.Harman, US$ por onzas troy)",29.Mar.19,15.167
PD04702XD,"Cotizaciones internacionales - Plata (H.Harman, US$ por onzas troy)",01.Abr.19,15.161
PD04702XD,"Cotizaciones internacionales - Plata (H.Harman, US$ por onzas troy)",02.Abr.19,15.079
PD04702XD,"Cotizaciones internacionales - Plata (H.Harman, US$ por onzas troy)",03.Abr.19,15.121
PD04702XD,"Cotizaciones internacionales - Plata (H.Harman, US$ por onzas troy)",04.Abr.19,15.098
PD04702XD,"Cotizaciones internacionales - Plata (H.Harman, US$ por onzas troy)",05.Abr.19,15.145
PD04702XD,"Cotizaciones internacionales - Plata (H.Harman, US$ por onzas troy)",08.Abr.19,15.24
PD04702XD,"Cotizaciones internacionales - Plata (H.Harman, US$ por onzas troy)",09.Abr.19,15.307
PD04702XD,"Cotizaciones internacionales - Plata (H.Harman, US$ por onzas troy)",10.Abr.19,15.265
PD04702XD,"Cotizaciones internacionales - Plata (H.Harman, US$ por onzas troy)",11.Abr.19,15.03
PD04702XD,"Cotizaciones internacionales - Plata (H.Harman, US$ por onzas troy)",12.Abr.19,15.018
PD04702XD,"Cotizaciones internacionales - Plata (H.Harman, US$ por onzas troy)",15.Abr.19,15.007
PD04702XD,"Cotizaciones internacionales - Plata (H.Harman, US$ por onzas troy)",16.Abr.19,14.994
PD04702XD,"Cotizaciones internacionales - Plata (H.Harman, US$ por onzas troy)",17.Abr.19,14.97
PD04702XD,"Cotizaciones internacionales - Plata (H.Harman, US$ por onzas troy)",18.Abr.19,15.006
PD04702XD,"Cotizaciones internacionales - Plata (H.Harman, US$ por onzas troy)",19.Abr.19,15.006
PD04702XD,"Cotizaciones internacionales - Plata (H.Harman, US$ por onzas troy)",22.Abr.19,15.011
PD04702XD,"Cotizaciones internacionales - Plata (H.Harman, US$ por onzas troy)",23.Abr.19,14.823
PD04702XD,"Cotizaciones internacionales - Plata (H.Harman, US$ por onzas troy)",24.Abr.19,14.99
PD04702XD,"Cotizaciones internacionales - Plata (H.Harman, US$ por onzas troy)",25.Abr.19,14.96
PD04702XD,"Cotizaciones internacionales - Plata (H.Harman, US$ por onzas troy)",26.Abr.19,15.074
PD04702XD,"Cotizaciones internacionales - Plata (H.Harman, US$ por onzas troy)",29.Abr.19,14.908
PD04702XD,"Cotizaciones internacionales - Plata (H.Harman, US$ por onzas troy)",30.Abr.19,14.951
PD04702XD,"Cotizaciones internacionales - Plata (H.Harman, US$ por onzas troy)",01.May.19,14.744
PD04702XD,"Cotizaciones internacionales - Plata (H.Harman, US$ por onzas troy)",02.May.19,14.634
PD04702XD,"Cotizaciones internacionales - Plata (H.Harman, US$ por onzas troy)",03.May.19,14.938
PD04702XD,"Cotizaciones internacionales - Plata (H.Harman, US$ por onzas troy)",06.May.19,14.91
PD04702XD,"Cotizaciones internacionales - Plata (H.Harman, US$ por onzas troy)",07.May.19,14.902
PD04702XD,"Cotizaciones internacionales - Plata (H.Harman, US$ por onzas troy)",08.May.19,14.857
PD04702XD,"Cotizaciones internacionales - Plata (H.Harman, US$ por onzas troy)",09.May.19,14.782
PD04702XD,"Cotizaciones internacionales - Plata (H.Harman, US$ por onzas troy)",10.May.19,14.806
PD04702XD,"Cotizaciones internacionales - Plata (H.Harman, US$ por onzas troy)",13.May.19,14.78
PD04702XD,"Cotizaciones internacionales - Plata (H.Harman, US$ por onzas troy)",14.May.19,14.807
PD04702XD,"Cotizaciones internacionales - Plata (H.Harman, US$ por onzas troy)",15.May.19,14.812
PD04702XD,"Cotizaciones internacionales - Plata (H.Harman, US$ por onzas troy)",16.May.19,14.56
PD04702XD,"Cotizaciones internacionales - Plata (H.Harman, US$ por onzas troy)",17.May.19,14.445
PD04702XD,"Cotizaciones internacionales - Plata (H.Harman, US$ por onzas troy)",20.May.19,14.464
PD04702XD,"Cotizaciones internacionales - Plata (H.Harman, US$ por onzas troy)",21.May.19,14.451
PD04702XD,"Cotizaciones internacionales - Plata (H.Harman, US$ por onzas troy)",22.May.19,14.494
PD04702XD,"Cotizaciones internacionales - Plata (H.Harman, US$ por onzas troy)",23.May.19,14.654
PD04702XD,"Cotizaciones internacionales - Plata (H.Harman, US$ por onzas troy)",24.May.19,14.583
PD04702XD,"Cotizaciones internacionales - Plata (H.Harman, US$ por onzas troy)",27.May.19,14.583
PD04702XD,"Cotizaciones internacionales - Plata (H.Harman, US$ por onzas troy)",28.May.19,14.36
PD04702XD,"Cotizaciones internacionales - Plata (H.Harman, US$ por onzas troy)",29.May.19,14.465
PD04702XD,"Cotizaciones internacionales - Plata (H.Harman, US$ por onzas troy)",30.May.19,14.526
PD04702XD,"Cotizaciones internacionales - Plata (H.Harman, US$ por onzas troy)",31.May.19,14.591
PD04702XD,"Cotizaciones internacionales - Plata (H.Harman, US$ por onzas troy)",03.Jun.19,14.746
PD04702XD,"Cotizaciones internacionales - Plata (H.Harman, US$ por onzas troy)",04.Jun.19,14.773
PD04702XD,"Cotizaciones internacionales - Plata (H.Harman, US$ por onzas troy)",05.Jun.19,14.814
PD04702XD,"Cotizaciones internacionales - Plata (H.Harman, US$ por onzas troy)",06.Jun.19,14.904
PD04702XD,"Cotizaciones internacionales - Plata (H.Harman, US$ por onzas troy)",07.Jun.19,15.038
PD04702XD,"Cotizaciones internacionales - Plata (H.Harman, US$ por onzas troy)",10.Jun.19,14.719
PD04702XD,"Cotizaciones internacionales - Plata (H.Harman, US$ por onzas troy)",11.Jun.19,14.762
PD04702XD,"Cotizaciones internacionales - Plata (H.Harman, US$ por onzas troy)",12.Jun.19,14.818
PD04702XD,"Cotizaciones internacionales - Plata (H.Harman, US$ por onzas troy)",13.Jun.19,14.893
PD04702XD,"Cotizaciones internacionales - Plata (H.Harman, US$ por onzas troy)",14.Jun.19,14.928
PD04702XD,"Cotizaciones internacionales - Plata (H.Harman, US$ por onzas troy)",17.Jun.19,14.88
PD04702XD,"Cotizaciones internacionales - Plata (H.Harman, US$ por onzas troy)",18.Jun.19,14.991
PD04702XD,"Cotizaciones internacionales - Plata (H.Harman, US$ por onzas troy)",19.Jun.19,14.99
PD04702XD,"Cotizaciones internacionales - Plata (H.Harman, US$ por onzas troy)",20.Jun.19,15.407
PD04702XD,"Cotizaciones internacionales - Plata (H.Harman, US$ por onzas troy)",21.Jun.19,15.32
PD04702XD,"Cotizaciones internacionales - Plata (H.Harman, US$ por onzas troy)",24.Jun.19,15.421
PD04702XD,"Cotizaciones internacionales - Plata (H.Harman, US$ por onzas troy)",25.Jun.19,15.465
PD04702XD,"Cotizaciones internacionales - Plata (H.Harman, US$ por onzas troy)",26.Jun.19,15.345
PD04702XD,"Cotizaciones internacionales - Plata (H.Harman, US$ por onzas troy)",27.Jun.19,15.188
PD04702XD,"Cotizaciones internacionales - Plata (H.Harman, US$ por onzas troy)",28.Jun.19,15.32
PD04702XD,"Cotizaciones internacionales - Plata (H.Harman, US$ por onzas troy)",01.Jul.19,15.22
PD04702XD,"Cotizaciones internacionales - Plata (H.Harman, US$ por onzas troy)",02.Jul.19,15.24
PD04702XD,"Cotizaciones internacionales - Plata (H.Harman, US$ por onzas troy)",03.Jul.19,15.325
PD04702XD,"Cotizaciones internacionales - Plata (H.Harman, US$ por onzas troy)",04.Jul.19,15.325
PD04702XD,"Cotizaciones internacionales - Plata (H.Harman, US$ por onzas troy)",05.Jul.19,15.007
PD04702XD,"Cotizaciones internacionales - Plata (H.Harman, US$ por onzas troy)",08.Jul.19,15.042
PD04702XD,"Cotizaciones internacionales - Plata (H.Harman, US$ por onzas troy)",09.Jul.19,15.107
PD04702XD,"Cotizaciones internacionales - Plata (H.Harman, US$ por onzas troy)",10.Jul.19,15.208
PD04702XD,"Cotizaciones internacionales - Plata (H.Harman, US$ por onzas troy)",11.Jul.19,15.201
PD04702XD,"Cotizaciones internacionales - Plata (H.Harman, US$ por onzas troy)",12.Jul.19,15.172
PD04702XD,"Cotizaciones internacionales - Plata (H.Harman, US$ por onzas troy)",15.Jul.19,15.338
PD04702XD,"Cotizaciones internacionales - Plata (H.Harman, US$ por onzas troy)",16.Jul.19,15.596
PD04702XD,"Cotizaciones internacionales - Plata (H.Harman, US$ por onzas troy)",17.Jul.19,15.927
PD04702XD,"Cotizaciones internacionales - Plata (H.Harman, US$ por onzas troy)",18.Jul.19,16.206
PD04702XD,"Cotizaciones internacionales - Plata (H.Harman, US$ por onzas troy)",19.Jul.19,16.125
PD04702XD,"Cotizaciones internacionales - Plata (H.Harman, US$ por onzas troy)",22.Jul.19,16.399
PD04702XD,"Cotizaciones internacionales - Plata (H.Harman, US$ por onzas troy)",23.Jul.19,16.46
PD04702XD,"Cotizaciones internacionales - Plata (H.Harman, US$ por onzas troy)",24.Jul.19,16.585
PD04702XD,"Cotizaciones internacionales - Plata (H.Harman, US$ por onzas troy)",25.Jul.19,16.486
PD04702XD,"Cotizaciones internacionales - Plata (H.Harman, US$ por onzas troy)",26.Jul.19,16.406
PD04702XD,"Cotizaciones internacionales - Plata (H.Harman, US$ por onzas troy)",29.Jul.19,16.423
PD04702XD,"Cotizaciones internacionales - Plata (H.Harman, US$ por onzas troy)",30.Jul.19,16.52
PD04702XD,"Cotizaciones internacionales - Plata (H.Harman, US$ por onzas troy)",31.Jul.19,16.411
PD04702XD,"Cotizaciones internacionales - Plata (H.Harman, US$ por onzas troy)",01.Ago.19,16.154
PD04702XD,"Cotizaciones internacionales - Plata (H.Harman, US$ por onzas troy)",02.Ago.19,16.306
PD04702XD,"Cotizaciones internacionales - Plata (H.Harman, US$ por onzas troy)",05.Ago.19,16.366
PD04702XD,"Cotizaciones internacionales - Plata (H.Harman, US$ por onzas troy)",06.Ago.19,16.437
PD04702XD,"Cotizaciones internacionales - Plata (H.Harman, US$ por onzas troy)",07.Ago.19,17.095
PD04702XD,"Cotizaciones internacionales - Plata (H.Harman, US$ por onzas troy)",08.Ago.19,16.966
PD04702XD,"Cotizaciones internacionales - Plata (H.Harman, US$ por onzas troy)",09.Ago.19,17.015
PD04702XD,"Cotizaciones internacionales - Plata (H.Harman, US$ por onzas troy)",12.Ago.19,17.083
PD04702XD,"Cotizaciones internacionales - Plata (H.Harman, US$ por onzas troy)",13.Ago.19,17.021
PD04702XD,"Cotizaciones internacionales - Plata (H.Harman, US$ por onzas troy)",14.Ago.19,17.265
PD04702XD,"Cotizaciones internacionales - Plata (H.Harman, US$ por onzas troy)",15.Ago.19,17.24
PD04702XD,"Cotizaciones internacionales - Plata (H.Harman, US$ por onzas troy)",16.Ago.19,17.122
PD04702XD,"Cotizaciones internacionales - Plata (H.Harman, US$ por onzas troy)",19.Ago.19,16.991
PD04702XD,"Cotizaciones internacionales - Plata (H.Harman, US$ por onzas troy)",20.Ago.19,17.128
PD04702XD,"Cotizaciones internacionales - Plata (H.Harman, US$ por onzas troy)",21.Ago.19,17.138
PD04702XD,"Cotizaciones internacionales - Plata (H.Harman, US$ por onzas troy)",22.Ago.19,17.116
PD04702XD,"Cotizaciones internacionales - Plata (H.Harman, US$ por onzas troy)",23.Ago.19,17.433
PD04702XD,"Cotizaciones internacionales - Plata (H.Harman, US$ por onzas troy)",26.Ago.19,17.715
PD04702XD,"Cotizaciones internacionales - Plata (H.Harman, US$ por onzas troy)",27.Ago.19,18.167
PD04702XD,"Cotizaciones internacionales - Plata (H.Harman, US$ por onzas troy)",28.Ago.19,18.297
PD04702XD,"Cotizaciones internacionales - Plata (H.Harman, US$ por onzas troy)",29.Ago.19,18.48
PD04702XD,"Cotizaciones internacionales - Plata (H.Harman, US$ por onzas troy)",30.Ago.19,18.392
PD04702XD,"Cotizaciones internacionales - Plata (H.Harman, US$ por onzas troy)",02.Set.19,18.392
PD04702XD,"Cotizaciones internacionales - Plata (H.Harman, US$ por onzas troy)",03.Set.19,19.178
PD04702XD,"Cotizaciones internacionales - Plata (H.Harman, US$ por onzas troy)",04.Set.19,19.4
PD04702XD,"Cotizaciones internacionales - Plata (H.Harman, US$ por onzas troy)",05.Set.19,18.729
PD04702XD,"Cotizaciones internacionales - Plata (H.Harman, US$ por onzas troy)",06.Set.19,18.773
PD04702XD,"Cotizaciones internacionales - Plata (H.Harman, US$ por onzas troy)",09.Set.19,18.024
PD04702XD,"Cotizaciones internacionales - Plata (H.Harman, US$ por onzas troy)",10.Set.19,18.132
PD04702XD,"Cotizaciones internacionales - Plata (H.Harman, US$ por onzas troy)",11.Set.19,18.068
PD04702XD,"Cotizaciones internacionales - Plata (H.Harman, US$ por onzas troy)",12.Set.19,18.105
PD04702XD,"Cotizaciones internacionales - Plata (H.Harman, US$ por onzas troy)",13.Set.19,17.647
PD04702XD,"Cotizaciones internacionales - Plata (H.Harman, US$ por onzas troy)",16.Set.19,17.95
PD04702XD,"Cotizaciones internacionales - Plata (H.Harman, US$ por onzas troy)",17.Set.19,18.023
PD04702XD,"Cotizaciones internacionales - Plata (H.Harman, US$ por onzas troy)",18.Set.19,17.93
PD04702XD,"Cotizaciones internacionales - Plata (H.Harman, US$ por onzas troy)",19.Set.19,17.808
PD04702XD,"Cotizaciones internacionales - Plata (H.Harman, US$ por onzas troy)",20.Set.19,17.797
PD04702XD,"Cotizaciones internacionales - Plata (H.Harman, US$ por onzas troy)",23.Set.19,18.564
PD04702XD,"Cotizaciones internacionales - Plata (H.Harman, US$ por onzas troy)",24.Set.19,18.545
PD04702XD,"Cotizaciones internacionales - Plata (H.Harman, US$ por onzas troy)",25.Set.19,18.076
PD04702XD,"Cotizaciones internacionales - Plata (H.Harman, US$ por onzas troy)",26.Set.19,17.911
PD04702XD,"Cotizaciones internacionales - Plata (H.Harman, US$ por onzas troy)",27.Set.19,17.465
PD04702XD,"Cotizaciones internacionales - Plata (H.Harman, US$ por onzas troy)",30.Set.19,17.067
PD04702XD,"Cotizaciones internacionales - Plata (H.Harman, US$ por onzas troy)",01.Oct.19,17.305
PD04702XD,"Cotizaciones internacionales - Plata (H.Harman, US$ por onzas troy)",02.Oct.19,17.58
PD04702XD,"Cotizaciones internacionales - Plata (H.Harman, US$ por onzas troy)",03.Oct.19,17.667
PD04702XD,"Cotizaciones internacionales - Plata (H.Harman, US$ por onzas troy)",04.Oct.19,17.498
PD04702XD,"Cotizaciones internacionales - Plata (H.Harman, US$ por onzas troy)",07.Oct.19,17.515
PD04702XD,"Cotizaciones internacionales - Plata (H.Harman, US$ por onzas troy)",08.Oct.19,17.683
PD04702XD,"Cotizaciones internacionales - Plata (H.Harman, US$ por onzas troy)",09.Oct.19,17.771
PD04702XD,"Cotizaciones internacionales - Plata (H.Harman, US$ por onzas troy)",10.Oct.19,17.568
PD04702XD,"Cotizaciones internacionales - Plata (H.Harman, US$ por onzas troy)",11.Oct.19,17.507
PD04702XD,"Cotizaciones internacionales - Plata (H.Harman, US$ por onzas troy)",14.Oct.19,17.665
PD04702XD,"Cotizaciones internacionales - Plata (H.Harman, US$ por onzas troy)",15.Oct.19,17.421
PD04702XD,"Cotizaciones internacionales - Plata (H.Harman, US$ por onzas troy)",16.Oct.19,17.405
PD04702XD,"Cotizaciones internacionales - Plata (H.Harman, US$ por onzas troy)",17.Oct.19,17.616
PD04702XD,"Cotizaciones internacionales - Plata (H.Harman, US$ por onzas troy)",18.Oct.19,17.564
PD04702XD,"Cotizaciones internacionales - Plata (H.Harman, US$ por onzas troy)",21.Oct.19,17.605
PD04702XD,"Cotizaciones internacionales - Plata (H.Harman, US$ por onzas troy)",22.Oct.19,17.47
PD04702XD,"Cotizaciones internacionales - Plata (H.Harman, US$ por onzas troy)",23.Oct.19,17.586
PD04702XD,"Cotizaciones internacionales - Plata (H.Harman, US$ por onzas troy)",24.Oct.19,17.779
PD04702XD,"Cotizaciones internacionales - Plata (H.Harman, US$ por onzas troy)",25.Oct.19,18.001
PD04702XD,"Cotizaciones internacionales - Plata (H.Harman, US$ por onzas troy)",28.Oct.19,17.831
PD04702XD,"Cotizaciones internacionales - Plata (H.Harman, US$ por onzas troy)",29.Oct.19,17.902
PD04702XD,"Cotizaciones internacionales - Plata (H.Harman, US$ por onzas troy)",30.Oct.19,17.885
PD04702XD,"Cotizaciones internacionales - Plata (H.Harman, US$ por onzas troy)",31.Oct.19,18.017
PD04702XD,"Cotizaciones internacionales - Plata (H.Harman, US$ por onzas troy)",01.Nov.19,18.08
PD04702XD,"Cotizaciones internacionales - Plata (H.Harman, US$ por onzas troy)",04.Nov.19,18.035
PD04702XD,"Cotizaciones internacionales - Plata (H.Harman, US$ por onzas troy)",05.Nov.19,17.58
PD04702XD,"Cotizaciones internacionales - Plata (H.Harman, US$ por onzas troy)",06.Nov.19,17.648
PD04702XD,"Cotizaciones internacionales - Plata (H.Harman, US$ por onzas troy)",07.Nov.19,17.035
PD04702XD,"Cotizaciones internacionales - Plata (H.Harman, US$ por onzas troy)",08.Nov.19,16.902
PD04702XD,"Cotizaciones internacionales - Plata (H.Harman, US$ por onzas troy)",11.Nov.19,16.824
PD04702XD,"Cotizaciones internacionales - Plata (H.Harman, US$ por onzas troy)",12.Nov.19,16.765
PD04702XD,"Cotizaciones internacionales - Plata (H.Harman, US$ por onzas troy)",13.Nov.19,16.929
PD04702XD,"Cotizaciones internacionales - Plata (H.Harman, US$ por onzas troy)",14.Nov.19,17.05
PD04702XD,"Cotizaciones internacionales - Plata (H.Harman, US$ por onzas troy)",15.Nov.19,16.98
PD04702XD,"Cotizaciones internacionales - Plata (H.Harman, US$ por onzas troy)",18.Nov.19,17.03
PD04702XD,"Cotizaciones internacionales - Plata (H.Harman, US$ por onzas troy)",19.Nov.19,17.079
PD04702XD,"Cotizaciones internacionales - Plata (H.Harman, US$ por onzas troy)",20.Nov.19,17.102
PD04702XD,"Cotizaciones internacionales - Plata (H.Harman, US$ por onzas troy)",21.Nov.19,17.169
PD04702XD,"Cotizaciones internacionales - Plata (H.Harman, US$ por onzas troy)",22.Nov.19,17.05
PD04702XD,"Cotizaciones internacionales - Plata (H.Harman, US$ por onzas troy)",25.Nov.19,16.954
PD04702XD,"Cotizaciones internacionales - Plata (H.Harman, US$ por onzas troy)",26.Nov.19,17.07
PD04702XD,"Cotizaciones internacionales - Plata (H.Harman, US$ por onzas troy)",27.Nov.19,17
PD04702XD,"Cotizaciones internacionales - Plata (H.Harman, US$ por onzas troy)",28.Nov.19,17
PD04702XD,"Cotizaciones internacionales - Plata (H.Harman, US$ por onzas troy)",29.Nov.19,17.017
PD04702XD,"Cotizaciones internacionales - Plata (H.Harman, US$ por onzas troy)",02.Dic.19,16.948
PD04702XD,"Cotizaciones internacionales - Plata (H.Harman, US$ por onzas troy)",03.Dic.19,17.165
PD04702XD,"Cotizaciones internacionales - Plata (H.Harman, US$ por onzas troy)",04.Dic.19,16.856
PD04702XD,"Cotizaciones internacionales - Plata (H.Harman, US$ por onzas troy)",05.Dic.19,16.99
PD04702XD,"Cotizaciones internacionales - Plata (H.Harman, US$ por onzas troy)",06.Dic.19,16.59
PD04702XD,"Cotizaciones internacionales - Plata (H.Harman, US$ por onzas troy)",09.Dic.19,16.613
PD04702XD,"Cotizaciones internacionales - Plata (H.Harman, US$ por onzas troy)",10.Dic.19,16.675
PD04702XD,"Cotizaciones internacionales - Plata (H.Harman, US$ por onzas troy)",11.Dic.19,16.821
PD04702XD,"Cotizaciones internacionales - Plata (H.Harman, US$ por onzas troy)",12.Dic.19,16.875
PD04702XD,"Cotizaciones internacionales - Plata (H.Harman, US$ por onzas troy)",13.Dic.19,16.952
PD04702XD,"Cotizaciones internacionales - Plata (H.Harman, US$ por onzas troy)",16.Dic.19,17.017
PD04702XD,"Cotizaciones internacionales - Plata (H.Harman, US$ por onzas troy)",17.Dic.19,17.032
PD04702XD,"Cotizaciones internacionales - Plata (H.Harman, US$ por onzas troy)",18.Dic.19,16.997
PD04702XD,"Cotizaciones internacionales - Plata (H.Harman, US$ por onzas troy)",19.Dic.19,17.068
PD04702XD,"Cotizaciones internacionales - Plata (H.Harman, US$ por onzas troy)",20.Dic.19,17.167
PD04702XD,"Cotizaciones internacionales - Plata (H.Harman, US$ por onzas troy)",23.Dic.19,17.42
PD04702XD,"Cotizaciones internacionales - Plata (H.Harman, US$ por onzas troy)",24.Dic.19,17.74
PD04702XD,"Cotizaciones internacionales - Plata (H.Harman, US$ por onzas troy)",25.Dic.19,17.74
PD04702XD,"Cotizaciones internacionales - Plata (H.Harman, US$ por onzas troy)",26.Dic.19,17.74
PD04702XD,"Cotizaciones internacionales - Plata (H.Harman, US$ por onzas troy)",27.Dic.19,17.947
PD04702XD,"Cotizaciones internacionales - Plata (H.Harman, US$ por onzas troy)",30.Dic.19,17.966
PD04702XD,"Cotizaciones internacionales - Plata (H.Harman, US$ por onzas troy)",31.Dic.19,17.92
PD04702XD,"Cotizaciones internacionales - Plata (H.Harman, US$ por onzas troy)",01.Ene.20,17.92
PD04702XD,"Cotizaciones internacionales - Plata (H.Harman, US$ por onzas troy)",02.Ene.20,17.984
PD04702XD,"Cotizaciones internacionales - Plata (H.Harman, US$ por onzas troy)",03.Ene.20,18.111
PD04702XD,"Cotizaciones internacionales - Plata (H.Harman, US$ por onzas troy)",06.Ene.20,18.119
PD04702XD,"Cotizaciones internacionales - Plata (H.Harman, US$ por onzas troy)",07.Ene.20,18.319
PD04702XD,"Cotizaciones internacionales - Plata (H.Harman, US$ por onzas troy)",08.Ene.20,18.177
PD04702XD,"Cotizaciones internacionales - Plata (H.Harman, US$ por onzas troy)",09.Ene.20,17.906
PD04702XD,"Cotizaciones internacionales - Plata (H.Harman, US$ por onzas troy)",10.Ene.20,18.136
PD04702XD,"Cotizaciones internacionales - Plata (H.Harman, US$ por onzas troy)",13.Ene.20,18.015
PD04702XD,"Cotizaciones internacionales - Plata (H.Harman, US$ por onzas troy)",14.Ene.20,17.746
PD04702XD,"Cotizaciones internacionales - Plata (H.Harman, US$ por onzas troy)",15.Ene.20,17.978
PD04702XD,"Cotizaciones internacionales - Plata (H.Harman, US$ por onzas troy)",16.Ene.20,17.973
PD04702XD,"Cotizaciones internacionales - Plata (H.Harman, US$ por onzas troy)",17.Ene.20,18.046
PD04702XD,"Cotizaciones internacionales - Plata (H.Harman, US$ por onzas troy)",20.Ene.20,18.078
PD04702XD,"Cotizaciones internacionales - Plata (H.Harman, US$ por onzas troy)",21.Ene.20,17.854
PD04702XD,"Cotizaciones internacionales - Plata (H.Harman, US$ por onzas troy)",22.Ene.20,17.829
PD04702XD,"Cotizaciones internacionales - Plata (H.Harman, US$ por onzas troy)",23.Ene.20,17.825
PD04702XD,"Cotizaciones internacionales - Plata (H.Harman, US$ por onzas troy)",24.Ene.20,18.061
PD04702XD,"Cotizaciones internacionales - Plata (H.Harman, US$ por onzas troy)",27.Ene.20,18.203
PD04702XD,"Cotizaciones internacionales - Plata (H.Harman, US$ por onzas troy)",28.Ene.20,17.541
PD04702XD,"Cotizaciones internacionales - Plata (H.Harman, US$ por onzas troy)",29.Ene.20,17.47
PD04702XD,"Cotizaciones internacionales - Plata (H.Harman, US$ por onzas troy)",30.Ene.20,17.998
PD04702XD,"Cotizaciones internacionales - Plata (H.Harman, US$ por onzas troy)",31.Ene.20,18.021
PD04702XD,"Cotizaciones internacionales - Plata (H.Harman, US$ por onzas troy)",03.Feb.20,17.672
PD04702XD,"Cotizaciones internacionales - Plata (H.Harman, US$ por onzas troy)",04.Feb.20,17.575
PD04702XD,"Cotizaciones internacionales - Plata (H.Harman, US$ por onzas troy)",05.Feb.20,17.621
PD04702XD,"Cotizaciones internacionales - Plata (H.Harman, US$ por onzas troy)",06.Feb.20,17.844
PD04702XD,"Cotizaciones internacionales - Plata (H.Harman, US$ por onzas troy)",07.Feb.20,17.696
PD04702XD,"Cotizaciones internacionales - Plata (H.Harman, US$ por onzas troy)",10.Feb.20,17.808
PD04702XD,"Cotizaciones internacionales - Plata (H.Harman, US$ por onzas troy)",11.Feb.20,17.61
PD04702XD,"Cotizaciones internacionales - Plata (H.Harman, US$ por onzas troy)",12.Feb.20,17.56
PD04702XD,"Cotizaciones internacionales - Plata (H.Harman, US$ por onzas troy)",13.Feb.20,17.67
PD04702XD,"Cotizaciones internacionales - Plata (H.Harman, US$ por onzas troy)",14.Feb.20,17.755
PD04702XD,"Cotizaciones internacionales - Plata (H.Harman, US$ por onzas troy)",17.Feb.20,17.799
PD04702XD,"Cotizaciones internacionales - Plata (H.Harman, US$ por onzas troy)",18.Feb.20,18.18
PD04702XD,"Cotizaciones internacionales - Plata (H.Harman, US$ por onzas troy)",19.Feb.20,18.282
PD04702XD,"Cotizaciones internacionales - Plata (H.Harman, US$ por onzas troy)",20.Feb.20,18.411
PD04702XD,"Cotizaciones internacionales - Plata (H.Harman, US$ por onzas troy)",21.Feb.20,18.524
PD04702XD,"Cotizaciones internacionales - Plata (H.Harman, US$ por onzas troy)",24.Feb.20,18.805
PD04702XD,"Cotizaciones internacionales - Plata (H.Harman, US$ por onzas troy)",25.Feb.20,18.23
PD04702XD,"Cotizaciones internacionales - Plata (H.Harman, US$ por onzas troy)",26.Feb.20,17.932
PD04702XD,"Cotizaciones internacionales - Plata (H.Harman, US$ por onzas troy)",27.Feb.20,17.844
PD04702XD,"Cotizaciones internacionales - Plata (H.Harman, US$ por onzas troy)",28.Feb.20,16.788
PD04702XD,"Cotizaciones internacionales - Plata (H.Harman, US$ por onzas troy)",02.Mar.20,16.808
PD04702XD,"Cotizaciones internacionales - Plata (H.Harman, US$ por onzas troy)",03.Mar.20,17.268
PD04702XD,"Cotizaciones internacionales - Plata (H.Harman, US$ por onzas troy)",04.Mar.20,17.157
PD04702XD,"Cotizaciones internacionales - Plata (H.Harman, US$ por onzas troy)",05.Mar.20,17.355
PD04702XD,"Cotizaciones internacionales - Plata (H.Harman, US$ por onzas troy)",06.Mar.20,17.165
PD04702XD,"Cotizaciones internacionales - Plata (H.Harman, US$ por onzas troy)",09.Mar.20,16.91
PD04702XD,"Cotizaciones internacionales - Plata (H.Harman, US$ por onzas troy)",10.Mar.20,16.861
PD04702XD,"Cotizaciones internacionales - Plata (H.Harman, US$ por onzas troy)",11.Mar.20,16.888
PD04702XD,"Cotizaciones internacionales - Plata (H.Harman, US$ por onzas troy)",12.Mar.20,15.585
PD04702XD,"Cotizaciones internacionales - Plata (H.Harman, US$ por onzas troy)",13.Mar.20,14.782
PD04702XD,"Cotizaciones internacionales - Plata (H.Harman, US$ por onzas troy)",16.Mar.20,12.915
PD04702XD,"Cotizaciones internacionales - Plata (H.Harman, US$ por onzas troy)",17.Mar.20,12.527
PD04702XD,"Cotizaciones internacionales - Plata (H.Harman, US$ por onzas troy)",18.Mar.20,12.126
PD04702XD,"Cotizaciones internacionales - Plata (H.Harman, US$ por onzas troy)",19.Mar.20,12.162
PD04702XD,"Cotizaciones internacionales - Plata (H.Harman, US$ por onzas troy)",20.Mar.20,12.543
PD04702XD,"Cotizaciones internacionales - Plata (H.Harman, US$ por onzas troy)",23.Mar.20,12.879
PD04702XD,"Cotizaciones internacionales - Plata (H.Harman, US$ por onzas troy)",24.Mar.20,14.018
PD04702XD,"Cotizaciones internacionales - Plata (H.Harman, US$ por onzas troy)",25.Mar.20,14.357
PD04702XD,"Cotizaciones internacionales - Plata (H.Harman, US$ por onzas troy)",26.Mar.20,14.465
PD04702XD,"Cotizaciones internacionales - Plata (H.Harman, US$ por onzas troy)",27.Mar.20,14.392
PD04702XD,"Cotizaciones internacionales - Plata (H.Harman, US$ por onzas troy)",30.Mar.20,14.04
PD04702XD,"Cotizaciones internacionales - Plata (H.Harman, US$ por onzas troy)",31.Mar.20,14.248
PD04702XD,"Cotizaciones internacionales - Plata (H.Harman, US$ por onzas troy)",01.Abr.20,14.021
PD04702XD,"Cotizaciones internacionales - Plata (H.Harman, US$ por onzas troy)",02.Abr.20,14.402
PD04702XD,"Cotizaciones internacionales - Plata (H.Harman, US$ por onzas troy)",03.Abr.20,14.385
PD04702XD,"Cotizaciones internacionales - Plata (H.Harman, US$ por onzas troy)",06.Abr.20,14.745
PD04702XD,"Cotizaciones internacionales - Plata (H.Harman, US$ por onzas troy)",07.Abr.20,15.19
PD04702XD,"Cotizaciones internacionales - Plata (H.Harman, US$ por onzas troy)",08.Abr.20,14.964
PD04702XD,"Cotizaciones internacionales - Plata (H.Harman, US$ por onzas troy)",09.Abr.20,n.d.
PD04702XD,"Cotizaciones internacionales - Plata (H.Harman, US$ por onzas troy)",10.Abr.20,15.396
PD04702XD,"Cotizaciones internacionales - Plata (H.Harman, US$ por onzas troy)",13.Abr.20,15.415
PD04702XD,"Cotizaciones internacionales - Plata (H.Harman, US$ por onzas troy)",14.Abr.20,15.729
PD04702XD,"Cotizaciones internacionales - Plata (H.Harman, US$ por onzas troy)",15.Abr.20,15.408
PD04702XD,"Cotizaciones internacionales - Plata (H.Harman, US$ por onzas troy)",16.Abr.20,15.388
PD04702XD,"Cotizaciones internacionales - Plata (H.Harman, US$ por onzas troy)",17.Abr.20,15.14
PD04702XD,"Cotizaciones internacionales - Plata (H.Harman, US$ por onzas troy)",20.Abr.20,15.414
PD04702XD,"Cotizaciones internacionales - Plata (H.Harman, US$ por onzas troy)",21.Abr.20,14.851
PD04702XD,"Cotizaciones internacionales - Plata (H.Harman, US$ por onzas troy)",22.Abr.20,15.032
PD04702XD,"Cotizaciones internacionales - Plata (H.Harman, US$ por onzas troy)",23.Abr.20,15.289
PD04702XD,"Cotizaciones internacionales - Plata (H.Harman, US$ por onzas troy)",24.Abr.20,15.079
PD04702XD,"Cotizaciones internacionales - Plata (H.Harman, US$ por onzas troy)",27.Abr.20,15.218
PD04702XD,"Cotizaciones internacionales - Plata (H.Harman, US$ por onzas troy)",28.Abr.20,15.064
PD04702XD,"Cotizaciones internacionales - Plata (H.Harman, US$ por onzas troy)",29.Abr.20,15.219
PD04702XD,"Cotizaciones internacionales - Plata (H.Harman, US$ por onzas troy)",30.Abr.20,15.014
PD04702XD,"Cotizaciones internacionales - Plata (H.Harman, US$ por onzas troy)",01.May.20,n.d.
PD04702XD,"Cotizaciones internacionales - Plata (H.Harman, US$ por onzas troy)",04.May.20,14.898
PD04702XD,"Cotizaciones internacionales - Plata (H.Harman, US$ por onzas troy)",05.May.20,14.945
PD04702XD,"Cotizaciones internacionales - Plata (H.Harman, US$ por onzas troy)",06.May.20,14.974
PD04702XD,"Cotizaciones internacionales - Plata (H.Harman, US$ por onzas troy)",07.May.20,15.267
PD04702XD,"Cotizaciones internacionales - Plata (H.Harman, US$ por onzas troy)",08.May.20,15.267
PD04702XD,"Cotizaciones internacionales - Plata (H.Harman, US$ por onzas troy)",11.May.20,15.415
PD04702XD,"Cotizaciones internacionales - Plata (H.Harman, US$ por onzas troy)",12.May.20,15.56
PD04702XD,"Cotizaciones internacionales - Plata (H.Harman, US$ por onzas troy)",13.May.20,15.5
PD04702XD,"Cotizaciones internacionales - Plata (H.Harman, US$ por onzas troy)",14.May.20,15.783
PD04702XD,"Cotizaciones internacionales - Plata (H.Harman, US$ por onzas troy)",15.May.20,16.614
PD04702XD,"Cotizaciones internacionales - Plata (H.Harman, US$ por onzas troy)",18.May.20,17.091
PD04702XD,"Cotizaciones internacionales - Plata (H.Harman, US$ por onzas troy)",19.May.20,17.39
PD04702XD,"Cotizaciones internacionales - Plata (H.Harman, US$ por onzas troy)",20.May.20,17.5
PD04702XD,"Cotizaciones internacionales - Plata (H.Harman, US$ por onzas troy)",21.May.20,17.098
PD04702XD,"Cotizaciones internacionales - Plata (H.Harman, US$ por onzas troy)",22.May.20,17.094
PD04702XD,"Cotizaciones internacionales - Plata (H.Harman, US$ por onzas troy)",25.May.20,17.094
PD04702XD,"Cotizaciones internacionales - Plata (H.Harman, US$ por onzas troy)",26.May.20,17.179
PD04702XD,"Cotizaciones internacionales - Plata (H.Harman, US$ por onzas troy)",27.May.20,17.133
PD04702XD,"Cotizaciones internacionales - Plata (H.Harman, US$ por onzas troy)",28.May.20,17.477
PD04702XD,"Cotizaciones internacionales - Plata (H.Harman, US$ por onzas troy)",29.May.20,17.844
PD04702XD,"Cotizaciones internacionales - Plata (H.Harman, US$ por onzas troy)",01.Jun.20,18.307
PD04702XD,"Cotizaciones internacionales - Plata (H.Harman, US$ por onzas troy)",02.Jun.20,17.909
PD04702XD,"Cotizaciones internacionales - Plata (H.Harman, US$ por onzas troy)",03.Jun.20,17.705
PD04702XD,"Cotizaciones internacionales - Plata (H.Harman, US$ por onzas troy)",04.Jun.20,17.77
PD04702XD,"Cotizaciones internacionales - Plata (H.Harman, US$ por onzas troy)",05.Jun.20,17.336
PD04702XD,"Cotizaciones internacionales - Plata (H.Harman, US$ por onzas troy)",08.Jun.20,17.53
PD04702XD,"Cotizaciones internacionales - Plata (H.Harman, US$ por onzas troy)",09.Jun.20,17.699
PD04702XD,"Cotizaciones internacionales - Plata (H.Harman, US$ por onzas troy)",10.Jun.20,17.82
PD04702XD,"Cotizaciones internacionales - Plata (H.Harman, US$ por onzas troy)",11.Jun.20,17.831
PD04702XD,"Cotizaciones internacionales - Plata (H.Harman, US$ por onzas troy)",12.Jun.20,17.551
PD04702XD,"Cotizaciones internacionales - Plata (H.Harman, US$ por onzas troy)",15.Jun.20,17.272
PD04702XD,"Cotizaciones internacionales - Plata (H.Harman, US$ por onzas troy)",16.Jun.20,17.422
PD04702XD,"Cotizaciones internacionales - Plata (H.Harman, US$ por onzas troy)",17.Jun.20,17.509
PD04702XD,"Cotizaciones internacionales - Plata (H.Harman, US$ por onzas troy)",18.Jun.20,17.367
PD04702XD,"Cotizaciones internacionales - Plata (H.Harman, US$ por onzas troy)",19.Jun.20,17.725
PD04702XD,"Cotizaciones internacionales - Plata (H.Harman, US$ por onzas troy)",22.Jun.20,17.862
PD04702XD,"Cotizaciones internacionales - Plata (H.Harman, US$ por onzas troy)",23.Jun.20,17.924
PD04702XD,"Cotizaciones internacionales - Plata (H.Harman, US$ por onzas troy)",24.Jun.20,17.575
PD04702XD,"Cotizaciones internacionales - Plata (H.Harman, US$ por onzas troy)",25.Jun.20,17.738
PD04702XD,"Cotizaciones internacionales - Plata (H.Harman, US$ por onzas troy)",26.Jun.20,17.802
PD04702XD,"Cotizaciones internacionales - Plata (H.Harman, US$ por onzas troy)",29.Jun.20,17.832
PD04702XD,"Cotizaciones internacionales - Plata (H.Harman, US$ por onzas troy)",30.Jun.20,18.194
PD04702XD,"Cotizaciones internacionales - Plata (H.Harman, US$ por onzas troy)",01.Jul.20,17.985
PD04702XD,"Cotizaciones internacionales - Plata (H.Harman, US$ por onzas troy)",02.Jul.20,18.04
PD04702XD,"Cotizaciones internacionales - Plata (H.Harman, US$ por onzas troy)",03.Jul.20,18.04
PD04702XD,"Cotizaciones internacionales - Plata (H.Harman, US$ por onzas troy)",06.Jul.20,18.26
PD04702XD,"Cotizaciones internacionales - Plata (H.Harman, US$ por onzas troy)",07.Jul.20,18.33
PD04702XD,"Cotizaciones internacionales - Plata (H.Harman, US$ por onzas troy)",08.Jul.20,18.678
PD04702XD,"Cotizaciones internacionales - Plata (H.Harman, US$ por onzas troy)",09.Jul.20,18.641
PD04702XD,"Cotizaciones internacionales - Plata (H.Harman, US$ por onzas troy)",10.Jul.20,18.71
PD04702XD,"Cotizaciones internacionales - Plata (H.Harman, US$ por onzas troy)",13.Jul.20,19.236
PD04702XD,"Cotizaciones internacionales - Plata (H.Harman, US$ por onzas troy)",14.Jul.20,19.186
PD04702XD,"Cotizaciones internacionales - Plata (H.Harman, US$ por onzas troy)",15.Jul.20,19.313
PD04702XD,"Cotizaciones internacionales - Plata (H.Harman, US$ por onzas troy)",16.Jul.20,19.358
PD04702XD,"Cotizaciones internacionales - Plata (H.Harman, US$ por onzas troy)",17.Jul.20,19.37
PD04702XD,"Cotizaciones internacionales - Plata (H.Harman, US$ por onzas troy)",20.Jul.20,19.762
PD04702XD,"Cotizaciones internacionales - Plata (H.Harman, US$ por onzas troy)",21.Jul.20,21.02
PD04702XD,"Cotizaciones internacionales - Plata (H.Harman, US$ por onzas troy)",22.Jul.20,22.437
PD04702XD,"Cotizaciones internacionales - Plata (H.Harman, US$ por onzas troy)",23.Jul.20,22.934
PD04702XD,"Cotizaciones internacionales - Plata (H.Harman, US$ por onzas troy)",24.Jul.20,22.664
PD04702XD,"Cotizaciones internacionales - Plata (H.Harman, US$ por onzas troy)",27.Jul.20,24.247
PD04702XD,"Cotizaciones internacionales - Plata (H.Harman, US$ por onzas troy)",28.Jul.20,24.569
PD04702XD,"Cotizaciones internacionales - Plata (H.Harman, US$ por onzas troy)",29.Jul.20,24.165
PD04702XD,"Cotizaciones internacionales - Plata (H.Harman, US$ por onzas troy)",30.Jul.20,23.236
PD04702XD,"Cotizaciones internacionales - Plata (H.Harman, US$ por onzas troy)",31.Jul.20,24.095
PD04702XD,"Cotizaciones internacionales - Plata (H.Harman, US$ por onzas troy)",03.Ago.20,24.248
PD04702XD,"Cotizaciones internacionales - Plata (H.Harman, US$ por onzas troy)",04.Ago.20,25.408
PD04702XD,"Cotizaciones internacionales - Plata (H.Harman, US$ por onzas troy)",05.Ago.20,26.808
PD04702XD,"Cotizaciones internacionales - Plata (H.Harman, US$ por onzas troy)",06.Ago.20,28.138
PD04702XD,"Cotizaciones internacionales - Plata (H.Harman, US$ por onzas troy)",07.Ago.20,27.85
PD04702XD,"Cotizaciones internacionales - Plata (H.Harman, US$ por onzas troy)",10.Ago.20,28.989
PD04702XD,"Cotizaciones internacionales - Plata (H.Harman, US$ por onzas troy)",11.Ago.20,27.051
PD04702XD,"Cotizaciones internacionales - Plata (H.Harman, US$ por onzas troy)",12.Ago.20,25.862
PD04702XD,"Cotizaciones internacionales - Plata (H.Harman, US$ por onzas troy)",13.Ago.20,26.686
PD04702XD,"Cotizaciones internacionales - Plata (H.Harman, US$ por onzas troy)",14.Ago.20,26.661
PD04702XD,"Cotizaciones internacionales - Plata (H.Harman, US$ por onzas troy)",17.Ago.20,27.37
PD04702XD,"Cotizaciones internacionales - Plata (H.Harman, US$ por onzas troy)",18.Ago.20,27.821
PD04702XD,"Cotizaciones internacionales - Plata (H.Harman, US$ por onzas troy)",19.Ago.20,27.452
PD04702XD,"Cotizaciones internacionales - Plata (H.Harman, US$ por onzas troy)",20.Ago.20,27.158
PD04702XD,"Cotizaciones internacionales - Plata (H.Harman, US$ por onzas troy)",21.Ago.20,26.757
PD04702XD,"Cotizaciones internacionales - Plata (H.Harman, US$ por onzas troy)",24.Ago.20,26.646
PD04702XD,"Cotizaciones internacionales - Plata (H.Harman, US$ por onzas troy)",25.Ago.20,26.393
PD04702XD,"Cotizaciones internacionales - Plata (H.Harman, US$ por onzas troy)",26.Ago.20,27.013
PD04702XD,"Cotizaciones internacionales - Plata (H.Harman, US$ por onzas troy)",27.Ago.20,27.093
PD04702XD,"Cotizaciones internacionales - Plata (H.Harman, US$ por onzas troy)",28.Ago.20,27.552
PD04702XD,"Cotizaciones internacionales - Plata (H.Harman, US$ por onzas troy)",31.Ago.20,28.105
PD04702XD,"Cotizaciones internacionales - Plata (H.Harman, US$ por onzas troy)",01.Set.20,28.431
PD04702XD,"Cotizaciones internacionales - Plata (H.Harman, US$ por onzas troy)",02.Set.20,27.458
PD04702XD,"Cotizaciones internacionales - Plata (H.Harman, US$ por onzas troy)",03.Set.20,26.75
PD04702XD,"Cotizaciones internacionales - Plata (H.Harman, US$ por onzas troy)",04.Set.20,26.43
PD04702XD,"Cotizaciones internacionales - Plata (H.Harman, US$ por onzas troy)",07.Set.20,26.43
PD04702XD,"Cotizaciones internacionales - Plata (H.Harman, US$ por onzas troy)",08.Set.20,26.485
PD04702XD,"Cotizaciones internacionales - Plata (H.Harman, US$ por onzas troy)",09.Set.20,26.79
PD04702XD,"Cotizaciones internacionales - Plata (H.Harman, US$ por onzas troy)",10.Set.20,27.123
PD04702XD,"Cotizaciones internacionales - Plata (H.Harman, US$ por onzas troy)",11.Set.20,26.938
PD04702XD,"Cotizaciones internacionales - Plata (H.Harman, US$ por onzas troy)",14.Set.20,27.191
PD04702XD,"Cotizaciones internacionales - Plata (H.Harman, US$ por onzas troy)",15.Set.20,27.119
PD04702XD,"Cotizaciones internacionales - Plata (H.Harman, US$ por onzas troy)",16.Set.20,27.347
PD04702XD,"Cotizaciones internacionales - Plata (H.Harman, US$ por onzas troy)",17.Set.20,26.886
PD04702XD,"Cotizaciones internacionales - Plata (H.Harman, US$ por onzas troy)",18.Set.20,26.94
PD04702XD,"Cotizaciones internacionales - Plata (H.Harman, US$ por onzas troy)",21.Set.20,24.517
PD04702XD,"Cotizaciones internacionales - Plata (H.Harman, US$ por onzas troy)",22.Set.20,24.32
PD04702XD,"Cotizaciones internacionales - Plata (H.Harman, US$ por onzas troy)",23.Set.20,23.08
PD04702XD,"Cotizaciones internacionales - Plata (H.Harman, US$ por onzas troy)",24.Set.20,22.722
PD04702XD,"Cotizaciones internacionales - Plata (H.Harman, US$ por onzas troy)",25.Set.20,22.91
PD04702XD,"Cotizaciones internacionales - Plata (H.Harman, US$ por onzas troy)",28.Set.20,23.346
PD04702XD,"Cotizaciones internacionales - Plata (H.Harman, US$ por onzas troy)",29.Set.20,23.993
PD04702XD,"Cotizaciones internacionales - Plata (H.Harman, US$ por onzas troy)",30.Set.20,23.811
PD04702XD,"Cotizaciones internacionales - Plata (H.Harman, US$ por onzas troy)",01.Oct.20,24.122
PD04702XD,"Cotizaciones internacionales - Plata (H.Harman, US$ por onzas troy)",02.Oct.20,23.825
PD04702XD,"Cotizaciones internacionales - Plata (H.Harman, US$ por onzas troy)",05.Oct.20,24.36
PD04702XD,"Cotizaciones internacionales - Plata (H.Harman, US$ por onzas troy)",06.Oct.20,23.83
PD04702XD,"Cotizaciones internacionales - Plata (H.Harman, US$ por onzas troy)",07.Oct.20,23.714
PD04702XD,"Cotizaciones internacionales - Plata (H.Harman, US$ por onzas troy)",08.Oct.20,23.881
PD04702XD,"Cotizaciones internacionales - Plata (H.Harman, US$ por onzas troy)",09.Oct.20,24.66
PD04702XD,"Cotizaciones internacionales - Plata (H.Harman, US$ por onzas troy)",12.Oct.20,25.072
PD04702XD,"Cotizaciones internacionales - Plata (H.Harman, US$ por onzas troy)",13.Oct.20,24.2
PD04702XD,"Cotizaciones internacionales - Plata (H.Harman, US$ por onzas troy)",14.Oct.20,24.252
PD04702XD,"Cotizaciones internacionales - Plata (H.Harman, US$ por onzas troy)",15.Oct.20,24.1
PD04702XD,"Cotizaciones internacionales - Plata (H.Harman, US$ por onzas troy)",16.Oct.20,24.26
PD04702XD,"Cotizaciones internacionales - Plata (H.Harman, US$ por onzas troy)",19.Oct.20,24.606
PD04702XD,"Cotizaciones internacionales - Plata (H.Harman, US$ por onzas troy)",20.Oct.20,24.795
PD04702XD,"Cotizaciones internacionales - Plata (H.Harman, US$ por onzas troy)",21.Oct.20,25.07
PD04702XD,"Cotizaciones internacionales - Plata (H.Harman, US$ por onzas troy)",22.Oct.20,24.54
PD04702XD,"Cotizaciones internacionales - Plata (H.Harman, US$ por onzas troy)",23.Oct.20,24.58
PD04702XD,"Cotizaciones internacionales - Plata (H.Harman, US$ por onzas troy)",26.Oct.20,24.425
PD04702XD,"Cotizaciones internacionales - Plata (H.Harman, US$ por onzas troy)",27.Oct.20,24.467
PD04702XD,"Cotizaciones internacionales - Plata (H.Harman, US$ por onzas troy)",28.Oct.20,23.512
PD04702XD,"Cotizaciones internacionales - Plata (H.Harman, US$ por onzas troy)",29.Oct.20,23.25
PD04702XD,"Cotizaciones internacionales - Plata (H.Harman, US$ por onzas troy)",30.Oct.20,23.549
PD04702XD,"Cotizaciones internacionales - Plata (H.Harman, US$ por onzas troy)",02.Nov.20,23.975
PD04702XD,"Cotizaciones internacionales - Plata (H.Harman, US$ por onzas troy)",03.Nov.20,24.21
PD04702XD,"Cotizaciones internacionales - Plata (H.Harman, US$ por onzas troy)",04.Nov.20,23.985
PD04702XD,"Cotizaciones internacionales - Plata (H.Harman, US$ por onzas troy)",05.Nov.20,25.027
PD04702XD,"Cotizaciones internacionales - Plata (H.Harman, US$ por onzas troy)",06.Nov.20,25.51
PD04702XD,"Cotizaciones internacionales - Plata (H.Harman, US$ por onzas troy)",09.Nov.20,23.75
PD04702XD,"Cotizaciones internacionales - Plata (H.Harman, US$ por onzas troy)",10.Nov.20,24.366
PD04702XD,"Cotizaciones internacionales - Plata (H.Harman, US$ por onzas troy)",11.Nov.20,24.235
PD04702XD,"Cotizaciones internacionales - Plata (H.Harman, US$ por onzas troy)",12.Nov.20,24.335
PD04702XD,"Cotizaciones internacionales - Plata (H.Harman, US$ por onzas troy)",13.Nov.20,24.685
PD04702XD,"Cotizaciones internacionales - Plata (H.Harman, US$ por onzas troy)",16.Nov.20,24.806
PD04702XD,"Cotizaciones internacionales - Plata (H.Harman, US$ por onzas troy)",17.Nov.20,24.535
PD04702XD,"Cotizaciones internacionales - Plata (H.Harman, US$ por onzas troy)",18.Nov.20,24.549
PD04702XD,"Cotizaciones internacionales - Plata (H.Harman, US$ por onzas troy)",19.Nov.20,23.915
PD04702XD,"Cotizaciones internacionales - Plata (H.Harman, US$ por onzas troy)",20.Nov.20,24.325
PD04702XD,"Cotizaciones internacionales - Plata (H.Harman, US$ por onzas troy)",23.Nov.20,23.587
PD04702XD,"Cotizaciones internacionales - Plata (H.Harman, US$ por onzas troy)",24.Nov.20,23.195
PD04702XD,"Cotizaciones internacionales - Plata (H.Harman, US$ por onzas troy)",25.Nov.20,23.375
PD04702XD,"Cotizaciones internacionales - Plata (H.Harman, US$ por onzas troy)",26.Nov.20,23.375
PD04702XD,"Cotizaciones internacionales - Plata (H.Harman, US$ por onzas troy)",27.Nov.20,22.645
PD04702XD,"Cotizaciones internacionales - Plata (H.Harman, US$ por onzas troy)",30.Nov.20,22.565
PD04702XD,"Cotizaciones internacionales - Plata (H.Harman, US$ por onzas troy)",01.Dic.20,23.775
PD04702XD,"Cotizaciones internacionales - Plata (H.Harman, US$ por onzas troy)",02.Dic.20,23.96
PD04702XD,"Cotizaciones internacionales - Plata (H.Harman, US$ por onzas troy)",03.Dic.20,23.993
PD04702XD,"Cotizaciones internacionales - Plata (H.Harman, US$ por onzas troy)",04.Dic.20,24.115
PD04702XD,"Cotizaciones internacionales - Plata (H.Harman, US$ por onzas troy)",07.Dic.20,24.667
PD04702XD,"Cotizaciones internacionales - Plata (H.Harman, US$ por onzas troy)",08.Dic.20,24.585
PD04702XD,"Cotizaciones internacionales - Plata (H.Harman, US$ por onzas troy)",09.Dic.20,24.085
PD04702XD,"Cotizaciones internacionales - Plata (H.Harman, US$ por onzas troy)",10.Dic.20,24.008
PD04702XD,"Cotizaciones internacionales - Plata (H.Harman, US$ por onzas troy)",11.Dic.20,24.015
PD04702XD,"Cotizaciones internacionales - Plata (H.Harman, US$ por onzas troy)",14.Dic.20,23.905
PD04702XD,"Cotizaciones internacionales - Plata (H.Harman, US$ por onzas troy)",15.Dic.20,24.499
PD04702XD,"Cotizaciones internacionales - Plata (H.Harman, US$ por onzas troy)",16.Dic.20,24.953
PD04702XD,"Cotizaciones internacionales - Plata (H.Harman, US$ por onzas troy)",17.Dic.20,25.878
PD04702XD,"Cotizaciones internacionales - Plata (H.Harman, US$ por onzas troy)",18.Dic.20,25.867
PD04702XD,"Cotizaciones internacionales - Plata (H.Harman, US$ por onzas troy)",21.Dic.20,26.2
PD04702XD,"Cotizaciones internacionales - Plata (H.Harman, US$ por onzas troy)",22.Dic.20,25.296
PD04702XD,"Cotizaciones internacionales - Plata (H.Harman, US$ por onzas troy)",23.Dic.20,25.661
PD04702XD,"Cotizaciones internacionales - Plata (H.Harman, US$ por onzas troy)",24.Dic.20,25.785
PD04702XD,"Cotizaciones internacionales - Plata (H.Harman, US$ por onzas troy)",25.Dic.20,25.785
PD04702XD,"Cotizaciones internacionales - Plata (H.Harman, US$ por onzas troy)",28.Dic.20,25.785
PD04702XD,"Cotizaciones internacionales - Plata (H.Harman, US$ por onzas troy)",29.Dic.20,26.296
PD04702XD,"Cotizaciones internacionales - Plata (H.Harman, US$ por onzas troy)",30.Dic.20,26.41
PD04702XD,"Cotizaciones internacionales - Plata (H.Harman, US$ por onzas troy)",31.Dic.20,26.385
PD04702XD,"Cotizaciones internacionales - Plata (H.Harman, US$ por onzas troy)",01.Ene.21,26.385
PD04702XD,"Cotizaciones internacionales - Plata (H.Harman, US$ por onzas troy)",04.Ene.21,27.2
PD04702XD,"Cotizaciones internacionales - Plata (H.Harman, US$ por onzas troy)",05.Ene.21,27.491
PD04702XD,"Cotizaciones internacionales - Plata (H.Harman, US$ por onzas troy)",06.Ene.21,26.918
PD04702XD,"Cotizaciones internacionales - Plata (H.Harman, US$ por onzas troy)",07.Ene.21,27.12
PD04702XD,"Cotizaciones internacionales - Plata (H.Harman, US$ por onzas troy)",08.Ene.21,25.592
PD04702XD,"Cotizaciones internacionales - Plata (H.Harman, US$ por onzas troy)",11.Ene.21,25.242
PD04702XD,"Cotizaciones internacionales - Plata (H.Harman, US$ por onzas troy)",12.Ene.21,25.375
PD04702XD,"Cotizaciones internacionales - Plata (H.Harman, US$ por onzas troy)",13.Ene.21,25.494
PD04702XD,"Cotizaciones internacionales - Plata (H.Harman, US$ por onzas troy)",14.Ene.21,25.604
PD04702XD,"Cotizaciones internacionales - Plata (H.Harman, US$ por onzas troy)",15.Ene.21,24.809
PD04702XD,"Cotizaciones internacionales - Plata (H.Harman, US$ por onzas troy)",18.Ene.21,25.008
PD04702XD,"Cotizaciones internacionales - Plata (H.Harman, US$ por onzas troy)",19.Ene.21,25.28
PD04702XD,"Cotizaciones internacionales - Plata (H.Harman, US$ por onzas troy)",20.Ene.21,25.7
PD04702XD,"Cotizaciones internacionales - Plata (H.Harman, US$ por onzas troy)",21.Ene.21,25.769
PD04702XD,"Cotizaciones internacionales - Plata (H.Harman, US$ por onzas troy)",22.Ene.21,25.5
PD04702XD,"Cotizaciones internacionales - Plata (H.Harman, US$ por onzas troy)",25.Ene.21,25.4
PD04702XD,"Cotizaciones internacionales - Plata (H.Harman, US$ por onzas troy)",26.Ene.21,25.469
PD04702XD,"Cotizaciones internacionales - Plata (H.Harman, US$ por onzas troy)",27.Ene.21,25.26
PD04702XD,"Cotizaciones internacionales - Plata (H.Harman, US$ por onzas troy)",28.Ene.21,26.205
PD04702XD,"Cotizaciones internacionales - Plata (H.Harman, US$ por onzas troy)",29.Ene.21,27.165
PD04702XD,"Cotizaciones internacionales - Plata (H.Harman, US$ por onzas troy)",01.Feb.21,28.65
PD04702XD,"Cotizaciones internacionales - Plata (H.Harman, US$ por onzas troy)",02.Feb.21,26.75
PD04702XD,"Cotizaciones internacionales - Plata (H.Harman, US$ por onzas troy)",03.Feb.21,26.949
PD04702XD,"Cotizaciones internacionales - Plata (H.Harman, US$ por onzas troy)",04.Feb.21,26.175
PD04702XD,"Cotizaciones internacionales - Plata (H.Harman, US$ por onzas troy)",05.Feb.21,26.961
PD04702XD,"Cotizaciones internacionales - Plata (H.Harman, US$ por onzas troy)",08.Feb.21,27.555
PD04702XD,"Cotizaciones internacionales - Plata (H.Harman, US$ por onzas troy)",09.Feb.21,27.33
PD04702XD,"Cotizaciones internacionales - Plata (H.Harman, US$ por onzas troy)",10.Feb.21,27.035
PD04702XD,"Cotizaciones internacionales - Plata (H.Harman, US$ por onzas troy)",11.Feb.21,27.055
PD04702XD,"Cotizaciones internacionales - Plata (H.Harman, US$ por onzas troy)",12.Feb.21,27.32
PD04702XD,"Cotizaciones internacionales - Plata (H.Harman, US$ por onzas troy)",15.Feb.21,27.633
PD04702XD,"Cotizaciones internacionales - Plata (H.Harman, US$ por onzas troy)",16.Feb.21,27.184
PD04702XD,"Cotizaciones internacionales - Plata (H.Harman, US$ por onzas troy)",17.Feb.21,27.279
PD04702XD,"Cotizaciones internacionales - Plata (H.Harman, US$ por onzas troy)",18.Feb.21,27.084
PD04702XD,"Cotizaciones internacionales - Plata (H.Harman, US$ por onzas troy)",19.Feb.21,27.461
PD04702XD,"Cotizaciones internacionales - Plata (H.Harman, US$ por onzas troy)",22.Feb.21,27.946
PD04702XD,"Cotizaciones internacionales - Plata (H.Harman, US$ por onzas troy)",23.Feb.21,27.63
PD04702XD,"Cotizaciones internacionales - Plata (H.Harman, US$ por onzas troy)",24.Feb.21,27.846
PD04702XD,"Cotizaciones internacionales - Plata (H.Harman, US$ por onzas troy)",25.Feb.21,27.79
PD04702XD,"Cotizaciones internacionales - Plata (H.Harman, US$ por onzas troy)",26.Feb.21,26.235
PD04702XD,"Cotizaciones internacionales - Plata (H.Harman, US$ por onzas troy)",01.Mar.21,26.855
PD04702XD,"Cotizaciones internacionales - Plata (H.Harman, US$ por onzas troy)",02.Mar.21,26.645
PD04702XD,"Cotizaciones internacionales - Plata (H.Harman, US$ por onzas troy)",03.Mar.21,26.365
PD04702XD,"Cotizaciones internacionales - Plata (H.Harman, US$ por onzas troy)",04.Mar.21,26.165
PD04702XD,"Cotizaciones internacionales - Plata (H.Harman, US$ por onzas troy)",05.Mar.21,24.965
PD04702XD,"Cotizaciones internacionales - Plata (H.Harman, US$ por onzas troy)",08.Mar.21,25.153
PD04702XD,"Cotizaciones internacionales - Plata (H.Harman, US$ por onzas troy)",09.Mar.21,25.937
PD04702XD,"Cotizaciones internacionales - Plata (H.Harman, US$ por onzas troy)",10.Mar.21,26.035
PD04702XD,"Cotizaciones internacionales - Plata (H.Harman, US$ por onzas troy)",11.Mar.21,26.095
PD04702XD,"Cotizaciones internacionales - Plata (H.Harman, US$ por onzas troy)",12.Mar.21,25.76
PD04702XD,"Cotizaciones internacionales - Plata (H.Harman, US$ por onzas troy)",15.Mar.21,26.115
PD04702XD,"Cotizaciones internacionales - Plata (H.Harman, US$ por onzas troy)",16.Mar.21,25.955
PD04702XD,"Cotizaciones internacionales - Plata (H.Harman, US$ por onzas troy)",17.Mar.21,25.975
PD04702XD,"Cotizaciones internacionales - Plata (H.Harman, US$ por onzas troy)",18.Mar.21,25.975
PD04702XD,"Cotizaciones internacionales - Plata (H.Harman, US$ por onzas troy)",19.Mar.21,26.235
PD04702XD,"Cotizaciones internacionales - Plata (H.Harman, US$ por onzas troy)",22.Mar.21,25.695
PD04702XD,"Cotizaciones internacionales - Plata (H.Harman, US$ por onzas troy)",23.Mar.21,25.275
PD04702XD,"Cotizaciones internacionales - Plata (H.Harman, US$ por onzas troy)",24.Mar.21,25.245
PD04702XD,"Cotizaciones internacionales - Plata (H.Harman, US$ por onzas troy)",25.Mar.21,24.925
PD04702XD,"Cotizaciones internacionales - Plata (H.Harman, US$ por onzas troy)",26.Mar.21,25.065
PD04702XD,"Cotizaciones internacionales - Plata (H.Harman, US$ por onzas troy)",29.Mar.21,24.695
PD04702XD,"Cotizaciones internacionales - Plata (H.Harman, US$ por onzas troy)",30.Mar.21,24.165
PD04702XD,"Cotizaciones internacionales - Plata (H.Harman, US$ por onzas troy)",31.Mar.21,24.345
PD04702XD,"Cotizaciones internacionales - Plata (H.Harman, US$ por onzas troy)",01.Abr.21,24.785
PD04702XD,"Cotizaciones internacionales - Plata (H.Harman, US$ por onzas troy)",02.Abr.21,24.785
PD04702XD,"Cotizaciones internacionales - Plata (H.Harman, US$ por onzas troy)",05.Abr.21,24.895
PD04702XD,"Cotizaciones internacionales - Plata (H.Harman, US$ por onzas troy)",06.Abr.21,25.278
PD04702XD,"Cotizaciones internacionales - Plata (H.Harman, US$ por onzas troy)",07.Abr.21,25.183
PD04702XD,"Cotizaciones internacionales - Plata (H.Harman, US$ por onzas troy)",08.Abr.21,25.488
PD04702XD,"Cotizaciones internacionales - Plata (H.Harman, US$ por onzas troy)",09.Abr.21,25.265
PD04702XD,"Cotizaciones internacionales - Plata (H.Harman, US$ por onzas troy)",12.Abr.21,24.808
PD04702XD,"Cotizaciones internacionales - Plata (H.Harman, US$ por onzas troy)",13.Abr.21,25.385
PD04702XD,"Cotizaciones internacionales - Plata (H.Harman, US$ por onzas troy)",14.Abr.21,25.425
PD04702XD,"Cotizaciones internacionales - Plata (H.Harman, US$ por onzas troy)",15.Abr.21,25.955
PD04702XD,"Cotizaciones internacionales - Plata (H.Harman, US$ por onzas troy)",16.Abr.21,26.075
PD04702XD,"Cotizaciones internacionales - Plata (H.Harman, US$ por onzas troy)",19.Abr.21,25.805
PD04702XD,"Cotizaciones internacionales - Plata (H.Harman, US$ por onzas troy)",20.Abr.21,25.935
PD04702XD,"Cotizaciones internacionales - Plata (H.Harman, US$ por onzas troy)",21.Abr.21,26.48
PD04702XD,"Cotizaciones internacionales - Plata (H.Harman, US$ por onzas troy)",22.Abr.21,26.205
PD04702XD,"Cotizaciones internacionales - Plata (H.Harman, US$ por onzas troy)",23.Abr.21,26.025
PD04702XD,"Cotizaciones internacionales - Plata (H.Harman, US$ por onzas troy)",26.Abr.21,26.145
PD04702XD,"Cotizaciones internacionales - Plata (H.Harman, US$ por onzas troy)",27.Abr.21,26.395
PD04702XD,"Cotizaciones internacionales - Plata (H.Harman, US$ por onzas troy)",28.Abr.21,26.06
PD04702XD,"Cotizaciones internacionales - Plata (H.Harman, US$ por onzas troy)",29.Abr.21,25.945
PD04702XD,"Cotizaciones internacionales - Plata (H.Harman, US$ por onzas troy)",30.Abr.21,25.925
PD04702XD,"Cotizaciones internacionales - Plata (H.Harman, US$ por onzas troy)",03.May.21,26.875
PD04702XD,"Cotizaciones internacionales - Plata (H.Harman, US$ por onzas troy)",04.May.21,26.235
PD04702XD,"Cotizaciones internacionales - Plata (H.Harman, US$ por onzas troy)",05.May.21,26.465
PD04702XD,"Cotizaciones internacionales - Plata (H.Harman, US$ por onzas troy)",06.May.21,27.405
PD04702XD,"Cotizaciones internacionales - Plata (H.Harman, US$ por onzas troy)",07.May.21,27.435
PD04702XD,"Cotizaciones internacionales - Plata (H.Harman, US$ por onzas troy)",10.May.21,27.535
PD04702XD,"Cotizaciones internacionales - Plata (H.Harman, US$ por onzas troy)",11.May.21,27.525
PD04702XD,"Cotizaciones internacionales - Plata (H.Harman, US$ por onzas troy)",12.May.21,27.315
PD04702XD,"Cotizaciones internacionales - Plata (H.Harman, US$ por onzas troy)",13.May.21,27.005
PD04702XD,"Cotizaciones internacionales - Plata (H.Harman, US$ por onzas troy)",14.May.21,27.405
PD04702XD,"Cotizaciones internacionales - Plata (H.Harman, US$ por onzas troy)",17.May.21,28.18
PD04702XD,"Cotizaciones internacionales - Plata (H.Harman, US$ por onzas troy)",18.May.21,28.1
PD04702XD,"Cotizaciones internacionales - Plata (H.Harman, US$ por onzas troy)",19.May.21,28.005
PD04702XD,"Cotizaciones internacionales - Plata (H.Harman, US$ por onzas troy)",20.May.21,27.955
PD04702XD,"Cotizaciones internacionales - Plata (H.Harman, US$ por onzas troy)",21.May.21,27.415
PD04702XD,"Cotizaciones internacionales - Plata (H.Harman, US$ por onzas troy)",24.May.21,27.785
PD04702XD,"Cotizaciones internacionales - Plata (H.Harman, US$ por onzas troy)",25.May.21,27.905
PD04702XD,"Cotizaciones internacionales - Plata (H.Harman, US$ por onzas troy)",26.May.21,27.865
PD04702XD,"Cotizaciones internacionales - Plata (H.Harman, US$ por onzas troy)",27.May.21,27.815
PD04702XD,"Cotizaciones internacionales - Plata (H.Harman, US$ por onzas troy)",28.May.21,27.845
PD04702XD,"Cotizaciones internacionales - Plata (H.Harman, US$ por onzas troy)",31.May.21,27.845
PD04702XD,"Cotizaciones internacionales - Plata (H.Harman, US$ por onzas troy)",01.Jun.21,28.015
PD04702XD,"Cotizaciones internacionales - Plata (H.Harman, US$ por onzas troy)",02.Jun.21,28.095
PD04702XD,"Cotizaciones internacionales - Plata (H.Harman, US$ por onzas troy)",03.Jun.21,27.315
PD04702XD,"Cotizaciones internacionales - Plata (H.Harman, US$ por onzas troy)",04.Jun.21,27.845
PD04702XD,"Cotizaciones internacionales - Plata (H.Harman, US$ por onzas troy)",07.Jun.21,27.915
PD04702XD,"Cotizaciones internacionales - Plata (H.Harman, US$ por onzas troy)",08.Jun.21,27.635
PD04702XD,"Cotizaciones internacionales - Plata (H.Harman, US$ por onzas troy)",09.Jun.21,27.875
PD04702XD,"Cotizaciones internacionales - Plata (H.Harman, US$ por onzas troy)",10.Jun.21,27.935
PD04702XD,"Cotizaciones internacionales - Plata (H.Harman, US$ por onzas troy)",11.Jun.21,28.055
PD04702XD,"Cotizaciones internacionales - Plata (H.Harman, US$ por onzas troy)",14.Jun.21,27.965
PD04702XD,"Cotizaciones internacionales - Plata (H.Harman, US$ por onzas troy)",15.Jun.21,27.455
PD04702XD,"Cotizaciones internacionales - Plata (H.Harman, US$ por onzas troy)",16.Jun.21,27.785
PD04702XD,"Cotizaciones internacionales - Plata (H.Harman, US$ por onzas troy)",17.Jun.21,25.985
PD04702XD,"Cotizaciones internacionales - Plata (H.Harman, US$ por onzas troy)",18.Jun.21,26.035
PD04702XD,"Cotizaciones internacionales - Plata (H.Harman, US$ por onzas troy)",21.Jun.21,26.015
PD04702XD,"Cotizaciones internacionales - Plata (H.Harman, US$ por onzas troy)",22.Jun.21,25.765
PD04702XD,"Cotizaciones internacionales - Plata (H.Harman, US$ por onzas troy)",23.Jun.21,26.16
PD04702XD,"Cotizaciones internacionales - Plata (H.Harman, US$ por onzas troy)",24.Jun.21,26.065
PD04702XD,"Cotizaciones internacionales - Plata (H.Harman, US$ por onzas troy)",25.Jun.21,26.061
PD04702XD,"Cotizaciones internacionales - Plata (H.Harman, US$ por onzas troy)",28.Jun.21,26.143
PD04702XD,"Cotizaciones internacionales - Plata (H.Harman, US$ por onzas troy)",29.Jun.21,25.795
PD04702XD,"Cotizaciones internacionales - Plata (H.Harman, US$ por onzas troy)",30.Jun.21,25.985
PD04702XD,"Cotizaciones internacionales - Plata (H.Harman, US$ por onzas troy)",01.Jul.21,26.035
PD04702XD,"Cotizaciones internacionales - Plata (H.Harman, US$ por onzas troy)",02.Jul.21,26.415
PD04702XD,"Cotizaciones internacionales - Plata (H.Harman, US$ por onzas troy)",05.Jul.21,26.415
PD04702XD,"Cotizaciones internacionales - Plata (H.Harman, US$ por onzas troy)",06.Jul.21,26.155
PD04702XD,"Cotizaciones internacionales - Plata (H.Harman, US$ por onzas troy)",07.Jul.21,26.095
PD04702XD,"Cotizaciones internacionales - Plata (H.Harman, US$ por onzas troy)",08.Jul.21,25.935
PD04702XD,"Cotizaciones internacionales - Plata (H.Harman, US$ por onzas troy)",09.Jul.21,26.135
PD04702XD,"Cotizaciones internacionales - Plata (H.Harman, US$ por onzas troy)",12.Jul.21,26.205
PD04702XD,"Cotizaciones internacionales - Plata (H.Harman, US$ por onzas troy)",13.Jul.21,26.165
PD04702XD,"Cotizaciones internacionales - Plata (H.Harman, US$ por onzas troy)",14.Jul.21,26.135
PD04702XD,"Cotizaciones internacionales - Plata (H.Harman, US$ por onzas troy)",15.Jul.21,26.285
PD04702XD,"Cotizaciones internacionales - Plata (H.Harman, US$ por onzas troy)",16.Jul.21,25.725
PD04702XD,"Cotizaciones internacionales - Plata (H.Harman, US$ por onzas troy)",19.Jul.21,25.215
PD04702XD,"Cotizaciones internacionales - Plata (H.Harman, US$ por onzas troy)",20.Jul.21,24.905
PD04702XD,"Cotizaciones internacionales - Plata (H.Harman, US$ por onzas troy)",21.Jul.21,25.225
PD04702XD,"Cotizaciones internacionales - Plata (H.Harman, US$ por onzas troy)",22.Jul.21,25.345
PD04702XD,"Cotizaciones internacionales - Plata (H.Harman, US$ por onzas troy)",23.Jul.21,25.225
PD04702XD,"Cotizaciones internacionales - Plata (H.Harman, US$ por onzas troy)",26.Jul.21,25.235
PD04702XD,"Cotizaciones internacionales - Plata (H.Harman, US$ por onzas troy)",27.Jul.21,24.535
PD04702XD,"Cotizaciones internacionales - Plata (H.Harman, US$ por onzas troy)",28.Jul.21,24.895
PD04702XD,"Cotizaciones internacionales - Plata (H.Harman, US$ por onzas troy)",29.Jul.21,25.775
PD04702XD,"Cotizaciones internacionales - Plata (H.Harman, US$ por onzas troy)",30.Jul.21,25.575
PD04702XD,"Cotizaciones internacionales - Plata (H.Harman, US$ por onzas troy)",02.Ago.21,25.425
PD04702XD,"Cotizaciones internacionales - Plata (H.Harman, US$ por onzas troy)",03.Ago.21,25.495
PD04702XD,"Cotizaciones internacionales - Plata (H.Harman, US$ por onzas troy)",04.Ago.21,25.435
PD04702XD,"Cotizaciones internacionales - Plata (H.Harman, US$ por onzas troy)",05.Ago.21,25.245
PD04702XD,"Cotizaciones internacionales - Plata (H.Harman, US$ por onzas troy)",06.Ago.21,24.325
PD04702XD,"Cotizaciones internacionales - Plata (H.Harman, US$ por onzas troy)",09.Ago.21,23.435
PD04702XD,"Cotizaciones internacionales - Plata (H.Harman, US$ por onzas troy)",10.Ago.21,23.425
PD04702XD,"Cotizaciones internacionales - Plata (H.Harman, US$ por onzas troy)",11.Ago.21,23.555
PD04702XD,"Cotizaciones internacionales - Plata (H.Harman, US$ por onzas troy)",12.Ago.21,23.255
PD04702XD,"Cotizaciones internacionales - Plata (H.Harman, US$ por onzas troy)",13.Ago.21,23.82
PD04702XD,"Cotizaciones internacionales - Plata (H.Harman, US$ por onzas troy)",16.Ago.21,23.815
PD04702XD,"Cotizaciones internacionales - Plata (H.Harman, US$ por onzas troy)",17.Ago.21,23.685
PD04702XD,"Cotizaciones internacionales - Plata (H.Harman, US$ por onzas troy)",18.Ago.21,23.485
PD04702XD,"Cotizaciones internacionales - Plata (H.Harman, US$ por onzas troy)",19.Ago.21,23.305
PD04702XD,"Cotizaciones internacionales - Plata (H.Harman, US$ por onzas troy)",20.Ago.21,23.2
PD04702XD,"Cotizaciones internacionales - Plata (H.Harman, US$ por onzas troy)",23.Ago.21,23.675
PD04702XD,"Cotizaciones internacionales - Plata (H.Harman, US$ por onzas troy)",24.Ago.21,23.875
PD04702XD,"Cotizaciones internacionales - Plata (H.Harman, US$ por onzas troy)",25.Ago.21,23.785
PD04702XD,"Cotizaciones internacionales - Plata (H.Harman, US$ por onzas troy)",26.Ago.21,23.585
PD04702XD,"Cotizaciones internacionales - Plata (H.Harman, US$ por onzas troy)",27.Ago.21,23.995
PD04702XD,"Cotizaciones internacionales - Plata (H.Harman, US$ por onzas troy)",30.Ago.21,23.965
PD04702XD,"Cotizaciones internacionales - Plata (H.Harman, US$ por onzas troy)",31.Ago.21,23.905
PD04702XD,"Cotizaciones internacionales - Plata (H.Harman, US$ por onzas troy)",01.Set.21,24.245
PD04702XD,"Cotizaciones internacionales - Plata (H.Harman, US$ por onzas troy)",02.Set.21,23.885
PD04702XD,"Cotizaciones internacionales - Plata (H.Harman, US$ por onzas troy)",03.Set.21,24.735
PD04702XD,"Cotizaciones internacionales - Plata (H.Harman, US$ por onzas troy)",06.Set.21,24.735
PD04702XD,"Cotizaciones internacionales - Plata (H.Harman, US$ por onzas troy)",07.Set.21,24.365
PD04702XD,"Cotizaciones internacionales - Plata (H.Harman, US$ por onzas troy)",08.Set.21,23.995
PD04702XD,"Cotizaciones internacionales - Plata (H.Harman, US$ por onzas troy)",09.Set.21,24.08
PD04702XD,"Cotizaciones internacionales - Plata (H.Harman, US$ por onzas troy)",10.Set.21,23.915
PD04702XD,"Cotizaciones internacionales - Plata (H.Harman, US$ por onzas troy)",13.Set.21,23.795
PD04702XD,"Cotizaciones internacionales - Plata (H.Harman, US$ por onzas troy)",14.Set.21,23.855
PD04702XD,"Cotizaciones internacionales - Plata (H.Harman, US$ por onzas troy)",15.Set.21,23.785
PD04702XD,"Cotizaciones internacionales - Plata (H.Harman, US$ por onzas troy)",16.Set.21,22.825
PD04702XD,"Cotizaciones internacionales - Plata (H.Harman, US$ por onzas troy)",17.Set.21,22.495
PD04702XD,"Cotizaciones internacionales - Plata (H.Harman, US$ por onzas troy)",20.Set.21,22.305
PD04702XD,"Cotizaciones internacionales - Plata (H.Harman, US$ por onzas troy)",21.Set.21,22.665
PD04702XD,"Cotizaciones internacionales - Plata (H.Harman, US$ por onzas troy)",22.Set.21,22.975
PD04702XD,"Cotizaciones internacionales - Plata (H.Harman, US$ por onzas troy)",23.Set.21,22.715
PD04702XD,"Cotizaciones internacionales - Plata (H.Harman, US$ por onzas troy)",24.Set.21,22.495
PD04702XD,"Cotizaciones internacionales - Plata (H.Harman, US$ por onzas troy)",27.Set.21,22.685
PD04702XD,"Cotizaciones internacionales - Plata (H.Harman, US$ por onzas troy)",28.Set.21,22.445
PD04702XD,"Cotizaciones internacionales - Plata (H.Harman, US$ por onzas troy)",29.Set.21,21.545
PD04702XD,"Cotizaciones internacionales - Plata (H.Harman, US$ por onzas troy)",30.Set.21,22.075
PD04702XD,"Cotizaciones internacionales - Plata (H.Harman, US$ por onzas troy)",01.Oct.21,22.565
PD04702XD,"Cotizaciones internacionales - Plata (H.Harman, US$ por onzas troy)",04.Oct.21,22.645
PD04702XD,"Cotizaciones internacionales - Plata (H.Harman, US$ por onzas troy)",05.Oct.21,22.585
PD04702XD,"Cotizaciones internacionales - Plata (H.Harman, US$ por onzas troy)",06.Oct.21,22.535
PD04702XD,"Cotizaciones internacionales - Plata (H.Harman, US$ por onzas troy)",07.Oct.21,22.665
PD04702XD,"Cotizaciones internacionales - Plata (H.Harman, US$ por onzas troy)",08.Oct.21,22.785
PD04702XD,"Cotizaciones internacionales - Plata (H.Harman, US$ por onzas troy)",11.Oct.21,22.705
PD04702XD,"Cotizaciones internacionales - Plata (H.Harman, US$ por onzas troy)",12.Oct.21,22.595
PD04702XD,"Cotizaciones internacionales - Plata (H.Harman, US$ por onzas troy)",13.Oct.21,23.195
PD04702XD,"Cotizaciones internacionales - Plata (H.Harman, US$ por onzas troy)",14.Oct.21,23.455
PD04702XD,"Cotizaciones internacionales - Plata (H.Harman, US$ por onzas troy)",15.Oct.21,23.328
PD04702XD,"Cotizaciones internacionales - Plata (H.Harman, US$ por onzas troy)",18.Oct.21,23.25
PD04702XD,"Cotizaciones internacionales - Plata (H.Harman, US$ por onzas troy)",19.Oct.21,23.875
PD04702XD,"Cotizaciones internacionales - Plata (H.Harman, US$ por onzas troy)",20.Oct.21,24.318
PD04702XD,"Cotizaciones internacionales - Plata (H.Harman, US$ por onzas troy)",21.Oct.21,24.175
PD04702XD,"Cotizaciones internacionales - Plata (H.Harman, US$ por onzas troy)",22.Oct.21,24.265
PD04702XD,"Cotizaciones internacionales - Plata (H.Harman, US$ por onzas troy)",25.Oct.21,24.545
PD04702XD,"Cotizaciones internacionales - Plata (H.Harman, US$ por onzas troy)",26.Oct.21,24.035
PD04702XD,"Cotizaciones internacionales - Plata (H.Harman, US$ por onzas troy)",27.Oct.21,24.115
PD04702XD,"Cotizaciones internacionales - Plata (H.Harman, US$ por onzas troy)",28.Oct.21,24.105
PD04702XD,"Cotizaciones internacionales - Plata (H.Harman, US$ por onzas troy)",29.Oct.21,23.925
PD04702XD,"Cotizaciones internacionales - Plata (H.Harman, US$ por onzas troy)",01.Nov.21,24.005
PD04702XD,"Cotizaciones internacionales - Plata (H.Harman, US$ por onzas troy)",02.Nov.21,23.455
PD04702XD,"Cotizaciones internacionales - Plata (H.Harman, US$ por onzas troy)",03.Nov.21,23.265
PD04702XD,"Cotizaciones internacionales - Plata (H.Harman, US$ por onzas troy)",04.Nov.21,23.855
PD04702XD,"Cotizaciones internacionales - Plata (H.Harman, US$ por onzas troy)",05.Nov.21,24.045
PD04702XD,"Cotizaciones internacionales - Plata (H.Harman, US$ por onzas troy)",08.Nov.21,24.435
PD04702XD,"Cotizaciones internacionales - Plata (H.Harman, US$ por onzas troy)",09.Nov.21,24.195
PD04702XD,"Cotizaciones internacionales - Plata (H.Harman, US$ por onzas troy)",10.Nov.21,24.965
PD04702XD,"Cotizaciones internacionales - Plata (H.Harman, US$ por onzas troy)",11.Nov.21,25.205
PD04702XD,"Cotizaciones internacionales - Plata (H.Harman, US$ por onzas troy)",12.Nov.21,25.255
PD04702XD,"Cotizaciones internacionales - Plata (H.Harman, US$ por onzas troy)",15.Nov.21,25.065
PD04702XD,"Cotizaciones internacionales - Plata (H.Harman, US$ por onzas troy)",16.Nov.21,24.965
PD04702XD,"Cotizaciones internacionales - Plata (H.Harman, US$ por onzas troy)",17.Nov.21,25.105
PD04702XD,"Cotizaciones internacionales - Plata (H.Harman, US$ por onzas troy)",18.Nov.21,24.925
PD04702XD,"Cotizaciones internacionales - Plata (H.Harman, US$ por onzas troy)",19.Nov.21,24.895
PD04702XD,"Cotizaciones internacionales - Plata (H.Harman, US$ por onzas troy)",22.Nov.21,24.425
PD04702XD,"Cotizaciones internacionales - Plata (H.Harman, US$ por onzas troy)",23.Nov.21,23.365
PD04702XD,"Cotizaciones internacionales - Plata (H.Harman, US$ por onzas troy)",24.Nov.21,23.515
PD04702XD,"Cotizaciones internacionales - Plata (H.Harman, US$ por onzas troy)",25.Nov.21,23.515
PD04702XD,"Cotizaciones internacionales - Plata (H.Harman, US$ por onzas troy)",26.Nov.21,23.09
PD04702XD,"Cotizaciones internacionales - Plata (H.Harman, US$ por onzas troy)",29.Nov.21,22.835
PD04702XD,"Cotizaciones internacionales - Plata (H.Harman, US$ por onzas troy)",30.Nov.21,22.82
PD04702XD,"Cotizaciones internacionales - Plata (H.Harman, US$ por onzas troy)",01.Dic.21,22.483
PD04702XD,"Cotizaciones internacionales - Plata (H.Harman, US$ por onzas troy)",02.Dic.21,22.385
PD04702XD,"Cotizaciones internacionales - Plata (H.Harman, US$ por onzas troy)",03.Dic.21,22.425
PD04702XD,"Cotizaciones internacionales - Plata (H.Harman, US$ por onzas troy)",06.Dic.21,22.365
PD04702XD,"Cotizaciones internacionales - Plata (H.Harman, US$ por onzas troy)",07.Dic.21,22.595
PD04702XD,"Cotizaciones internacionales - Plata (H.Harman, US$ por onzas troy)",08.Dic.21,22.415
PD04702XD,"Cotizaciones internacionales - Plata (H.Harman, US$ por onzas troy)",09.Dic.21,22.01
PD04702XD,"Cotizaciones internacionales - Plata (H.Harman, US$ por onzas troy)",10.Dic.21,22.185
PD04702XD,"Cotizaciones internacionales - Plata (H.Harman, US$ por onzas troy)",13.Dic.21,22.325
PD04702XD,"Cotizaciones internacionales - Plata (H.Harman, US$ por onzas troy)",14.Dic.21,21.93
PD04702XD,"Cotizaciones internacionales - Plata (H.Harman, US$ por onzas troy)",15.Dic.21,21.615
PD04702XD,"Cotizaciones internacionales - Plata (H.Harman, US$ por onzas troy)",16.Dic.21,22.525
PD04702XD,"Cotizaciones internacionales - Plata (H.Harman, US$ por onzas troy)",17.Dic.21,22.525
PD04702XD,"Cotizaciones internacionales - Plata (H.Harman, US$ por onzas troy)",20.Dic.21,22.347
PD04702XD,"Cotizaciones internacionales - Plata (H.Harman, US$ por onzas troy)",21.Dic.21,22.527
PD04702XD,"Cotizaciones internacionales - Plata (H.Harman, US$ por onzas troy)",22.Dic.21,22.76
PD04702XD,"Cotizaciones internacionales - Plata (H.Harman, US$ por onzas troy)",23.Dic.21,22.905
PD04702XD,"Cotizaciones internacionales - Plata (H.Harman, US$ por onzas troy)",24.Dic.21,22.905
PD04702XD,"Cotizaciones internacionales - Plata (H.Harman, US$ por onzas troy)",27.Dic.21,23.075
PD04702XD,"Cotizaciones internacionales - Plata (H.Harman, US$ por onzas troy)",28.Dic.21,23.125
PD04702XD,"Cotizaciones internacionales - Plata (H.Harman, US$ por onzas troy)",29.Dic.21,22.825
PD04702XD,"Cotizaciones internacionales - Plata (H.Harman, US$ por onzas troy)",30.Dic.21,23.085
PD04702XD,"Cotizaciones internacionales - Plata (H.Harman, US$ por onzas troy)",31.Dic.21,23.275
PD04702XD,"Cotizaciones internacionales - Plata (H.Harman, US$ por onzas troy)",03.Ene.22,22.855
PD04702XD,"Cotizaciones internacionales - Plata (H.Harman, US$ por onzas troy)",04.Ene.22,23.005
PD04702XD,"Cotizaciones internacionales - Plata (H.Harman, US$ por onzas troy)",05.Ene.22,23.125
PD04702XD,"Cotizaciones internacionales - Plata (H.Harman, US$ por onzas troy)",06.Ene.22,22.175
PD04702XD,"Cotizaciones internacionales - Plata (H.Harman, US$ por onzas troy)",07.Ene.22,22.296
PD04702XD,"Cotizaciones internacionales - Plata (H.Harman, US$ por onzas troy)",10.Ene.22,22.395
PD04702XD,"Cotizaciones internacionales - Plata (H.Harman, US$ por onzas troy)",11.Ene.22,22.695
PD04702XD,"Cotizaciones internacionales - Plata (H.Harman, US$ por onzas troy)",12.Ene.22,23.135
PD04702XD,"Cotizaciones internacionales - Plata (H.Harman, US$ por onzas troy)",13.Ene.22,23.185
PD04702XD,"Cotizaciones internacionales - Plata (H.Harman, US$ por onzas troy)",14.Ene.22,22.945
PD04702XD,"Cotizaciones internacionales - Plata (H.Harman, US$ por onzas troy)",17.Ene.22,22.945
PD04702XD,"Cotizaciones internacionales - Plata (H.Harman, US$ por onzas troy)",18.Ene.22,23.492
PD04702XD,"Cotizaciones internacionales - Plata (H.Harman, US$ por onzas troy)",19.Ene.22,24.115
PD04702XD,"Cotizaciones internacionales - Plata (H.Harman, US$ por onzas troy)",20.Ene.22,24.625
PD04702XD,"Cotizaciones internacionales - Plata (H.Harman, US$ por onzas troy)",21.Ene.22,24.335
PD04702XD,"Cotizaciones internacionales - Plata (H.Harman, US$ por onzas troy)",24.Ene.22,23.735
PD04702XD,"Cotizaciones internacionales - Plata (H.Harman, US$ por onzas troy)",25.Ene.22,23.815
PD04702XD,"Cotizaciones internacionales - Plata (H.Harman, US$ por onzas troy)",26.Ene.22,23.789
PD04702XD,"Cotizaciones internacionales - Plata (H.Harman, US$ por onzas troy)",27.Ene.22,22.72
PD04702XD,"Cotizaciones internacionales - Plata (H.Harman, US$ por onzas troy)",28.Ene.22,22.245
PD04702XD,"Cotizaciones internacionales - Plata (H.Harman, US$ por onzas troy)",31.Ene.22,22.48
PD04702XD,"Cotizaciones internacionales - Plata (H.Harman, US$ por onzas troy)",01.Feb.22,22.711
PD04702XD,"Cotizaciones internacionales - Plata (H.Harman, US$ por onzas troy)",02.Feb.22,22.755
PD04702XD,"Cotizaciones internacionales - Plata (H.Harman, US$ por onzas troy)",03.Feb.22,22.455
PD04702XD,"Cotizaciones internacionales - Plata (H.Harman, US$ por onzas troy)",04.Feb.22,22.485
PD04702XD,"Cotizaciones internacionales - Plata (H.Harman, US$ por onzas troy)",07.Feb.22,22.965
PD04702XD,"Cotizaciones internacionales - Plata (H.Harman, US$ por onzas troy)",08.Feb.22,23.235
PD04702XD,"Cotizaciones internacionales - Plata (H.Harman, US$ por onzas troy)",09.Feb.22,23.285
PD04702XD,"Cotizaciones internacionales - Plata (H.Harman, US$ por onzas troy)",10.Feb.22,23.285
PD04702XD,"Cotizaciones internacionales - Plata (H.Harman, US$ por onzas troy)",11.Feb.22,23.275
PD04702XD,"Cotizaciones internacionales - Plata (H.Harman, US$ por onzas troy)",14.Feb.22,23.785
PD04702XD,"Cotizaciones internacionales - Plata (H.Harman, US$ por onzas troy)",15.Feb.22,23.325
PD04702XD,"Cotizaciones internacionales - Plata (H.Harman, US$ por onzas troy)",16.Feb.22,23.515
PD04702XD,"Cotizaciones internacionales - Plata (H.Harman, US$ por onzas troy)",17.Feb.22,23.795
PD04702XD,"Cotizaciones internacionales - Plata (H.Harman, US$ por onzas troy)",18.Feb.22,23.95
PD04702XD,"Cotizaciones internacionales - Plata (H.Harman, US$ por onzas troy)",21.Feb.22,23.925
PD04702XD,"Cotizaciones internacionales - Plata (H.Harman, US$ por onzas troy)",22.Feb.22,24.285
PD04702XD,"Cotizaciones internacionales - Plata (H.Harman, US$ por onzas troy)",23.Feb.22,24.515
PD04702XD,"Cotizaciones internacionales - Plata (H.Harman, US$ por onzas troy)",24.Feb.22,24.705
PD04702XD,"Cotizaciones internacionales - Plata (H.Harman, US$ por onzas troy)",25.Feb.22,23.915
PD04702XD,"Cotizaciones internacionales - Plata (H.Harman, US$ por onzas troy)",28.Feb.22,24.235
PD04702XD,"Cotizaciones internacionales - Plata (H.Harman, US$ por onzas troy)",01.Mar.22,25.14
PD04702XD,"Cotizaciones internacionales - Plata (H.Harman, US$ por onzas troy)",02.Mar.22,25.075
PD04702XD,"Cotizaciones internacionales - Plata (H.Harman, US$ por onzas troy)",03.Mar.22,25.005
PD04702XD,"Cotizaciones internacionales - Plata (H.Harman, US$ por onzas troy)",04.Mar.22,25.565
PD04702XD,"Cotizaciones internacionales - Plata (H.Harman, US$ por onzas troy)",07.Mar.22,25.453
PD04702XD,"Cotizaciones internacionales - Plata (H.Harman, US$ por onzas troy)",08.Mar.22,26.866
PD04702XD,"Cotizaciones internacionales - Plata (H.Harman, US$ por onzas troy)",09.Mar.22,26.015
PD04702XD,"Cotizaciones internacionales - Plata (H.Harman, US$ por onzas troy)",10.Mar.22,25.915
PD04702XD,"Cotizaciones internacionales - Plata (H.Harman, US$ por onzas troy)",11.Mar.22,25.995
PD04702XD,"Cotizaciones internacionales - Plata (H.Harman, US$ por onzas troy)",14.Mar.22,25.215
PD04702XD,"Cotizaciones internacionales - Plata (H.Harman, US$ por onzas troy)",15.Mar.22,24.934
PD04702XD,"Cotizaciones internacionales - Plata (H.Harman, US$ por onzas troy)",16.Mar.22,24.735
PD04702XD,"Cotizaciones internacionales - Plata (H.Harman, US$ por onzas troy)",17.Mar.22,25.525
PD04702XD,"Cotizaciones internacionales - Plata (H.Harman, US$ por onzas troy)",18.Mar.22,25.055
PD04702XD,"Cotizaciones internacionales - Plata (H.Harman, US$ por onzas troy)",21.Mar.22,25.235
PD04702XD,"Cotizaciones internacionales - Plata (H.Harman, US$ por onzas troy)",22.Mar.22,24.795
PD04702XD,"Cotizaciones internacionales - Plata (H.Harman, US$ por onzas troy)",23.Mar.22,24.915
PD04702XD,"Cotizaciones internacionales - Plata (H.Harman, US$ por onzas troy)",24.Mar.22,25.65
PD04702XD,"Cotizaciones internacionales - Plata (H.Harman, US$ por onzas troy)",25.Mar.22,25.445
PD04702XD,"Cotizaciones internacionales - Plata (H.Harman, US$ por onzas troy)",28.Mar.22,25.055
PD04702XD,"Cotizaciones internacionales - Plata (H.Harman, US$ por onzas troy)",29.Mar.22,24.625
PD04702XD,"Cotizaciones internacionales - Plata (H.Harman, US$ por onzas troy)",30.Mar.22,25.015
PD04702XD,"Cotizaciones internacionales - Plata (H.Harman, US$ por onzas troy)",31.Mar.22,24.985
PD04702XD,"Cotizaciones internacionales - Plata (H.Harman, US$ por onzas troy)",01.Abr.22,24.775
PD04702XD,"Cotizaciones internacionales - Plata (H.Harman, US$ por onzas troy)",04.Abr.22,24.53
PD04702XD,"Cotizaciones internacionales - Plata (H.Harman, US$ por onzas troy)",05.Abr.22,24.355
PD04702XD,"Cotizaciones internacionales - Plata (H.Harman, US$ por onzas troy)",06.Abr.22,24.485
PD04702XD,"Cotizaciones internacionales - Plata (H.Harman, US$ por onzas troy)",07.Abr.22,24.507
PD04702XD,"Cotizaciones internacionales - Plata (H.Harman, US$ por onzas troy)",08.Abr.22,24.705
PD04702XD,"Cotizaciones internacionales - Plata (H.Harman, US$ por onzas troy)",11.Abr.22,24.975
PD04702XD,"Cotizaciones internacionales - Plata (H.Harman, US$ por onzas troy)",12.Abr.22,25.545
PD04702XD,"Cotizaciones internacionales - Plata (H.Harman, US$ por onzas troy)",13.Abr.22,25.795
PD04702XD,"Cotizaciones internacionales - Plata (H.Harman, US$ por onzas troy)",14.Abr.22,25.39
PD04702XD,"Cotizaciones internacionales - Plata (H.Harman, US$ por onzas troy)",15.Abr.22,25.39
PD04702XD,"Cotizaciones internacionales - Plata (H.Harman, US$ por onzas troy)",18.Abr.22,26.065
PD04702XD,"Cotizaciones internacionales - Plata (H.Harman, US$ por onzas troy)",19.Abr.22,26.065
PD04702XD,"Cotizaciones internacionales - Plata (H.Harman, US$ por onzas troy)",20.Abr.22,25.115
PD04702XD,"Cotizaciones internacionales - Plata (H.Harman, US$ por onzas troy)",21.Abr.22,24.535
PD04702XD,"Cotizaciones internacionales - Plata (H.Harman, US$ por onzas troy)",22.Abr.22,24.295
PD04702XD,"Cotizaciones internacionales - Plata (H.Harman, US$ por onzas troy)",25.Abr.22,23.595
PD04702XD,"Cotizaciones internacionales - Plata (H.Harman, US$ por onzas troy)",26.Abr.22,23.545
PD04702XD,"Cotizaciones internacionales - Plata (H.Harman, US$ por onzas troy)",27.Abr.22,23.37
PD04702XD,"Cotizaciones internacionales - Plata (H.Harman, US$ por onzas troy)",28.Abr.22,22.985
PD04702XD,"Cotizaciones internacionales - Plata (H.Harman, US$ por onzas troy)",29.Abr.22,23.105
PD04702XD,"Cotizaciones internacionales - Plata (H.Harman, US$ por onzas troy)",02.May.22,22.695
PD04702XD,"Cotizaciones internacionales - Plata (H.Harman, US$ por onzas troy)",03.May.22,22.682
PD04702XD,"Cotizaciones internacionales - Plata (H.Harman, US$ por onzas troy)",04.May.22,22.682
PD04702XD,"Cotizaciones internacionales - Plata (H.Harman, US$ por onzas troy)",05.May.22,22.455
PD04702XD,"Cotizaciones internacionales - Plata (H.Harman, US$ por onzas troy)",06.May.22,22.465
PD04702XD,"Cotizaciones internacionales - Plata (H.Harman, US$ por onzas troy)",09.May.22,21.923
PD04702XD,"Cotizaciones internacionales - Plata (H.Harman, US$ por onzas troy)",10.May.22,21.642
PD04702XD,"Cotizaciones internacionales - Plata (H.Harman, US$ por onzas troy)",11.May.22,21.642
PD04702XD,"Cotizaciones internacionales - Plata (H.Harman, US$ por onzas troy)",12.May.22,20.922
PD04702XD,"Cotizaciones internacionales - Plata (H.Harman, US$ por onzas troy)",13.May.22,20.995
PD04702XD,"Cotizaciones internacionales - Plata (H.Harman, US$ por onzas troy)",16.May.22,21.485
PD04702XD,"Cotizaciones internacionales - Plata (H.Harman, US$ por onzas troy)",17.May.22,21.715
PD04702XD,"Cotizaciones internacionales - Plata (H.Harman, US$ por onzas troy)",18.May.22,21.605
PD04702XD,"Cotizaciones internacionales - Plata (H.Harman, US$ por onzas troy)",19.May.22,21.875
PD04702XD,"Cotizaciones internacionales - Plata (H.Harman, US$ por onzas troy)",20.May.22,21.775
PD04702XD,"Cotizaciones internacionales - Plata (H.Harman, US$ por onzas troy)",23.May.22,21.784
PD04702XD,"Cotizaciones internacionales - Plata (H.Harman, US$ por onzas troy)",24.May.22,22.15
PD04702XD,"Cotizaciones internacionales - Plata (H.Harman, US$ por onzas troy)",25.May.22,21.895
PD04702XD,"Cotizaciones internacionales - Plata (H.Harman, US$ por onzas troy)",26.May.22,21.929
PD04702XD,"Cotizaciones internacionales - Plata (H.Harman, US$ por onzas troy)",27.May.22,22.075
PD04702XD,"Cotizaciones internacionales - Plata (H.Harman, US$ por onzas troy)",30.May.22,22.075
PD04702XD,"Cotizaciones internacionales - Plata (H.Harman, US$ por onzas troy)",31.May.22,21.765
PD04702XD,"Cotizaciones internacionales - Plata (H.Harman, US$ por onzas troy)",01.Jun.22,21.855
PD04702XD,"Cotizaciones internacionales - Plata (H.Harman, US$ por onzas troy)",02.Jun.22,22.255
PD04702XD,"Cotizaciones internacionales - Plata (H.Harman, US$ por onzas troy)",03.Jun.22,21.905
PD04702XD,"Cotizaciones internacionales - Plata (H.Harman, US$ por onzas troy)",06.Jun.22,22.107
PD04702XD,"Cotizaciones internacionales - Plata (H.Harman, US$ por onzas troy)",07.Jun.22,22.165
PD04702XD,"Cotizaciones internacionales - Plata (H.Harman, US$ por onzas troy)",08.Jun.22,22.205
PD04702XD,"Cotizaciones internacionales - Plata (H.Harman, US$ por onzas troy)",09.Jun.22,21.728
PD04702XD,"Cotizaciones internacionales - Plata (H.Harman, US$ por onzas troy)",10.Jun.22,21.915
PD04702XD,"Cotizaciones internacionales - Plata (H.Harman, US$ por onzas troy)",13.Jun.22,21.236
PD04702XD,"Cotizaciones internacionales - Plata (H.Harman, US$ por onzas troy)",14.Jun.22,20.945
PD04702XD,"Cotizaciones internacionales - Plata (H.Harman, US$ por onzas troy)",15.Jun.22,21.525
PD04702XD,"Cotizaciones internacionales - Plata (H.Harman, US$ por onzas troy)",16.Jun.22,21.835
PD04702XD,"Cotizaciones internacionales - Plata (H.Harman, US$ por onzas troy)",17.Jun.22,21.685
PD04702XD,"Cotizaciones internacionales - Plata (H.Harman, US$ por onzas troy)",20.Jun.22,21.62
PD04702XD,"Cotizaciones internacionales - Plata (H.Harman, US$ por onzas troy)",21.Jun.22,21.78
PD04702XD,"Cotizaciones internacionales - Plata (H.Harman, US$ por onzas troy)",22.Jun.22,21.49
PD04702XD,"Cotizaciones internacionales - Plata (H.Harman, US$ por onzas troy)",23.Jun.22,21.285
PD04702XD,"Cotizaciones internacionales - Plata (H.Harman, US$ por onzas troy)",24.Jun.22,21.215
PD04702XD,"Cotizaciones internacionales - Plata (H.Harman, US$ por onzas troy)",27.Jun.22,21.305
PD04702XD,"Cotizaciones internacionales - Plata (H.Harman, US$ por onzas troy)",28.Jun.22,20.915
PD04702XD,"Cotizaciones internacionales - Plata (H.Harman, US$ por onzas troy)",29.Jun.22,20.775
PD04702XD,"Cotizaciones internacionales - Plata (H.Harman, US$ por onzas troy)",30.Jun.22,20.477
PD04702XD,"Cotizaciones internacionales - Plata (H.Harman, US$ por onzas troy)",01.Jul.22,19.855
PD04702XD,"Cotizaciones internacionales - Plata (H.Harman, US$ por onzas troy)",04.Jul.22,19.855
PD04702XD,"Cotizaciones internacionales - Plata (H.Harman, US$ por onzas troy)",05.Jul.22,19.215
PD04702XD,"Cotizaciones internacionales - Plata (H.Harman, US$ por onzas troy)",06.Jul.22,19.141
PD04702XD,"Cotizaciones internacionales - Plata (H.Harman, US$ por onzas troy)",07.Jul.22,19.256
PD04702XD,"Cotizaciones internacionales - Plata (H.Harman, US$ por onzas troy)",08.Jul.22,19.301
PD04702XD,"Cotizaciones internacionales - Plata (H.Harman, US$ por onzas troy)",11.Jul.22,19.235
PD04702XD,"Cotizaciones internacionales - Plata (H.Harman, US$ por onzas troy)",12.Jul.22,19.105
PD04702XD,"Cotizaciones internacionales - Plata (H.Harman, US$ por onzas troy)",13.Jul.22,19.259
PD04702XD,"Cotizaciones internacionales - Plata (H.Harman, US$ por onzas troy)",14.Jul.22,18.455
PD04702XD,"Cotizaciones internacionales - Plata (H.Harman, US$ por onzas troy)",15.Jul.22,18.695
PD04702XD,"Cotizaciones internacionales - Plata (H.Harman, US$ por onzas troy)",18.Jul.22,18.897
PD04702XD,"Cotizaciones internacionales - Plata (H.Harman, US$ por onzas troy)",19.Jul.22,18.845
PD04702XD,"Cotizaciones internacionales - Plata (H.Harman, US$ por onzas troy)",20.Jul.22,18.885
PD04702XD,"Cotizaciones internacionales - Plata (H.Harman, US$ por onzas troy)",21.Jul.22,18.805
PD04702XD,"Cotizaciones internacionales - Plata (H.Harman, US$ por onzas troy)",22.Jul.22,18.775
PD04702XD,"Cotizaciones internacionales - Plata (H.Harman, US$ por onzas troy)",25.Jul.22,18.455
PD04702XD,"Cotizaciones internacionales - Plata (H.Harman, US$ por onzas troy)",26.Jul.22,18.455
PD04702XD,"Cotizaciones internacionales - Plata (H.Harman, US$ por onzas troy)",27.Jul.22,18.665
PD04702XD,"Cotizaciones internacionales - Plata (H.Harman, US$ por onzas troy)",28.Jul.22,19.805
PD04702XD,"Cotizaciones internacionales - Plata (H.Harman, US$ por onzas troy)",29.Jul.22,20.262
PD04702XD,"Cotizaciones internacionales - Plata (H.Harman, US$ por onzas troy)",01.Ago.22,20.355
PD04702XD,"Cotizaciones internacionales - Plata (H.Harman, US$ por onzas troy)",02.Ago.22,20.275
PD04702XD,"Cotizaciones internacionales - Plata (H.Harman, US$ por onzas troy)",03.Ago.22,19.945
PD04702XD,"Cotizaciones internacionales - Plata (H.Harman, US$ por onzas troy)",04.Ago.22,20.145
PD04702XD,"Cotizaciones internacionales - Plata (H.Harman, US$ por onzas troy)",05.Ago.22,19.875
PD04702XD,"Cotizaciones internacionales - Plata (H.Harman, US$ por onzas troy)",08.Ago.22,20.655
PD04702XD,"Cotizaciones internacionales - Plata (H.Harman, US$ por onzas troy)",09.Ago.22,20.505
PD04702XD,"Cotizaciones internacionales - Plata (H.Harman, US$ por onzas troy)",10.Ago.22,20.745
PD04702XD,"Cotizaciones internacionales - Plata (H.Harman, US$ por onzas troy)",11.Ago.22,20.395
PD04702XD,"Cotizaciones internacionales - Plata (H.Harman, US$ por onzas troy)",12.Ago.22,20.555
PD04702XD,"Cotizaciones internacionales - Plata (H.Harman, US$ por onzas troy)",15.Ago.22,20.335
PD04702XD,"Cotizaciones internacionales - Plata (H.Harman, US$ por onzas troy)",16.Ago.22,20.165
PD04702XD,"Cotizaciones internacionales - Plata (H.Harman, US$ por onzas troy)",17.Ago.22,19.745
PD04702XD,"Cotizaciones internacionales - Plata (H.Harman, US$ por onzas troy)",18.Ago.22,19.665
PD04702XD,"Cotizaciones internacionales - Plata (H.Harman, US$ por onzas troy)",19.Ago.22,19.155
PD04702XD,"Cotizaciones internacionales - Plata (H.Harman, US$ por onzas troy)",22.Ago.22,19.085
PD04702XD,"Cotizaciones internacionales - Plata (H.Harman, US$ por onzas troy)",23.Ago.22,19.185
PD04702XD,"Cotizaciones internacionales - Plata (H.Harman, US$ por onzas troy)",24.Ago.22,19.135
PD04702XD,"Cotizaciones internacionales - Plata (H.Harman, US$ por onzas troy)",25.Ago.22,19.175
PD04702XD,"Cotizaciones internacionales - Plata (H.Harman, US$ por onzas troy)",26.Ago.22,19.055
PD04702XD,"Cotizaciones internacionales - Plata (H.Harman, US$ por onzas troy)",29.Ago.22,18.885
PD04702XD,"Cotizaciones internacionales - Plata (H.Harman, US$ por onzas troy)",30.Ago.22,18.465
PD04702XD,"Cotizaciones internacionales - Plata (H.Harman, US$ por onzas troy)",31.Ago.22,18.155
PD04702XD,"Cotizaciones internacionales - Plata (H.Harman, US$ por onzas troy)",01.Set.22,17.795
PD04702XD,"Cotizaciones internacionales - Plata (H.Harman, US$ por onzas troy)",02.Set.22,18.234
PD04702XD,"Cotizaciones internacionales - Plata (H.Harman, US$ por onzas troy)",05.Set.22,18.234
PD04702XD,"Cotizaciones internacionales - Plata (H.Harman, US$ por onzas troy)",06.Set.22,18.09
PD04702XD,"Cotizaciones internacionales - Plata (H.Harman, US$ por onzas troy)",07.Set.22,18.265
PD04702XD,"Cotizaciones internacionales - Plata (H.Harman, US$ por onzas troy)",08.Set.22,18.475
PD04702XD,"Cotizaciones internacionales - Plata (H.Harman, US$ por onzas troy)",09.Set.22,18.775
PD04702XD,"Cotizaciones internacionales - Plata (H.Harman, US$ por onzas troy)",12.Set.22,19.969
PD04702XD,"Cotizaciones internacionales - Plata (H.Harman, US$ por onzas troy)",13.Set.22,19.452
PD04702XD,"Cotizaciones internacionales - Plata (H.Harman, US$ por onzas troy)",14.Set.22,19.655
PD04702XD,"Cotizaciones internacionales - Plata (H.Harman, US$ por onzas troy)",15.Set.22,19.215
PD04702XD,"Cotizaciones internacionales - Plata (H.Harman, US$ por onzas troy)",16.Set.22,19.371
PD04702XD,"Cotizaciones internacionales - Plata (H.Harman, US$ por onzas troy)",19.Set.22,19.385
PD04702XD,"Cotizaciones internacionales - Plata (H.Harman, US$ por onzas troy)",20.Set.22,19.237
PD04702XD,"Cotizaciones internacionales - Plata (H.Harman, US$ por onzas troy)",21.Set.22,19.455
PD04702XD,"Cotizaciones internacionales - Plata (H.Harman, US$ por onzas troy)",22.Set.22,19.545
PD04702XD,"Cotizaciones internacionales - Plata (H.Harman, US$ por onzas troy)",23.Set.22,18.839
PD04702XD,"Cotizaciones internacionales - Plata (H.Harman, US$ por onzas troy)",26.Set.22,18.724
PD04702XD,"Cotizaciones internacionales - Plata (H.Harman, US$ por onzas troy)",27.Set.22,18.564
PD04702XD,"Cotizaciones internacionales - Plata (H.Harman, US$ por onzas troy)",28.Set.22,18.795
PD04702XD,"Cotizaciones internacionales - Plata (H.Harman, US$ por onzas troy)",29.Set.22,18.776
PD04702XD,"Cotizaciones internacionales - Plata (H.Harman, US$ por onzas troy)",30.Set.22,19.216
PD04702XD,"Cotizaciones internacionales - Plata (H.Harman, US$ por onzas troy)",03.Oct.22,20.492
PD04702XD,"Cotizaciones internacionales - Plata (H.Harman, US$ por onzas troy)",04.Oct.22,21.16
PD04702XD,"Cotizaciones internacionales - Plata (H.Harman, US$ por onzas troy)",05.Oct.22,20.407
PD04702XD,"Cotizaciones internacionales - Plata (H.Harman, US$ por onzas troy)",06.Oct.22,20.445
PD04702XD,"Cotizaciones internacionales - Plata (H.Harman, US$ por onzas troy)",07.Oct.22,20.255
PD04702XD,"Cotizaciones internacionales - Plata (H.Harman, US$ por onzas troy)",10.Oct.22,19.631
PD04702XD,"Cotizaciones internacionales - Plata (H.Harman, US$ por onzas troy)",11.Oct.22,19.6
PD04702XD,"Cotizaciones internacionales - Plata (H.Harman, US$ por onzas troy)",12.Oct.22,18.987
PD04702XD,"Cotizaciones internacionales - Plata (H.Harman, US$ por onzas troy)",13.Oct.22,18.987
PD04702XD,"Cotizaciones internacionales - Plata (H.Harman, US$ por onzas troy)",14.Oct.22,18.265
PD04702XD,"Cotizaciones internacionales - Plata (H.Harman, US$ por onzas troy)",17.Oct.22,18.757
PD04702XD,"Cotizaciones internacionales - Plata (H.Harman, US$ por onzas troy)",18.Oct.22,18.645
PD04702XD,"Cotizaciones internacionales - Plata (H.Harman, US$ por onzas troy)",19.Oct.22,18.465
PD04702XD,"Cotizaciones internacionales - Plata (H.Harman, US$ por onzas troy)",20.Oct.22,18.907
PD04702XD,"Cotizaciones internacionales - Plata (H.Harman, US$ por onzas troy)",21.Oct.22,19.104
PD04702XD,"Cotizaciones internacionales - Plata (H.Harman, US$ por onzas troy)",24.Oct.22,19.225
PD04702XD,"Cotizaciones internacionales - Plata (H.Harman, US$ por onzas troy)",25.Oct.22,19.295
PD04702XD,"Cotizaciones internacionales - Plata (H.Harman, US$ por onzas troy)",26.Oct.22,19.555
PD04702XD,"Cotizaciones internacionales - Plata (H.Harman, US$ por onzas troy)",27.Oct.22,19.525
PD04702XD,"Cotizaciones internacionales - Plata (H.Harman, US$ por onzas troy)",28.Oct.22,19.115
PD04702XD,"Cotizaciones internacionales - Plata (H.Harman, US$ por onzas troy)",31.Oct.22,19.208
PD04702XD,"Cotizaciones internacionales - Plata (H.Harman, US$ por onzas troy)",01.Nov.22,19.675
PD04702XD,"Cotizaciones internacionales - Plata (H.Harman, US$ por onzas troy)",02.Nov.22,19.585
PD04702XD,"Cotizaciones internacionales - Plata (H.Harman, US$ por onzas troy)",03.Nov.22,19.335
PD04702XD,"Cotizaciones internacionales - Plata (H.Harman, US$ por onzas troy)",04.Nov.22,20.615
PD04702XD,"Cotizaciones internacionales - Plata (H.Harman, US$ por onzas troy)",07.Nov.22,20.92
PD04702XD,"Cotizaciones internacionales - Plata (H.Harman, US$ por onzas troy)",08.Nov.22,21.581
PD04702XD,"Cotizaciones internacionales - Plata (H.Harman, US$ por onzas troy)",09.Nov.22,21.315
PD04702XD,"Cotizaciones internacionales - Plata (H.Harman, US$ por onzas troy)",10.Nov.22,21.635
PD04702XD,"Cotizaciones internacionales - Plata (H.Harman, US$ por onzas troy)",11.Nov.22,21.505
PD04702XD,"Cotizaciones internacionales - Plata (H.Harman, US$ por onzas troy)",14.Nov.22,21.871
PD04702XD,"Cotizaciones internacionales - Plata (H.Harman, US$ por onzas troy)",15.Nov.22,21.5
PD04702XD,"Cotizaciones internacionales - Plata (H.Harman, US$ por onzas troy)",16.Nov.22,21.417
PD04702XD,"Cotizaciones internacionales - Plata (H.Harman, US$ por onzas troy)",17.Nov.22,20.887
PD04702XD,"Cotizaciones internacionales - Plata (H.Harman, US$ por onzas troy)",18.Nov.22,21.055
PD04702XD,"Cotizaciones internacionales - Plata (H.Harman, US$ por onzas troy)",21.Nov.22,20.695
PD04702XD,"Cotizaciones internacionales - Plata (H.Harman, US$ por onzas troy)",22.Nov.22,21.035
PD04702XD,"Cotizaciones internacionales - Plata (H.Harman, US$ por onzas troy)",23.Nov.22,21.295
PD04702XD,"Cotizaciones internacionales - Plata (H.Harman, US$ por onzas troy)",24.Nov.22,21.295
PD04702XD,"Cotizaciones internacionales - Plata (H.Harman, US$ por onzas troy)",25.Nov.22,21.374
PD04702XD,"Cotizaciones internacionales - Plata (H.Harman, US$ por onzas troy)",28.Nov.22,21.022
PD04702XD,"Cotizaciones internacionales - Plata (H.Harman, US$ por onzas troy)",29.Nov.22,21.022
PD04702XD,"Cotizaciones internacionales - Plata (H.Harman, US$ por onzas troy)",30.Nov.22,21.304
PD04702XD,"Cotizaciones internacionales - Plata (H.Harman, US$ por onzas troy)",01.Dic.22,22.634
PD04702XD,"Cotizaciones internacionales - Plata (H.Harman, US$ por onzas troy)",02.Dic.22,23.166
PD04702XD,"Cotizaciones internacionales - Plata (H.Harman, US$ por onzas troy)",05.Dic.22,22.229
PD04702XD,"Cotizaciones internacionales - Plata (H.Harman, US$ por onzas troy)",06.Dic.22,22.228
PD04702XD,"Cotizaciones internacionales - Plata (H.Harman, US$ por onzas troy)",07.Dic.22,22.68
PD04702XD,"Cotizaciones internacionales - Plata (H.Harman, US$ por onzas troy)",08.Dic.22,23.115
PD04702XD,"Cotizaciones internacionales - Plata (H.Harman, US$ por onzas troy)",09.Dic.22,23.688
PD04702XD,"Cotizaciones internacionales - Plata (H.Harman, US$ por onzas troy)",12.Dic.22,23.26
PD04702XD,"Cotizaciones internacionales - Plata (H.Harman, US$ por onzas troy)",13.Dic.22,23.696
PD04702XD,"Cotizaciones internacionales - Plata (H.Harman, US$ por onzas troy)",14.Dic.22,23.925
PD04702XD,"Cotizaciones internacionales - Plata (H.Harman, US$ por onzas troy)",15.Dic.22,23.088
PD04702XD,"Cotizaciones internacionales - Plata (H.Harman, US$ por onzas troy)",16.Dic.22,23.059
PD04702XD,"Cotizaciones internacionales - Plata (H.Harman, US$ por onzas troy)",19.Dic.22,23.015
PD04702XD,"Cotizaciones internacionales - Plata (H.Harman, US$ por onzas troy)",20.Dic.22,24.035
PD04702XD,"Cotizaciones internacionales - Plata (H.Harman, US$ por onzas troy)",21.Dic.22,24.008
PD04702XD,"Cotizaciones internacionales - Plata (H.Harman, US$ por onzas troy)",22.Dic.22,23.61
PD04702XD,"Cotizaciones internacionales - Plata (H.Harman, US$ por onzas troy)",23.Dic.22,23.788
PD04702XD,"Cotizaciones internacionales - Plata (H.Harman, US$ por onzas troy)",26.Dic.22,23.788
PD04702XD,"Cotizaciones internacionales - Plata (H.Harman, US$ por onzas troy)",27.Dic.22,23.788
PD04702XD,"Cotizaciones internacionales - Plata (H.Harman, US$ por onzas troy)",28.Dic.22,23.547
PD04702XD,"Cotizaciones internacionales - Plata (H.Harman, US$ por onzas troy)",29.Dic.22,24
PD04702XD,"Cotizaciones internacionales - Plata (H.Harman, US$ por onzas troy)",30.Dic.22,23.746
PD04702XD,"Cotizaciones internacionales - Plata (H.Harman, US$ por onzas troy)",02.Ene.23,23.746
PD04702XD,"Cotizaciones internacionales - Plata (H.Harman, US$ por onzas troy)",03.Ene.23,24.056
PD04702XD,"Cotizaciones internacionales - Plata (H.Harman, US$ por onzas troy)",04.Ene.23,24.145
PD04702XD,"Cotizaciones internacionales - Plata (H.Harman, US$ por onzas troy)",05.Ene.23,23.145
PD04702XD,"Cotizaciones internacionales - Plata (H.Harman, US$ por onzas troy)",06.Ene.23,23.854
PD04702XD,"Cotizaciones internacionales - Plata (H.Harman, US$ por onzas troy)",09.Ene.23,23.825
PD04702XD,"Cotizaciones internacionales - Plata (H.Harman, US$ por onzas troy)",10.Ene.23,23.595
PD04702XD,"Cotizaciones internacionales - Plata (H.Harman, US$ por onzas troy)",11.Ene.23,23.375
PD04702XD,"Cotizaciones internacionales - Plata (H.Harman, US$ por onzas troy)",12.Ene.23,23.833
PD04702XD,"Cotizaciones internacionales - Plata (H.Harman, US$ por onzas troy)",13.Ene.23,24.109
PD04702XD,"Cotizaciones internacionales - Plata (H.Harman, US$ por onzas troy)",16.Ene.23,24.109
PD04702XD,"Cotizaciones internacionales - Plata (H.Harman, US$ por onzas troy)",17.Ene.23,23.992
PD04702XD,"Cotizaciones internacionales - Plata (H.Harman, US$ por onzas troy)",18.Ene.23,23.724
PD04702XD,"Cotizaciones internacionales - Plata (H.Harman, US$ por onzas troy)",19.Ene.23,23.611
PD04702XD,"Cotizaciones internacionales - Plata (H.Harman, US$ por onzas troy)",20.Ene.23,23.875
PD04702XD,"Cotizaciones internacionales - Plata (H.Harman, US$ por onzas troy)",23.Ene.23,23.265
PD04702XD,"Cotizaciones internacionales - Plata (H.Harman, US$ por onzas troy)",24.Ene.23,23.625
PD04702XD,"Cotizaciones internacionales - Plata (H.Harman, US$ por onzas troy)",25.Ene.23,23.785
PD04702XD,"Cotizaciones internacionales - Plata (H.Harman, US$ por onzas troy)",26.Ene.23,23.965
PD04702XD,"Cotizaciones internacionales - Plata (H.Harman, US$ por onzas troy)",27.Ene.23,23.555
PD04702XD,"Cotizaciones internacionales - Plata (H.Harman, US$ por onzas troy)",30.Ene.23,23.686
PD04702XD,"Cotizaciones internacionales - Plata (H.Harman, US$ por onzas troy)",31.Ene.23,23.683
PD04702XD,"Cotizaciones internacionales - Plata (H.Harman, US$ por onzas troy)",01.Feb.23,23.519
PD04702XD,"Cotizaciones internacionales - Plata (H.Harman, US$ por onzas troy)",02.Feb.23,23.575
PD04702XD,"Cotizaciones internacionales - Plata (H.Harman, US$ por onzas troy)",03.Feb.23,22.404
PD04702XD,"Cotizaciones internacionales - Plata (H.Harman, US$ por onzas troy)",06.Feb.23,22.253
PD04702XD,"Cotizaciones internacionales - Plata (H.Harman, US$ por onzas troy)",07.Feb.23,22.295
PD04702XD,"Cotizaciones internacionales - Plata (H.Harman, US$ por onzas troy)",08.Feb.23,22.364
PD04702XD,"Cotizaciones internacionales - Plata (H.Harman, US$ por onzas troy)",09.Feb.23,22.239
PD04702XD,"Cotizaciones internacionales - Plata (H.Harman, US$ por onzas troy)",10.Feb.23,21.945
PD04702XD,"Cotizaciones internacionales - Plata (H.Harman, US$ por onzas troy)",13.Feb.23,21.893
PD04702XD,"Cotizaciones internacionales - Plata (H.Harman, US$ por onzas troy)",14.Feb.23,21.759
PD04702XD,"Cotizaciones internacionales - Plata (H.Harman, US$ por onzas troy)",15.Feb.23,21.646
PD04702XD,"Cotizaciones internacionales - Plata (H.Harman, US$ por onzas troy)",16.Feb.23,21.728
PD04702XD,"Cotizaciones internacionales - Plata (H.Harman, US$ por onzas troy)",17.Feb.23,21.701
PD04702XD,"Cotizaciones internacionales - Plata (H.Harman, US$ por onzas troy)",20.Feb.23,21.859
PD04702XD,"Cotizaciones internacionales - Plata (H.Harman, US$ por onzas troy)",21.Feb.23,21.84
PD04702XD,"Cotizaciones internacionales - Plata (H.Harman, US$ por onzas troy)",22.Feb.23,21.635
PD04702XD,"Cotizaciones internacionales - Plata (H.Harman, US$ por onzas troy)",23.Feb.23,21.342
PD04702XD,"Cotizaciones internacionales - Plata (H.Harman, US$ por onzas troy)",24.Feb.23,20.899
PD04702XD,"Cotizaciones internacionales - Plata (H.Harman, US$ por onzas troy)",27.Feb.23,20.7
PD04702XD,"Cotizaciones internacionales - Plata (H.Harman, US$ por onzas troy)",28.Feb.23,20.829
PD04702XD,"Cotizaciones internacionales - Plata (H.Harman, US$ por onzas troy)",01.Mar.23,21.061
PD04702XD,"Cotizaciones internacionales - Plata (H.Harman, US$ por onzas troy)",02.Mar.23,20.827
PD04702XD,"Cotizaciones internacionales - Plata (H.Harman, US$ por onzas troy)",03.Mar.23,21.121
PD04702XD,"Cotizaciones internacionales - Plata (H.Harman, US$ por onzas troy)",06.Mar.23,21.144
PD04702XD,"Cotizaciones internacionales - Plata (H.Harman, US$ por onzas troy)",07.Mar.23,20.27
PD04702XD,"Cotizaciones internacionales - Plata (H.Harman, US$ por onzas troy)",08.Mar.23,20.067
PD04702XD,"Cotizaciones internacionales - Plata (H.Harman, US$ por onzas troy)",09.Mar.23,20.09
PD04702XD,"Cotizaciones internacionales - Plata (H.Harman, US$ por onzas troy)",10.Mar.23,20.427
PD04702XD,"Cotizaciones internacionales - Plata (H.Harman, US$ por onzas troy)",13.Mar.23,21.858
PD04702XD,"Cotizaciones internacionales - Plata (H.Harman, US$ por onzas troy)",14.Mar.23,21.872
PD04702XD,"Cotizaciones internacionales - Plata (H.Harman, US$ por onzas troy)",15.Mar.23,21.93
PD04702XD,"Cotizaciones internacionales - Plata (H.Harman, US$ por onzas troy)",16.Mar.23,21.55
PD04702XD,"Cotizaciones internacionales - Plata (H.Harman, US$ por onzas troy)",17.Mar.23,22.192
PD04702XD,"Cotizaciones internacionales - Plata (H.Harman, US$ por onzas troy)",20.Mar.23,22.49
PD04702XD,"Cotizaciones internacionales - Plata (H.Harman, US$ por onzas troy)",21.Mar.23,22.257
PD04702XD,"Cotizaciones internacionales - Plata (H.Harman, US$ por onzas troy)",22.Mar.23,22.633
PD04702XD,"Cotizaciones internacionales - Plata (H.Harman, US$ por onzas troy)",23.Mar.23,23.08
PD04702XD,"Cotizaciones internacionales - Plata (H.Harman, US$ por onzas troy)",24.Mar.23,23.182
PD04702XD,"Cotizaciones internacionales - Plata (H.Harman, US$ por onzas troy)",27.Mar.23,23.003
PD04702XD,"Cotizaciones internacionales - Plata (H.Harman, US$ por onzas troy)",28.Mar.23,23.231
PD04702XD,"Cotizaciones internacionales - Plata (H.Harman, US$ por onzas troy)",29.Mar.23,23.277
PD04702XD,"Cotizaciones internacionales - Plata (H.Harman, US$ por onzas troy)",30.Mar.23,23.73
PD04702XD,"Cotizaciones internacionales - Plata (H.Harman, US$ por onzas troy)",31.Mar.23,24.161
PD04702XD,"Cotizaciones internacionales - Plata (H.Harman, US$ por onzas troy)",03.Abr.23,24.022
PD04702XD,"Cotizaciones internacionales - Plata (H.Harman, US$ por onzas troy)",04.Abr.23,24.857
PD04702XD,"Cotizaciones internacionales - Plata (H.Harman, US$ por onzas troy)",05.Abr.23,24.98
PD04702XD,"Cotizaciones internacionales - Plata (H.Harman, US$ por onzas troy)",06.Abr.23,24.98
PD04702XD,"Cotizaciones internacionales - Plata (H.Harman, US$ por onzas troy)",07.Abr.23,24.914
PD04702XD,"Cotizaciones internacionales - Plata (H.Harman, US$ por onzas troy)",10.Abr.23,24.776
PD04702XD,"Cotizaciones internacionales - Plata (H.Harman, US$ por onzas troy)",11.Abr.23,25.089
PD04702XD,"Cotizaciones internacionales - Plata (H.Harman, US$ por onzas troy)",12.Abr.23,25.21
PD04702XD,"Cotizaciones internacionales - Plata (H.Harman, US$ por onzas troy)",13.Abr.23,25.792
PD04702XD,"Cotizaciones internacionales - Plata (H.Harman, US$ por onzas troy)",14.Abr.23,25.262
PD04702XD,"Cotizaciones internacionales - Plata (H.Harman, US$ por onzas troy)",17.Abr.23,24.975
PD04702XD,"Cotizaciones internacionales - Plata (H.Harman, US$ por onzas troy)",18.Abr.23,25.219
PD04702XD,"Cotizaciones internacionales - Plata (H.Harman, US$ por onzas troy)",19.Abr.23,25.215
PD04702XD,"Cotizaciones internacionales - Plata (H.Harman, US$ por onzas troy)",20.Abr.23,25.218
PD04702XD,"Cotizaciones internacionales - Plata (H.Harman, US$ por onzas troy)",21.Abr.23,24.973
PD04702XD,"Cotizaciones internacionales - Plata (H.Harman, US$ por onzas troy)",24.Abr.23,25.142
PD04702XD,"Cotizaciones internacionales - Plata (H.Harman, US$ por onzas troy)",25.Abr.23,24.711
PD04702XD,"Cotizaciones internacionales - Plata (H.Harman, US$ por onzas troy)",26.Abr.23,24.915
PD04702XD,"Cotizaciones internacionales - Plata (H.Harman, US$ por onzas troy)",27.Abr.23,24.847
PD04702XD,"Cotizaciones internacionales - Plata (H.Harman, US$ por onzas troy)",28.Abr.23,25.067
PD04702XD,"Cotizaciones internacionales - Plata (H.Harman, US$ por onzas troy)",01.May.23,24.983
PD04702XD,"Cotizaciones internacionales - Plata (H.Harman, US$ por onzas troy)",02.May.23,25.385
PD04702XD,"Cotizaciones internacionales - Plata (H.Harman, US$ por onzas troy)",03.May.23,25.427
PD04702XD,"Cotizaciones internacionales - Plata (H.Harman, US$ por onzas troy)",04.May.23,25.92
PD04702XD,"Cotizaciones internacionales - Plata (H.Harman, US$ por onzas troy)",05.May.23,25.62
PD04702XD,"Cotizaciones internacionales - Plata (H.Harman, US$ por onzas troy)",08.May.23,25.64
PD04702XD,"Cotizaciones internacionales - Plata (H.Harman, US$ por onzas troy)",09.May.23,25.533
PD04702XD,"Cotizaciones internacionales - Plata (H.Harman, US$ por onzas troy)",10.May.23,25.359
PD04702XD,"Cotizaciones internacionales - Plata (H.Harman, US$ por onzas troy)",11.May.23,24.175
PD04702XD,"Cotizaciones internacionales - Plata (H.Harman, US$ por onzas troy)",12.May.23,23.9
PD04702XD,"Cotizaciones internacionales - Plata (H.Harman, US$ por onzas troy)",15.May.23,24.095
PD04702XD,"Cotizaciones internacionales - Plata (H.Harman, US$ por onzas troy)",16.May.23,23.706
PD04702XD,"Cotizaciones internacionales - Plata (H.Harman, US$ por onzas troy)",17.May.23,23.678
PD04702XD,"Cotizaciones internacionales - Plata (H.Harman, US$ por onzas troy)",18.May.23,23.465
PD04702XD,"Cotizaciones internacionales - Plata (H.Harman, US$ por onzas troy)",19.May.23,23.866
PD04702XD,"Cotizaciones internacionales - Plata (H.Harman, US$ por onzas troy)",22.May.23,23.673
PD04702XD,"Cotizaciones internacionales - Plata (H.Harman, US$ por onzas troy)",23.May.23,23.43
PD04702XD,"Cotizaciones internacionales - Plata (H.Harman, US$ por onzas troy)",24.May.23,23.164
PD04702XD,"Cotizaciones internacionales - Plata (H.Harman, US$ por onzas troy)",25.May.23,22.851
PD04702XD,"Cotizaciones internacionales - Plata (H.Harman, US$ por onzas troy)",26.May.23,23.22
PD04702XD,"Cotizaciones internacionales - Plata (H.Harman, US$ por onzas troy)",29.May.23,23.22
PD04702XD,"Cotizaciones internacionales - Plata (H.Harman, US$ por onzas troy)",30.May.23,23.229
PD04702XD,"Cotizaciones internacionales - Plata (H.Harman, US$ por onzas troy)",31.May.23,23.563
PD04702XD,"Cotizaciones internacionales - Plata (H.Harman, US$ por onzas troy)",01.Jun.23,23.913
PD04702XD,"Cotizaciones internacionales - Plata (H.Harman, US$ por onzas troy)",02.Jun.23,23.761
PD04702XD,"Cotizaciones internacionales - Plata (H.Harman, US$ por onzas troy)",05.Jun.23,23.576
PD04702XD,"Cotizaciones internacionales - Plata (H.Harman, US$ por onzas troy)",06.Jun.23,23.572
PD04702XD,"Cotizaciones internacionales - Plata (H.Harman, US$ por onzas troy)",07.Jun.23,23.509
PD04702XD,"Cotizaciones internacionales - Plata (H.Harman, US$ por onzas troy)",08.Jun.23,24.23
PD04702XD,"Cotizaciones internacionales - Plata (H.Harman, US$ por onzas troy)",09.Jun.23,24.361
PD04702XD,"Cotizaciones internacionales - Plata (H.Harman, US$ por onzas troy)",12.Jun.23,23.975
PD04702XD,"Cotizaciones internacionales - Plata (H.Harman, US$ por onzas troy)",13.Jun.23,23.77
PD04702XD,"Cotizaciones internacionales - Plata (H.Harman, US$ por onzas troy)",14.Jun.23,24.023
PD04702XD,"Cotizaciones internacionales - Plata (H.Harman, US$ por onzas troy)",15.Jun.23,23.81
PD04702XD,"Cotizaciones internacionales - Plata (H.Harman, US$ por onzas troy)",16.Jun.23,24.022
PD04702XD,"Cotizaciones internacionales - Plata (H.Harman, US$ por onzas troy)",19.Jun.23,24.011
PD04702XD,"Cotizaciones internacionales - Plata (H.Harman, US$ por onzas troy)",20.Jun.23,23.132
PD04702XD,"Cotizaciones internacionales - Plata (H.Harman, US$ por onzas troy)",21.Jun.23,22.764
PD04702XD,"Cotizaciones internacionales - Plata (H.Harman, US$ por onzas troy)",22.Jun.23,22.439
PD04702XD,"Cotizaciones internacionales - Plata (H.Harman, US$ por onzas troy)",23.Jun.23,22.356
PD04702XD,"Cotizaciones internacionales - Plata (H.Harman, US$ por onzas troy)",26.Jun.23,22.841
PD04702XD,"Cotizaciones internacionales - Plata (H.Harman, US$ por onzas troy)",27.Jun.23,22.896
PD04702XD,"Cotizaciones internacionales - Plata (H.Harman, US$ por onzas troy)",28.Jun.23,22.84
PD04702XD,"Cotizaciones internacionales - Plata (H.Harman, US$ por onzas troy)",29.Jun.23,22.623
PD04702XD,"Cotizaciones internacionales - Plata (H.Harman, US$ por onzas troy)",30.Jun.23,22.755
PD04702XD,"Cotizaciones internacionales - Plata (H.Harman, US$ por onzas troy)",03.Jul.23,22.755
PD04702XD,"Cotizaciones internacionales - Plata (H.Harman, US$ por onzas troy)",04.Jul.23,22.755
PD04702XD,"Cotizaciones internacionales - Plata (H.Harman, US$ por onzas troy)",05.Jul.23,23.224
PD04702XD,"Cotizaciones internacionales - Plata (H.Harman, US$ por onzas troy)",06.Jul.23,22.73
PD04702XD,"Cotizaciones internacionales - Plata (H.Harman, US$ por onzas troy)",07.Jul.23,23.059
PD04702XD,"Cotizaciones internacionales - Plata (H.Harman, US$ por onzas troy)",10.Jul.23,23.073
PD04702XD,"Cotizaciones internacionales - Plata (H.Harman, US$ por onzas troy)",11.Jul.23,23.097
PD04702XD,"Cotizaciones internacionales - Plata (H.Harman, US$ por onzas troy)",12.Jul.23,24.066
PD04702XD,"Cotizaciones internacionales - Plata (H.Harman, US$ por onzas troy)",13.Jul.23,24.594
PD04702XD,"Cotizaciones internacionales - Plata (H.Harman, US$ por onzas troy)",14.Jul.23,24.929
PD04702XD,"Cotizaciones internacionales - Plata (H.Harman, US$ por onzas troy)",17.Jul.23,24.867
PD04702XD,"Cotizaciones internacionales - Plata (H.Harman, US$ por onzas troy)",18.Jul.23,25.129
PD04702XD,"Cotizaciones internacionales - Plata (H.Harman, US$ por onzas troy)",19.Jul.23,25.148
PD04702XD,"Cotizaciones internacionales - Plata (H.Harman, US$ por onzas troy)",20.Jul.23,24.883
PD04702XD,"Cotizaciones internacionales - Plata (H.Harman, US$ por onzas troy)",21.Jul.23,24.651
PD04702XD,"Cotizaciones internacionales - Plata (H.Harman, US$ por onzas troy)",24.Jul.23,24.442
PD04702XD,"Cotizaciones internacionales - Plata (H.Harman, US$ por onzas troy)",25.Jul.23,24.688
PD04702XD,"Cotizaciones internacionales - Plata (H.Harman, US$ por onzas troy)",26.Jul.23,24.883
PD04702XD,"Cotizaciones internacionales - Plata (H.Harman, US$ por onzas troy)",27.Jul.23,24.223
PD04702XD,"Cotizaciones internacionales - Plata (H.Harman, US$ por onzas troy)",28.Jul.23,24.375
PD04702XD,"Cotizaciones internacionales - Plata (H.Harman, US$ por onzas troy)",31.Jul.23,24.812
PD04702XD,"Cotizaciones internacionales - Plata (H.Harman, US$ por onzas troy)",01.Ago.23,24.196
PD04702XD,"Cotizaciones internacionales - Plata (H.Harman, US$ por onzas troy)",02.Ago.23,23.69
PD04702XD,"Cotizaciones internacionales - Plata (H.Harman, US$ por onzas troy)",03.Ago.23,23.549
PD04702XD,"Cotizaciones internacionales - Plata (H.Harman, US$ por onzas troy)",04.Ago.23,23.663
PD04702XD,"Cotizaciones internacionales - Plata (H.Harman, US$ por onzas troy)",07.Ago.23,23.103
PD04702XD,"Cotizaciones internacionales - Plata (H.Harman, US$ por onzas troy)",08.Ago.23,22.72
PD04702XD,"Cotizaciones internacionales - Plata (H.Harman, US$ por onzas troy)",09.Ago.23,22.684
PD04702XD,"Cotizaciones internacionales - Plata (H.Harman, US$ por onzas troy)",10.Ago.23,22.877
PD04702XD,"Cotizaciones internacionales - Plata (H.Harman, US$ por onzas troy)",11.Ago.23,22.674
PD04702XD,"Cotizaciones internacionales - Plata (H.Harman, US$ por onzas troy)",14.Ago.23,22.643
PD04702XD,"Cotizaciones internacionales - Plata (H.Harman, US$ por onzas troy)",15.Ago.23,22.598
PD04702XD,"Cotizaciones internacionales - Plata (H.Harman, US$ por onzas troy)",16.Ago.23,22.581
PD04702XD,"Cotizaciones internacionales - Plata (H.Harman, US$ por onzas troy)",17.Ago.23,22.675
PD04702XD,"Cotizaciones internacionales - Plata (H.Harman, US$ por onzas troy)",18.Ago.23,22.753
PD04702XD,"Cotizaciones internacionales - Plata (H.Harman, US$ por onzas troy)",21.Ago.23,23.161
PD04702XD,"Cotizaciones internacionales - Plata (H.Harman, US$ por onzas troy)",22.Ago.23,23.41
PD04702XD,"Cotizaciones internacionales - Plata (H.Harman, US$ por onzas troy)",23.Ago.23,24.295
PD04702XD,"Cotizaciones internacionales - Plata (H.Harman, US$ por onzas troy)",24.Ago.23,24.203
PD04702XD,"Cotizaciones internacionales - Plata (H.Harman, US$ por onzas troy)",25.Ago.23,24.095
PD04702XD,"Cotizaciones internacionales - Plata (H.Harman, US$ por onzas troy)",28.Ago.23,24.347
PD04702XD,"Cotizaciones internacionales - Plata (H.Harman, US$ por onzas troy)",29.Ago.23,24.779
PD04702XD,"Cotizaciones internacionales - Plata (H.Harman, US$ por onzas troy)",30.Ago.23,24.68
PD04702XD,"Cotizaciones internacionales - Plata (H.Harman, US$ por onzas troy)",31.Ago.23,24.436
PD04702XD,"Cotizaciones internacionales - Plata (H.Harman, US$ por onzas troy)",01.Set.23,24.229
PD04702XD,"Cotizaciones internacionales - Plata (H.Harman, US$ por onzas troy)",04.Set.23,24.229
PD04702XD,"Cotizaciones internacionales - Plata (H.Harman, US$ por onzas troy)",05.Set.23,23.595
PD04702XD,"Cotizaciones internacionales - Plata (H.Harman, US$ por onzas troy)",06.Set.23,23.113
PD04702XD,"Cotizaciones internacionales - Plata (H.Harman, US$ por onzas troy)",07.Set.23,23.009
PD04702XD,"Cotizaciones internacionales - Plata (H.Harman, US$ por onzas troy)",08.Set.23,22.943
PD04702XD,"Cotizaciones internacionales - Plata (H.Harman, US$ por onzas troy)",11.Set.23,23.035
PD04702XD,"Cotizaciones internacionales - Plata (H.Harman, US$ por onzas troy)",12.Set.23,23.063
PD04702XD,"Cotizaciones internacionales - Plata (H.Harman, US$ por onzas troy)",13.Set.23,22.887
PD04702XD,"Cotizaciones internacionales - Plata (H.Harman, US$ por onzas troy)",14.Set.23,22.577
PD04702XD,"Cotizaciones internacionales - Plata (H.Harman, US$ por onzas troy)",15.Set.23,23.184
PD04702XD,"Cotizaciones internacionales - Plata (H.Harman, US$ por onzas troy)",18.Set.23,23.163
PD04702XD,"Cotizaciones internacionales - Plata (H.Harman, US$ por onzas troy)",19.Set.23,23.177
PD04702XD,"Cotizaciones internacionales - Plata (H.Harman, US$ por onzas troy)",20.Set.23,23.516
PD04702XD,"Cotizaciones internacionales - Plata (H.Harman, US$ por onzas troy)",21.Set.23,23.324
PD04702XD,"Cotizaciones internacionales - Plata (H.Harman, US$ por onzas troy)",22.Set.23,23.592
PD04702XD,"Cotizaciones internacionales - Plata (H.Harman, US$ por onzas troy)",25.Set.23,23.143
PD04702XD,"Cotizaciones internacionales - Plata (H.Harman, US$ por onzas troy)",26.Set.23,22.92
PD04702XD,"Cotizaciones internacionales - Plata (H.Harman, US$ por onzas troy)",27.Set.23,22.627
PD04702XD,"Cotizaciones internacionales - Plata (H.Harman, US$ por onzas troy)",28.Set.23,22.568
PD04702XD,"Cotizaciones internacionales - Plata (H.Harman, US$ por onzas troy)",29.Set.23,22.349
PD04702XD,"Cotizaciones internacionales - Plata (H.Harman, US$ por onzas troy)",02.Oct.23,21.319
PD04702XD,"Cotizaciones internacionales - Plata (H.Harman, US$ por onzas troy)",03.Oct.23,21.231
PD04702XD,"Cotizaciones internacionales - Plata (H.Harman, US$ por onzas troy)",04.Oct.23,20.996
PD04702XD,"Cotizaciones internacionales - Plata (H.Harman, US$ por onzas troy)",05.Oct.23,20.761
PD04702XD,"Cotizaciones internacionales - Plata (H.Harman, US$ por onzas troy)",06.Oct.23,21.581
PD04702XD,"Cotizaciones internacionales - Plata (H.Harman, US$ por onzas troy)",09.Oct.23,21.805
PD04702XD,"Cotizaciones internacionales - Plata (H.Harman, US$ por onzas troy)",10.Oct.23,21.89
PD04702XD,"Cotizaciones internacionales - Plata (H.Harman, US$ por onzas troy)",11.Oct.23,22.007
PD04702XD,"Cotizaciones internacionales - Plata (H.Harman, US$ por onzas troy)",12.Oct.23,21.869
PD04702XD,"Cotizaciones internacionales - Plata (H.Harman, US$ por onzas troy)",13.Oct.23,22.734
PD04702XD,"Cotizaciones internacionales - Plata (H.Harman, US$ por onzas troy)",16.Oct.23,22.659
PD04702XD,"Cotizaciones internacionales - Plata (H.Harman, US$ por onzas troy)",17.Oct.23,22.964
PD04702XD,"Cotizaciones internacionales - Plata (H.Harman, US$ por onzas troy)",18.Oct.23,22.817
PD04702XD,"Cotizaciones internacionales - Plata (H.Harman, US$ por onzas troy)",19.Oct.23,22.817
PD04702XD,"Cotizaciones internacionales - Plata (H.Harman, US$ por onzas troy)",20.Oct.23,23.581
PD04702XD,"Cotizaciones internacionales - Plata (H.Harman, US$ por onzas troy)",23.Oct.23,23.118
PD04702XD,"Cotizaciones internacionales - Plata (H.Harman, US$ por onzas troy)",24.Oct.23,22.939
PD04702XD,"Cotizaciones internacionales - Plata (H.Harman, US$ por onzas troy)",25.Oct.23,22.849
PD04702XD,"Cotizaciones internacionales - Plata (H.Harman, US$ por onzas troy)",26.Oct.23,22.723
PD04702XD,"Cotizaciones internacionales - Plata (H.Harman, US$ por onzas troy)",27.Oct.23,22.698
PD04702XD,"Cotizaciones internacionales - Plata (H.Harman, US$ por onzas troy)",30.Oct.23,23.295
PD04702XD,"Cotizaciones internacionales - Plata (H.Harman, US$ por onzas troy)",31.Oct.23,23.125
PD04702XD,"Cotizaciones internacionales - Plata (H.Harman, US$ por onzas troy)",01.Nov.23,22.75
PD04702XD,"Cotizaciones internacionales - Plata (H.Harman, US$ por onzas troy)",02.Nov.23,22.75
PD04702XD,"Cotizaciones internacionales - Plata (H.Harman, US$ por onzas troy)",03.Nov.23,23.163
PD04702XD,"Cotizaciones internacionales - Plata (H.Harman, US$ por onzas troy)",06.Nov.23,23.124
PD04702XD,"Cotizaciones internacionales - Plata (H.Harman, US$ por onzas troy)",07.Nov.23,22.547
PD04702XD,"Cotizaciones internacionales - Plata (H.Harman, US$ por onzas troy)",08.Nov.23,22.765
PD04702XD,"Cotizaciones internacionales - Plata (H.Harman, US$ por onzas troy)",09.Nov.23,22.885
PD04702XD,"Cotizaciones internacionales - Plata (H.Harman, US$ por onzas troy)",10.Nov.23,22.358
PD04702XD,"Cotizaciones internacionales - Plata (H.Harman, US$ por onzas troy)",13.Nov.23,22.283
PD04702XD,"Cotizaciones internacionales - Plata (H.Harman, US$ por onzas troy)",14.Nov.23,23.123
PD04702XD,"Cotizaciones internacionales - Plata (H.Harman, US$ por onzas troy)",15.Nov.23,23.445
PD04702XD,"Cotizaciones internacionales - Plata (H.Harman, US$ por onzas troy)",16.Nov.23,23.823
PD04702XD,"Cotizaciones internacionales - Plata (H.Harman, US$ por onzas troy)",17.Nov.23,23.744
PD04702XD,"Cotizaciones internacionales - Plata (H.Harman, US$ por onzas troy)",20.Nov.23,23.54
PD04702XD,"Cotizaciones internacionales - Plata (H.Harman, US$ por onzas troy)",21.Nov.23,23.875
PD04702XD,"Cotizaciones internacionales - Plata (H.Harman, US$ por onzas troy)",22.Nov.23,23.638
PD04702XD,"Cotizaciones internacionales - Plata (H.Harman, US$ por onzas troy)",23.Nov.23,23.638
PD04702XD,"Cotizaciones internacionales - Plata (H.Harman, US$ por onzas troy)",24.Nov.23,23.638
PD04702XD,"Cotizaciones internacionales - Plata (H.Harman, US$ por onzas troy)",27.Nov.23,24.702
PD04702XD,"Cotizaciones internacionales - Plata (H.Harman, US$ por onzas troy)",28.Nov.23,25
PD04702XD,"Cotizaciones internacionales - Plata (H.Harman, US$ por onzas troy)",29.Nov.23,25
PD04702XD,"Cotizaciones internacionales - Plata (H.Harman, US$ por onzas troy)",30.Nov.23,25.256
PD04702XD,"Cotizaciones internacionales - Plata (H.Harman, US$ por onzas troy)",01.Dic.23,25.341
PD04702XD,"Cotizaciones internacionales - Plata (H.Harman, US$ por onzas troy)",04.Dic.23,24.546
PD04702XD,"Cotizaciones internacionales - Plata (H.Harman, US$ por onzas troy)",05.Dic.23,24.027
PD04702XD,"Cotizaciones internacionales - Plata (H.Harman, US$ por onzas troy)",06.Dic.23,24.026
PD04702XD,"Cotizaciones internacionales - Plata (H.Harman, US$ por onzas troy)",07.Dic.23,23.76
PD04702XD,"Cotizaciones internacionales - Plata (H.Harman, US$ por onzas troy)",08.Dic.23,23.156
PD04702XD,"Cotizaciones internacionales - Plata (H.Harman, US$ por onzas troy)",11.Dic.23,22.787
PD04702XD,"Cotizaciones internacionales - Plata (H.Harman, US$ por onzas troy)",12.Dic.23,22.763
PD04702XD,"Cotizaciones internacionales - Plata (H.Harman, US$ por onzas troy)",13.Dic.23,22.6
PD04702XD,"Cotizaciones internacionales - Plata (H.Harman, US$ por onzas troy)",14.Dic.23,24.223
PD04702XD,"Cotizaciones internacionales - Plata (H.Harman, US$ por onzas troy)",15.Dic.23,23.996
PD04702XD,"Cotizaciones internacionales - Plata (H.Harman, US$ por onzas troy)",18.Dic.23,23.764
PD04702XD,"Cotizaciones internacionales - Plata (H.Harman, US$ por onzas troy)",19.Dic.23,24.104
PD04702XD,"Cotizaciones internacionales - Plata (H.Harman, US$ por onzas troy)",20.Dic.23,24.343
PD04702XD,"Cotizaciones internacionales - Plata (H.Harman, US$ por onzas troy)",21.Dic.23,24.36
PD04702XD,"Cotizaciones internacionales - Plata (H.Harman, US$ por onzas troy)",22.Dic.23,24.25
PD04702XD,"Cotizaciones internacionales - Plata (H.Harman, US$ por onzas troy)",25.Dic.23,24.25
PD04702XD,"Cotizaciones internacionales - Plata (H.Harman, US$ por onzas troy)",26.Dic.23,24.25
PD04702XD,"Cotizaciones internacionales - Plata (H.Harman, US$ por onzas troy)",27.Dic.23,24.25
PD04702XD,"Cotizaciones internacionales - Plata (H.Harman, US$ por onzas troy)",28.Dic.23,24.25
PD04702XD,"Cotizaciones internacionales - Plata (H.Harman, US$ por onzas troy)",29.Dic.23,24.25
PD04702XD,"Cotizaciones internacionales - Plata (H.Harman, US$ por onzas troy)",01.Ene.24,24.25
PD04702XD,"Cotizaciones internacionales - Plata (H.Harman, US$ por onzas troy)",02.Ene.24,23.827
PD04702XD,"Cotizaciones internacionales - Plata (H.Harman, US$ por onzas troy)",03.Ene.24,22.96
PD04702XD,"Cotizaciones internacionales - Plata (H.Harman, US$ por onzas troy)",04.Ene.24,23.004
PD04702XD,"Cotizaciones internacionales - Plata (H.Harman, US$ por onzas troy)",05.Ene.24,23.246
PD04702XD,"Cotizaciones internacionales - Plata (H.Harman, US$ por onzas troy)",08.Ene.24,23.188
PD04702XD,"Cotizaciones internacionales - Plata (H.Harman, US$ por onzas troy)",09.Ene.24,23.016
PD04702XD,"Cotizaciones internacionales - Plata (H.Harman, US$ por onzas troy)",10.Ene.24,22.935
PD04702XD,"Cotizaciones internacionales - Plata (H.Harman, US$ por onzas troy)",11.Ene.24,22.591
PD04702XD,"Cotizaciones internacionales - Plata (H.Harman, US$ por onzas troy)",12.Ene.24,23.23
PD04702XD,"Cotizaciones internacionales - Plata (H.Harman, US$ por onzas troy)",15.Ene.24,23.231
PD04702XD,"Cotizaciones internacionales - Plata (H.Harman, US$ por onzas troy)",16.Ene.24,22.974
PD04702XD,"Cotizaciones internacionales - Plata (H.Harman, US$ por onzas troy)",17.Ene.24,22.565
PD04702XD,"Cotizaciones internacionales - Plata (H.Harman, US$ por onzas troy)",18.Ene.24,22.65
PD04702XD,"Cotizaciones internacionales - Plata (H.Harman, US$ por onzas troy)",19.Ene.24,22.517
PD04702XD,"Cotizaciones internacionales - Plata (H.Harman, US$ por onzas troy)",22.Ene.24,22.197
PD04702XD,"Cotizaciones internacionales - Plata (H.Harman, US$ por onzas troy)",23.Ene.24,22.369
PD04702XD,"Cotizaciones internacionales - Plata (H.Harman, US$ por onzas troy)",24.Ene.24,22.727
PD04702XD,"Cotizaciones internacionales - Plata (H.Harman, US$ por onzas troy)",25.Ene.24,22.768
PD04702XD,"Cotizaciones internacionales - Plata (H.Harman, US$ por onzas troy)",26.Ene.24,22.799
PD04702XD,"Cotizaciones internacionales - Plata (H.Harman, US$ por onzas troy)",29.Ene.24,23.097
PD04702XD,"Cotizaciones internacionales - Plata (H.Harman, US$ por onzas troy)",30.Ene.24,23.132
PD04702XD,"Cotizaciones internacionales - Plata (H.Harman, US$ por onzas troy)",31.Ene.24,23.123
PD04702XD,"Cotizaciones internacionales - Plata (H.Harman, US$ por onzas troy)",01.Feb.24,23.125
PD04702XD,"Cotizaciones internacionales - Plata (H.Harman, US$ por onzas troy)",02.Feb.24,22.667
PD04702XD,"Cotizaciones internacionales - Plata (H.Harman, US$ por onzas troy)",05.Feb.24,22.297
PD04702XD,"Cotizaciones internacionales - Plata (H.Harman, US$ por onzas troy)",06.Feb.24,22.441
PD04702XD,"Cotizaciones internacionales - Plata (H.Harman, US$ por onzas troy)",07.Feb.24,22.346
PD04702XD,"Cotizaciones internacionales - Plata (H.Harman, US$ por onzas troy)",08.Feb.24,22.52
PD04702XD,"Cotizaciones internacionales - Plata (H.Harman, US$ por onzas troy)",09.Feb.24,22.446
PD04702XD,"Cotizaciones internacionales - Plata (H.Harman, US$ por onzas troy)",12.Feb.24,22.615
PD04702XD,"Cotizaciones internacionales - Plata (H.Harman, US$ por onzas troy)",13.Feb.24,22.119
PD04702XD,"Cotizaciones internacionales - Plata (H.Harman, US$ por onzas troy)",14.Feb.24,22.407
PD04702XD,"Cotizaciones internacionales - Plata (H.Harman, US$ por onzas troy)",15.Feb.24,22.827
PD04702XD,"Cotizaciones internacionales - Plata (H.Harman, US$ por onzas troy)",16.Feb.24,23.322
PD04702XD,"Cotizaciones internacionales - Plata (H.Harman, US$ por onzas troy)",19.Feb.24,22.978
PD04702XD,"Cotizaciones internacionales - Plata (H.Harman, US$ por onzas troy)",20.Feb.24,23.059
PD04702XD,"Cotizaciones internacionales - Plata (H.Harman, US$ por onzas troy)",21.Feb.24,22.822
PD04702XD,"Cotizaciones internacionales - Plata (H.Harman, US$ por onzas troy)",22.Feb.24,22.756
PD04702XD,"Cotizaciones internacionales - Plata (H.Harman, US$ por onzas troy)",23.Feb.24,22.936
PD04702XD,"Cotizaciones internacionales - Plata (H.Harman, US$ por onzas troy)",26.Feb.24,22.53
PD04702XD,"Cotizaciones internacionales - Plata (H.Harman, US$ por onzas troy)",27.Feb.24,22.544
PD04702XD,"Cotizaciones internacionales - Plata (H.Harman, US$ por onzas troy)",28.Feb.24,22.417
PD04702XD,"Cotizaciones internacionales - Plata (H.Harman, US$ por onzas troy)",29.Feb.24,22.625
PD04702XD,"Cotizaciones internacionales - Plata (H.Harman, US$ por onzas troy)",01.Mar.24,23.114
PD04702XD,"Cotizaciones internacionales - Plata (H.Harman, US$ por onzas troy)",04.Mar.24,23.804
PD04702XD,"Cotizaciones internacionales - Plata (H.Harman, US$ por onzas troy)",05.Mar.24,23.777
PD04702XD,"Cotizaciones internacionales - Plata (H.Harman, US$ por onzas troy)",06.Mar.24,24.211
PD04702XD,"Cotizaciones internacionales - Plata (H.Harman, US$ por onzas troy)",07.Mar.24,24.403
PD04702XD,"Cotizaciones internacionales - Plata (H.Harman, US$ por onzas troy)",08.Mar.24,24.353
PD04702XD,"Cotizaciones internacionales - Plata (H.Harman, US$ por onzas troy)",11.Mar.24,24.509
PD04702XD,"Cotizaciones internacionales - Plata (H.Harman, US$ por onzas troy)",12.Mar.24,24.238
PD04702XD,"Cotizaciones internacionales - Plata (H.Harman, US$ por onzas troy)",13.Mar.24,24.846
PD04702XD,"Cotizaciones internacionales - Plata (H.Harman, US$ por onzas troy)",14.Mar.24,24.83
PD04702XD,"Cotizaciones internacionales - Plata (H.Harman, US$ por onzas troy)",15.Mar.24,25.33
PD04702XD,"Cotizaciones internacionales - Plata (H.Harman, US$ por onzas troy)",18.Mar.24,25.076
PD04702XD,"Cotizaciones internacionales - Plata (H.Harman, US$ por onzas troy)",19.Mar.24,24.939
PD04702XD,"Cotizaciones internacionales - Plata (H.Harman, US$ por onzas troy)",20.Mar.24,24.907
PD04702XD,"Cotizaciones internacionales - Plata (H.Harman, US$ por onzas troy)",21.Mar.24,24.769
PD04702XD,"Cotizaciones internacionales - Plata (H.Harman, US$ por onzas troy)",22.Mar.24,24.735
PD04702XD,"Cotizaciones internacionales - Plata (H.Harman, US$ por onzas troy)",25.Mar.24,24.726
PD04702XD,"Cotizaciones internacionales - Plata (H.Harman, US$ por onzas troy)",26.Mar.24,24.456
PD04702XD,"Cotizaciones internacionales - Plata (H.Harman, US$ por onzas troy)",27.Mar.24,24.542
PD04702XD,"Cotizaciones internacionales - Plata (H.Harman, US$ por onzas troy)",28.Mar.24,24.799
PD04702XD,"Cotizaciones internacionales - Plata (H.Harman, US$ por onzas troy)",29.Mar.24,24.799
PD04702XD,"Cotizaciones internacionales - Plata (H.Harman, US$ por onzas troy)",01.Abr.24,25.033
PD04702XD,"Cotizaciones internacionales - Plata (H.Harman, US$ por onzas troy)",02.Abr.24,25.823
PD04702XD,"Cotizaciones internacionales - Plata (H.Harman, US$ por onzas troy)",03.Abr.24,26.72
PD04702XD,"Cotizaciones internacionales - Plata (H.Harman, US$ por onzas troy)",04.Abr.24,27.135
PD04702XD,"Cotizaciones internacionales - Plata (H.Harman, US$ por onzas troy)",05.Abr.24,27.388
PD04702XD,"Cotizaciones internacionales - Plata (H.Harman, US$ por onzas troy)",08.Abr.24,27.722
PD04702XD,"Cotizaciones internacionales - Plata (H.Harman, US$ por onzas troy)",09.Abr.24,27.708
PD04702XD,"Cotizaciones internacionales - Plata (H.Harman, US$ por onzas troy)",10.Abr.24,28.009
PD04702XD,"Cotizaciones internacionales - Plata (H.Harman, US$ por onzas troy)",11.Abr.24,27.993
PD04702XD,"Cotizaciones internacionales - Plata (H.Harman, US$ por onzas troy)",12.Abr.24,28.979
PD04702XD,"Cotizaciones internacionales - Plata (H.Harman, US$ por onzas troy)",15.Abr.24,28.635
PD04702XD,"Cotizaciones internacionales - Plata (H.Harman, US$ por onzas troy)",16.Abr.24,28.244
PD04702XD,"Cotizaciones internacionales - Plata (H.Harman, US$ por onzas troy)",17.Abr.24,28.474
PD04702XD,"Cotizaciones internacionales - Plata (H.Harman, US$ por onzas troy)",18.Abr.24,28.36
PD04702XD,"Cotizaciones internacionales - Plata (H.Harman, US$ por onzas troy)",19.Abr.24,28.642
PD04702XD,"Cotizaciones internacionales - Plata (H.Harman, US$ por onzas troy)",22.Abr.24,27.22
PD04702XD,"Cotizaciones internacionales - Plata (H.Harman, US$ por onzas troy)",23.Abr.24,27.264
PD04702XD,"Cotizaciones internacionales - Plata (H.Harman, US$ por onzas troy)",24.Abr.24,27.227
PD04702XD,"Cotizaciones internacionales - Plata (H.Harman, US$ por onzas troy)",25.Abr.24,27.317
PD04702XD,"Cotizaciones internacionales - Plata (H.Harman, US$ por onzas troy)",26.Abr.24,27.26
PD04702XD,"Cotizaciones internacionales - Plata (H.Harman, US$ por onzas troy)",29.Abr.24,27.295
PD04702XD,"Cotizaciones internacionales - Plata (H.Harman, US$ por onzas troy)",30.Abr.24,26.415
PD04702XD,"Cotizaciones internacionales - Plata (H.Harman, US$ por onzas troy)",01.May.24,26.547
PD04702XD,"Cotizaciones internacionales - Plata (H.Harman, US$ por onzas troy)",02.May.24,26.535
PD04702XD,"Cotizaciones internacionales - Plata (H.Harman, US$ por onzas troy)",03.May.24,26.331
PD04702XD,"Cotizaciones internacionales - Plata (H.Harman, US$ por onzas troy)",06.May.24,27.4
PD04702XD,"Cotizaciones internacionales - Plata (H.Harman, US$ por onzas troy)",07.May.24,27.32
PD04702XD,"Cotizaciones internacionales - Plata (H.Harman, US$ por onzas troy)",08.May.24,27.478
PD04702XD,"Cotizaciones internacionales - Plata (H.Harman, US$ por onzas troy)",09.May.24,28.125
PD04702XD,"Cotizaciones internacionales - Plata (H.Harman, US$ por onzas troy)",10.May.24,28.256
PD04702XD,"Cotizaciones internacionales - Plata (H.Harman, US$ por onzas troy)",13.May.24,28.203
PD04702XD,"Cotizaciones internacionales - Plata (H.Harman, US$ por onzas troy)",14.May.24,28.4
PD04702XD,"Cotizaciones internacionales - Plata (H.Harman, US$ por onzas troy)",15.May.24,29.307
PD04702XD,"Cotizaciones internacionales - Plata (H.Harman, US$ por onzas troy)",16.May.24,29.71
PD04702XD,"Cotizaciones internacionales - Plata (H.Harman, US$ por onzas troy)",17.May.24,30.64
PD04702XD,"Cotizaciones internacionales - Plata (H.Harman, US$ por onzas troy)",20.May.24,32.013
PD04702XD,"Cotizaciones internacionales - Plata (H.Harman, US$ por onzas troy)",21.May.24,31.756
PD04702XD,"Cotizaciones internacionales - Plata (H.Harman, US$ por onzas troy)",22.May.24,31.35
PD04702XD,"Cotizaciones internacionales - Plata (H.Harman, US$ por onzas troy)",23.May.24,30.46
PD04702XD,"Cotizaciones internacionales - Plata (H.Harman, US$ por onzas troy)",24.May.24,30.305
PD04702XD,"Cotizaciones internacionales - Plata (H.Harman, US$ por onzas troy)",27.May.24,30.305
PD04702XD,"Cotizaciones internacionales - Plata (H.Harman, US$ por onzas troy)",28.May.24,32.039
PD04702XD,"Cotizaciones internacionales - Plata (H.Harman, US$ por onzas troy)",29.May.24,32.082
PD04702XD,"Cotizaciones internacionales - Plata (H.Harman, US$ por onzas troy)",30.May.24,31.363
PD04702XD,"Cotizaciones internacionales - Plata (H.Harman, US$ por onzas troy)",31.May.24,30.31
PD04702XD,"Cotizaciones internacionales - Plata (H.Harman, US$ por onzas troy)",03.Jun.24,30.524
PD04702XD,"Cotizaciones internacionales - Plata (H.Harman, US$ por onzas troy)",04.Jun.24,29.571
PD04702XD,"Cotizaciones internacionales - Plata (H.Harman, US$ por onzas troy)",05.Jun.24,29.914
PD04702XD,"Cotizaciones internacionales - Plata (H.Harman, US$ por onzas troy)",06.Jun.24,31.167
PD04702XD,"Cotizaciones internacionales - Plata (H.Harman, US$ por onzas troy)",07.Jun.24,29.299
PD04702XD,"Cotizaciones internacionales - Plata (H.Harman, US$ por onzas troy)",10.Jun.24,29.69
PD04702XD,"Cotizaciones internacionales - Plata (H.Harman, US$ por onzas troy)",11.Jun.24,29.106
PD04702XD,"Cotizaciones internacionales - Plata (H.Harman, US$ por onzas troy)",12.Jun.24,30.14
PD04702XD,"Cotizaciones internacionales - Plata (H.Harman, US$ por onzas troy)",13.Jun.24,28.76
PD04702XD,"Cotizaciones internacionales - Plata (H.Harman, US$ por onzas troy)",14.Jun.24,29.172
PD04702XD,"Cotizaciones internacionales - Plata (H.Harman, US$ por onzas troy)",17.Jun.24,29.195
PD04702XD,"Cotizaciones internacionales - Plata (H.Harman, US$ por onzas troy)",18.Jun.24,29.4
PD04702XD,"Cotizaciones internacionales - Plata (H.Harman, US$ por onzas troy)",19.Jun.24,29.4
PD04702XD,"Cotizaciones internacionales - Plata (H.Harman, US$ por onzas troy)",20.Jun.24,30.603
PD04702XD,"Cotizaciones internacionales - Plata (H.Harman, US$ por onzas troy)",21.Jun.24,29.735
PD04702XD,"Cotizaciones internacionales - Plata (H.Harman, US$ por onzas troy)",24.Jun.24,29.483
PD04702XD,"Cotizaciones internacionales - Plata (H.Harman, US$ por onzas troy)",25.Jun.24,29.044
PD04702XD,"Cotizaciones internacionales - Plata (H.Harman, US$ por onzas troy)",26.Jun.24,28.88
PD04702XD,"Cotizaciones internacionales - Plata (H.Harman, US$ por onzas troy)",27.Jun.24,29.006
PD04702XD,"Cotizaciones internacionales - Plata (H.Harman, US$ por onzas troy)",28.Jun.24,29.283
PD04702XD,"Cotizaciones internacionales - Plata (H.Harman, US$ por onzas troy)",01.Jul.24,29.273
PD04702XD,"Cotizaciones internacionales - Plata (H.Harman, US$ por onzas troy)",02.Jul.24,29.464
PD04702XD,"Cotizaciones internacionales - Plata (H.Harman, US$ por onzas troy)",03.Jul.24,30.585
PD04702XD,"Cotizaciones internacionales - Plata (H.Harman, US$ por onzas troy)",04.Jul.24,30.585
PD04702XD,"Cotizaciones internacionales - Plata (H.Harman, US$ por onzas troy)",05.Jul.24,30.585
PD04702XD,"Cotizaciones internacionales - Plata (H.Harman, US$ por onzas troy)",08.Jul.24,30.66
PD04702XD,"Cotizaciones internacionales - Plata (H.Harman, US$ por onzas troy)",09.Jul.24,30.78
PD04702XD,"Cotizaciones internacionales - Plata (H.Harman, US$ por onzas troy)",10.Jul.24,30.906
PD04702XD,"Cotizaciones internacionales - Plata (H.Harman, US$ por onzas troy)",11.Jul.24,31.423
PD04702XD,"Cotizaciones internacionales - Plata (H.Harman, US$ por onzas troy)",12.Jul.24,30.918
PD04702XD,"Cotizaciones internacionales - Plata (H.Harman, US$ por onzas troy)",15.Jul.24,30.964
PD04702XD,"Cotizaciones internacionales - Plata (H.Harman, US$ por onzas troy)",16.Jul.24,31.365
PD04702XD,"Cotizaciones internacionales - Plata (H.Harman, US$ por onzas troy)",17.Jul.24,30.318
PD04702XD,"Cotizaciones internacionales - Plata (H.Harman, US$ por onzas troy)",18.Jul.24,30.024
PD04702XD,"Cotizaciones internacionales - Plata (H.Harman, US$ por onzas troy)",19.Jul.24,29.237
PD04702XD,"Cotizaciones internacionales - Plata (H.Harman, US$ por onzas troy)",22.Jul.24,28.987
PD04702XD,"Cotizaciones internacionales - Plata (H.Harman, US$ por onzas troy)",23.Jul.24,29.105
PD04702XD,"Cotizaciones internacionales - Plata (H.Harman, US$ por onzas troy)",24.Jul.24,29.315
PD04702XD,"Cotizaciones internacionales - Plata (H.Harman, US$ por onzas troy)",25.Jul.24,27.921
PD04702XD,"Cotizaciones internacionales - Plata (H.Harman, US$ por onzas troy)",26.Jul.24,27.83
PD04702XD,"Cotizaciones internacionales - Plata (H.Harman, US$ por onzas troy)",29.Jul.24,27.575
PD04702XD,"Cotizaciones internacionales - Plata (H.Harman, US$ por onzas troy)",30.Jul.24,27.985
PD04702XD,"Cotizaciones internacionales - Plata (H.Harman, US$ por onzas troy)",31.Jul.24,28.815
PD04702XD,"Cotizaciones internacionales - Plata (H.Harman, US$ por onzas troy)",01.Ago.24,28.455
PD04702XD,"Cotizaciones internacionales - Plata (H.Harman, US$ por onzas troy)",02.Ago.24,28.345
PD04702XD,"Cotizaciones internacionales - Plata (H.Harman, US$ por onzas troy)",05.Ago.24,27.187
PD04702XD,"Cotizaciones internacionales - Plata (H.Harman, US$ por onzas troy)",06.Ago.24,27.104
PD04702XD,"Cotizaciones internacionales - Plata (H.Harman, US$ por onzas troy)",07.Ago.24,26.982
PD04702XD,"Cotizaciones internacionales - Plata (H.Harman, US$ por onzas troy)",08.Ago.24,27.424
PD04702XD,"Cotizaciones internacionales - Plata (H.Harman, US$ por onzas troy)",09.Ago.24,27.438
PD04702XD,"Cotizaciones internacionales - Plata (H.Harman, US$ por onzas troy)",12.Ago.24,27.897
PD04702XD,"Cotizaciones internacionales - Plata (H.Harman, US$ por onzas troy)",13.Ago.24,27.642
PD04702XD,"Cotizaciones internacionales - Plata (H.Harman, US$ por onzas troy)",14.Ago.24,27.495
PD04702XD,"Cotizaciones internacionales - Plata (H.Harman, US$ por onzas troy)",15.Ago.24,28.481
PD04702XD,"Cotizaciones internacionales - Plata (H.Harman, US$ por onzas troy)",16.Ago.24,28.468
PD04702XD,"Cotizaciones internacionales - Plata (H.Harman, US$ por onzas troy)",19.Ago.24,29.348
PD04702XD,"Cotizaciones internacionales - Plata (H.Harman, US$ por onzas troy)",20.Ago.24,29.449
PD04702XD,"Cotizaciones internacionales - Plata (H.Harman, US$ por onzas troy)",21.Ago.24,29.535
PD04702XD,"Cotizaciones internacionales - Plata (H.Harman, US$ por onzas troy)",22.Ago.24,29.105
PD04702XD,"Cotizaciones internacionales - Plata (H.Harman, US$ por onzas troy)",23.Ago.24,29.703
PD04702XD,"Cotizaciones internacionales - Plata (H.Harman, US$ por onzas troy)",26.Ago.24,29.839
PD04702XD,"Cotizaciones internacionales - Plata (H.Harman, US$ por onzas troy)",27.Ago.24,29.9
PD04702XD,"Cotizaciones internacionales - Plata (H.Harman, US$ por onzas troy)",28.Ago.24,29.358
PD04702XD,"Cotizaciones internacionales - Plata (H.Harman, US$ por onzas troy)",29.Ago.24,29.52
PD04702XD,"Cotizaciones internacionales - Plata (H.Harman, US$ por onzas troy)",30.Ago.24,28.978
PD04702XD,"Cotizaciones internacionales - Plata (H.Harman, US$ por onzas troy)",02.Set.24,28.978
PD04702XD,"Cotizaciones internacionales - Plata (H.Harman, US$ por onzas troy)",03.Set.24,27.991
PD04702XD,"Cotizaciones internacionales - Plata (H.Harman, US$ por onzas troy)",04.Set.24,28.176
PD04702XD,"Cotizaciones internacionales - Plata (H.Harman, US$ por onzas troy)",05.Set.24,28.745
PD04702XD,"Cotizaciones internacionales - Plata (H.Harman, US$ por onzas troy)",06.Set.24,28.255
PD04702XD,"Cotizaciones internacionales - Plata (H.Harman, US$ por onzas troy)",09.Set.24,28.274
PD04702XD,"Cotizaciones internacionales - Plata (H.Harman, US$ por onzas troy)",10.Set.24,28.257
PD04702XD,"Cotizaciones internacionales - Plata (H.Harman, US$ por onzas troy)",11.Set.24,28.613
PD04702XD,"Cotizaciones internacionales - Plata (H.Harman, US$ por onzas troy)",12.Set.24,29.715
PD04702XD,"Cotizaciones internacionales - Plata (H.Harman, US$ por onzas troy)",13.Set.24,30.905
PD04702XD,"Cotizaciones internacionales - Plata (H.Harman, US$ por onzas troy)",16.Set.24,30.735
PD04702XD,"Cotizaciones internacionales - Plata (H.Harman, US$ por onzas troy)",17.Set.24,30.725
PD04702XD,"Cotizaciones internacionales - Plata (H.Harman, US$ por onzas troy)",18.Set.24,30.395
PD04702XD,"Cotizaciones internacionales - Plata (H.Harman, US$ por onzas troy)",19.Set.24,31.088
PD04702XD,"Cotizaciones internacionales - Plata (H.Harman, US$ por onzas troy)",20.Set.24,31.279
PD04702XD,"Cotizaciones internacionales - Plata (H.Harman, US$ por onzas troy)",23.Set.24,30.763
PD04702XD,"Cotizaciones internacionales - Plata (H.Harman, US$ por onzas troy)",24.Set.24,31.74
PD04702XD,"Cotizaciones internacionales - Plata (H.Harman, US$ por onzas troy)",25.Set.24,31.879
PD04702XD,"Cotizaciones internacionales - Plata (H.Harman, US$ por onzas troy)",26.Set.24,32.222
PD04702XD,"Cotizaciones internacionales - Plata (H.Harman, US$ por onzas troy)",27.Set.24,31.69
PD04702XD,"Cotizaciones internacionales - Plata (H.Harman, US$ por onzas troy)",30.Set.24,31.178
PD04702XD,"Cotizaciones internacionales - Plata (H.Harman, US$ por onzas troy)",01.Oct.24,31.575
PD04702XD,"Cotizaciones internacionales - Plata (H.Harman, US$ por onzas troy)",02.Oct.24,31.718
PD04702XD,"Cotizaciones internacionales - Plata (H.Harman, US$ por onzas troy)",03.Oct.24,31.862
PD04702XD,"Cotizaciones internacionales - Plata (H.Harman, US$ por onzas troy)",04.Oct.24,32.481
PD04702XD,"Cotizaciones internacionales - Plata (H.Harman, US$ por onzas troy)",07.Oct.24,31.707
PD04702XD,"Cotizaciones internacionales - Plata (H.Harman, US$ por onzas troy)",08.Oct.24,30.387
PD04702XD,"Cotizaciones internacionales - Plata (H.Harman, US$ por onzas troy)",09.Oct.24,30.585
PD04702XD,"Cotizaciones internacionales - Plata (H.Harman, US$ por onzas troy)",10.Oct.24,30.985
PD04702XD,"Cotizaciones internacionales - Plata (H.Harman, US$ por onzas troy)",11.Oct.24,31.616
PD04702XD,"Cotizaciones internacionales - Plata (H.Harman, US$ por onzas troy)",14.Oct.24,31.155
PD04702XD,"Cotizaciones internacionales - Plata (H.Harman, US$ por onzas troy)",15.Oct.24,31.472
PD04702XD,"Cotizaciones internacionales - Plata (H.Harman, US$ por onzas troy)",16.Oct.24,31.666
PD04702XD,"Cotizaciones internacionales - Plata (H.Harman, US$ por onzas troy)",17.Oct.24,31.685
PD04702XD,"Cotizaciones internacionales - Plata (H.Harman, US$ por onzas troy)",18.Oct.24,32.665
PD04702XD,"Cotizaciones internacionales - Plata (H.Harman, US$ por onzas troy)",21.Oct.24,33.694
PD04702XD,"Cotizaciones internacionales - Plata (H.Harman, US$ por onzas troy)",22.Oct.24,34.565
PD04702XD,"Cotizaciones internacionales - Plata (H.Harman, US$ por onzas troy)",23.Oct.24,33.8
PD04702XD,"Cotizaciones internacionales - Plata (H.Harman, US$ por onzas troy)",24.Oct.24,33.524
PD04702XD,"Cotizaciones internacionales - Plata (H.Harman, US$ por onzas troy)",25.Oct.24,33.815
PD04702XD,"Cotizaciones internacionales - Plata (H.Harman, US$ por onzas troy)",28.Oct.24,33.695
PD04702XD,"Cotizaciones internacionales - Plata (H.Harman, US$ por onzas troy)",29.Oct.24,34.265
PD04702XD,"Cotizaciones internacionales - Plata (H.Harman, US$ por onzas troy)",30.Oct.24,33.951
PD04702XD,"Cotizaciones internacionales - Plata (H.Harman, US$ por onzas troy)",31.Oct.24,32.691
PD04702XD,"Cotizaciones internacionales - Plata (H.Harman, US$ por onzas troy)",01.Nov.24,32.716
PD04702XD,"Cotizaciones internacionales - Plata (H.Harman, US$ por onzas troy)",04.Nov.24,32.351
PD04702XD,"Cotizaciones internacionales - Plata (H.Harman, US$ por onzas troy)",05.Nov.24,32.645
PD04702XD,"Cotizaciones internacionales - Plata (H.Harman, US$ por onzas troy)",06.Nov.24,31.225
PD04702XD,"Cotizaciones internacionales - Plata (H.Harman, US$ por onzas troy)",07.Nov.24,31.74
PD04702XD,"Cotizaciones internacionales - Plata (H.Harman, US$ por onzas troy)",08.Nov.24,31.264
PD04702XD,"Cotizaciones internacionales - Plata (H.Harman, US$ por onzas troy)",11.Nov.24,30.564
PD04702XD,"Cotizaciones internacionales - Plata (H.Harman, US$ por onzas troy)",12.Nov.24,30.645
PD04702XD,"Cotizaciones internacionales - Plata (H.Harman, US$ por onzas troy)",13.Nov.24,30.523
PD04702XD,"Cotizaciones internacionales - Plata (H.Harman, US$ por onzas troy)",14.Nov.24,30.538
PD04702XD,"Cotizaciones internacionales - Plata (H.Harman, US$ por onzas troy)",15.Nov.24,30.318
PD04702XD,"Cotizaciones internacionales - Plata (H.Harman, US$ por onzas troy)",18.Nov.24,31.255
PD04702XD,"Cotizaciones internacionales - Plata (H.Harman, US$ por onzas troy)",19.Nov.24,31.175
PD04702XD,"Cotizaciones internacionales - Plata (H.Harman, US$ por onzas troy)",20.Nov.24,31.095
PD04702XD,"Cotizaciones internacionales - Plata (H.Harman, US$ por onzas troy)",21.Nov.24,30.728
PD04702XD,"Cotizaciones internacionales - Plata (H.Harman, US$ por onzas troy)",22.Nov.24,31.244
PD04702XD,"Cotizaciones internacionales - Plata (H.Harman, US$ por onzas troy)",25.Nov.24,30.169
PD04702XD,"Cotizaciones internacionales - Plata (H.Harman, US$ por onzas troy)",26.Nov.24,30.515
PD04702XD,"Cotizaciones internacionales - Plata (H.Harman, US$ por onzas troy)",27.Nov.24,30.075
PD04702XD,"Cotizaciones internacionales - Plata (H.Harman, US$ por onzas troy)",28.Nov.24,30.075
PD04702XD,"Cotizaciones internacionales - Plata (H.Harman, US$ por onzas troy)",29.Nov.24,30.075
PD04702XD,"Cotizaciones internacionales - Plata (H.Harman, US$ por onzas troy)",02.Dic.24,30.482
PD04702XD,"Cotizaciones internacionales - Plata (H.Harman, US$ por onzas troy)",03.Dic.24,31.045
PD04702XD,"Cotizaciones internacionales - Plata (H.Harman, US$ por onzas troy)",04.Dic.24,31.31
PD04702XD,"Cotizaciones internacionales - Plata (H.Harman, US$ por onzas troy)",05.Dic.24,31.198
PD04702XD,"Cotizaciones internacionales - Plata (H.Harman, US$ por onzas troy)",06.Dic.24,31.168
PD04702XD,"Cotizaciones internacionales - Plata (H.Harman, US$ por onzas troy)",09.Dic.24,32.093
PD04702XD,"Cotizaciones internacionales - Plata (H.Harman, US$ por onzas troy)",10.Dic.24,31.996
PD04702XD,"Cotizaciones internacionales - Plata (H.Harman, US$ por onzas troy)",11.Dic.24,32.141
PD04702XD,"Cotizaciones internacionales - Plata (H.Harman, US$ por onzas troy)",12.Dic.24,31.074
PD04702XD,"Cotizaciones internacionales - Plata (H.Harman, US$ por onzas troy)",13.Dic.24,30.498
PD04702XD,"Cotizaciones internacionales - Plata (H.Harman, US$ por onzas troy)",16.Dic.24,30.595
PD04702XD,"Cotizaciones internacionales - Plata (H.Harman, US$ por onzas troy)",17.Dic.24,30.465
PD04702XD,"Cotizaciones internacionales - Plata (H.Harman, US$ por onzas troy)",18.Dic.24,30.146
PD04702XD,"Cotizaciones internacionales - Plata (H.Harman, US$ por onzas troy)",19.Dic.24,28.895
PD04702XD,"Cotizaciones internacionales - Plata (H.Harman, US$ por onzas troy)",20.Dic.24,29.435
PD04702XD,"Cotizaciones internacionales - Plata (H.Harman, US$ por onzas troy)",23.Dic.24,29.675
PD04702XD,"Cotizaciones internacionales - Plata (H.Harman, US$ por onzas troy)",24.Dic.24,29.675
PD04702XD,"Cotizaciones internacionales - Plata (H.Harman, US$ por onzas troy)",25.Dic.24,29.675
PD04702XD,"Cotizaciones internacionales - Plata (H.Harman, US$ por onzas troy)",26.Dic.24,29.675
PD04702XD,"Cotizaciones internacionales - Plata (H.Harman, US$ por onzas troy)",27.Dic.24,29.675
PD04702XD,"Cotizaciones internacionales - Plata (H.Harman, US$ por onzas troy)",30.Dic.24,29.675
PD04702XD,"Cotizaciones internacionales - Plata (H.Harman, US$ por onzas troy)",31.Dic.24,29.675
PD04702XD,"Cotizaciones internacionales - Plata (H.Harman, US$ por onzas troy)",01.Ene.25,29.675
PD04702XD,"Cotizaciones internacionales - Plata (H.Harman, US$ por onzas troy)",02.Ene.25,29.595
PD04702XD,"Cotizaciones internacionales - Plata (H.Harman, US$ por onzas troy)",03.Ene.25,29.713
PD04702XD,"Cotizaciones internacionales - Plata (H.Harman, US$ por onzas troy)",06.Ene.25,30.155
PD04702XD,"Cotizaciones internacionales - Plata (H.Harman, US$ por onzas troy)",07.Ene.25,30.09
PD04702XD,"Cotizaciones internacionales - Plata (H.Harman, US$ por onzas troy)",08.Ene.25,30.245
PD04702XD,"Cotizaciones internacionales - Plata (H.Harman, US$ por onzas troy)",09.Ene.25,30.196
PD04702XD,"Cotizaciones internacionales - Plata (H.Harman, US$ por onzas troy)",10.Ene.25,30.565
PD04702XD,"Cotizaciones internacionales - Plata (H.Harman, US$ por onzas troy)",13.Ene.25,29.628
PD04702XD,"Cotizaciones internacionales - Plata (H.Harman, US$ por onzas troy)",14.Ene.25,29.838
PD04702XD,"Cotizaciones internacionales - Plata (H.Harman, US$ por onzas troy)",15.Ene.25,30.5
PD04702XD,"Cotizaciones internacionales - Plata (H.Harman, US$ por onzas troy)",16.Ene.25,30.857
PD04702XD,"Cotizaciones internacionales - Plata (H.Harman, US$ por onzas troy)",17.Ene.25,30.456
PD04702XD,"Cotizaciones internacionales - Plata (H.Harman, US$ por onzas troy)",20.Ene.25,30.61
PD04702XD,"Cotizaciones internacionales - Plata (H.Harman, US$ por onzas troy)",21.Ene.25,30.81
PD04702XD,"Cotizaciones internacionales - Plata (H.Harman, US$ por onzas troy)",22.Ene.25,30.78
PD04702XD,"Cotizaciones internacionales - Plata (H.Harman, US$ por onzas troy)",23.Ene.25,30.33
PD04702XD,"Cotizaciones internacionales - Plata (H.Harman, US$ por onzas troy)",24.Ene.25,30.706
PD04702XD,"Cotizaciones internacionales - Plata (H.Harman, US$ por onzas troy)",27.Ene.25,29.91
PD04702XD,"Cotizaciones internacionales - Plata (H.Harman, US$ por onzas troy)",28.Ene.25,30.408
PD04702XD,"Cotizaciones internacionales - Plata (H.Harman, US$ por onzas troy)",29.Ene.25,30.812
PD04702XD,"Cotizaciones internacionales - Plata (H.Harman, US$ por onzas troy)",30.Ene.25,31.395
PD04702XD,"Cotizaciones internacionales - Plata (H.Harman, US$ por onzas troy)",31.Ene.25,31.453
PD04702XD,"Cotizaciones internacionales - Plata (H.Harman, US$ por onzas troy)",03.Feb.25,31.4
PD04702XD,"Cotizaciones internacionales - Plata (H.Harman, US$ por onzas troy)",04.Feb.25,32.307
PD04702XD,"Cotizaciones internacionales - Plata (H.Harman, US$ por onzas troy)",05.Feb.25,32.545
PD04702XD,"Cotizaciones internacionales - Plata (H.Harman, US$ por onzas troy)",06.Feb.25,32.129
PD04702XD,"Cotizaciones internacionales - Plata (H.Harman, US$ por onzas troy)",07.Feb.25,32.106
PD04702XD,"Cotizaciones internacionales - Plata (H.Harman, US$ por onzas troy)",10.Feb.25,32.098
PD04702XD,"Cotizaciones internacionales - Plata (H.Harman, US$ por onzas troy)",11.Feb.25,31.895
PD04702XD,"Cotizaciones internacionales - Plata (H.Harman, US$ por onzas troy)",12.Feb.25,32.239
PD04702XD,"Cotizaciones internacionales - Plata (H.Harman, US$ por onzas troy)",13.Feb.25,32.148
PD04702XD,"Cotizaciones internacionales - Plata (H.Harman, US$ por onzas troy)",14.Feb.25,32.416
PD04702XD,"Cotizaciones internacionales - Plata (H.Harman, US$ por onzas troy)",17.Feb.25,32.36
PD04702XD,"Cotizaciones internacionales - Plata (H.Harman, US$ por onzas troy)",18.Feb.25,32.89
PD04702XD,"Cotizaciones internacionales - Plata (H.Harman, US$ por onzas troy)",19.Feb.25,32.635
PD04702XD,"Cotizaciones internacionales - Plata (H.Harman, US$ por onzas troy)",20.Feb.25,32.999
PD04702XD,"Cotizaciones internacionales - Plata (H.Harman, US$ por onzas troy)",21.Feb.25,32.665
PD04702XD,"Cotizaciones internacionales - Plata (H.Harman, US$ por onzas troy)",24.Feb.25,32.305
PD04702XD,"Cotizaciones internacionales - Plata (H.Harman, US$ por onzas troy)",25.Feb.25,31.492
PD04702XD,"Cotizaciones internacionales - Plata (H.Harman, US$ por onzas troy)",26.Feb.25,31.915
PD04702XD,"Cotizaciones internacionales - Plata (H.Harman, US$ por onzas troy)",27.Feb.25,31.435
PD04702XD,"Cotizaciones internacionales - Plata (H.Harman, US$ por onzas troy)",28.Feb.25,31.065
PD04702XD,"Cotizaciones internacionales - Plata (H.Harman, US$ por onzas troy)",03.Mar.25,31.795
PD04702XD,"Cotizaciones internacionales - Plata (H.Harman, US$ por onzas troy)",04.Mar.25,31.745
PD04702XD,"Cotizaciones internacionales - Plata (H.Harman, US$ por onzas troy)",05.Mar.25,32.547
PD04702XD,"Cotizaciones internacionales - Plata (H.Harman, US$ por onzas troy)",06.Mar.25,32.725
PD04702XD,"Cotizaciones internacionales - Plata (H.Harman, US$ por onzas troy)",07.Mar.25,32.221
PD04702XD,"Cotizaciones internacionales - Plata (H.Harman, US$ por onzas troy)",10.Mar.25,32.246
PD04702XD,"Cotizaciones internacionales - Plata (H.Harman, US$ por onzas troy)",11.Mar.25,32.725
PD04702XD,"Cotizaciones internacionales - Plata (H.Harman, US$ por onzas troy)",12.Mar.25,33.182
PD04702XD,"Cotizaciones internacionales - Plata (H.Harman, US$ por onzas troy)",13.Mar.25,33.935
PD04702XD,"Cotizaciones internacionales - Plata (H.Harman, US$ por onzas troy)",14.Mar.25,33.624
PD04702XD,"Cotizaciones internacionales - Plata (H.Harman, US$ por onzas troy)",17.Mar.25,33.694
PD04702XD,"Cotizaciones internacionales - Plata (H.Harman, US$ por onzas troy)",18.Mar.25,34.045
PD04702XD,"Cotizaciones internacionales - Plata (H.Harman, US$ por onzas troy)",19.Mar.25,33.497
PD04702XD,"Cotizaciones internacionales - Plata (H.Harman, US$ por onzas troy)",20.Mar.25,33.454
PD04702XD,"Cotizaciones internacionales - Plata (H.Harman, US$ por onzas troy)",21.Mar.25,32.887
PD04702XD,"Cotizaciones internacionales - Plata (H.Harman, US$ por onzas troy)",24.Mar.25,33.035
PD04702XD,"Cotizaciones internacionales - Plata (H.Harman, US$ por onzas troy)",25.Mar.25,33.664
PD04702XD,"Cotizaciones internacionales - Plata (H.Harman, US$ por onzas troy)",26.Mar.25,33.616
PD04702XD,"Cotizaciones internacionales - Plata (H.Harman, US$ por onzas troy)",27.Mar.25,34.305
PD04702XD,"Cotizaciones internacionales - Plata (H.Harman, US$ por onzas troy)",28.Mar.25,34.175
PD04702XD,"Cotizaciones internacionales - Plata (H.Harman, US$ por onzas troy)",31.Mar.25,33.825
PD04702XD,"Cotizaciones internacionales - Plata (H.Harman, US$ por onzas troy)",01.Abr.25,33.665
PD04702XD,"Cotizaciones internacionales - Plata (H.Harman, US$ por onzas troy)",02.Abr.25,33.829
PD04702XD,"Cotizaciones internacionales - Plata (H.Harman, US$ por onzas troy)",03.Abr.25,31.945
PD04702XD,"Cotizaciones internacionales - Plata (H.Harman, US$ por onzas troy)",04.Abr.25,29.731
PD04702XD,"Cotizaciones internacionales - Plata (H.Harman, US$ por onzas troy)",07.Abr.25,29.975
PD04702XD,"Cotizaciones internacionales - Plata (H.Harman, US$ por onzas troy)",08.Abr.25,30.055
PD04702XD,"Cotizaciones internacionales - Plata (H.Harman, US$ por onzas troy)",09.Abr.25,30.323
PD04702XD,"Cotizaciones internacionales - Plata (H.Harman, US$ por onzas troy)",10.Abr.25,30.855
PD04702XD,"Cotizaciones internacionales - Plata (H.Harman, US$ por onzas troy)",11.Abr.25,32.195
PD04702XD,"Cotizaciones internacionales - Plata (H.Harman, US$ por onzas troy)",14.Abr.25,31.973
PD04702XD,"Cotizaciones internacionales - Plata (H.Harman, US$ por onzas troy)",15.Abr.25,32.233
PD04702XD,"Cotizaciones internacionales - Plata (H.Harman, US$ por onzas troy)",16.Abr.25,32.925
PD04702XD,"Cotizaciones internacionales - Plata (H.Harman, US$ por onzas troy)",17.Abr.25,32.28
PD04702XD,"Cotizaciones internacionales - Plata (H.Harman, US$ por onzas troy)",18.Abr.25,32.28
PD04702XD,"Cotizaciones internacionales - Plata (H.Harman, US$ por onzas troy)",21.Abr.25,32.775
PD04702XD,"Cotizaciones internacionales - Plata (H.Harman, US$ por onzas troy)",22.Abr.25,32.966
PD04702XD,"Cotizaciones internacionales - Plata (H.Harman, US$ por onzas troy)",23.Abr.25,33.545
PD04702XD,"Cotizaciones internacionales - Plata (H.Harman, US$ por onzas troy)",24.Abr.25,33.469
PD04702XD,"Cotizaciones internacionales - Plata (H.Harman, US$ por onzas troy)",25.Abr.25,32.985
PD04702XD,"Cotizaciones internacionales - Plata (H.Harman, US$ por onzas troy)",28.Abr.25,33.056
PD04702XD,"Cotizaciones internacionales - Plata (H.Harman, US$ por onzas troy)",29.Abr.25,33.222
PD04702XD,"Cotizaciones internacionales - Plata (H.Harman, US$ por onzas troy)",30.Abr.25,32.721
PD04702XD,"Cotizaciones internacionales - Plata (H.Harman, US$ por onzas troy)",01.May.25,32.265
PD04702XD,"Cotizaciones internacionales - Plata (H.Harman, US$ por onzas troy)",02.May.25,32.021
PD04702XD,"Cotizaciones internacionales - Plata (H.Harman, US$ por onzas troy)",05.May.25,32.294
PD04702XD,"Cotizaciones internacionales - Plata (H.Harman, US$ por onzas troy)",06.May.25,33.05
PD04702XD,"Cotizaciones internacionales - Plata (H.Harman, US$ por onzas troy)",07.May.25,32.642
PD04702XD,"Cotizaciones internacionales - Plata (H.Harman, US$ por onzas troy)",08.May.25,32.643
PD04702XD,"Cotizaciones internacionales - Plata (H.Harman, US$ por onzas troy)",09.May.25,32.836
PD04702XD,"Cotizaciones internacionales - Plata (H.Harman, US$ por onzas troy)",12.May.25,32.57
PD04702XD,"Cotizaciones internacionales - Plata (H.Harman, US$ por onzas troy)",13.May.25,32.965
PD04702XD,"Cotizaciones internacionales - Plata (H.Harman, US$ por onzas troy)",14.May.25,32.299
PD04702XD,"Cotizaciones internacionales - Plata (H.Harman, US$ por onzas troy)",15.May.25,32.545
PD04702XD,"Cotizaciones internacionales - Plata (H.Harman, US$ por onzas troy)",16.May.25,32.26
PD04702XD,"Cotizaciones internacionales - Plata (H.Harman, US$ por onzas troy)",19.May.25,32.3475
PD04702XD,"Cotizaciones internacionales - Plata (H.Harman, US$ por onzas troy)",20.May.25,33.0676
PD04702XD,"Cotizaciones internacionales - Plata (H.Harman, US$ por onzas troy)",21.May.25,33.3775
PD04702XD,"Cotizaciones internacionales - Plata (H.Harman, US$ por onzas troy)",22.May.25,33.0775
PD04702XD,"Cotizaciones internacionales - Plata (H.Harman, US$ por onzas troy)",23.May.25,33.48
PD04702XD,"Cotizaciones internacionales - Plata (H.Harman, US$ por onzas troy)",26.May.25,33.35
PD04702XD,"Cotizaciones internacionales - Plata (H.Harman, US$ por onzas troy)",27.May.25,33.3
PD04702XD,"Cotizaciones internacionales - Plata (H.Harman, US$ por onzas troy)",28.May.25,32.995
PD04702XD,"Cotizaciones internacionales - Plata (H.Harman, US$ por onzas troy)",29.May.25,33.3475
PD04702XD,"Cotizaciones internacionales - Plata (H.Harman, US$ por onzas troy)",30.May.25,32.97
PD04702XD,"Cotizaciones internacionales - Plata (H.Harman, US$ por onzas troy)",02.Jun.25,34.79
PD04702XD,"Cotizaciones internacionales - Plata (H.Harman, US$ por onzas troy)",03.Jun.25,34.5
PD04702XD,"Cotizaciones internacionales - Plata (H.Harman, US$ por onzas troy)",04.Jun.25,34.96
PD04702XD,"Cotizaciones internacionales - Plata (H.Harman, US$ por onzas troy)",05.Jun.25,36.15
PD04702XD,"Cotizaciones internacionales - Plata (H.Harman, US$ por onzas troy)",06.Jun.25,35.955
PD04702XD,"Cotizaciones internacionales - Plata (H.Harman, US$ por onzas troy)",09.Jun.25,36.7239
PD04702XD,"Cotizaciones internacionales - Plata (H.Harman, US$ por onzas troy)",10.Jun.25,36.56
PD04702XD,"Cotizaciones internacionales - Plata (H.Harman, US$ por onzas troy)",11.Jun.25,36.225
PD04702XD,"Cotizaciones internacionales - Plata (H.Harman, US$ por onzas troy)",12.Jun.25,36.375
PD04702XD,"Cotizaciones internacionales - Plata (H.Harman, US$ por onzas troy)",13.Jun.25,36.29
PD04702XD,"Cotizaciones internacionales - Plata (H.Harman, US$ por onzas troy)",16.Jun.25,36.33
PD04702XD,"Cotizaciones internacionales - Plata (H.Harman, US$ por onzas troy)",17.Jun.25,37.2512
PD04702XD,"Cotizaciones internacionales - Plata (H.Harman, US$ por onzas troy)",18.Jun.25,36.7375
PD04702XD,"Cotizaciones internacionales - Plata (H.Harman, US$ por onzas troy)",19.Jun.25,36.3847
PD04702XD,"Cotizaciones internacionales - Plata (H.Harman, US$ por onzas troy)",20.Jun.25,35.987
PD04702XD,"Cotizaciones internacionales - Plata (H.Harman, US$ por onzas troy)",23.Jun.25,36.13
PD04702XD,"Cotizaciones internacionales - Plata (H.Harman, US$ por onzas troy)",24.Jun.25,35.9036
PD04702XD,"Cotizaciones internacionales - Plata (H.Harman, US$ por onzas troy)",25.Jun.25,36.3
PD04702XD,"Cotizaciones internacionales - Plata (H.Harman, US$ por onzas troy)",26.Jun.25,36.62
PD04702XD,"Cotizaciones internacionales - Plata (H.Harman, US$ por onzas troy)",27.Jun.25,35.98
PD04702XD,"Cotizaciones internacionales - Plata (H.Harman, US$ por onzas troy)",30.Jun.25,36.08
PD04702XD,"Cotizaciones internacionales - Plata (H.Harman, US$ por onzas troy)",01.Jul.25,36.06
PD04702XD,"Cotizaciones internacionales - Plata (H.Harman, US$ por onzas troy)",02.Jul.25,36.59
PD04702XD,"Cotizaciones internacionales - Plata (H.Harman, US$ por onzas troy)",03.Jul.25,36.8287
PD04702XD,"Cotizaciones internacionales - Plata (H.Harman, US$ por onzas troy)",04.Jul.25,36.91
PD04702XD,"Cotizaciones internacionales - Plata (H.Harman, US$ por onzas troy)",07.Jul.25,36.7388
PD04702XD,"Cotizaciones internacionales - Plata (H.Harman, US$ por onzas troy)",08.Jul.25,36.78
PD04702XD,"Cotizaciones internacionales - Plata (H.Harman, US$ por onzas troy)",09.Jul.25,36.335
PD04702XD,"Cotizaciones internacionales - Plata (H.Harman, US$ por onzas troy)",10.Jul.25,37.03
PD04702XD,"Cotizaciones internacionales - Plata (H.Harman, US$ por onzas troy)",11.Jul.25,38.3653
PD04702XD,"Cotizaciones internacionales - Plata (H.Harman, US$ por onzas troy)",14.Jul.25,38.135
PD04702XD,"Cotizaciones internacionales - Plata (H.Harman, US$ por onzas troy)",15.Jul.25,37.715
PD04702XD,"Cotizaciones internacionales - Plata (H.Harman, US$ por onzas troy)",16.Jul.25,37.94
PD04702XD,"Cotizaciones internacionales - Plata (H.Harman, US$ por onzas troy)",17.Jul.25,38.115
PD04702XD,"Cotizaciones internacionales - Plata (H.Harman, US$ por onzas troy)",18.Jul.25,38.17
PD04702XD,"Cotizaciones internacionales - Plata (H.Harman, US$ por onzas troy)",21.Jul.25,38.915
PD04702XD,"Cotizaciones internacionales - Plata (H.Harman, US$ por onzas troy)",22.Jul.25,39.28
PD04702XD,"Cotizaciones internacionales - Plata (H.Harman, US$ por onzas troy)",23.Jul.25,39.28
PD04702XD,"Cotizaciones internacionales - Plata (H.Harman, US$ por onzas troy)",24.Jul.25,39.08
PD04702XD,"Cotizaciones internacionales - Plata (H.Harman, US$ por onzas troy)",25.Jul.25,38.14
PD04702XD,"Cotizaciones internacionales - Plata (H.Harman, US$ por onzas troy)",28.Jul.25,38.165
PD04702XD,"Cotizaciones internacionales - Plata (H.Harman, US$ por onzas troy)",29.Jul.25,38.195
PD04702XD,"Cotizaciones internacionales - Plata (H.Harman, US$ por onzas troy)",30.Jul.25,37.125
PD04702XD,"Cotizaciones internacionales - Plata (H.Harman, US$ por onzas troy)",31.Jul.25,36.74
PD04702XD,"Cotizaciones internacionales - Plata (H.Harman, US$ por onzas troy)",01.Ago.25,37.02
PD04702XD,"Cotizaciones internacionales - Plata (H.Harman, US$ por onzas troy)",04.Ago.25,37.3923
PD04702XD,"Cotizaciones internacionales - Plata (H.Harman, US$ por onzas troy)",05.Ago.25,37.835
PD04702XD,"Cotizaciones internacionales - Plata (H.Harman, US$ por onzas troy)",06.Ago.25,37.85
PD04702XD,"Cotizaciones internacionales - Plata (H.Harman, US$ por onzas troy)",07.Ago.25,38.31
PD04702XD,"Cotizaciones internacionales - Plata (H.Harman, US$ por onzas troy)",08.Ago.25,38.325
PD04702XD,"Cotizaciones internacionales - Plata (H.Harman, US$ por onzas troy)",11.Ago.25,37.6041
PD04702XD,"Cotizaciones internacionales - Plata (H.Harman, US$ por onzas troy)",12.Ago.25,37.89
PD04702XD,"Cotizaciones internacionales - Plata (H.Harman, US$ por onzas troy)",13.Ago.25,38.495
PD04702XD,"Cotizaciones internacionales - Plata (H.Harman, US$ por onzas troy)",14.Ago.25,37.9904
PD04702XD,"Cotizaciones internacionales - Plata (H.Harman, US$ por onzas troy)",15.Ago.25,37.99
PD04702XD,"Cotizaciones internacionales - Plata (H.Harman, US$ por onzas troy)",18.Ago.25,38.01
PD04702XD,"Cotizaciones internacionales - Plata (H.Harman, US$ por onzas troy)",19.Ago.25,37.37
PD04702XD,"Cotizaciones internacionales - Plata (H.Harman, US$ por onzas troy)",20.Ago.25,37.8892
PD04702XD,"Cotizaciones internacionales - Plata (H.Harman, US$ por onzas troy)",21.Ago.25,38.165
PD04702XD,"Cotizaciones internacionales - Plata (H.Harman, US$ por onzas troy)",22.Ago.25,38.8225
PD04702XD,"Cotizaciones internacionales - Plata (H.Harman, US$ por onzas troy)",25.Ago.25,38.55
PD04702XD,"Cotizaciones internacionales - Plata (H.Harman, US$ por onzas troy)",26.Ago.25,38.59
PD04702XD,"Cotizaciones internacionales - Plata (H.Harman, US$ por onzas troy)",27.Ago.25,38.6135
PD04702XD,"Cotizaciones internacionales - Plata (H.Harman, US$ por onzas troy)",28.Ago.25,39.07
PD04702XD,"Cotizaciones internacionales - Plata (H.Harman, US$ por onzas troy)",29.Ago.25,39.67
PD04702XD,"Cotizaciones internacionales - Plata (H.Harman, US$ por onzas troy)",01.Set.25,40.6801
PD04702XD,"Cotizaciones internacionales - Plata (H.Harman, US$ por onzas troy)",02.Set.25,40.89
PD04702XD,"Cotizaciones internacionales - Plata (H.Harman, US$ por onzas troy)",03.Set.25,41.19
PD04702XD,"Cotizaciones internacionales - Plata (H.Harman, US$ por onzas troy)",04.Set.25,40.67
PD04702XD,"Cotizaciones internacionales - Plata (H.Harman, US$ por onzas troy)",05.Set.25,40.98
PD04702XD,"Cotizaciones internacionales - Plata (H.Harman, US$ por onzas troy)",08.Set.25,41.33
PD04702XD,"Cotizaciones internacionales - Plata (H.Harman, US$ por onzas troy)",09.Set.25,40.88
PD04702XD,"Cotizaciones internacionales - Plata (H.Harman, US$ por onzas troy)",10.Set.25,41.145
PD04702XD,"Cotizaciones internacionales - Plata (H.Harman, US$ por onzas troy)",11.Set.25,41.56
PD04702XD,"Cotizaciones internacionales - Plata (H.Harman, US$ por onzas troy)",12.Set.25,42.17
PD04702XD,"Cotizaciones internacionales - Plata (H.Harman, US$ por onzas troy)",15.Set.25,42.71
PD04702XD,"Cotizaciones internacionales - Plata (H.Harman, US$ por onzas troy)",16.Set.25,42.545
PD04702XD,"Cotizaciones internacionales - Plata (H.Harman, US$ por onzas troy)",17.Set.25,41.655
PD04702XD,"Cotizaciones internacionales - Plata (H.Harman, US$ por onzas troy)",18.Set.25,41.8
PD04702XD,"Cotizaciones internacionales - Plata (H.Harman, US$ por onzas troy)",19.Set.25,43.08
PD04702XD,"Cotizaciones internacionales - Plata (H.Harman, US$ por onzas troy)",22.Set.25,44.08
PD04702XD,"Cotizaciones internacionales - Plata (H.Harman, US$ por onzas troy)",23.Set.25,44.015
PD04702XD,"Cotizaciones internacionales - Plata (H.Harman, US$ por onzas troy)",24.Set.25,43.91
PD04702XD,"Cotizaciones internacionales - Plata (H.Harman, US$ por onzas troy)",25.Set.25,45.22
PD04702XD,"Cotizaciones internacionales - Plata (H.Harman, US$ por onzas troy)",26.Set.25,45.9937
PD04702XD,"Cotizaciones internacionales - Plata (H.Harman, US$ por onzas troy)",29.Set.25,46.93
PD04702XD,"Cotizaciones internacionales - Plata (H.Harman, US$ por onzas troy)",30.Set.25,46.67
PD04702XD,"Cotizaciones internacionales - Plata (H.Harman, US$ por onzas troy)",01.Oct.25,47.32
PD04702XD,"Cotizaciones internacionales - Plata (H.Harman, US$ por onzas troy)",02.Oct.25,46.965
PD04702XD,"Cotizaciones internacionales - Plata (H.Harman, US$ por onzas troy)",03.Oct.25,47.9725
PD04702XD,"Cotizaciones internacionales - Plata (H.Harman, US$ por onzas troy)",06.Oct.25,48.53
PD04702XD,"Cotizaciones internacionales - Plata (H.Harman, US$ por onzas troy)",07.Oct.25,47.82
PD04702XD,"Cotizaciones internacionales - Plata (H.Harman, US$ por onzas troy)",08.Oct.25,48.88
PD04702XD,"Cotizaciones internacionales - Plata (H.Harman, US$ por onzas troy)",09.Oct.25,49.115
PD04702XD,"Cotizaciones internacionales - Plata (H.Harman, US$ por onzas troy)",10.Oct.25,50.27
PD04702XD,"Cotizaciones internacionales - Plata (H.Harman, US$ por onzas troy)",13.Oct.25,52.3398
PD04702XD,"Cotizaciones internacionales - Plata (H.Harman, US$ por onzas troy)",14.Oct.25,51.445
PD04702XD,"Cotizaciones internacionales - Plata (H.Harman, US$ por onzas troy)",15.Oct.25,53.07
PD04702XD,"Cotizaciones internacionales - Plata (H.Harman, US$ por onzas troy)",16.Oct.25,54.225
PD04702XD,"Cotizaciones internacionales - Plata (H.Harman, US$ por onzas troy)",17.Oct.25,51.8502
PD04702XD,"Cotizaciones internacionales - Plata (H.Harman, US$ por onzas troy)",20.Oct.25,52.47
PD04702XD,"Cotizaciones internacionales - Plata (H.Harman, US$ por onzas troy)",21.Oct.25,48.74
PD04702XD,"Cotizaciones internacionales - Plata (H.Harman, US$ por onzas troy)",22.Oct.25,48.52
PD04702XD,"Cotizaciones internacionales - Plata (H.Harman, US$ por onzas troy)",23.Oct.25,48.92
PD04702XD,"Cotizaciones internacionales - Plata (H.Harman, US$ por onzas troy)",24.Oct.25,48.5925
PD04702XD,"Cotizaciones internacionales - Plata (H.Harman, US$ por onzas troy)",27.Oct.25,46.89
PD04702XD,"Cotizaciones internacionales - Plata (H.Harman, US$ por onzas troy)",28.Oct.25,47.04
PD04702XD,"Cotizaciones internacionales - Plata (H.Harman, US$ por onzas troy)",29.Oct.25,47.55
PD04702XD,"Cotizaciones internacionales - Plata (H.Harman, US$ por onzas troy)",30.Oct.25,48.905
PD04702XD,"Cotizaciones internacionales - Plata (H.Harman, US$ por onzas troy)",31.Oct.25,48.65
PD04702XD,"Cotizaciones internacionales - Plata (H.Harman, US$ por onzas troy)",03.Nov.25,48.07
PD04702XD,"Cotizaciones internacionales - Plata (H.Harman, US$ por onzas troy)",04.Nov.25,47.1
PD04702XD,"Cotizaciones internacionales - Plata (H.Harman, US$ por onzas troy)",05.Nov.25,48.0658
PD04702XD,"Cotizaciones internacionales - Plata (H.Harman, US$ por onzas troy)",06.Nov.25,47.99
PD04702XD,"Cotizaciones internacionales - Plata (H.Harman, US$ por onzas troy)",07.Nov.25,48.3058
PD04702XD,"Cotizaciones internacionales - Plata (H.Harman, US$ por onzas troy)",10.Nov.25,50.5413
PD04702XD,"Cotizaciones internacionales - Plata (H.Harman, US$ por onzas troy)",11.Nov.25,51.2285
PD04702XD,"Cotizaciones internacionales - Plata (H.Harman, US$ por onzas troy)",12.Nov.25,53.4089
PD04702XD,"Cotizaciones internacionales - Plata (H.Harman, US$ por onzas troy)",13.Nov.25,52.3234
PD04702XD,"Cotizaciones internacionales - Plata (H.Harman, US$ por onzas troy)",14.Nov.25,50.5489
PD04702XD,"Cotizaciones internacionales - Plata (H.Harman, US$ por onzas troy)",17.Nov.25,50.2017
PD04702XD,"Cotizaciones internacionales - Plata (H.Harman, US$ por onzas troy)",18.Nov.25,50.6863
PD04702XD,"Cotizaciones internacionales - Plata (H.Harman, US$ por onzas troy)",19.Nov.25,51.36
PD04702XD,"Cotizaciones internacionales - Plata (H.Harman, US$ por onzas troy)",20.Nov.25,50.5948
PD04702XD,"Cotizaciones internacionales - Plata (H.Harman, US$ por onzas troy)",21.Nov.25,50.004
PD04702XD,"Cotizaciones internacionales - Plata (H.Harman, US$ por onzas troy)",24.Nov.25,51.4001
PD04702XD,"Cotizaciones internacionales - Plata (H.Harman, US$ por onzas troy)",25.Nov.25,51.4017
PD04702XD,"Cotizaciones internacionales - Plata (H.Harman, US$ por onzas troy)",26.Nov.25,53.3463
PD04702XD,"Cotizaciones internacionales - Plata (H.Harman, US$ por onzas troy)",27.Nov.25,53.44
PD04702XD,"Cotizaciones internacionales - Plata (H.Harman, US$ por onzas troy)",28.Nov.25,56.38
PD04702XD,"Cotizaciones internacionales - Plata (H.Harman, US$ por onzas troy)",01.Dic.25,57.963
PD04702XD,"Cotizaciones internacionales - Plata (H.Harman, US$ por onzas troy)",02.Dic.25,58.45
PD04702XD,"Cotizaciones internacionales - Plata (H.Harman, US$ por onzas troy)",03.Dic.25,58.4777
PD04702XD,"Cotizaciones internacionales - Plata (H.Harman, US$ por onzas troy)",04.Dic.25,57.11
PD04702XD,"Cotizaciones internacionales - Plata (H.Harman, US$ por onzas troy)",05.Dic.25,58.2756
PD04702XD,"Cotizaciones internacionales - Plata (H.Harman, US$ por onzas troy)",08.Dic.25,58.1257
PD04702XD,"Cotizaciones internacionales - Plata (H.Harman, US$ por onzas troy)",09.Dic.25,60.6733
PD04702XD,"Cotizaciones internacionales - Plata (H.Harman, US$ por onzas troy)",10.Dic.25,61.7656
PD04702XD,"Cotizaciones internacionales - Plata (H.Harman, US$ por onzas troy)",11.Dic.25,63.5658
PD04702XD,"Cotizaciones internacionales - Plata (H.Harman, US$ por onzas troy)",12.Dic.25,62.0064
PD04702XD,"Cotizaciones internacionales - Plata (H.Harman, US$ por onzas troy)",15.Dic.25,63.9252
PD04702XD,"Cotizaciones internacionales - Plata (H.Harman, US$ por onzas troy)",16.Dic.25,63.78
PD04702XD,"Cotizaciones internacionales - Plata (H.Harman, US$ por onzas troy)",17.Dic.25,66.28
PD04702XD,"Cotizaciones internacionales - Plata (H.Harman, US$ por onzas troy)",18.Dic.25,65.4247
PD04702XD,"Cotizaciones internacionales - Plata (H.Harman, US$ por onzas troy)",19.Dic.25,67.1338
PD04702XD,"Cotizaciones internacionales - Plata (H.Harman, US$ por onzas troy)",22.Dic.25,69.02
PD04702XD,"Cotizaciones internacionales - Plata (H.Harman, US$ por onzas troy)",23.Dic.25,71.4224
PD04702XD,"Cotizaciones internacionales - Plata (H.Harman, US$ por onzas troy)",24.Dic.25,71.9434
PD04702XD,"Cotizaciones internacionales - Plata (H.Harman, US$ por onzas troy)",25.Dic.25,71.9434
PD04702XD,"Cotizaciones internacionales - Plata (H.Harman, US$ por onzas troy)",26.Dic.25,79.146
PD04702XD,"Cotizaciones internacionales - Plata (H.Harman, US$ por onzas troy)",29.Dic.25,72.2273
PD04702XD,"Cotizaciones internacionales - Plata (H.Harman, US$ por onzas troy)",30.Dic.25,76.46
PD04702XD,"Cotizaciones internacionales - Plata (H.Harman, US$ por onzas troy)",31.Dic.25,71.2603
PD04638PD,Tipo de cambio - TC Interbancario (S/ por US$) - Venta,01.Ene.15,n.d.
PD04638PD,Tipo de cambio - TC Interbancario (S/ por US$) - Venta,02.Ene.15,n.d.
PD04638PD,Tipo de cambio - TC Interbancario (S/ por US$) - Venta,05.Ene.15,2.99085714285714
PD04638PD,Tipo de cambio - TC Interbancario (S/ por US$) - Venta,06.Ene.15,2.98428571428571
PD04638PD,Tipo de cambio - TC Interbancario (S/ por US$) - Venta,07.Ene.15,2.98785714285714
PD04638PD,Tipo de cambio - TC Interbancario (S/ por US$) - Venta,08.Ene.15,2.98942857142857
PD04638PD,Tipo de cambio - TC Interbancario (S/ por US$) - Venta,09.Ene.15,2.98571428571429
PD04638PD,Tipo de cambio - TC Interbancario (S/ por US$) - Venta,12.Ene.15,2.98971428571429
PD04638PD,Tipo de cambio - TC Interbancario (S/ por US$) - Venta,13.Ene.15,2.98528571428571
PD04638PD,Tipo de cambio - TC Interbancario (S/ por US$) - Venta,14.Ene.15,2.99485714285714
PD04638PD,Tipo de cambio - TC Interbancario (S/ por US$) - Venta,15.Ene.15,2.997
PD04638PD,Tipo de cambio - TC Interbancario (S/ por US$) - Venta,16.Ene.15,3.01242857142857
PD04638PD,Tipo de cambio - TC Interbancario (S/ por US$) - Venta,19.Ene.15,3.01157142857143
PD04638PD,Tipo de cambio - TC Interbancario (S/ por US$) - Venta,20.Ene.15,3.01028571428571
PD04638PD,Tipo de cambio - TC Interbancario (S/ por US$) - Venta,21.Ene.15,3.01057142857143
PD04638PD,Tipo de cambio - TC Interbancario (S/ por US$) - Venta,22.Ene.15,3.00514285714286
PD04638PD,Tipo de cambio - TC Interbancario (S/ por US$) - Venta,23.Ene.15,3.01657142857143
PD04638PD,Tipo de cambio - TC Interbancario (S/ por US$) - Venta,26.Ene.15,3.021
PD04638PD,Tipo de cambio - TC Interbancario (S/ por US$) - Venta,27.Ene.15,3.023
PD04638PD,Tipo de cambio - TC Interbancario (S/ por US$) - Venta,28.Ene.15,3.02914285714286
PD04638PD,Tipo de cambio - TC Interbancario (S/ por US$) - Venta,29.Ene.15,3.04228571428571
PD04638PD,Tipo de cambio - TC Interbancario (S/ por US$) - Venta,30.Ene.15,3.059
PD04638PD,Tipo de cambio - TC Interbancario (S/ por US$) - Venta,02.Feb.15,3.06042857142857
PD04638PD,Tipo de cambio - TC Interbancario (S/ por US$) - Venta,03.Feb.15,3.05828571428571
PD04638PD,Tipo de cambio - TC Interbancario (S/ por US$) - Venta,04.Feb.15,3.06285714285714
PD04638PD,Tipo de cambio - TC Interbancario (S/ por US$) - Venta,05.Feb.15,3.06157142857143
PD04638PD,Tipo de cambio - TC Interbancario (S/ por US$) - Venta,06.Feb.15,3.06785714285714
PD04638PD,Tipo de cambio - TC Interbancario (S/ por US$) - Venta,09.Feb.15,3.06742857142857
PD04638PD,Tipo de cambio - TC Interbancario (S/ por US$) - Venta,10.Feb.15,3.07514285714286
PD04638PD,Tipo de cambio - TC Interbancario (S/ por US$) - Venta,11.Feb.15,3.09242857142857
PD04638PD,Tipo de cambio - TC Interbancario (S/ por US$) - Venta,12.Feb.15,3.07957142857143
PD04638PD,Tipo de cambio - TC Interbancario (S/ por US$) - Venta,13.Feb.15,3.072
PD04638PD,Tipo de cambio - TC Interbancario (S/ por US$) - Venta,16.Feb.15,3.08585714285714
PD04638PD,Tipo de cambio - TC Interbancario (S/ por US$) - Venta,17.Feb.15,3.08414285714286
PD04638PD,Tipo de cambio - TC Interbancario (S/ por US$) - Venta,18.Feb.15,3.08614285714286
PD04638PD,Tipo de cambio - TC Interbancario (S/ por US$) - Venta,19.Feb.15,3.08742857142857
PD04638PD,Tipo de cambio - TC Interbancario (S/ por US$) - Venta,20.Feb.15,3.08728571428572
PD04638PD,Tipo de cambio - TC Interbancario (S/ por US$) - Venta,23.Feb.15,3.09128571428571
PD04638PD,Tipo de cambio - TC Interbancario (S/ por US$) - Venta,24.Feb.15,3.094
PD04638PD,Tipo de cambio - TC Interbancario (S/ por US$) - Venta,25.Feb.15,3.09628571428571
PD04638PD,Tipo de cambio - TC Interbancario (S/ por US$) - Venta,26.Feb.15,3.09314285714286
PD04638PD,Tipo de cambio - TC Interbancario (S/ por US$) - Venta,27.Feb.15,3.09485714285714
PD04638PD,Tipo de cambio - TC Interbancario (S/ por US$) - Venta,02.Mar.15,3.097
PD04638PD,Tipo de cambio - TC Interbancario (S/ por US$) - Venta,03.Mar.15,3.092
PD04638PD,Tipo de cambio - TC Interbancario (S/ por US$) - Venta,04.Mar.15,3.09428571428571
PD04638PD,Tipo de cambio - TC Interbancario (S/ por US$) - Venta,05.Mar.15,3.09671428571429
PD04638PD,Tipo de cambio - TC Interbancario (S/ por US$) - Venta,06.Mar.15,3.10085714285714
PD04638PD,Tipo de cambio - TC Interbancario (S/ por US$) - Venta,09.Mar.15,3.099
PD04638PD,Tipo de cambio - TC Interbancario (S/ por US$) - Venta,10.Mar.15,3.09942857142857
PD04638PD,Tipo de cambio - TC Interbancario (S/ por US$) - Venta,11.Mar.15,3.10014285714286
PD04638PD,Tipo de cambio - TC Interbancario (S/ por US$) - Venta,12.Mar.15,3.09828571428571
PD04638PD,Tipo de cambio - TC Interbancario (S/ por US$) - Venta,13.Mar.15,3.10171428571429
PD04638PD,Tipo de cambio - TC Interbancario (S/ por US$) - Venta,16.Mar.15,3.09657142857143
PD04638PD,Tipo de cambio - TC Interbancario (S/ por US$) - Venta,17.Mar.15,3.098
PD04638PD,Tipo de cambio - TC Interbancario (S/ por US$) - Venta,18.Mar.15,3.09928571428571
PD04638PD,Tipo de cambio - TC Interbancario (S/ por US$) - Venta,19.Mar.15,3.09685714285714
PD04638PD,Tipo de cambio - TC Interbancario (S/ por US$) - Venta,20.Mar.15,3.08971428571429
PD04638PD,Tipo de cambio - TC Interbancario (S/ por US$) - Venta,23.Mar.15,3.07785714285714
PD04638PD,Tipo de cambio - TC Interbancario (S/ por US$) - Venta,24.Mar.15,3.07328571428571
PD04638PD,Tipo de cambio - TC Interbancario (S/ por US$) - Venta,25.Mar.15,3.06785714285714
PD04638PD,Tipo de cambio - TC Interbancario (S/ por US$) - Venta,26.Mar.15,3.08157142857143
PD04638PD,Tipo de cambio - TC Interbancario (S/ por US$) - Venta,27.Mar.15,3.09142857142857
PD04638PD,Tipo de cambio - TC Interbancario (S/ por US$) - Venta,30.Mar.15,3.09642857142857
PD04638PD,Tipo de cambio - TC Interbancario (S/ por US$) - Venta,31.Mar.15,3.09885714285714
PD04638PD,Tipo de cambio - TC Interbancario (S/ por US$) - Venta,01.Abr.15,3.095
PD04638PD,Tipo de cambio - TC Interbancario (S/ por US$) - Venta,02.Abr.15,n.d.
PD04638PD,Tipo de cambio - TC Interbancario (S/ por US$) - Venta,03.Abr.15,n.d.
PD04638PD,Tipo de cambio - TC Interbancario (S/ por US$) - Venta,06.Abr.15,3.09142857142857
PD04638PD,Tipo de cambio - TC Interbancario (S/ por US$) - Venta,07.Abr.15,3.09842857142857
PD04638PD,Tipo de cambio - TC Interbancario (S/ por US$) - Venta,08.Abr.15,3.103
PD04638PD,Tipo de cambio - TC Interbancario (S/ por US$) - Venta,09.Abr.15,3.11457142857143
PD04638PD,Tipo de cambio - TC Interbancario (S/ por US$) - Venta,10.Abr.15,3.124
PD04638PD,Tipo de cambio - TC Interbancario (S/ por US$) - Venta,13.Abr.15,3.12657142857143
PD04638PD,Tipo de cambio - TC Interbancario (S/ por US$) - Venta,14.Abr.15,3.12085714285714
PD04638PD,Tipo de cambio - TC Interbancario (S/ por US$) - Venta,15.Abr.15,3.12457142857143
PD04638PD,Tipo de cambio - TC Interbancario (S/ por US$) - Venta,16.Abr.15,3.12557142857143
PD04638PD,Tipo de cambio - TC Interbancario (S/ por US$) - Venta,17.Abr.15,3.12671428571429
PD04638PD,Tipo de cambio - TC Interbancario (S/ por US$) - Venta,20.Abr.15,3.12671428571429
PD04638PD,Tipo de cambio - TC Interbancario (S/ por US$) - Venta,21.Abr.15,3.13214285714286
PD04638PD,Tipo de cambio - TC Interbancario (S/ por US$) - Venta,22.Abr.15,3.13385714285714
PD04638PD,Tipo de cambio - TC Interbancario (S/ por US$) - Venta,23.Abr.15,3.133
PD04638PD,Tipo de cambio - TC Interbancario (S/ por US$) - Venta,24.Abr.15,3.13485714285714
PD04638PD,Tipo de cambio - TC Interbancario (S/ por US$) - Venta,27.Abr.15,3.13485714285714
PD04638PD,Tipo de cambio - TC Interbancario (S/ por US$) - Venta,28.Abr.15,3.12742857142857
PD04638PD,Tipo de cambio - TC Interbancario (S/ por US$) - Venta,29.Abr.15,3.12157142857143
PD04638PD,Tipo de cambio - TC Interbancario (S/ por US$) - Venta,30.Abr.15,3.128
PD04638PD,Tipo de cambio - TC Interbancario (S/ por US$) - Venta,01.May.15,n.d.
PD04638PD,Tipo de cambio - TC Interbancario (S/ por US$) - Venta,04.May.15,3.14128571428571
PD04638PD,Tipo de cambio - TC Interbancario (S/ por US$) - Venta,05.May.15,3.15057142857143
PD04638PD,Tipo de cambio - TC Interbancario (S/ por US$) - Venta,06.May.15,3.14671428571429
PD04638PD,Tipo de cambio - TC Interbancario (S/ por US$) - Venta,07.May.15,3.15485714285714
PD04638PD,Tipo de cambio - TC Interbancario (S/ por US$) - Venta,08.May.15,3.14928571428571
PD04638PD,Tipo de cambio - TC Interbancario (S/ por US$) - Venta,11.May.15,3.15371428571429
PD04638PD,Tipo de cambio - TC Interbancario (S/ por US$) - Venta,12.May.15,3.15314285714286
PD04638PD,Tipo de cambio - TC Interbancario (S/ por US$) - Venta,13.May.15,3.152
PD04638PD,Tipo de cambio - TC Interbancario (S/ por US$) - Venta,14.May.15,3.14971428571429
PD04638PD,Tipo de cambio - TC Interbancario (S/ por US$) - Venta,15.May.15,3.148
PD04638PD,Tipo de cambio - TC Interbancario (S/ por US$) - Venta,18.May.15,3.152
PD04638PD,Tipo de cambio - TC Interbancario (S/ por US$) - Venta,19.May.15,3.15457142857143
PD04638PD,Tipo de cambio - TC Interbancario (S/ por US$) - Venta,20.May.15,3.15728571428571
PD04638PD,Tipo de cambio - TC Interbancario (S/ por US$) - Venta,21.May.15,3.15014285714286
PD04638PD,Tipo de cambio - TC Interbancario (S/ por US$) - Venta,22.May.15,3.148
PD04638PD,Tipo de cambio - TC Interbancario (S/ por US$) - Venta,25.May.15,3.152
PD04638PD,Tipo de cambio - TC Interbancario (S/ por US$) - Venta,26.May.15,3.15442857142857
PD04638PD,Tipo de cambio - TC Interbancario (S/ por US$) - Venta,27.May.15,3.149
PD04638PD,Tipo de cambio - TC Interbancario (S/ por US$) - Venta,28.May.15,3.15
PD04638PD,Tipo de cambio - TC Interbancario (S/ por US$) - Venta,29.May.15,3.15771428571429
PD04638PD,Tipo de cambio - TC Interbancario (S/ por US$) - Venta,01.Jun.15,3.158
PD04638PD,Tipo de cambio - TC Interbancario (S/ por US$) - Venta,02.Jun.15,3.15671428571429
PD04638PD,Tipo de cambio - TC Interbancario (S/ por US$) - Venta,03.Jun.15,3.155
PD04638PD,Tipo de cambio - TC Interbancario (S/ por US$) - Venta,04.Jun.15,3.14771428571429
PD04638PD,Tipo de cambio - TC Interbancario (S/ por US$) - Venta,05.Jun.15,3.15385714285714
PD04638PD,Tipo de cambio - TC Interbancario (S/ por US$) - Venta,08.Jun.15,3.15442857142857
PD04638PD,Tipo de cambio - TC Interbancario (S/ por US$) - Venta,09.Jun.15,3.15342857142857
PD04638PD,Tipo de cambio - TC Interbancario (S/ por US$) - Venta,10.Jun.15,3.15414285714286
PD04638PD,Tipo de cambio - TC Interbancario (S/ por US$) - Venta,11.Jun.15,3.155
PD04638PD,Tipo de cambio - TC Interbancario (S/ por US$) - Venta,12.Jun.15,3.15528571428571
PD04638PD,Tipo de cambio - TC Interbancario (S/ por US$) - Venta,15.Jun.15,3.15842857142857
PD04638PD,Tipo de cambio - TC Interbancario (S/ por US$) - Venta,16.Jun.15,3.16285714285714
PD04638PD,Tipo de cambio - TC Interbancario (S/ por US$) - Venta,17.Jun.15,3.16457142857143
PD04638PD,Tipo de cambio - TC Interbancario (S/ por US$) - Venta,18.Jun.15,3.16271428571429
PD04638PD,Tipo de cambio - TC Interbancario (S/ por US$) - Venta,19.Jun.15,3.16785714285714
PD04638PD,Tipo de cambio - TC Interbancario (S/ por US$) - Venta,22.Jun.15,3.17371428571429
PD04638PD,Tipo de cambio - TC Interbancario (S/ por US$) - Venta,23.Jun.15,3.18014285714286
PD04638PD,Tipo de cambio - TC Interbancario (S/ por US$) - Venta,24.Jun.15,3.17685714285714
PD04638PD,Tipo de cambio - TC Interbancario (S/ por US$) - Venta,25.Jun.15,3.16971428571429
PD04638PD,Tipo de cambio - TC Interbancario (S/ por US$) - Venta,26.Jun.15,3.17257142857143
PD04638PD,Tipo de cambio - TC Interbancario (S/ por US$) - Venta,29.Jun.15,n.d.
PD04638PD,Tipo de cambio - TC Interbancario (S/ por US$) - Venta,30.Jun.15,3.179
PD04638PD,Tipo de cambio - TC Interbancario (S/ por US$) - Venta,01.Jul.15,3.18157142857143
PD04638PD,Tipo de cambio - TC Interbancario (S/ por US$) - Venta,02.Jul.15,3.17285714285714
PD04638PD,Tipo de cambio - TC Interbancario (S/ por US$) - Venta,03.Jul.15,3.17414285714286
PD04638PD,Tipo de cambio - TC Interbancario (S/ por US$) - Venta,06.Jul.15,3.17885714285714
PD04638PD,Tipo de cambio - TC Interbancario (S/ por US$) - Venta,07.Jul.15,3.18257142857143
PD04638PD,Tipo de cambio - TC Interbancario (S/ por US$) - Venta,08.Jul.15,3.18642857142857
PD04638PD,Tipo de cambio - TC Interbancario (S/ por US$) - Venta,09.Jul.15,3.18128571428571
PD04638PD,Tipo de cambio - TC Interbancario (S/ por US$) - Venta,10.Jul.15,3.17871428571429
PD04638PD,Tipo de cambio - TC Interbancario (S/ por US$) - Venta,13.Jul.15,3.17942857142857
PD04638PD,Tipo de cambio - TC Interbancario (S/ por US$) - Venta,14.Jul.15,3.179
PD04638PD,Tipo de cambio - TC Interbancario (S/ por US$) - Venta,15.Jul.15,3.182
PD04638PD,Tipo de cambio - TC Interbancario (S/ por US$) - Venta,16.Jul.15,3.17914285714286
PD04638PD,Tipo de cambio - TC Interbancario (S/ por US$) - Venta,17.Jul.15,3.182
PD04638PD,Tipo de cambio - TC Interbancario (S/ por US$) - Venta,20.Jul.15,3.18528571428571
PD04638PD,Tipo de cambio - TC Interbancario (S/ por US$) - Venta,21.Jul.15,3.18157142857143
PD04638PD,Tipo de cambio - TC Interbancario (S/ por US$) - Venta,22.Jul.15,3.186
PD04638PD,Tipo de cambio - TC Interbancario (S/ por US$) - Venta,23.Jul.15,3.18957142857143
PD04638PD,Tipo de cambio - TC Interbancario (S/ por US$) - Venta,24.Jul.15,3.19028571428571
PD04638PD,Tipo de cambio - TC Interbancario (S/ por US$) - Venta,27.Jul.15,n.d.
PD04638PD,Tipo de cambio - TC Interbancario (S/ por US$) - Venta,28.Jul.15,n.d.
PD04638PD,Tipo de cambio - TC Interbancario (S/ por US$) - Venta,29.Jul.15,n.d.
PD04638PD,Tipo de cambio - TC Interbancario (S/ por US$) - Venta,30.Jul.15,3.19357142857143
PD04638PD,Tipo de cambio - TC Interbancario (S/ por US$) - Venta,31.Jul.15,3.19214285714286
PD04638PD,Tipo de cambio - TC Interbancario (S/ por US$) - Venta,03.Ago.15,3.19285714285714
PD04638PD,Tipo de cambio - TC Interbancario (S/ por US$) - Venta,04.Ago.15,3.19385714285714
PD04638PD,Tipo de cambio - TC Interbancario (S/ por US$) - Venta,05.Ago.15,3.20057142857143
PD04638PD,Tipo de cambio - TC Interbancario (S/ por US$) - Venta,06.Ago.15,3.20485714285714
PD04638PD,Tipo de cambio - TC Interbancario (S/ por US$) - Venta,07.Ago.15,3.20257142857143
PD04638PD,Tipo de cambio - TC Interbancario (S/ por US$) - Venta,10.Ago.15,3.20157142857143
PD04638PD,Tipo de cambio - TC Interbancario (S/ por US$) - Venta,11.Ago.15,3.216
PD04638PD,Tipo de cambio - TC Interbancario (S/ por US$) - Venta,12.Ago.15,3.22728571428571
PD04638PD,Tipo de cambio - TC Interbancario (S/ por US$) - Venta,13.Ago.15,3.23342857142857
PD04638PD,Tipo de cambio - TC Interbancario (S/ por US$) - Venta,14.Ago.15,3.24114285714286
PD04638PD,Tipo de cambio - TC Interbancario (S/ por US$) - Venta,17.Ago.15,3.24557142857143
PD04638PD,Tipo de cambio - TC Interbancario (S/ por US$) - Venta,18.Ago.15,3.24885714285714
PD04638PD,Tipo de cambio - TC Interbancario (S/ por US$) - Venta,19.Ago.15,3.25357142857143
PD04638PD,Tipo de cambio - TC Interbancario (S/ por US$) - Venta,20.Ago.15,3.26585714285714
PD04638PD,Tipo de cambio - TC Interbancario (S/ por US$) - Venta,21.Ago.15,3.27442857142857
PD04638PD,Tipo de cambio - TC Interbancario (S/ por US$) - Venta,24.Ago.15,3.28314285714286
PD04638PD,Tipo de cambio - TC Interbancario (S/ por US$) - Venta,25.Ago.15,3.283
PD04638PD,Tipo de cambio - TC Interbancario (S/ por US$) - Venta,26.Ago.15,3.30814285714286
PD04638PD,Tipo de cambio - TC Interbancario (S/ por US$) - Venta,27.Ago.15,3.26982857142857
PD04638PD,Tipo de cambio - TC Interbancario (S/ por US$) - Venta,28.Ago.15,3.25071428571429
PD04638PD,Tipo de cambio - TC Interbancario (S/ por US$) - Venta,31.Ago.15,3.23742857142857
PD04638PD,Tipo de cambio - TC Interbancario (S/ por US$) - Venta,01.Set.15,3.24914285714286
PD04638PD,Tipo de cambio - TC Interbancario (S/ por US$) - Venta,02.Set.15,3.25442857142857
PD04638PD,Tipo de cambio - TC Interbancario (S/ por US$) - Venta,03.Set.15,3.225
PD04638PD,Tipo de cambio - TC Interbancario (S/ por US$) - Venta,04.Set.15,3.219
PD04638PD,Tipo de cambio - TC Interbancario (S/ por US$) - Venta,07.Set.15,3.22928571428571
PD04638PD,Tipo de cambio - TC Interbancario (S/ por US$) - Venta,08.Set.15,3.22671428571429
PD04638PD,Tipo de cambio - TC Interbancario (S/ por US$) - Venta,09.Set.15,3.22328571428571
PD04638PD,Tipo de cambio - TC Interbancario (S/ por US$) - Venta,10.Set.15,3.22271428571429
PD04638PD,Tipo de cambio - TC Interbancario (S/ por US$) - Venta,11.Set.15,3.21057142857143
PD04638PD,Tipo de cambio - TC Interbancario (S/ por US$) - Venta,14.Set.15,3.20957142857143
PD04638PD,Tipo de cambio - TC Interbancario (S/ por US$) - Venta,15.Set.15,3.212
PD04638PD,Tipo de cambio - TC Interbancario (S/ por US$) - Venta,16.Set.15,3.206
PD04638PD,Tipo de cambio - TC Interbancario (S/ por US$) - Venta,17.Set.15,3.19542857142857
PD04638PD,Tipo de cambio - TC Interbancario (S/ por US$) - Venta,18.Set.15,3.19257142857143
PD04638PD,Tipo de cambio - TC Interbancario (S/ por US$) - Venta,21.Set.15,3.195
PD04638PD,Tipo de cambio - TC Interbancario (S/ por US$) - Venta,22.Set.15,3.21342857142857
PD04638PD,Tipo de cambio - TC Interbancario (S/ por US$) - Venta,23.Set.15,3.225
PD04638PD,Tipo de cambio - TC Interbancario (S/ por US$) - Venta,24.Set.15,3.22585714285714
PD04638PD,Tipo de cambio - TC Interbancario (S/ por US$) - Venta,25.Set.15,3.22028571428571
PD04638PD,Tipo de cambio - TC Interbancario (S/ por US$) - Venta,28.Set.15,3.23428571428571
PD04638PD,Tipo de cambio - TC Interbancario (S/ por US$) - Venta,29.Set.15,3.23914285714286
PD04638PD,Tipo de cambio - TC Interbancario (S/ por US$) - Venta,30.Set.15,3.22442857142857
PD04638PD,Tipo de cambio - TC Interbancario (S/ por US$) - Venta,01.Oct.15,3.23042857142857
PD04638PD,Tipo de cambio - TC Interbancario (S/ por US$) - Venta,02.Oct.15,3.22771428571429
PD04638PD,Tipo de cambio - TC Interbancario (S/ por US$) - Venta,05.Oct.15,3.21814285714286
PD04638PD,Tipo de cambio - TC Interbancario (S/ por US$) - Venta,06.Oct.15,3.22085714285714
PD04638PD,Tipo de cambio - TC Interbancario (S/ por US$) - Venta,07.Oct.15,3.22185714285714
PD04638PD,Tipo de cambio - TC Interbancario (S/ por US$) - Venta,08.Oct.15,n.d.
PD04638PD,Tipo de cambio - TC Interbancario (S/ por US$) - Venta,09.Oct.15,n.d.
PD04638PD,Tipo de cambio - TC Interbancario (S/ por US$) - Venta,12.Oct.15,3.22885714285714
PD04638PD,Tipo de cambio - TC Interbancario (S/ por US$) - Venta,13.Oct.15,3.23628571428571
PD04638PD,Tipo de cambio - TC Interbancario (S/ por US$) - Venta,14.Oct.15,3.24142857142857
PD04638PD,Tipo de cambio - TC Interbancario (S/ por US$) - Venta,15.Oct.15,3.23614285714286
PD04638PD,Tipo de cambio - TC Interbancario (S/ por US$) - Venta,16.Oct.15,3.24185714285714
PD04638PD,Tipo de cambio - TC Interbancario (S/ por US$) - Venta,19.Oct.15,3.253
PD04638PD,Tipo de cambio - TC Interbancario (S/ por US$) - Venta,20.Oct.15,3.25842857142857
PD04638PD,Tipo de cambio - TC Interbancario (S/ por US$) - Venta,21.Oct.15,3.26228571428571
PD04638PD,Tipo de cambio - TC Interbancario (S/ por US$) - Venta,22.Oct.15,3.25785714285714
PD04638PD,Tipo de cambio - TC Interbancario (S/ por US$) - Venta,23.Oct.15,3.26614285714286
PD04638PD,Tipo de cambio - TC Interbancario (S/ por US$) - Venta,26.Oct.15,3.27214285714286
PD04638PD,Tipo de cambio - TC Interbancario (S/ por US$) - Venta,27.Oct.15,3.27971428571429
PD04638PD,Tipo de cambio - TC Interbancario (S/ por US$) - Venta,28.Oct.15,3.27885714285714
PD04638PD,Tipo de cambio - TC Interbancario (S/ por US$) - Venta,29.Oct.15,3.28871428571429
PD04638PD,Tipo de cambio - TC Interbancario (S/ por US$) - Venta,30.Oct.15,3.28728571428571
PD04638PD,Tipo de cambio - TC Interbancario (S/ por US$) - Venta,02.Nov.15,3.28714285714286
PD04638PD,Tipo de cambio - TC Interbancario (S/ por US$) - Venta,03.Nov.15,3.28714285714286
PD04638PD,Tipo de cambio - TC Interbancario (S/ por US$) - Venta,04.Nov.15,3.28914285714286
PD04638PD,Tipo de cambio - TC Interbancario (S/ por US$) - Venta,05.Nov.15,3.30057142857143
PD04638PD,Tipo de cambio - TC Interbancario (S/ por US$) - Venta,06.Nov.15,3.31771428571429
PD04638PD,Tipo de cambio - TC Interbancario (S/ por US$) - Venta,09.Nov.15,3.31028571428571
PD04638PD,Tipo de cambio - TC Interbancario (S/ por US$) - Venta,10.Nov.15,3.314
PD04638PD,Tipo de cambio - TC Interbancario (S/ por US$) - Venta,11.Nov.15,3.31657142857143
PD04638PD,Tipo de cambio - TC Interbancario (S/ por US$) - Venta,12.Nov.15,3.323
PD04638PD,Tipo de cambio - TC Interbancario (S/ por US$) - Venta,13.Nov.15,3.335
PD04638PD,Tipo de cambio - TC Interbancario (S/ por US$) - Venta,16.Nov.15,3.34442857142857
PD04638PD,Tipo de cambio - TC Interbancario (S/ por US$) - Venta,17.Nov.15,3.34628571428571
PD04638PD,Tipo de cambio - TC Interbancario (S/ por US$) - Venta,18.Nov.15,3.35728571428571
PD04638PD,Tipo de cambio - TC Interbancario (S/ por US$) - Venta,19.Nov.15,3.358
PD04638PD,Tipo de cambio - TC Interbancario (S/ por US$) - Venta,20.Nov.15,3.35971428571429
PD04638PD,Tipo de cambio - TC Interbancario (S/ por US$) - Venta,23.Nov.15,3.37442857142857
PD04638PD,Tipo de cambio - TC Interbancario (S/ por US$) - Venta,24.Nov.15,3.37814285714286
PD04638PD,Tipo de cambio - TC Interbancario (S/ por US$) - Venta,25.Nov.15,3.38357142857143
PD04638PD,Tipo de cambio - TC Interbancario (S/ por US$) - Venta,26.Nov.15,3.37857142857143
PD04638PD,Tipo de cambio - TC Interbancario (S/ por US$) - Venta,27.Nov.15,3.37657142857143
PD04638PD,Tipo de cambio - TC Interbancario (S/ por US$) - Venta,30.Nov.15,3.37585714285714
PD04638PD,Tipo de cambio - TC Interbancario (S/ por US$) - Venta,01.Dic.15,3.37714285714286
PD04638PD,Tipo de cambio - TC Interbancario (S/ por US$) - Venta,02.Dic.15,3.37285714285714
PD04638PD,Tipo de cambio - TC Interbancario (S/ por US$) - Venta,03.Dic.15,3.369
PD04638PD,Tipo de cambio - TC Interbancario (S/ por US$) - Venta,04.Dic.15,3.37271428571429
PD04638PD,Tipo de cambio - TC Interbancario (S/ por US$) - Venta,07.Dic.15,3.37557142857143
PD04638PD,Tipo de cambio - TC Interbancario (S/ por US$) - Venta,08.Dic.15,n.d.
PD04638PD,Tipo de cambio - TC Interbancario (S/ por US$) - Venta,09.Dic.15,3.37514285714286
PD04638PD,Tipo de cambio - TC Interbancario (S/ por US$) - Venta,10.Dic.15,3.37571428571429
PD04638PD,Tipo de cambio - TC Interbancario (S/ por US$) - Venta,11.Dic.15,3.37885714285714
PD04638PD,Tipo de cambio - TC Interbancario (S/ por US$) - Venta,14.Dic.15,3.38057142857143
PD04638PD,Tipo de cambio - TC Interbancario (S/ por US$) - Venta,15.Dic.15,3.37485714285714
PD04638PD,Tipo de cambio - TC Interbancario (S/ por US$) - Venta,16.Dic.15,3.37242857142857
PD04638PD,Tipo de cambio - TC Interbancario (S/ por US$) - Venta,17.Dic.15,3.37642857142857
PD04638PD,Tipo de cambio - TC Interbancario (S/ por US$) - Venta,18.Dic.15,3.379
PD04638PD,Tipo de cambio - TC Interbancario (S/ por US$) - Venta,21.Dic.15,3.38385714285714
PD04638PD,Tipo de cambio - TC Interbancario (S/ por US$) - Venta,22.Dic.15,3.39071428571429
PD04638PD,Tipo de cambio - TC Interbancario (S/ por US$) - Venta,23.Dic.15,3.39771428571429
PD04638PD,Tipo de cambio - TC Interbancario (S/ por US$) - Venta,24.Dic.15,3.39642857142857
PD04638PD,Tipo de cambio - TC Interbancario (S/ por US$) - Venta,25.Dic.15,n.d.
PD04638PD,Tipo de cambio - TC Interbancario (S/ por US$) - Venta,28.Dic.15,3.40114285714286
PD04638PD,Tipo de cambio - TC Interbancario (S/ por US$) - Venta,29.Dic.15,3.40757142857143
PD04638PD,Tipo de cambio - TC Interbancario (S/ por US$) - Venta,30.Dic.15,3.41028571428571
PD04638PD,Tipo de cambio - TC Interbancario (S/ por US$) - Venta,31.Dic.15,3.412
PD04638PD,Tipo de cambio - TC Interbancario (S/ por US$) - Venta,01.Ene.16,n.d.
PD04638PD,Tipo de cambio - TC Interbancario (S/ por US$) - Venta,04.Ene.16,3.42971428571429
PD04638PD,Tipo de cambio - TC Interbancario (S/ por US$) - Venta,05.Ene.16,3.41657142857143
PD04638PD,Tipo de cambio - TC Interbancario (S/ por US$) - Venta,06.Ene.16,3.41785714285714
PD04638PD,Tipo de cambio - TC Interbancario (S/ por US$) - Venta,07.Ene.16,3.42342857142857
PD04638PD,Tipo de cambio - TC Interbancario (S/ por US$) - Venta,08.Ene.16,3.42857142857143
PD04638PD,Tipo de cambio - TC Interbancario (S/ por US$) - Venta,11.Ene.16,3.42714285714286
PD04638PD,Tipo de cambio - TC Interbancario (S/ por US$) - Venta,12.Ene.16,3.424
PD04638PD,Tipo de cambio - TC Interbancario (S/ por US$) - Venta,13.Ene.16,3.42271428571429
PD04638PD,Tipo de cambio - TC Interbancario (S/ por US$) - Venta,14.Ene.16,3.42571428571429
PD04638PD,Tipo de cambio - TC Interbancario (S/ por US$) - Venta,15.Ene.16,3.43228571428571
PD04638PD,Tipo de cambio - TC Interbancario (S/ por US$) - Venta,18.Ene.16,3.43085714285714
PD04638PD,Tipo de cambio - TC Interbancario (S/ por US$) - Venta,19.Ene.16,3.43271428571429
PD04638PD,Tipo de cambio - TC Interbancario (S/ por US$) - Venta,20.Ene.16,3.44614285714286
PD04638PD,Tipo de cambio - TC Interbancario (S/ por US$) - Venta,21.Ene.16,3.447
PD04638PD,Tipo de cambio - TC Interbancario (S/ por US$) - Venta,22.Ene.16,3.447
PD04638PD,Tipo de cambio - TC Interbancario (S/ por US$) - Venta,25.Ene.16,3.45871428571429
PD04638PD,Tipo de cambio - TC Interbancario (S/ por US$) - Venta,26.Ene.16,3.46828571428571
PD04638PD,Tipo de cambio - TC Interbancario (S/ por US$) - Venta,27.Ene.16,3.465
PD04638PD,Tipo de cambio - TC Interbancario (S/ por US$) - Venta,28.Ene.16,3.46671428571429
PD04638PD,Tipo de cambio - TC Interbancario (S/ por US$) - Venta,29.Ene.16,3.47057142857143
PD04638PD,Tipo de cambio - TC Interbancario (S/ por US$) - Venta,01.Feb.16,3.48357142857143
PD04638PD,Tipo de cambio - TC Interbancario (S/ por US$) - Venta,02.Feb.16,3.49342857142857
PD04638PD,Tipo de cambio - TC Interbancario (S/ por US$) - Venta,03.Feb.16,3.493
PD04638PD,Tipo de cambio - TC Interbancario (S/ por US$) - Venta,04.Feb.16,3.47842857142857
PD04638PD,Tipo de cambio - TC Interbancario (S/ por US$) - Venta,05.Feb.16,3.482
PD04638PD,Tipo de cambio - TC Interbancario (S/ por US$) - Venta,08.Feb.16,3.49271428571429
PD04638PD,Tipo de cambio - TC Interbancario (S/ por US$) - Venta,09.Feb.16,3.50171428571429
PD04638PD,Tipo de cambio - TC Interbancario (S/ por US$) - Venta,10.Feb.16,3.507
PD04638PD,Tipo de cambio - TC Interbancario (S/ por US$) - Venta,11.Feb.16,3.51542857142857
PD04638PD,Tipo de cambio - TC Interbancario (S/ por US$) - Venta,12.Feb.16,3.509
PD04638PD,Tipo de cambio - TC Interbancario (S/ por US$) - Venta,15.Feb.16,3.50414285714286
PD04638PD,Tipo de cambio - TC Interbancario (S/ por US$) - Venta,16.Feb.16,3.50885714285714
PD04638PD,Tipo de cambio - TC Interbancario (S/ por US$) - Venta,17.Feb.16,3.50585714285714
PD04638PD,Tipo de cambio - TC Interbancario (S/ por US$) - Venta,18.Feb.16,3.505
PD04638PD,Tipo de cambio - TC Interbancario (S/ por US$) - Venta,19.Feb.16,3.514
PD04638PD,Tipo de cambio - TC Interbancario (S/ por US$) - Venta,22.Feb.16,3.52
PD04638PD,Tipo de cambio - TC Interbancario (S/ por US$) - Venta,23.Feb.16,3.52914285714286
PD04638PD,Tipo de cambio - TC Interbancario (S/ por US$) - Venta,24.Feb.16,3.53742857142857
PD04638PD,Tipo de cambio - TC Interbancario (S/ por US$) - Venta,25.Feb.16,3.53
PD04638PD,Tipo de cambio - TC Interbancario (S/ por US$) - Venta,26.Feb.16,3.52314285714286
PD04638PD,Tipo de cambio - TC Interbancario (S/ por US$) - Venta,29.Feb.16,3.525
PD04638PD,Tipo de cambio - TC Interbancario (S/ por US$) - Venta,01.Mar.16,3.52128571428571
PD04638PD,Tipo de cambio - TC Interbancario (S/ por US$) - Venta,02.Mar.16,3.51085714285714
PD04638PD,Tipo de cambio - TC Interbancario (S/ por US$) - Venta,03.Mar.16,3.46714285714286
PD04638PD,Tipo de cambio - TC Interbancario (S/ por US$) - Venta,04.Mar.16,3.44185714285714
PD04638PD,Tipo de cambio - TC Interbancario (S/ por US$) - Venta,07.Mar.16,3.46428571428571
PD04638PD,Tipo de cambio - TC Interbancario (S/ por US$) - Venta,08.Mar.16,3.46628571428571
PD04638PD,Tipo de cambio - TC Interbancario (S/ por US$) - Venta,09.Mar.16,3.44414285714286
PD04638PD,Tipo de cambio - TC Interbancario (S/ por US$) - Venta,10.Mar.16,3.44028571428571
PD04638PD,Tipo de cambio - TC Interbancario (S/ por US$) - Venta,11.Mar.16,3.38528571428571
PD04638PD,Tipo de cambio - TC Interbancario (S/ por US$) - Venta,14.Mar.16,3.362
PD04638PD,Tipo de cambio - TC Interbancario (S/ por US$) - Venta,15.Mar.16,3.34857142857143
PD04638PD,Tipo de cambio - TC Interbancario (S/ por US$) - Venta,16.Mar.16,3.37671428571429
PD04638PD,Tipo de cambio - TC Interbancario (S/ por US$) - Venta,17.Mar.16,3.35171428571429
PD04638PD,Tipo de cambio - TC Interbancario (S/ por US$) - Venta,18.Mar.16,3.37757142857143
PD04638PD,Tipo de cambio - TC Interbancario (S/ por US$) - Venta,21.Mar.16,3.39542857142857
PD04638PD,Tipo de cambio - TC Interbancario (S/ por US$) - Venta,22.Mar.16,3.41542857142857
PD04638PD,Tipo de cambio - TC Interbancario (S/ por US$) - Venta,23.Mar.16,3.40128571428572
PD04638PD,Tipo de cambio - TC Interbancario (S/ por US$) - Venta,24.Mar.16,n.d.
PD04638PD,Tipo de cambio - TC Interbancario (S/ por US$) - Venta,25.Mar.16,n.d.
PD04638PD,Tipo de cambio - TC Interbancario (S/ por US$) - Venta,28.Mar.16,3.36142857142857
PD04638PD,Tipo de cambio - TC Interbancario (S/ por US$) - Venta,29.Mar.16,3.38528571428571
PD04638PD,Tipo de cambio - TC Interbancario (S/ por US$) - Venta,30.Mar.16,3.36142857142857
PD04638PD,Tipo de cambio - TC Interbancario (S/ por US$) - Venta,31.Mar.16,3.32842857142857
PD04638PD,Tipo de cambio - TC Interbancario (S/ por US$) - Venta,01.Abr.16,3.34857142857143
PD04638PD,Tipo de cambio - TC Interbancario (S/ por US$) - Venta,04.Abr.16,3.357
PD04638PD,Tipo de cambio - TC Interbancario (S/ por US$) - Venta,05.Abr.16,3.36371428571429
PD04638PD,Tipo de cambio - TC Interbancario (S/ por US$) - Venta,06.Abr.16,3.38014285714286
PD04638PD,Tipo de cambio - TC Interbancario (S/ por US$) - Venta,07.Abr.16,3.40657142857143
PD04638PD,Tipo de cambio - TC Interbancario (S/ por US$) - Venta,08.Abr.16,3.40657142857143
PD04638PD,Tipo de cambio - TC Interbancario (S/ por US$) - Venta,11.Abr.16,3.29842857142857
PD04638PD,Tipo de cambio - TC Interbancario (S/ por US$) - Venta,12.Abr.16,3.26957142857143
PD04638PD,Tipo de cambio - TC Interbancario (S/ por US$) - Venta,13.Abr.16,3.26957142857143
PD04638PD,Tipo de cambio - TC Interbancario (S/ por US$) - Venta,14.Abr.16,3.28014285714286
PD04638PD,Tipo de cambio - TC Interbancario (S/ por US$) - Venta,15.Abr.16,3.28028571428571
PD04638PD,Tipo de cambio - TC Interbancario (S/ por US$) - Venta,18.Abr.16,3.276
PD04638PD,Tipo de cambio - TC Interbancario (S/ por US$) - Venta,19.Abr.16,3.25014285714286
PD04638PD,Tipo de cambio - TC Interbancario (S/ por US$) - Venta,20.Abr.16,3.25157142857143
PD04638PD,Tipo de cambio - TC Interbancario (S/ por US$) - Venta,21.Abr.16,3.263
PD04638PD,Tipo de cambio - TC Interbancario (S/ por US$) - Venta,22.Abr.16,3.27271428571429
PD04638PD,Tipo de cambio - TC Interbancario (S/ por US$) - Venta,25.Abr.16,3.28628571428571
PD04638PD,Tipo de cambio - TC Interbancario (S/ por US$) - Venta,26.Abr.16,3.28471428571429
PD04638PD,Tipo de cambio - TC Interbancario (S/ por US$) - Venta,27.Abr.16,3.29071428571429
PD04638PD,Tipo de cambio - TC Interbancario (S/ por US$) - Venta,28.Abr.16,3.28014285714286
PD04638PD,Tipo de cambio - TC Interbancario (S/ por US$) - Venta,29.Abr.16,3.27728571428571
PD04638PD,Tipo de cambio - TC Interbancario (S/ por US$) - Venta,02.May.16,3.29385714285714
PD04638PD,Tipo de cambio - TC Interbancario (S/ por US$) - Venta,03.May.16,3.33357142857143
PD04638PD,Tipo de cambio - TC Interbancario (S/ por US$) - Venta,04.May.16,3.33514285714286
PD04638PD,Tipo de cambio - TC Interbancario (S/ por US$) - Venta,05.May.16,3.31928571428571
PD04638PD,Tipo de cambio - TC Interbancario (S/ por US$) - Venta,06.May.16,3.31828571428571
PD04638PD,Tipo de cambio - TC Interbancario (S/ por US$) - Venta,09.May.16,3.34085714285714
PD04638PD,Tipo de cambio - TC Interbancario (S/ por US$) - Venta,10.May.16,3.33328571428571
PD04638PD,Tipo de cambio - TC Interbancario (S/ por US$) - Venta,11.May.16,3.33328571428571
PD04638PD,Tipo de cambio - TC Interbancario (S/ por US$) - Venta,12.May.16,3.32842857142857
PD04638PD,Tipo de cambio - TC Interbancario (S/ por US$) - Venta,13.May.16,3.338
PD04638PD,Tipo de cambio - TC Interbancario (S/ por US$) - Venta,16.May.16,3.33057142857143
PD04638PD,Tipo de cambio - TC Interbancario (S/ por US$) - Venta,17.May.16,3.317
PD04638PD,Tipo de cambio - TC Interbancario (S/ por US$) - Venta,18.May.16,3.32342857142857
PD04638PD,Tipo de cambio - TC Interbancario (S/ por US$) - Venta,19.May.16,3.34242857142857
PD04638PD,Tipo de cambio - TC Interbancario (S/ por US$) - Venta,20.May.16,3.33628571428571
PD04638PD,Tipo de cambio - TC Interbancario (S/ por US$) - Venta,23.May.16,3.34685714285714
PD04638PD,Tipo de cambio - TC Interbancario (S/ por US$) - Venta,24.May.16,3.34171428571429
PD04638PD,Tipo de cambio - TC Interbancario (S/ por US$) - Venta,25.May.16,3.34014285714286
PD04638PD,Tipo de cambio - TC Interbancario (S/ por US$) - Venta,26.May.16,3.34257142857143
PD04638PD,Tipo de cambio - TC Interbancario (S/ por US$) - Venta,27.May.16,3.357
PD04638PD,Tipo de cambio - TC Interbancario (S/ por US$) - Venta,30.May.16,3.363
PD04638PD,Tipo de cambio - TC Interbancario (S/ por US$) - Venta,31.May.16,3.37342857142857
PD04638PD,Tipo de cambio - TC Interbancario (S/ por US$) - Venta,01.Jun.16,3.38257142857143
PD04638PD,Tipo de cambio - TC Interbancario (S/ por US$) - Venta,02.Jun.16,3.37571428571429
PD04638PD,Tipo de cambio - TC Interbancario (S/ por US$) - Venta,03.Jun.16,3.34471428571429
PD04638PD,Tipo de cambio - TC Interbancario (S/ por US$) - Venta,06.Jun.16,3.31757142857143
PD04638PD,Tipo de cambio - TC Interbancario (S/ por US$) - Venta,07.Jun.16,3.30814285714286
PD04638PD,Tipo de cambio - TC Interbancario (S/ por US$) - Venta,08.Jun.16,3.293
PD04638PD,Tipo de cambio - TC Interbancario (S/ por US$) - Venta,09.Jun.16,3.312
PD04638PD,Tipo de cambio - TC Interbancario (S/ por US$) - Venta,10.Jun.16,3.326
PD04638PD,Tipo de cambio - TC Interbancario (S/ por US$) - Venta,13.Jun.16,3.332
PD04638PD,Tipo de cambio - TC Interbancario (S/ por US$) - Venta,14.Jun.16,3.33442857142857
PD04638PD,Tipo de cambio - TC Interbancario (S/ por US$) - Venta,15.Jun.16,3.321
PD04638PD,Tipo de cambio - TC Interbancario (S/ por US$) - Venta,16.Jun.16,3.33657142857143
PD04638PD,Tipo de cambio - TC Interbancario (S/ por US$) - Venta,17.Jun.16,3.32085714285714
PD04638PD,Tipo de cambio - TC Interbancario (S/ por US$) - Venta,20.Jun.16,3.28914285714286
PD04638PD,Tipo de cambio - TC Interbancario (S/ por US$) - Venta,21.Jun.16,3.28785714285714
PD04638PD,Tipo de cambio - TC Interbancario (S/ por US$) - Venta,22.Jun.16,3.28342857142857
PD04638PD,Tipo de cambio - TC Interbancario (S/ por US$) - Venta,23.Jun.16,3.28357142857143
PD04638PD,Tipo de cambio - TC Interbancario (S/ por US$) - Venta,24.Jun.16,3.32228571428572
PD04638PD,Tipo de cambio - TC Interbancario (S/ por US$) - Venta,27.Jun.16,3.323
PD04638PD,Tipo de cambio - TC Interbancario (S/ por US$) - Venta,28.Jun.16,3.304
PD04638PD,Tipo de cambio - TC Interbancario (S/ por US$) - Venta,29.Jun.16,n.d.
PD04638PD,Tipo de cambio - TC Interbancario (S/ por US$) - Venta,30.Jun.16,3.292
PD04638PD,Tipo de cambio - TC Interbancario (S/ por US$) - Venta,01.Jul.16,3.28714285714286
PD04638PD,Tipo de cambio - TC Interbancario (S/ por US$) - Venta,04.Jul.16,3.28657142857143
PD04638PD,Tipo de cambio - TC Interbancario (S/ por US$) - Venta,05.Jul.16,3.28842857142857
PD04638PD,Tipo de cambio - TC Interbancario (S/ por US$) - Venta,06.Jul.16,3.28171428571429
PD04638PD,Tipo de cambio - TC Interbancario (S/ por US$) - Venta,07.Jul.16,3.28457142857143
PD04638PD,Tipo de cambio - TC Interbancario (S/ por US$) - Venta,08.Jul.16,3.279
PD04638PD,Tipo de cambio - TC Interbancario (S/ por US$) - Venta,11.Jul.16,3.28071428571429
PD04638PD,Tipo de cambio - TC Interbancario (S/ por US$) - Venta,12.Jul.16,3.28128571428571
PD04638PD,Tipo de cambio - TC Interbancario (S/ por US$) - Venta,13.Jul.16,3.282
PD04638PD,Tipo de cambio - TC Interbancario (S/ por US$) - Venta,14.Jul.16,3.27957142857143
PD04638PD,Tipo de cambio - TC Interbancario (S/ por US$) - Venta,15.Jul.16,3.27928571428571
PD04638PD,Tipo de cambio - TC Interbancario (S/ por US$) - Venta,18.Jul.16,3.28042857142857
PD04638PD,Tipo de cambio - TC Interbancario (S/ por US$) - Venta,19.Jul.16,3.29557142857143
PD04638PD,Tipo de cambio - TC Interbancario (S/ por US$) - Venta,20.Jul.16,3.31214285714286
PD04638PD,Tipo de cambio - TC Interbancario (S/ por US$) - Venta,21.Jul.16,3.32385714285714
PD04638PD,Tipo de cambio - TC Interbancario (S/ por US$) - Venta,22.Jul.16,3.32842857142857
PD04638PD,Tipo de cambio - TC Interbancario (S/ por US$) - Venta,25.Jul.16,3.34685714285714
PD04638PD,Tipo de cambio - TC Interbancario (S/ por US$) - Venta,26.Jul.16,3.36328571428571
PD04638PD,Tipo de cambio - TC Interbancario (S/ por US$) - Venta,27.Jul.16,3.358
PD04638PD,Tipo de cambio - TC Interbancario (S/ por US$) - Venta,28.Jul.16,n.d.
PD04638PD,Tipo de cambio - TC Interbancario (S/ por US$) - Venta,29.Jul.16,n.d.
PD04638PD,Tipo de cambio - TC Interbancario (S/ por US$) - Venta,01.Ago.16,3.34885714285714
PD04638PD,Tipo de cambio - TC Interbancario (S/ por US$) - Venta,02.Ago.16,3.34614285714286
PD04638PD,Tipo de cambio - TC Interbancario (S/ por US$) - Venta,03.Ago.16,3.35471428571429
PD04638PD,Tipo de cambio - TC Interbancario (S/ por US$) - Venta,04.Ago.16,3.34014285714286
PD04638PD,Tipo de cambio - TC Interbancario (S/ por US$) - Venta,05.Ago.16,3.33685714285714
PD04638PD,Tipo de cambio - TC Interbancario (S/ por US$) - Venta,08.Ago.16,3.31942857142857
PD04638PD,Tipo de cambio - TC Interbancario (S/ por US$) - Venta,09.Ago.16,3.30442857142857
PD04638PD,Tipo de cambio - TC Interbancario (S/ por US$) - Venta,10.Ago.16,3.30828571428571
PD04638PD,Tipo de cambio - TC Interbancario (S/ por US$) - Venta,11.Ago.16,3.30857142857143
PD04638PD,Tipo de cambio - TC Interbancario (S/ por US$) - Venta,12.Ago.16,3.31614285714286
PD04638PD,Tipo de cambio - TC Interbancario (S/ por US$) - Venta,15.Ago.16,3.31128571428571
PD04638PD,Tipo de cambio - TC Interbancario (S/ por US$) - Venta,16.Ago.16,3.30928571428571
PD04638PD,Tipo de cambio - TC Interbancario (S/ por US$) - Venta,17.Ago.16,3.31871428571429
PD04638PD,Tipo de cambio - TC Interbancario (S/ por US$) - Venta,18.Ago.16,3.30614285714286
PD04638PD,Tipo de cambio - TC Interbancario (S/ por US$) - Venta,19.Ago.16,3.32171428571429
PD04638PD,Tipo de cambio - TC Interbancario (S/ por US$) - Venta,22.Ago.16,3.34314285714286
PD04638PD,Tipo de cambio - TC Interbancario (S/ por US$) - Venta,23.Ago.16,3.35857142857143
PD04638PD,Tipo de cambio - TC Interbancario (S/ por US$) - Venta,24.Ago.16,3.35571428571429
PD04638PD,Tipo de cambio - TC Interbancario (S/ por US$) - Venta,25.Ago.16,3.352
PD04638PD,Tipo de cambio - TC Interbancario (S/ por US$) - Venta,26.Ago.16,3.34728571428571
PD04638PD,Tipo de cambio - TC Interbancario (S/ por US$) - Venta,29.Ago.16,3.375
PD04638PD,Tipo de cambio - TC Interbancario (S/ por US$) - Venta,30.Ago.16,n.d.
PD04638PD,Tipo de cambio - TC Interbancario (S/ por US$) - Venta,31.Ago.16,3.39557142857143
PD04638PD,Tipo de cambio - TC Interbancario (S/ por US$) - Venta,01.Set.16,3.39857142857143
PD04638PD,Tipo de cambio - TC Interbancario (S/ por US$) - Venta,02.Set.16,3.38885714285714
PD04638PD,Tipo de cambio - TC Interbancario (S/ por US$) - Venta,05.Set.16,3.39785714285714
PD04638PD,Tipo de cambio - TC Interbancario (S/ por US$) - Venta,06.Set.16,3.37585714285714
PD04638PD,Tipo de cambio - TC Interbancario (S/ por US$) - Venta,07.Set.16,3.36228571428571
PD04638PD,Tipo de cambio - TC Interbancario (S/ por US$) - Venta,08.Set.16,3.37114285714286
PD04638PD,Tipo de cambio - TC Interbancario (S/ por US$) - Venta,09.Set.16,3.38971428571429
PD04638PD,Tipo de cambio - TC Interbancario (S/ por US$) - Venta,12.Set.16,3.40357142857143
PD04638PD,Tipo de cambio - TC Interbancario (S/ por US$) - Venta,13.Set.16,3.41385714285714
PD04638PD,Tipo de cambio - TC Interbancario (S/ por US$) - Venta,14.Set.16,3.39857142857143
PD04638PD,Tipo de cambio - TC Interbancario (S/ por US$) - Venta,15.Set.16,3.38771428571429
PD04638PD,Tipo de cambio - TC Interbancario (S/ por US$) - Venta,16.Set.16,3.39714285714286
PD04638PD,Tipo de cambio - TC Interbancario (S/ por US$) - Venta,19.Set.16,3.39242857142857
PD04638PD,Tipo de cambio - TC Interbancario (S/ por US$) - Venta,20.Set.16,3.38885714285714
PD04638PD,Tipo de cambio - TC Interbancario (S/ por US$) - Venta,21.Set.16,3.38042857142857
PD04638PD,Tipo de cambio - TC Interbancario (S/ por US$) - Venta,22.Set.16,3.35357142857143
PD04638PD,Tipo de cambio - TC Interbancario (S/ por US$) - Venta,23.Set.16,3.35685714285714
PD04638PD,Tipo de cambio - TC Interbancario (S/ por US$) - Venta,26.Set.16,3.36371428571429
PD04638PD,Tipo de cambio - TC Interbancario (S/ por US$) - Venta,27.Set.16,3.36942857142857
PD04638PD,Tipo de cambio - TC Interbancario (S/ por US$) - Venta,28.Set.16,3.37628571428571
PD04638PD,Tipo de cambio - TC Interbancario (S/ por US$) - Venta,29.Set.16,3.38814285714286
PD04638PD,Tipo de cambio - TC Interbancario (S/ por US$) - Venta,30.Set.16,3.398
PD04638PD,Tipo de cambio - TC Interbancario (S/ por US$) - Venta,03.Oct.16,3.39057142857143
PD04638PD,Tipo de cambio - TC Interbancario (S/ por US$) - Venta,04.Oct.16,3.39985714285714
PD04638PD,Tipo de cambio - TC Interbancario (S/ por US$) - Venta,05.Oct.16,3.40571428571429
PD04638PD,Tipo de cambio - TC Interbancario (S/ por US$) - Venta,06.Oct.16,3.41114285714286
PD04638PD,Tipo de cambio - TC Interbancario (S/ por US$) - Venta,07.Oct.16,3.40842857142857
PD04638PD,Tipo de cambio - TC Interbancario (S/ por US$) - Venta,10.Oct.16,3.39757142857143
PD04638PD,Tipo de cambio - TC Interbancario (S/ por US$) - Venta,11.Oct.16,3.40042857142857
PD04638PD,Tipo de cambio - TC Interbancario (S/ por US$) - Venta,12.Oct.16,3.40742857142857
PD04638PD,Tipo de cambio - TC Interbancario (S/ por US$) - Venta,13.Oct.16,3.40928571428571
PD04638PD,Tipo de cambio - TC Interbancario (S/ por US$) - Venta,14.Oct.16,3.40242857142857
PD04638PD,Tipo de cambio - TC Interbancario (S/ por US$) - Venta,17.Oct.16,3.39942857142857
PD04638PD,Tipo de cambio - TC Interbancario (S/ por US$) - Venta,18.Oct.16,3.38714285714286
PD04638PD,Tipo de cambio - TC Interbancario (S/ por US$) - Venta,19.Oct.16,3.38242857142857
PD04638PD,Tipo de cambio - TC Interbancario (S/ por US$) - Venta,20.Oct.16,3.38328571428571
PD04638PD,Tipo de cambio - TC Interbancario (S/ por US$) - Venta,21.Oct.16,3.36914285714286
PD04638PD,Tipo de cambio - TC Interbancario (S/ por US$) - Venta,24.Oct.16,3.35342857142857
PD04638PD,Tipo de cambio - TC Interbancario (S/ por US$) - Venta,25.Oct.16,3.35914285714286
PD04638PD,Tipo de cambio - TC Interbancario (S/ por US$) - Venta,26.Oct.16,3.36642857142857
PD04638PD,Tipo de cambio - TC Interbancario (S/ por US$) - Venta,27.Oct.16,3.373
PD04638PD,Tipo de cambio - TC Interbancario (S/ por US$) - Venta,28.Oct.16,3.363
PD04638PD,Tipo de cambio - TC Interbancario (S/ por US$) - Venta,31.Oct.16,3.36457142857143
PD04638PD,Tipo de cambio - TC Interbancario (S/ por US$) - Venta,01.Nov.16,n.d.
PD04638PD,Tipo de cambio - TC Interbancario (S/ por US$) - Venta,02.Nov.16,3.38214285714286
PD04638PD,Tipo de cambio - TC Interbancario (S/ por US$) - Venta,03.Nov.16,3.37942857142857
PD04638PD,Tipo de cambio - TC Interbancario (S/ por US$) - Venta,04.Nov.16,3.38457142857143
PD04638PD,Tipo de cambio - TC Interbancario (S/ por US$) - Venta,07.Nov.16,3.37428571428571
PD04638PD,Tipo de cambio - TC Interbancario (S/ por US$) - Venta,08.Nov.16,3.361
PD04638PD,Tipo de cambio - TC Interbancario (S/ por US$) - Venta,09.Nov.16,3.38085714285714
PD04638PD,Tipo de cambio - TC Interbancario (S/ por US$) - Venta,10.Nov.16,3.40485714285714
PD04638PD,Tipo de cambio - TC Interbancario (S/ por US$) - Venta,11.Nov.16,3.41257142857143
PD04638PD,Tipo de cambio - TC Interbancario (S/ por US$) - Venta,14.Nov.16,3.42428571428571
PD04638PD,Tipo de cambio - TC Interbancario (S/ por US$) - Venta,15.Nov.16,3.42542857142857
PD04638PD,Tipo de cambio - TC Interbancario (S/ por US$) - Venta,16.Nov.16,3.41642857142857
PD04638PD,Tipo de cambio - TC Interbancario (S/ por US$) - Venta,17.Nov.16,n.d.
PD04638PD,Tipo de cambio - TC Interbancario (S/ por US$) - Venta,18.Nov.16,n.d.
PD04638PD,Tipo de cambio - TC Interbancario (S/ por US$) - Venta,21.Nov.16,3.41671428571429
PD04638PD,Tipo de cambio - TC Interbancario (S/ por US$) - Venta,22.Nov.16,3.41957142857143
PD04638PD,Tipo de cambio - TC Interbancario (S/ por US$) - Venta,23.Nov.16,3.42742857142857
PD04638PD,Tipo de cambio - TC Interbancario (S/ por US$) - Venta,24.Nov.16,3.41957142857143
PD04638PD,Tipo de cambio - TC Interbancario (S/ por US$) - Venta,25.Nov.16,3.41728571428571
PD04638PD,Tipo de cambio - TC Interbancario (S/ por US$) - Venta,28.Nov.16,3.41671428571429
PD04638PD,Tipo de cambio - TC Interbancario (S/ por US$) - Venta,29.Nov.16,3.42242857142857
PD04638PD,Tipo de cambio - TC Interbancario (S/ por US$) - Venta,30.Nov.16,3.41271428571429
PD04638PD,Tipo de cambio - TC Interbancario (S/ por US$) - Venta,01.Dic.16,3.41785714285714
PD04638PD,Tipo de cambio - TC Interbancario (S/ por US$) - Venta,02.Dic.16,3.41471428571429
PD04638PD,Tipo de cambio - TC Interbancario (S/ por US$) - Venta,05.Dic.16,3.42042857142857
PD04638PD,Tipo de cambio - TC Interbancario (S/ por US$) - Venta,06.Dic.16,3.41685714285714
PD04638PD,Tipo de cambio - TC Interbancario (S/ por US$) - Venta,07.Dic.16,3.40828571428571
PD04638PD,Tipo de cambio - TC Interbancario (S/ por US$) - Venta,08.Dic.16,n.d.
PD04638PD,Tipo de cambio - TC Interbancario (S/ por US$) - Venta,09.Dic.16,3.40314285714286
PD04638PD,Tipo de cambio - TC Interbancario (S/ por US$) - Venta,12.Dic.16,3.40428571428571
PD04638PD,Tipo de cambio - TC Interbancario (S/ por US$) - Venta,13.Dic.16,3.39957142857143
PD04638PD,Tipo de cambio - TC Interbancario (S/ por US$) - Venta,14.Dic.16,3.39442857142857
PD04638PD,Tipo de cambio - TC Interbancario (S/ por US$) - Venta,15.Dic.16,3.40685714285714
PD04638PD,Tipo de cambio - TC Interbancario (S/ por US$) - Venta,16.Dic.16,3.40342857142857
PD04638PD,Tipo de cambio - TC Interbancario (S/ por US$) - Venta,19.Dic.16,3.40728571428571
PD04638PD,Tipo de cambio - TC Interbancario (S/ por US$) - Venta,20.Dic.16,3.40357142857143
PD04638PD,Tipo de cambio - TC Interbancario (S/ por US$) - Venta,21.Dic.16,3.397
PD04638PD,Tipo de cambio - TC Interbancario (S/ por US$) - Venta,22.Dic.16,3.39942857142857
PD04638PD,Tipo de cambio - TC Interbancario (S/ por US$) - Venta,23.Dic.16,3.386
PD04638PD,Tipo de cambio - TC Interbancario (S/ por US$) - Venta,26.Dic.16,3.39371428571429
PD04638PD,Tipo de cambio - TC Interbancario (S/ por US$) - Venta,27.Dic.16,3.38328571428571
PD04638PD,Tipo de cambio - TC Interbancario (S/ por US$) - Venta,28.Dic.16,3.36457142857143
PD04638PD,Tipo de cambio - TC Interbancario (S/ por US$) - Venta,29.Dic.16,3.35657142857143
PD04638PD,Tipo de cambio - TC Interbancario (S/ por US$) - Venta,30.Dic.16,3.35728571428571
PD04638PD,Tipo de cambio - TC Interbancario (S/ por US$) - Venta,02.Ene.17,3.36342857142857
PD04638PD,Tipo de cambio - TC Interbancario (S/ por US$) - Venta,03.Ene.17,3.37857142857143
PD04638PD,Tipo de cambio - TC Interbancario (S/ por US$) - Venta,04.Ene.17,3.38928571428572
PD04638PD,Tipo de cambio - TC Interbancario (S/ por US$) - Venta,05.Ene.17,3.37142857142857
PD04638PD,Tipo de cambio - TC Interbancario (S/ por US$) - Venta,06.Ene.17,3.375
PD04638PD,Tipo de cambio - TC Interbancario (S/ por US$) - Venta,09.Ene.17,3.38485714285714
PD04638PD,Tipo de cambio - TC Interbancario (S/ por US$) - Venta,10.Ene.17,3.39
PD04638PD,Tipo de cambio - TC Interbancario (S/ por US$) - Venta,11.Ene.17,3.39071428571429
PD04638PD,Tipo de cambio - TC Interbancario (S/ por US$) - Venta,12.Ene.17,3.36542857142857
PD04638PD,Tipo de cambio - TC Interbancario (S/ por US$) - Venta,13.Ene.17,3.36585714285714
PD04638PD,Tipo de cambio - TC Interbancario (S/ por US$) - Venta,16.Ene.17,3.37071428571429
PD04638PD,Tipo de cambio - TC Interbancario (S/ por US$) - Venta,17.Ene.17,3.35228571428571
PD04638PD,Tipo de cambio - TC Interbancario (S/ por US$) - Venta,18.Ene.17,3.349
PD04638PD,Tipo de cambio - TC Interbancario (S/ por US$) - Venta,19.Ene.17,3.33371428571429
PD04638PD,Tipo de cambio - TC Interbancario (S/ por US$) - Venta,20.Ene.17,3.30571428571429
PD04638PD,Tipo de cambio - TC Interbancario (S/ por US$) - Venta,23.Ene.17,3.28914285714286
PD04638PD,Tipo de cambio - TC Interbancario (S/ por US$) - Venta,24.Ene.17,3.28428571428571
PD04638PD,Tipo de cambio - TC Interbancario (S/ por US$) - Venta,25.Ene.17,3.282
PD04638PD,Tipo de cambio - TC Interbancario (S/ por US$) - Venta,26.Ene.17,3.30328571428571
PD04638PD,Tipo de cambio - TC Interbancario (S/ por US$) - Venta,27.Ene.17,3.29228571428571
PD04638PD,Tipo de cambio - TC Interbancario (S/ por US$) - Venta,30.Ene.17,3.29028571428571
PD04638PD,Tipo de cambio - TC Interbancario (S/ por US$) - Venta,31.Ene.17,3.28342857142857
PD04638PD,Tipo de cambio - TC Interbancario (S/ por US$) - Venta,01.Feb.17,3.27085714285714
PD04638PD,Tipo de cambio - TC Interbancario (S/ por US$) - Venta,02.Feb.17,3.25871428571429
PD04638PD,Tipo de cambio - TC Interbancario (S/ por US$) - Venta,03.Feb.17,3.25071428571429
PD04638PD,Tipo de cambio - TC Interbancario (S/ por US$) - Venta,06.Feb.17,3.27857142857143
PD04638PD,Tipo de cambio - TC Interbancario (S/ por US$) - Venta,07.Feb.17,3.29442857142857
PD04638PD,Tipo de cambio - TC Interbancario (S/ por US$) - Venta,08.Feb.17,3.28928571428571
PD04638PD,Tipo de cambio - TC Interbancario (S/ por US$) - Venta,09.Feb.17,3.27442857142857
PD04638PD,Tipo de cambio - TC Interbancario (S/ por US$) - Venta,10.Feb.17,3.25971428571429
PD04638PD,Tipo de cambio - TC Interbancario (S/ por US$) - Venta,13.Feb.17,3.26528571428571
PD04638PD,Tipo de cambio - TC Interbancario (S/ por US$) - Venta,14.Feb.17,3.26228571428571
PD04638PD,Tipo de cambio - TC Interbancario (S/ por US$) - Venta,15.Feb.17,3.25471428571429
PD04638PD,Tipo de cambio - TC Interbancario (S/ por US$) - Venta,16.Feb.17,3.24857142857143
PD04638PD,Tipo de cambio - TC Interbancario (S/ por US$) - Venta,17.Feb.17,3.26328571428571
PD04638PD,Tipo de cambio - TC Interbancario (S/ por US$) - Venta,20.Feb.17,3.25428571428571
PD04638PD,Tipo de cambio - TC Interbancario (S/ por US$) - Venta,21.Feb.17,3.25114285714286
PD04638PD,Tipo de cambio - TC Interbancario (S/ por US$) - Venta,22.Feb.17,3.24357142857143
PD04638PD,Tipo de cambio - TC Interbancario (S/ por US$) - Venta,23.Feb.17,3.24185714285714
PD04638PD,Tipo de cambio - TC Interbancario (S/ por US$) - Venta,24.Feb.17,3.25271428571429
PD04638PD,Tipo de cambio - TC Interbancario (S/ por US$) - Venta,27.Feb.17,3.25328571428571
PD04638PD,Tipo de cambio - TC Interbancario (S/ por US$) - Venta,28.Feb.17,3.26214285714286
PD04638PD,Tipo de cambio - TC Interbancario (S/ por US$) - Venta,01.Mar.17,3.26457142857143
PD04638PD,Tipo de cambio - TC Interbancario (S/ por US$) - Venta,02.Mar.17,3.27385714285714
PD04638PD,Tipo de cambio - TC Interbancario (S/ por US$) - Venta,03.Mar.17,3.28457142857143
PD04638PD,Tipo de cambio - TC Interbancario (S/ por US$) - Venta,06.Mar.17,3.28985714285714
PD04638PD,Tipo de cambio - TC Interbancario (S/ por US$) - Venta,07.Mar.17,3.29328571428571
PD04638PD,Tipo de cambio - TC Interbancario (S/ por US$) - Venta,08.Mar.17,3.29514285714286
PD04638PD,Tipo de cambio - TC Interbancario (S/ por US$) - Venta,09.Mar.17,3.29728571428571
PD04638PD,Tipo de cambio - TC Interbancario (S/ por US$) - Venta,10.Mar.17,3.28371428571429
PD04638PD,Tipo de cambio - TC Interbancario (S/ por US$) - Venta,13.Mar.17,3.288
PD04638PD,Tipo de cambio - TC Interbancario (S/ por US$) - Venta,14.Mar.17,3.28628571428571
PD04638PD,Tipo de cambio - TC Interbancario (S/ por US$) - Venta,15.Mar.17,3.26771428571429
PD04638PD,Tipo de cambio - TC Interbancario (S/ por US$) - Venta,16.Mar.17,3.25142857142857
PD04638PD,Tipo de cambio - TC Interbancario (S/ por US$) - Venta,17.Mar.17,3.24957142857143
PD04638PD,Tipo de cambio - TC Interbancario (S/ por US$) - Venta,20.Mar.17,3.25228571428571
PD04638PD,Tipo de cambio - TC Interbancario (S/ por US$) - Venta,21.Mar.17,3.245
PD04638PD,Tipo de cambio - TC Interbancario (S/ por US$) - Venta,22.Mar.17,3.25242857142857
PD04638PD,Tipo de cambio - TC Interbancario (S/ por US$) - Venta,23.Mar.17,3.24614285714286
PD04638PD,Tipo de cambio - TC Interbancario (S/ por US$) - Venta,24.Mar.17,3.243
PD04638PD,Tipo de cambio - TC Interbancario (S/ por US$) - Venta,27.Mar.17,3.24871428571429
PD04638PD,Tipo de cambio - TC Interbancario (S/ por US$) - Venta,28.Mar.17,3.24585714285714
PD04638PD,Tipo de cambio - TC Interbancario (S/ por US$) - Venta,29.Mar.17,3.24242857142857
PD04638PD,Tipo de cambio - TC Interbancario (S/ por US$) - Venta,30.Mar.17,3.24528571428571
PD04638PD,Tipo de cambio - TC Interbancario (S/ por US$) - Venta,31.Mar.17,3.24971428571429
PD04638PD,Tipo de cambio - TC Interbancario (S/ por US$) - Venta,03.Abr.17,3.24842857142857
PD04638PD,Tipo de cambio - TC Interbancario (S/ por US$) - Venta,04.Abr.17,3.25257142857143
PD04638PD,Tipo de cambio - TC Interbancario (S/ por US$) - Venta,05.Abr.17,3.24871428571429
PD04638PD,Tipo de cambio - TC Interbancario (S/ por US$) - Venta,06.Abr.17,3.24842857142857
PD04638PD,Tipo de cambio - TC Interbancario (S/ por US$) - Venta,07.Abr.17,3.24728571428571
PD04638PD,Tipo de cambio - TC Interbancario (S/ por US$) - Venta,10.Abr.17,3.247
PD04638PD,Tipo de cambio - TC Interbancario (S/ por US$) - Venta,11.Abr.17,3.25142857142857
PD04638PD,Tipo de cambio - TC Interbancario (S/ por US$) - Venta,12.Abr.17,3.25428571428571
PD04638PD,Tipo de cambio - TC Interbancario (S/ por US$) - Venta,13.Abr.17,n.d.
PD04638PD,Tipo de cambio - TC Interbancario (S/ por US$) - Venta,14.Abr.17,n.d.
PD04638PD,Tipo de cambio - TC Interbancario (S/ por US$) - Venta,17.Abr.17,3.25128571428571
PD04638PD,Tipo de cambio - TC Interbancario (S/ por US$) - Venta,18.Abr.17,3.25271428571429
PD04638PD,Tipo de cambio - TC Interbancario (S/ por US$) - Venta,19.Abr.17,3.25057142857143
PD04638PD,Tipo de cambio - TC Interbancario (S/ por US$) - Venta,20.Abr.17,3.24428571428571
PD04638PD,Tipo de cambio - TC Interbancario (S/ por US$) - Venta,21.Abr.17,3.24342857142857
PD04638PD,Tipo de cambio - TC Interbancario (S/ por US$) - Venta,24.Abr.17,3.24257142857143
PD04638PD,Tipo de cambio - TC Interbancario (S/ por US$) - Venta,25.Abr.17,3.247
PD04638PD,Tipo de cambio - TC Interbancario (S/ por US$) - Venta,26.Abr.17,3.25042857142857
PD04638PD,Tipo de cambio - TC Interbancario (S/ por US$) - Venta,27.Abr.17,3.24814285714286
PD04638PD,Tipo de cambio - TC Interbancario (S/ por US$) - Venta,28.Abr.17,3.24471428571429
PD04638PD,Tipo de cambio - TC Interbancario (S/ por US$) - Venta,01.May.17,n.d.
PD04638PD,Tipo de cambio - TC Interbancario (S/ por US$) - Venta,02.May.17,3.24871428571429
PD04638PD,Tipo de cambio - TC Interbancario (S/ por US$) - Venta,03.May.17,3.25085714285714
PD04638PD,Tipo de cambio - TC Interbancario (S/ por US$) - Venta,04.May.17,3.27142857142857
PD04638PD,Tipo de cambio - TC Interbancario (S/ por US$) - Venta,05.May.17,3.27428571428571
PD04638PD,Tipo de cambio - TC Interbancario (S/ por US$) - Venta,08.May.17,3.28614285714286
PD04638PD,Tipo de cambio - TC Interbancario (S/ por US$) - Venta,09.May.17,3.29014285714286
PD04638PD,Tipo de cambio - TC Interbancario (S/ por US$) - Venta,10.May.17,3.28828571428571
PD04638PD,Tipo de cambio - TC Interbancario (S/ por US$) - Venta,11.May.17,3.28885714285714
PD04638PD,Tipo de cambio - TC Interbancario (S/ por US$) - Venta,12.May.17,3.27885714285714
PD04638PD,Tipo de cambio - TC Interbancario (S/ por US$) - Venta,15.May.17,3.26271428571429
PD04638PD,Tipo de cambio - TC Interbancario (S/ por US$) - Venta,16.May.17,3.26
PD04638PD,Tipo de cambio - TC Interbancario (S/ por US$) - Venta,17.May.17,3.27271428571429
PD04638PD,Tipo de cambio - TC Interbancario (S/ por US$) - Venta,18.May.17,3.28471428571429
PD04638PD,Tipo de cambio - TC Interbancario (S/ por US$) - Venta,19.May.17,3.26871428571429
PD04638PD,Tipo de cambio - TC Interbancario (S/ por US$) - Venta,22.May.17,3.27328571428571
PD04638PD,Tipo de cambio - TC Interbancario (S/ por US$) - Venta,23.May.17,3.28314285714286
PD04638PD,Tipo de cambio - TC Interbancario (S/ por US$) - Venta,24.May.17,3.27685714285714
PD04638PD,Tipo de cambio - TC Interbancario (S/ por US$) - Venta,25.May.17,3.26571428571429
PD04638PD,Tipo de cambio - TC Interbancario (S/ por US$) - Venta,26.May.17,3.273
PD04638PD,Tipo de cambio - TC Interbancario (S/ por US$) - Venta,29.May.17,3.283
PD04638PD,Tipo de cambio - TC Interbancario (S/ por US$) - Venta,30.May.17,3.28642857142857
PD04638PD,Tipo de cambio - TC Interbancario (S/ por US$) - Venta,31.May.17,3.27342857142857
PD04638PD,Tipo de cambio - TC Interbancario (S/ por US$) - Venta,01.Jun.17,3.27157142857143
PD04638PD,Tipo de cambio - TC Interbancario (S/ por US$) - Venta,02.Jun.17,3.27242857142857
PD04638PD,Tipo de cambio - TC Interbancario (S/ por US$) - Venta,05.Jun.17,3.272
PD04638PD,Tipo de cambio - TC Interbancario (S/ por US$) - Venta,06.Jun.17,3.26671428571429
PD04638PD,Tipo de cambio - TC Interbancario (S/ por US$) - Venta,07.Jun.17,3.26857142857143
PD04638PD,Tipo de cambio - TC Interbancario (S/ por US$) - Venta,08.Jun.17,3.27242857142857
PD04638PD,Tipo de cambio - TC Interbancario (S/ por US$) - Venta,09.Jun.17,3.26985714285714
PD04638PD,Tipo de cambio - TC Interbancario (S/ por US$) - Venta,12.Jun.17,3.27728571428571
PD04638PD,Tipo de cambio - TC Interbancario (S/ por US$) - Venta,13.Jun.17,3.27728571428572
PD04638PD,Tipo de cambio - TC Interbancario (S/ por US$) - Venta,14.Jun.17,3.27042857142857
PD04638PD,Tipo de cambio - TC Interbancario (S/ por US$) - Venta,15.Jun.17,3.27885714285714
PD04638PD,Tipo de cambio - TC Interbancario (S/ por US$) - Venta,16.Jun.17,3.276
PD04638PD,Tipo de cambio - TC Interbancario (S/ por US$) - Venta,19.Jun.17,3.26942857142857
PD04638PD,Tipo de cambio - TC Interbancario (S/ por US$) - Venta,20.Jun.17,3.27485714285714
PD04638PD,Tipo de cambio - TC Interbancario (S/ por US$) - Venta,21.Jun.17,3.27142857142857
PD04638PD,Tipo de cambio - TC Interbancario (S/ por US$) - Venta,22.Jun.17,3.26771428571429
PD04638PD,Tipo de cambio - TC Interbancario (S/ por US$) - Venta,23.Jun.17,3.25657142857143
PD04638PD,Tipo de cambio - TC Interbancario (S/ por US$) - Venta,26.Jun.17,3.25314285714286
PD04638PD,Tipo de cambio - TC Interbancario (S/ por US$) - Venta,27.Jun.17,3.25642857142857
PD04638PD,Tipo de cambio - TC Interbancario (S/ por US$) - Venta,28.Jun.17,3.25228571428571
PD04638PD,Tipo de cambio - TC Interbancario (S/ por US$) - Venta,29.Jun.17,n.d.
PD04638PD,Tipo de cambio - TC Interbancario (S/ por US$) - Venta,30.Jun.17,n.d.
PD04638PD,Tipo de cambio - TC Interbancario (S/ por US$) - Venta,03.Jul.17,3.25414285714286
PD04638PD,Tipo de cambio - TC Interbancario (S/ por US$) - Venta,04.Jul.17,3.25742857142857
PD04638PD,Tipo de cambio - TC Interbancario (S/ por US$) - Venta,05.Jul.17,3.26171428571429
PD04638PD,Tipo de cambio - TC Interbancario (S/ por US$) - Venta,06.Jul.17,3.25685714285714
PD04638PD,Tipo de cambio - TC Interbancario (S/ por US$) - Venta,07.Jul.17,3.25085714285714
PD04638PD,Tipo de cambio - TC Interbancario (S/ por US$) - Venta,10.Jul.17,3.25571428571429
PD04638PD,Tipo de cambio - TC Interbancario (S/ por US$) - Venta,11.Jul.17,3.25528571428571
PD04638PD,Tipo de cambio - TC Interbancario (S/ por US$) - Venta,12.Jul.17,3.252
PD04638PD,Tipo de cambio - TC Interbancario (S/ por US$) - Venta,13.Jul.17,3.25014285714286
PD04638PD,Tipo de cambio - TC Interbancario (S/ por US$) - Venta,14.Jul.17,3.24514285714286
PD04638PD,Tipo de cambio - TC Interbancario (S/ por US$) - Venta,17.Jul.17,3.25157142857143
PD04638PD,Tipo de cambio - TC Interbancario (S/ por US$) - Venta,18.Jul.17,3.24628571428571
PD04638PD,Tipo de cambio - TC Interbancario (S/ por US$) - Venta,19.Jul.17,3.24328571428571
PD04638PD,Tipo de cambio - TC Interbancario (S/ por US$) - Venta,20.Jul.17,3.24114285714286
PD04638PD,Tipo de cambio - TC Interbancario (S/ por US$) - Venta,21.Jul.17,3.24742857142857
PD04638PD,Tipo de cambio - TC Interbancario (S/ por US$) - Venta,24.Jul.17,3.24728571428571
PD04638PD,Tipo de cambio - TC Interbancario (S/ por US$) - Venta,25.Jul.17,3.24728571428571
PD04638PD,Tipo de cambio - TC Interbancario (S/ por US$) - Venta,26.Jul.17,3.24842857142857
PD04638PD,Tipo de cambio - TC Interbancario (S/ por US$) - Venta,27.Jul.17,n.d.
PD04638PD,Tipo de cambio - TC Interbancario (S/ por US$) - Venta,28.Jul.17,n.d.
PD04638PD,Tipo de cambio - TC Interbancario (S/ por US$) - Venta,31.Jul.17,3.24142857142857
PD04638PD,Tipo de cambio - TC Interbancario (S/ por US$) - Venta,01.Ago.17,3.23957142857143
PD04638PD,Tipo de cambio - TC Interbancario (S/ por US$) - Venta,02.Ago.17,3.24142857142857
PD04638PD,Tipo de cambio - TC Interbancario (S/ por US$) - Venta,03.Ago.17,3.23928571428571
PD04638PD,Tipo de cambio - TC Interbancario (S/ por US$) - Venta,04.Ago.17,3.24271428571429
PD04638PD,Tipo de cambio - TC Interbancario (S/ por US$) - Venta,07.Ago.17,3.24371428571429
PD04638PD,Tipo de cambio - TC Interbancario (S/ por US$) - Venta,08.Ago.17,3.24314285714286
PD04638PD,Tipo de cambio - TC Interbancario (S/ por US$) - Venta,09.Ago.17,3.24828571428571
PD04638PD,Tipo de cambio - TC Interbancario (S/ por US$) - Venta,10.Ago.17,3.24957142857143
PD04638PD,Tipo de cambio - TC Interbancario (S/ por US$) - Venta,11.Ago.17,3.24928571428571
PD04638PD,Tipo de cambio - TC Interbancario (S/ por US$) - Venta,14.Ago.17,3.24457142857143
PD04638PD,Tipo de cambio - TC Interbancario (S/ por US$) - Venta,15.Ago.17,3.24671428571429
PD04638PD,Tipo de cambio - TC Interbancario (S/ por US$) - Venta,16.Ago.17,3.24342857142857
PD04638PD,Tipo de cambio - TC Interbancario (S/ por US$) - Venta,17.Ago.17,3.24271428571429
PD04638PD,Tipo de cambio - TC Interbancario (S/ por US$) - Venta,18.Ago.17,3.24271428571429
PD04638PD,Tipo de cambio - TC Interbancario (S/ por US$) - Venta,21.Ago.17,3.23971428571429
PD04638PD,Tipo de cambio - TC Interbancario (S/ por US$) - Venta,22.Ago.17,3.23842857142857
PD04638PD,Tipo de cambio - TC Interbancario (S/ por US$) - Venta,23.Ago.17,3.23885714285714
PD04638PD,Tipo de cambio - TC Interbancario (S/ por US$) - Venta,24.Ago.17,3.23685714285714
PD04638PD,Tipo de cambio - TC Interbancario (S/ por US$) - Venta,25.Ago.17,3.23728571428571
PD04638PD,Tipo de cambio - TC Interbancario (S/ por US$) - Venta,28.Ago.17,3.23628571428571
PD04638PD,Tipo de cambio - TC Interbancario (S/ por US$) - Venta,29.Ago.17,3.24057142857143
PD04638PD,Tipo de cambio - TC Interbancario (S/ por US$) - Venta,30.Ago.17,n.d.
PD04638PD,Tipo de cambio - TC Interbancario (S/ por US$) - Venta,31.Ago.17,3.24128571428571
PD04638PD,Tipo de cambio - TC Interbancario (S/ por US$) - Venta,01.Set.17,3.23885714285714
PD04638PD,Tipo de cambio - TC Interbancario (S/ por US$) - Venta,04.Set.17,3.239
PD04638PD,Tipo de cambio - TC Interbancario (S/ por US$) - Venta,05.Set.17,3.23671428571429
PD04638PD,Tipo de cambio - TC Interbancario (S/ por US$) - Venta,06.Set.17,3.237
PD04638PD,Tipo de cambio - TC Interbancario (S/ por US$) - Venta,07.Set.17,3.23528571428571
PD04638PD,Tipo de cambio - TC Interbancario (S/ por US$) - Venta,08.Set.17,3.234
PD04638PD,Tipo de cambio - TC Interbancario (S/ por US$) - Venta,11.Set.17,3.23214285714286
PD04638PD,Tipo de cambio - TC Interbancario (S/ por US$) - Venta,12.Set.17,3.23385714285714
PD04638PD,Tipo de cambio - TC Interbancario (S/ por US$) - Venta,13.Set.17,3.23957142857143
PD04638PD,Tipo de cambio - TC Interbancario (S/ por US$) - Venta,14.Set.17,3.23957142857143
PD04638PD,Tipo de cambio - TC Interbancario (S/ por US$) - Venta,15.Set.17,3.24814285714286
PD04638PD,Tipo de cambio - TC Interbancario (S/ por US$) - Venta,18.Set.17,3.249
PD04638PD,Tipo de cambio - TC Interbancario (S/ por US$) - Venta,19.Set.17,3.24471428571429
PD04638PD,Tipo de cambio - TC Interbancario (S/ por US$) - Venta,20.Set.17,3.24471428571429
PD04638PD,Tipo de cambio - TC Interbancario (S/ por US$) - Venta,21.Set.17,3.24985714285714
PD04638PD,Tipo de cambio - TC Interbancario (S/ por US$) - Venta,22.Set.17,3.24742857142857
PD04638PD,Tipo de cambio - TC Interbancario (S/ por US$) - Venta,25.Set.17,3.25614285714286
PD04638PD,Tipo de cambio - TC Interbancario (S/ por US$) - Venta,26.Set.17,3.26885714285714
PD04638PD,Tipo de cambio - TC Interbancario (S/ por US$) - Venta,27.Set.17,3.27585714285714
PD04638PD,Tipo de cambio - TC Interbancario (S/ por US$) - Venta,28.Set.17,3.26914285714286
PD04638PD,Tipo de cambio - TC Interbancario (S/ por US$) - Venta,29.Set.17,3.26614285714286
PD04638PD,Tipo de cambio - TC Interbancario (S/ por US$) - Venta,02.Oct.17,3.271
PD04638PD,Tipo de cambio - TC Interbancario (S/ por US$) - Venta,03.Oct.17,3.268
PD04638PD,Tipo de cambio - TC Interbancario (S/ por US$) - Venta,04.Oct.17,3.25871428571429
PD04638PD,Tipo de cambio - TC Interbancario (S/ por US$) - Venta,05.Oct.17,3.25671428571429
PD04638PD,Tipo de cambio - TC Interbancario (S/ por US$) - Venta,06.Oct.17,3.26971428571429
PD04638PD,Tipo de cambio - TC Interbancario (S/ por US$) - Venta,09.Oct.17,3.27214285714286
PD04638PD,Tipo de cambio - TC Interbancario (S/ por US$) - Venta,10.Oct.17,3.26628571428571
PD04638PD,Tipo de cambio - TC Interbancario (S/ por US$) - Venta,11.Oct.17,3.262
PD04638PD,Tipo de cambio - TC Interbancario (S/ por US$) - Venta,12.Oct.17,3.25614285714286
PD04638PD,Tipo de cambio - TC Interbancario (S/ por US$) - Venta,13.Oct.17,3.24971428571429
PD04638PD,Tipo de cambio - TC Interbancario (S/ por US$) - Venta,16.Oct.17,3.24642857142857
PD04638PD,Tipo de cambio - TC Interbancario (S/ por US$) - Venta,17.Oct.17,3.246
PD04638PD,Tipo de cambio - TC Interbancario (S/ por US$) - Venta,18.Oct.17,3.24271428571429
PD04638PD,Tipo de cambio - TC Interbancario (S/ por US$) - Venta,19.Oct.17,3.23671428571429
PD04638PD,Tipo de cambio - TC Interbancario (S/ por US$) - Venta,20.Oct.17,3.23928571428571
PD04638PD,Tipo de cambio - TC Interbancario (S/ por US$) - Venta,23.Oct.17,3.23928571428571
PD04638PD,Tipo de cambio - TC Interbancario (S/ por US$) - Venta,24.Oct.17,3.24
PD04638PD,Tipo de cambio - TC Interbancario (S/ por US$) - Venta,25.Oct.17,3.23471428571429
PD04638PD,Tipo de cambio - TC Interbancario (S/ por US$) - Venta,26.Oct.17,3.23857142857143
PD04638PD,Tipo de cambio - TC Interbancario (S/ por US$) - Venta,27.Oct.17,3.24771428571429
PD04638PD,Tipo de cambio - TC Interbancario (S/ por US$) - Venta,30.Oct.17,3.25071428571429
PD04638PD,Tipo de cambio - TC Interbancario (S/ por US$) - Venta,31.Oct.17,3.24928571428572
PD04638PD,Tipo de cambio - TC Interbancario (S/ por US$) - Venta,01.Nov.17,n.d.
PD04638PD,Tipo de cambio - TC Interbancario (S/ por US$) - Venta,02.Nov.17,3.24357142857143
PD04638PD,Tipo de cambio - TC Interbancario (S/ por US$) - Venta,03.Nov.17,3.24528571428571
PD04638PD,Tipo de cambio - TC Interbancario (S/ por US$) - Venta,06.Nov.17,3.24014285714286
PD04638PD,Tipo de cambio - TC Interbancario (S/ por US$) - Venta,07.Nov.17,3.24157142857143
PD04638PD,Tipo de cambio - TC Interbancario (S/ por US$) - Venta,08.Nov.17,3.24285714285714
PD04638PD,Tipo de cambio - TC Interbancario (S/ por US$) - Venta,09.Nov.17,3.24542857142857
PD04638PD,Tipo de cambio - TC Interbancario (S/ por US$) - Venta,10.Nov.17,3.24357142857143
PD04638PD,Tipo de cambio - TC Interbancario (S/ por US$) - Venta,13.Nov.17,3.24271428571429
PD04638PD,Tipo de cambio - TC Interbancario (S/ por US$) - Venta,14.Nov.17,3.24242857142857
PD04638PD,Tipo de cambio - TC Interbancario (S/ por US$) - Venta,15.Nov.17,3.25114285714286
PD04638PD,Tipo de cambio - TC Interbancario (S/ por US$) - Venta,16.Nov.17,3.25085714285714
PD04638PD,Tipo de cambio - TC Interbancario (S/ por US$) - Venta,17.Nov.17,3.24442857142857
PD04638PD,Tipo de cambio - TC Interbancario (S/ por US$) - Venta,20.Nov.17,3.24414285714286
PD04638PD,Tipo de cambio - TC Interbancario (S/ por US$) - Venta,21.Nov.17,3.23557142857143
PD04638PD,Tipo de cambio - TC Interbancario (S/ por US$) - Venta,22.Nov.17,3.24014285714286
PD04638PD,Tipo de cambio - TC Interbancario (S/ por US$) - Venta,23.Nov.17,3.23785714285714
PD04638PD,Tipo de cambio - TC Interbancario (S/ por US$) - Venta,24.Nov.17,3.23785714285714
PD04638PD,Tipo de cambio - TC Interbancario (S/ por US$) - Venta,27.Nov.17,3.23714285714286
PD04638PD,Tipo de cambio - TC Interbancario (S/ por US$) - Venta,28.Nov.17,3.236
PD04638PD,Tipo de cambio - TC Interbancario (S/ por US$) - Venta,29.Nov.17,3.23385714285714
PD04638PD,Tipo de cambio - TC Interbancario (S/ por US$) - Venta,30.Nov.17,3.234
PD04638PD,Tipo de cambio - TC Interbancario (S/ por US$) - Venta,01.Dic.17,3.23414285714286
PD04638PD,Tipo de cambio - TC Interbancario (S/ por US$) - Venta,04.Dic.17,3.23471428571429
PD04638PD,Tipo de cambio - TC Interbancario (S/ por US$) - Venta,05.Dic.17,3.23614285714286
PD04638PD,Tipo de cambio - TC Interbancario (S/ por US$) - Venta,06.Dic.17,3.23685714285714
PD04638PD,Tipo de cambio - TC Interbancario (S/ por US$) - Venta,07.Dic.17,3.23671428571429
PD04638PD,Tipo de cambio - TC Interbancario (S/ por US$) - Venta,08.Dic.17,n.d.
PD04638PD,Tipo de cambio - TC Interbancario (S/ por US$) - Venta,11.Dic.17,3.23571428571429
PD04638PD,Tipo de cambio - TC Interbancario (S/ por US$) - Venta,12.Dic.17,3.23457142857143
PD04638PD,Tipo de cambio - TC Interbancario (S/ por US$) - Venta,13.Dic.17,3.233
PD04638PD,Tipo de cambio - TC Interbancario (S/ por US$) - Venta,14.Dic.17,3.24471428571429
PD04638PD,Tipo de cambio - TC Interbancario (S/ por US$) - Venta,15.Dic.17,3.26885714285714
PD04638PD,Tipo de cambio - TC Interbancario (S/ por US$) - Venta,18.Dic.17,3.29242857142857
PD04638PD,Tipo de cambio - TC Interbancario (S/ por US$) - Venta,19.Dic.17,3.27385714285714
PD04638PD,Tipo de cambio - TC Interbancario (S/ por US$) - Venta,20.Dic.17,3.27728571428571
PD04638PD,Tipo de cambio - TC Interbancario (S/ por US$) - Venta,21.Dic.17,3.27071428571429
PD04638PD,Tipo de cambio - TC Interbancario (S/ por US$) - Venta,22.Dic.17,3.24028571428571
PD04638PD,Tipo de cambio - TC Interbancario (S/ por US$) - Venta,25.Dic.17,n.d.
PD04638PD,Tipo de cambio - TC Interbancario (S/ por US$) - Venta,26.Dic.17,3.23985714285714
PD04638PD,Tipo de cambio - TC Interbancario (S/ por US$) - Venta,27.Dic.17,3.24185714285714
PD04638PD,Tipo de cambio - TC Interbancario (S/ por US$) - Venta,28.Dic.17,3.24271428571429
PD04638PD,Tipo de cambio - TC Interbancario (S/ por US$) - Venta,29.Dic.17,3.24057142857143
PD04638PD,Tipo de cambio - TC Interbancario (S/ por US$) - Venta,01.Ene.18,n.d.
PD04638PD,Tipo de cambio - TC Interbancario (S/ por US$) - Venta,02.Ene.18,n.d.
PD04638PD,Tipo de cambio - TC Interbancario (S/ por US$) - Venta,03.Ene.18,3.22814285714286
PD04638PD,Tipo de cambio - TC Interbancario (S/ por US$) - Venta,04.Ene.18,3.20942857142857
PD04638PD,Tipo de cambio - TC Interbancario (S/ por US$) - Venta,05.Ene.18,3.21257142857143
PD04638PD,Tipo de cambio - TC Interbancario (S/ por US$) - Venta,08.Ene.18,3.21714285714286
PD04638PD,Tipo de cambio - TC Interbancario (S/ por US$) - Venta,09.Ene.18,3.21957142857143
PD04638PD,Tipo de cambio - TC Interbancario (S/ por US$) - Venta,10.Ene.18,3.22028571428571
PD04638PD,Tipo de cambio - TC Interbancario (S/ por US$) - Venta,11.Ene.18,3.21942857142857
PD04638PD,Tipo de cambio - TC Interbancario (S/ por US$) - Venta,12.Ene.18,3.21657142857143
PD04638PD,Tipo de cambio - TC Interbancario (S/ por US$) - Venta,15.Ene.18,3.21171428571429
PD04638PD,Tipo de cambio - TC Interbancario (S/ por US$) - Venta,16.Ene.18,3.21157142857143
PD04638PD,Tipo de cambio - TC Interbancario (S/ por US$) - Venta,17.Ene.18,3.21157142857143
PD04638PD,Tipo de cambio - TC Interbancario (S/ por US$) - Venta,18.Ene.18,3.21285714285714
PD04638PD,Tipo de cambio - TC Interbancario (S/ por US$) - Venta,19.Ene.18,3.21642857142857
PD04638PD,Tipo de cambio - TC Interbancario (S/ por US$) - Venta,22.Ene.18,3.21442857142857
PD04638PD,Tipo de cambio - TC Interbancario (S/ por US$) - Venta,23.Ene.18,3.21871428571429
PD04638PD,Tipo de cambio - TC Interbancario (S/ por US$) - Venta,24.Ene.18,3.21328571428571
PD04638PD,Tipo de cambio - TC Interbancario (S/ por US$) - Venta,25.Ene.18,3.21
PD04638PD,Tipo de cambio - TC Interbancario (S/ por US$) - Venta,26.Ene.18,3.21457142857143
PD04638PD,Tipo de cambio - TC Interbancario (S/ por US$) - Venta,29.Ene.18,3.218
PD04638PD,Tipo de cambio - TC Interbancario (S/ por US$) - Venta,30.Ene.18,3.21671428571429
PD04638PD,Tipo de cambio - TC Interbancario (S/ por US$) - Venta,31.Ene.18,3.216
PD04638PD,Tipo de cambio - TC Interbancario (S/ por US$) - Venta,01.Feb.18,3.21257142857143
PD04638PD,Tipo de cambio - TC Interbancario (S/ por US$) - Venta,02.Feb.18,3.21814285714286
PD04638PD,Tipo de cambio - TC Interbancario (S/ por US$) - Venta,05.Feb.18,3.226
PD04638PD,Tipo de cambio - TC Interbancario (S/ por US$) - Venta,06.Feb.18,3.25057142857143
PD04638PD,Tipo de cambio - TC Interbancario (S/ por US$) - Venta,07.Feb.18,3.24857142857143
PD04638PD,Tipo de cambio - TC Interbancario (S/ por US$) - Venta,08.Feb.18,3.25528571428571
PD04638PD,Tipo de cambio - TC Interbancario (S/ por US$) - Venta,09.Feb.18,3.27285714285714
PD04638PD,Tipo de cambio - TC Interbancario (S/ por US$) - Venta,12.Feb.18,3.26657142857143
PD04638PD,Tipo de cambio - TC Interbancario (S/ por US$) - Venta,13.Feb.18,3.271
PD04638PD,Tipo de cambio - TC Interbancario (S/ por US$) - Venta,14.Feb.18,3.26957142857143
PD04638PD,Tipo de cambio - TC Interbancario (S/ por US$) - Venta,15.Feb.18,3.24757142857143
PD04638PD,Tipo de cambio - TC Interbancario (S/ por US$) - Venta,16.Feb.18,3.24485714285714
PD04638PD,Tipo de cambio - TC Interbancario (S/ por US$) - Venta,19.Feb.18,3.25028571428571
PD04638PD,Tipo de cambio - TC Interbancario (S/ por US$) - Venta,20.Feb.18,3.25314285714286
PD04638PD,Tipo de cambio - TC Interbancario (S/ por US$) - Venta,21.Feb.18,3.24885714285714
PD04638PD,Tipo de cambio - TC Interbancario (S/ por US$) - Venta,22.Feb.18,3.25071428571429
PD04638PD,Tipo de cambio - TC Interbancario (S/ por US$) - Venta,23.Feb.18,3.249
PD04638PD,Tipo de cambio - TC Interbancario (S/ por US$) - Venta,26.Feb.18,3.25014285714286
PD04638PD,Tipo de cambio - TC Interbancario (S/ por US$) - Venta,27.Feb.18,3.25085714285714
PD04638PD,Tipo de cambio - TC Interbancario (S/ por US$) - Venta,28.Feb.18,3.26128571428571
PD04638PD,Tipo de cambio - TC Interbancario (S/ por US$) - Venta,01.Mar.18,3.26642857142857
PD04638PD,Tipo de cambio - TC Interbancario (S/ por US$) - Venta,02.Mar.18,3.25842857142857
PD04638PD,Tipo de cambio - TC Interbancario (S/ por US$) - Venta,05.Mar.18,3.25185714285714
PD04638PD,Tipo de cambio - TC Interbancario (S/ por US$) - Venta,06.Mar.18,3.25171428571429
PD04638PD,Tipo de cambio - TC Interbancario (S/ por US$) - Venta,07.Mar.18,3.25557142857143
PD04638PD,Tipo de cambio - TC Interbancario (S/ por US$) - Venta,08.Mar.18,3.25614285714286
PD04638PD,Tipo de cambio - TC Interbancario (S/ por US$) - Venta,09.Mar.18,3.26014285714286
PD04638PD,Tipo de cambio - TC Interbancario (S/ por US$) - Venta,12.Mar.18,3.259
PD04638PD,Tipo de cambio - TC Interbancario (S/ por US$) - Venta,13.Mar.18,3.261
PD04638PD,Tipo de cambio - TC Interbancario (S/ por US$) - Venta,14.Mar.18,3.26
PD04638PD,Tipo de cambio - TC Interbancario (S/ por US$) - Venta,15.Mar.18,3.262
PD04638PD,Tipo de cambio - TC Interbancario (S/ por US$) - Venta,16.Mar.18,3.269
PD04638PD,Tipo de cambio - TC Interbancario (S/ por US$) - Venta,19.Mar.18,3.27371428571429
PD04638PD,Tipo de cambio - TC Interbancario (S/ por US$) - Venta,20.Mar.18,3.268
PD04638PD,Tipo de cambio - TC Interbancario (S/ por US$) - Venta,21.Mar.18,3.26085714285714
PD04638PD,Tipo de cambio - TC Interbancario (S/ por US$) - Venta,22.Mar.18,3.24171428571429
PD04638PD,Tipo de cambio - TC Interbancario (S/ por US$) - Venta,23.Mar.18,3.23571428571429
PD04638PD,Tipo de cambio - TC Interbancario (S/ por US$) - Venta,26.Mar.18,3.21614285714286
PD04638PD,Tipo de cambio - TC Interbancario (S/ por US$) - Venta,27.Mar.18,3.22228571428571
PD04638PD,Tipo de cambio - TC Interbancario (S/ por US$) - Venta,28.Mar.18,3.22828571428571
PD04638PD,Tipo de cambio - TC Interbancario (S/ por US$) - Venta,29.Mar.18,n.d.
PD04638PD,Tipo de cambio - TC Interbancario (S/ por US$) - Venta,30.Mar.18,n.d.
PD04638PD,Tipo de cambio - TC Interbancario (S/ por US$) - Venta,02.Abr.18,3.22757142857143
PD04638PD,Tipo de cambio - TC Interbancario (S/ por US$) - Venta,03.Abr.18,3.227
PD04638PD,Tipo de cambio - TC Interbancario (S/ por US$) - Venta,04.Abr.18,3.22714285714286
PD04638PD,Tipo de cambio - TC Interbancario (S/ por US$) - Venta,05.Abr.18,3.22742857142857
PD04638PD,Tipo de cambio - TC Interbancario (S/ por US$) - Venta,06.Abr.18,3.234
PD04638PD,Tipo de cambio - TC Interbancario (S/ por US$) - Venta,09.Abr.18,3.23971428571429
PD04638PD,Tipo de cambio - TC Interbancario (S/ por US$) - Venta,10.Abr.18,3.23842857142857
PD04638PD,Tipo de cambio - TC Interbancario (S/ por US$) - Venta,11.Abr.18,3.23642857142857
PD04638PD,Tipo de cambio - TC Interbancario (S/ por US$) - Venta,12.Abr.18,3.22728571428571
PD04638PD,Tipo de cambio - TC Interbancario (S/ por US$) - Venta,13.Abr.18,n.d.
PD04638PD,Tipo de cambio - TC Interbancario (S/ por US$) - Venta,16.Abr.18,3.22357142857143
PD04638PD,Tipo de cambio - TC Interbancario (S/ por US$) - Venta,17.Abr.18,3.22014285714286
PD04638PD,Tipo de cambio - TC Interbancario (S/ por US$) - Venta,18.Abr.18,3.21671428571429
PD04638PD,Tipo de cambio - TC Interbancario (S/ por US$) - Venta,19.Abr.18,3.22028571428571
PD04638PD,Tipo de cambio - TC Interbancario (S/ por US$) - Venta,20.Abr.18,3.22414285714286
PD04638PD,Tipo de cambio - TC Interbancario (S/ por US$) - Venta,23.Abr.18,3.23128571428571
PD04638PD,Tipo de cambio - TC Interbancario (S/ por US$) - Venta,24.Abr.18,3.23185714285714
PD04638PD,Tipo de cambio - TC Interbancario (S/ por US$) - Venta,25.Abr.18,3.24128571428572
PD04638PD,Tipo de cambio - TC Interbancario (S/ por US$) - Venta,26.Abr.18,3.23671428571429
PD04638PD,Tipo de cambio - TC Interbancario (S/ por US$) - Venta,27.Abr.18,3.23928571428571
PD04638PD,Tipo de cambio - TC Interbancario (S/ por US$) - Venta,30.Abr.18,3.25014285714286
PD04638PD,Tipo de cambio - TC Interbancario (S/ por US$) - Venta,01.May.18,n.d.
PD04638PD,Tipo de cambio - TC Interbancario (S/ por US$) - Venta,02.May.18,3.269
PD04638PD,Tipo de cambio - TC Interbancario (S/ por US$) - Venta,03.May.18,3.27614285714286
PD04638PD,Tipo de cambio - TC Interbancario (S/ por US$) - Venta,04.May.18,3.27242857142857
PD04638PD,Tipo de cambio - TC Interbancario (S/ por US$) - Venta,07.May.18,3.27842857142857
PD04638PD,Tipo de cambio - TC Interbancario (S/ por US$) - Venta,08.May.18,3.28871428571429
PD04638PD,Tipo de cambio - TC Interbancario (S/ por US$) - Venta,09.May.18,3.29314285714286
PD04638PD,Tipo de cambio - TC Interbancario (S/ por US$) - Venta,10.May.18,3.27314285714286
PD04638PD,Tipo de cambio - TC Interbancario (S/ por US$) - Venta,11.May.18,3.259
PD04638PD,Tipo de cambio - TC Interbancario (S/ por US$) - Venta,14.May.18,3.25971428571429
PD04638PD,Tipo de cambio - TC Interbancario (S/ por US$) - Venta,15.May.18,3.27271428571429
PD04638PD,Tipo de cambio - TC Interbancario (S/ por US$) - Venta,16.May.18,3.26728571428571
PD04638PD,Tipo de cambio - TC Interbancario (S/ por US$) - Venta,17.May.18,3.27442857142857
PD04638PD,Tipo de cambio - TC Interbancario (S/ por US$) - Venta,18.May.18,3.28942857142857
PD04638PD,Tipo de cambio - TC Interbancario (S/ por US$) - Venta,21.May.18,3.28642857142857
PD04638PD,Tipo de cambio - TC Interbancario (S/ por US$) - Venta,22.May.18,3.27385714285714
PD04638PD,Tipo de cambio - TC Interbancario (S/ por US$) - Venta,23.May.18,3.27214285714286
PD04638PD,Tipo de cambio - TC Interbancario (S/ por US$) - Venta,24.May.18,3.26714285714286
PD04638PD,Tipo de cambio - TC Interbancario (S/ por US$) - Venta,25.May.18,3.27014285714286
PD04638PD,Tipo de cambio - TC Interbancario (S/ por US$) - Venta,28.May.18,3.27214285714286
PD04638PD,Tipo de cambio - TC Interbancario (S/ por US$) - Venta,29.May.18,3.28071428571429
PD04638PD,Tipo de cambio - TC Interbancario (S/ por US$) - Venta,30.May.18,3.27028571428571
PD04638PD,Tipo de cambio - TC Interbancario (S/ por US$) - Venta,31.May.18,3.27428571428571
PD04638PD,Tipo de cambio - TC Interbancario (S/ por US$) - Venta,01.Jun.18,3.27257142857143
PD04638PD,Tipo de cambio - TC Interbancario (S/ por US$) - Venta,04.Jun.18,3.27257142857143
PD04638PD,Tipo de cambio - TC Interbancario (S/ por US$) - Venta,05.Jun.18,3.272
PD04638PD,Tipo de cambio - TC Interbancario (S/ por US$) - Venta,06.Jun.18,3.26114285714286
PD04638PD,Tipo de cambio - TC Interbancario (S/ por US$) - Venta,07.Jun.18,3.26257142857143
PD04638PD,Tipo de cambio - TC Interbancario (S/ por US$) - Venta,08.Jun.18,3.26342857142857
PD04638PD,Tipo de cambio - TC Interbancario (S/ por US$) - Venta,11.Jun.18,3.26642857142857
PD04638PD,Tipo de cambio - TC Interbancario (S/ por US$) - Venta,12.Jun.18,3.27085714285714
PD04638PD,Tipo de cambio - TC Interbancario (S/ por US$) - Venta,13.Jun.18,3.26714285714286
PD04638PD,Tipo de cambio - TC Interbancario (S/ por US$) - Venta,14.Jun.18,3.26985714285714
PD04638PD,Tipo de cambio - TC Interbancario (S/ por US$) - Venta,15.Jun.18,3.28214285714286
PD04638PD,Tipo de cambio - TC Interbancario (S/ por US$) - Venta,18.Jun.18,3.28114285714286
PD04638PD,Tipo de cambio - TC Interbancario (S/ por US$) - Venta,19.Jun.18,3.28471428571429
PD04638PD,Tipo de cambio - TC Interbancario (S/ por US$) - Venta,20.Jun.18,3.282
PD04638PD,Tipo de cambio - TC Interbancario (S/ por US$) - Venta,21.Jun.18,3.27828571428571
PD04638PD,Tipo de cambio - TC Interbancario (S/ por US$) - Venta,22.Jun.18,3.269
PD04638PD,Tipo de cambio - TC Interbancario (S/ por US$) - Venta,25.Jun.18,3.27428571428571
PD04638PD,Tipo de cambio - TC Interbancario (S/ por US$) - Venta,26.Jun.18,3.27085714285714
PD04638PD,Tipo de cambio - TC Interbancario (S/ por US$) - Venta,27.Jun.18,3.27214285714286
PD04638PD,Tipo de cambio - TC Interbancario (S/ por US$) - Venta,28.Jun.18,3.27371428571429
PD04638PD,Tipo de cambio - TC Interbancario (S/ por US$) - Venta,29.Jun.18,n.d.
PD04638PD,Tipo de cambio - TC Interbancario (S/ por US$) - Venta,02.Jul.18,3.28842857142857
PD04638PD,Tipo de cambio - TC Interbancario (S/ por US$) - Venta,03.Jul.18,3.28685714285714
PD04638PD,Tipo de cambio - TC Interbancario (S/ por US$) - Venta,04.Jul.18,3.291
PD04638PD,Tipo de cambio - TC Interbancario (S/ por US$) - Venta,05.Jul.18,3.29028571428571
PD04638PD,Tipo de cambio - TC Interbancario (S/ por US$) - Venta,06.Jul.18,3.28642857142857
PD04638PD,Tipo de cambio - TC Interbancario (S/ por US$) - Venta,09.Jul.18,3.28242857142857
PD04638PD,Tipo de cambio - TC Interbancario (S/ por US$) - Venta,10.Jul.18,3.27242857142857
PD04638PD,Tipo de cambio - TC Interbancario (S/ por US$) - Venta,11.Jul.18,3.28
PD04638PD,Tipo de cambio - TC Interbancario (S/ por US$) - Venta,12.Jul.18,3.27414285714286
PD04638PD,Tipo de cambio - TC Interbancario (S/ por US$) - Venta,13.Jul.18,3.27171428571429
PD04638PD,Tipo de cambio - TC Interbancario (S/ por US$) - Venta,16.Jul.18,3.26957142857143
PD04638PD,Tipo de cambio - TC Interbancario (S/ por US$) - Venta,17.Jul.18,3.26971428571429
PD04638PD,Tipo de cambio - TC Interbancario (S/ por US$) - Venta,18.Jul.18,3.27371428571429
PD04638PD,Tipo de cambio - TC Interbancario (S/ por US$) - Venta,19.Jul.18,3.277
PD04638PD,Tipo de cambio - TC Interbancario (S/ por US$) - Venta,20.Jul.18,3.27442857142857
PD04638PD,Tipo de cambio - TC Interbancario (S/ por US$) - Venta,23.Jul.18,3.28057142857143
PD04638PD,Tipo de cambio - TC Interbancario (S/ por US$) - Venta,24.Jul.18,3.27471428571429
PD04638PD,Tipo de cambio - TC Interbancario (S/ por US$) - Venta,25.Jul.18,3.27357142857143
PD04638PD,Tipo de cambio - TC Interbancario (S/ por US$) - Venta,26.Jul.18,3.27471428571429
PD04638PD,Tipo de cambio - TC Interbancario (S/ por US$) - Venta,27.Jul.18,n.d.
PD04638PD,Tipo de cambio - TC Interbancario (S/ por US$) - Venta,30.Jul.18,3.27014285714286
PD04638PD,Tipo de cambio - TC Interbancario (S/ por US$) - Venta,31.Jul.18,3.27357142857143
PD04638PD,Tipo de cambio - TC Interbancario (S/ por US$) - Venta,01.Ago.18,3.27442857142857
PD04638PD,Tipo de cambio - TC Interbancario (S/ por US$) - Venta,02.Ago.18,3.27328571428572
PD04638PD,Tipo de cambio - TC Interbancario (S/ por US$) - Venta,03.Ago.18,3.26914285714286
PD04638PD,Tipo de cambio - TC Interbancario (S/ por US$) - Venta,06.Ago.18,3.27014285714286
PD04638PD,Tipo de cambio - TC Interbancario (S/ por US$) - Venta,07.Ago.18,3.26857142857143
PD04638PD,Tipo de cambio - TC Interbancario (S/ por US$) - Venta,08.Ago.18,3.26957142857143
PD04638PD,Tipo de cambio - TC Interbancario (S/ por US$) - Venta,09.Ago.18,3.27142857142857
PD04638PD,Tipo de cambio - TC Interbancario (S/ por US$) - Venta,10.Ago.18,3.27871428571429
PD04638PD,Tipo de cambio - TC Interbancario (S/ por US$) - Venta,13.Ago.18,3.28785714285714
PD04638PD,Tipo de cambio - TC Interbancario (S/ por US$) - Venta,14.Ago.18,3.29257142857143
PD04638PD,Tipo de cambio - TC Interbancario (S/ por US$) - Venta,15.Ago.18,3.321
PD04638PD,Tipo de cambio - TC Interbancario (S/ por US$) - Venta,16.Ago.18,3.31085714285714
PD04638PD,Tipo de cambio - TC Interbancario (S/ por US$) - Venta,17.Ago.18,3.321
PD04638PD,Tipo de cambio - TC Interbancario (S/ por US$) - Venta,20.Ago.18,3.31528571428571
PD04638PD,Tipo de cambio - TC Interbancario (S/ por US$) - Venta,21.Ago.18,3.298
PD04638PD,Tipo de cambio - TC Interbancario (S/ por US$) - Venta,22.Ago.18,3.28614285714286
PD04638PD,Tipo de cambio - TC Interbancario (S/ por US$) - Venta,23.Ago.18,3.297
PD04638PD,Tipo de cambio - TC Interbancario (S/ por US$) - Venta,24.Ago.18,3.29371428571429
PD04638PD,Tipo de cambio - TC Interbancario (S/ por US$) - Venta,27.Ago.18,3.28942857142857
PD04638PD,Tipo de cambio - TC Interbancario (S/ por US$) - Venta,28.Ago.18,3.29414285714286
PD04638PD,Tipo de cambio - TC Interbancario (S/ por US$) - Venta,29.Ago.18,3.298
PD04638PD,Tipo de cambio - TC Interbancario (S/ por US$) - Venta,30.Ago.18,n.d.
PD04638PD,Tipo de cambio - TC Interbancario (S/ por US$) - Venta,31.Ago.18,n.d.
PD04638PD,Tipo de cambio - TC Interbancario (S/ por US$) - Venta,03.Set.18,3.30557142857143
PD04638PD,Tipo de cambio - TC Interbancario (S/ por US$) - Venta,04.Set.18,3.31642857142857
PD04638PD,Tipo de cambio - TC Interbancario (S/ por US$) - Venta,05.Set.18,3.31842857142857
PD04638PD,Tipo de cambio - TC Interbancario (S/ por US$) - Venta,06.Set.18,3.32014285714286
PD04638PD,Tipo de cambio - TC Interbancario (S/ por US$) - Venta,07.Set.18,3.32557142857143
PD04638PD,Tipo de cambio - TC Interbancario (S/ por US$) - Venta,10.Set.18,3.32957142857143
PD04638PD,Tipo de cambio - TC Interbancario (S/ por US$) - Venta,11.Set.18,3.33671428571429
PD04638PD,Tipo de cambio - TC Interbancario (S/ por US$) - Venta,12.Set.18,3.33114285714286
PD04638PD,Tipo de cambio - TC Interbancario (S/ por US$) - Venta,13.Set.18,3.32157142857143
PD04638PD,Tipo de cambio - TC Interbancario (S/ por US$) - Venta,14.Set.18,3.315
PD04638PD,Tipo de cambio - TC Interbancario (S/ por US$) - Venta,17.Set.18,3.315
PD04638PD,Tipo de cambio - TC Interbancario (S/ por US$) - Venta,18.Set.18,3.30614285714286
PD04638PD,Tipo de cambio - TC Interbancario (S/ por US$) - Venta,19.Set.18,3.30314285714286
PD04638PD,Tipo de cambio - TC Interbancario (S/ por US$) - Venta,20.Set.18,3.29885714285714
PD04638PD,Tipo de cambio - TC Interbancario (S/ por US$) - Venta,21.Set.18,3.29371428571429
PD04638PD,Tipo de cambio - TC Interbancario (S/ por US$) - Venta,24.Set.18,3.29957142857143
PD04638PD,Tipo de cambio - TC Interbancario (S/ por US$) - Venta,25.Set.18,3.30728571428571
PD04638PD,Tipo de cambio - TC Interbancario (S/ por US$) - Venta,26.Set.18,3.305
PD04638PD,Tipo de cambio - TC Interbancario (S/ por US$) - Venta,27.Set.18,3.302
PD04638PD,Tipo de cambio - TC Interbancario (S/ por US$) - Venta,28.Set.18,3.30071428571429
PD04638PD,Tipo de cambio - TC Interbancario (S/ por US$) - Venta,01.Oct.18,3.309
PD04638PD,Tipo de cambio - TC Interbancario (S/ por US$) - Venta,02.Oct.18,3.31357142857143
PD04638PD,Tipo de cambio - TC Interbancario (S/ por US$) - Venta,03.Oct.18,3.31428571428571
PD04638PD,Tipo de cambio - TC Interbancario (S/ por US$) - Venta,04.Oct.18,3.33242857142857
PD04638PD,Tipo de cambio - TC Interbancario (S/ por US$) - Venta,05.Oct.18,3.32328571428571
PD04638PD,Tipo de cambio - TC Interbancario (S/ por US$) - Venta,08.Oct.18,n.d.
PD04638PD,Tipo de cambio - TC Interbancario (S/ por US$) - Venta,09.Oct.18,3.33071428571429
PD04638PD,Tipo de cambio - TC Interbancario (S/ por US$) - Venta,10.Oct.18,3.33042857142857
PD04638PD,Tipo de cambio - TC Interbancario (S/ por US$) - Venta,11.Oct.18,3.32885714285714
PD04638PD,Tipo de cambio - TC Interbancario (S/ por US$) - Venta,12.Oct.18,3.33314285714286
PD04638PD,Tipo de cambio - TC Interbancario (S/ por US$) - Venta,15.Oct.18,3.33785714285714
PD04638PD,Tipo de cambio - TC Interbancario (S/ por US$) - Venta,16.Oct.18,3.33342857142857
PD04638PD,Tipo de cambio - TC Interbancario (S/ por US$) - Venta,17.Oct.18,3.33571428571429
PD04638PD,Tipo de cambio - TC Interbancario (S/ por US$) - Venta,18.Oct.18,3.33828571428571
PD04638PD,Tipo de cambio - TC Interbancario (S/ por US$) - Venta,19.Oct.18,3.33042857142857
PD04638PD,Tipo de cambio - TC Interbancario (S/ por US$) - Venta,22.Oct.18,3.33314285714286
PD04638PD,Tipo de cambio - TC Interbancario (S/ por US$) - Venta,23.Oct.18,3.33757142857143
PD04638PD,Tipo de cambio - TC Interbancario (S/ por US$) - Venta,24.Oct.18,3.34071428571429
PD04638PD,Tipo de cambio - TC Interbancario (S/ por US$) - Venta,25.Oct.18,3.342
PD04638PD,Tipo de cambio - TC Interbancario (S/ por US$) - Venta,26.Oct.18,3.347
PD04638PD,Tipo de cambio - TC Interbancario (S/ por US$) - Venta,29.Oct.18,3.35228571428571
PD04638PD,Tipo de cambio - TC Interbancario (S/ por US$) - Venta,30.Oct.18,3.36057142857143
PD04638PD,Tipo de cambio - TC Interbancario (S/ por US$) - Venta,31.Oct.18,3.368
PD04638PD,Tipo de cambio - TC Interbancario (S/ por US$) - Venta,01.Nov.18,n.d.
PD04638PD,Tipo de cambio - TC Interbancario (S/ por US$) - Venta,02.Nov.18,n.d.
PD04638PD,Tipo de cambio - TC Interbancario (S/ por US$) - Venta,05.Nov.18,3.36271428571429
PD04638PD,Tipo de cambio - TC Interbancario (S/ por US$) - Venta,06.Nov.18,3.37114285714286
PD04638PD,Tipo de cambio - TC Interbancario (S/ por US$) - Venta,07.Nov.18,3.36442857142857
PD04638PD,Tipo de cambio - TC Interbancario (S/ por US$) - Venta,08.Nov.18,3.36914285714286
PD04638PD,Tipo de cambio - TC Interbancario (S/ por US$) - Venta,09.Nov.18,3.37185714285714
PD04638PD,Tipo de cambio - TC Interbancario (S/ por US$) - Venta,12.Nov.18,3.374
PD04638PD,Tipo de cambio - TC Interbancario (S/ por US$) - Venta,13.Nov.18,3.378
PD04638PD,Tipo de cambio - TC Interbancario (S/ por US$) - Venta,14.Nov.18,3.37942857142857
PD04638PD,Tipo de cambio - TC Interbancario (S/ por US$) - Venta,15.Nov.18,3.38528571428571
PD04638PD,Tipo de cambio - TC Interbancario (S/ por US$) - Venta,16.Nov.18,3.37657142857143
PD04638PD,Tipo de cambio - TC Interbancario (S/ por US$) - Venta,19.Nov.18,3.37742857142857
PD04638PD,Tipo de cambio - TC Interbancario (S/ por US$) - Venta,20.Nov.18,3.38271428571429
PD04638PD,Tipo de cambio - TC Interbancario (S/ por US$) - Venta,21.Nov.18,3.37771428571429
PD04638PD,Tipo de cambio - TC Interbancario (S/ por US$) - Venta,22.Nov.18,3.37285714285714
PD04638PD,Tipo de cambio - TC Interbancario (S/ por US$) - Venta,23.Nov.18,3.37842857142857
PD04638PD,Tipo de cambio - TC Interbancario (S/ por US$) - Venta,26.Nov.18,3.38028571428571
PD04638PD,Tipo de cambio - TC Interbancario (S/ por US$) - Venta,27.Nov.18,3.38228571428571
PD04638PD,Tipo de cambio - TC Interbancario (S/ por US$) - Venta,28.Nov.18,3.37828571428571
PD04638PD,Tipo de cambio - TC Interbancario (S/ por US$) - Venta,29.Nov.18,3.37857142857143
PD04638PD,Tipo de cambio - TC Interbancario (S/ por US$) - Venta,30.Nov.18,3.38328571428571
PD04638PD,Tipo de cambio - TC Interbancario (S/ por US$) - Venta,03.Dic.18,3.37685714285714
PD04638PD,Tipo de cambio - TC Interbancario (S/ por US$) - Venta,04.Dic.18,3.385
PD04638PD,Tipo de cambio - TC Interbancario (S/ por US$) - Venta,05.Dic.18,3.37957142857143
PD04638PD,Tipo de cambio - TC Interbancario (S/ por US$) - Venta,06.Dic.18,3.38042857142857
PD04638PD,Tipo de cambio - TC Interbancario (S/ por US$) - Venta,07.Dic.18,3.36871428571429
PD04638PD,Tipo de cambio - TC Interbancario (S/ por US$) - Venta,10.Dic.18,3.37442857142857
PD04638PD,Tipo de cambio - TC Interbancario (S/ por US$) - Venta,11.Dic.18,3.36742857142857
PD04638PD,Tipo de cambio - TC Interbancario (S/ por US$) - Venta,12.Dic.18,3.35742857142857
PD04638PD,Tipo de cambio - TC Interbancario (S/ por US$) - Venta,13.Dic.18,3.36242857142857
PD04638PD,Tipo de cambio - TC Interbancario (S/ por US$) - Venta,14.Dic.18,3.35357142857143
PD04638PD,Tipo de cambio - TC Interbancario (S/ por US$) - Venta,17.Dic.18,3.34342857142857
PD04638PD,Tipo de cambio - TC Interbancario (S/ por US$) - Venta,18.Dic.18,3.34485714285714
PD04638PD,Tipo de cambio - TC Interbancario (S/ por US$) - Venta,19.Dic.18,3.35042857142857
PD04638PD,Tipo de cambio - TC Interbancario (S/ por US$) - Venta,20.Dic.18,3.34342857142857
PD04638PD,Tipo de cambio - TC Interbancario (S/ por US$) - Venta,21.Dic.18,3.35814285714286
PD04638PD,Tipo de cambio - TC Interbancario (S/ por US$) - Venta,24.Dic.18,n.d.
PD04638PD,Tipo de cambio - TC Interbancario (S/ por US$) - Venta,25.Dic.18,n.d.
PD04638PD,Tipo de cambio - TC Interbancario (S/ por US$) - Venta,26.Dic.18,3.36857142857143
PD04638PD,Tipo de cambio - TC Interbancario (S/ por US$) - Venta,27.Dic.18,3.37457142857143
PD04638PD,Tipo de cambio - TC Interbancario (S/ por US$) - Venta,28.Dic.18,3.36842857142857
PD04638PD,Tipo de cambio - TC Interbancario (S/ por US$) - Venta,31.Dic.18,3.37457142857143
PD04638PD,Tipo de cambio - TC Interbancario (S/ por US$) - Venta,01.Ene.19,n.d.
PD04638PD,Tipo de cambio - TC Interbancario (S/ por US$) - Venta,02.Ene.19,3.37157142857143
PD04638PD,Tipo de cambio - TC Interbancario (S/ por US$) - Venta,03.Ene.19,3.37014285714286
PD04638PD,Tipo de cambio - TC Interbancario (S/ por US$) - Venta,04.Ene.19,3.35528571428571
PD04638PD,Tipo de cambio - TC Interbancario (S/ por US$) - Venta,07.Ene.19,3.34985714285714
PD04638PD,Tipo de cambio - TC Interbancario (S/ por US$) - Venta,08.Ene.19,3.34914285714286
PD04638PD,Tipo de cambio - TC Interbancario (S/ por US$) - Venta,09.Ene.19,3.33428571428571
PD04638PD,Tipo de cambio - TC Interbancario (S/ por US$) - Venta,10.Ene.19,3.343
PD04638PD,Tipo de cambio - TC Interbancario (S/ por US$) - Venta,11.Ene.19,3.34257142857143
PD04638PD,Tipo de cambio - TC Interbancario (S/ por US$) - Venta,14.Ene.19,3.34514285714286
PD04638PD,Tipo de cambio - TC Interbancario (S/ por US$) - Venta,15.Ene.19,3.33842857142857
PD04638PD,Tipo de cambio - TC Interbancario (S/ por US$) - Venta,16.Ene.19,3.332
PD04638PD,Tipo de cambio - TC Interbancario (S/ por US$) - Venta,17.Ene.19,3.33214285714286
PD04638PD,Tipo de cambio - TC Interbancario (S/ por US$) - Venta,18.Ene.19,3.31885714285714
PD04638PD,Tipo de cambio - TC Interbancario (S/ por US$) - Venta,21.Ene.19,3.32828571428571
PD04638PD,Tipo de cambio - TC Interbancario (S/ por US$) - Venta,22.Ene.19,3.33685714285714
PD04638PD,Tipo de cambio - TC Interbancario (S/ por US$) - Venta,23.Ene.19,3.338
PD04638PD,Tipo de cambio - TC Interbancario (S/ por US$) - Venta,24.Ene.19,3.34785714285714
PD04638PD,Tipo de cambio - TC Interbancario (S/ por US$) - Venta,25.Ene.19,3.34271428571429
PD04638PD,Tipo de cambio - TC Interbancario (S/ por US$) - Venta,28.Ene.19,3.356
PD04638PD,Tipo de cambio - TC Interbancario (S/ por US$) - Venta,29.Ene.19,3.35942857142857
PD04638PD,Tipo de cambio - TC Interbancario (S/ por US$) - Venta,30.Ene.19,3.35342857142857
PD04638PD,Tipo de cambio - TC Interbancario (S/ por US$) - Venta,31.Ene.19,3.33157142857143
PD04638PD,Tipo de cambio - TC Interbancario (S/ por US$) - Venta,01.Feb.19,3.329
PD04638PD,Tipo de cambio - TC Interbancario (S/ por US$) - Venta,04.Feb.19,3.33114285714286
PD04638PD,Tipo de cambio - TC Interbancario (S/ por US$) - Venta,05.Feb.19,3.32857142857143
PD04638PD,Tipo de cambio - TC Interbancario (S/ por US$) - Venta,06.Feb.19,3.32642857142857
PD04638PD,Tipo de cambio - TC Interbancario (S/ por US$) - Venta,07.Feb.19,3.32428571428571
PD04638PD,Tipo de cambio - TC Interbancario (S/ por US$) - Venta,08.Feb.19,3.32328571428571
PD04638PD,Tipo de cambio - TC Interbancario (S/ por US$) - Venta,11.Feb.19,3.33057142857143
PD04638PD,Tipo de cambio - TC Interbancario (S/ por US$) - Venta,12.Feb.19,3.33214285714286
PD04638PD,Tipo de cambio - TC Interbancario (S/ por US$) - Venta,13.Feb.19,3.338
PD04638PD,Tipo de cambio - TC Interbancario (S/ por US$) - Venta,14.Feb.19,3.34071428571429
PD04638PD,Tipo de cambio - TC Interbancario (S/ por US$) - Venta,15.Feb.19,3.32942857142857
PD04638PD,Tipo de cambio - TC Interbancario (S/ por US$) - Venta,18.Feb.19,3.32085714285714
PD04638PD,Tipo de cambio - TC Interbancario (S/ por US$) - Venta,19.Feb.19,3.31657142857143
PD04638PD,Tipo de cambio - TC Interbancario (S/ por US$) - Venta,20.Feb.19,3.31871428571429
PD04638PD,Tipo de cambio - TC Interbancario (S/ por US$) - Venta,21.Feb.19,3.32085714285714
PD04638PD,Tipo de cambio - TC Interbancario (S/ por US$) - Venta,22.Feb.19,3.30785714285714
PD04638PD,Tipo de cambio - TC Interbancario (S/ por US$) - Venta,25.Feb.19,3.30442857142857
PD04638PD,Tipo de cambio - TC Interbancario (S/ por US$) - Venta,26.Feb.19,3.30942857142857
PD04638PD,Tipo de cambio - TC Interbancario (S/ por US$) - Venta,27.Feb.19,3.30328571428571
PD04638PD,Tipo de cambio - TC Interbancario (S/ por US$) - Venta,28.Feb.19,3.30328571428571
PD04638PD,Tipo de cambio - TC Interbancario (S/ por US$) - Venta,01.Mar.19,3.30628571428571
PD04638PD,Tipo de cambio - TC Interbancario (S/ por US$) - Venta,04.Mar.19,3.31114285714286
PD04638PD,Tipo de cambio - TC Interbancario (S/ por US$) - Venta,05.Mar.19,3.31157142857143
PD04638PD,Tipo de cambio - TC Interbancario (S/ por US$) - Venta,06.Mar.19,3.30914285714286
PD04638PD,Tipo de cambio - TC Interbancario (S/ por US$) - Venta,07.Mar.19,3.31042857142857
PD04638PD,Tipo de cambio - TC Interbancario (S/ por US$) - Venta,08.Mar.19,3.31414285714286
PD04638PD,Tipo de cambio - TC Interbancario (S/ por US$) - Venta,11.Mar.19,3.3079
PD04638PD,Tipo de cambio - TC Interbancario (S/ por US$) - Venta,12.Mar.19,3.30142857142857
PD04638PD,Tipo de cambio - TC Interbancario (S/ por US$) - Venta,13.Mar.19,3.29271428571429
PD04638PD,Tipo de cambio - TC Interbancario (S/ por US$) - Venta,14.Mar.19,3.29742857142857
PD04638PD,Tipo de cambio - TC Interbancario (S/ por US$) - Venta,15.Mar.19,3.29814285714286
PD04638PD,Tipo de cambio - TC Interbancario (S/ por US$) - Venta,18.Mar.19,3.29985714285714
PD04638PD,Tipo de cambio - TC Interbancario (S/ por US$) - Venta,19.Mar.19,3.30142857142857
PD04638PD,Tipo de cambio - TC Interbancario (S/ por US$) - Venta,20.Mar.19,3.29528571428571
PD04638PD,Tipo de cambio - TC Interbancario (S/ por US$) - Venta,21.Mar.19,3.29314285714286
PD04638PD,Tipo de cambio - TC Interbancario (S/ por US$) - Venta,22.Mar.19,3.303
PD04638PD,Tipo de cambio - TC Interbancario (S/ por US$) - Venta,25.Mar.19,3.30371428571429
PD04638PD,Tipo de cambio - TC Interbancario (S/ por US$) - Venta,26.Mar.19,3.305
PD04638PD,Tipo de cambio - TC Interbancario (S/ por US$) - Venta,27.Mar.19,3.31728571428571
PD04638PD,Tipo de cambio - TC Interbancario (S/ por US$) - Venta,28.Mar.19,3.31785714285714
PD04638PD,Tipo de cambio - TC Interbancario (S/ por US$) - Venta,29.Mar.19,3.32
PD04638PD,Tipo de cambio - TC Interbancario (S/ por US$) - Venta,01.Abr.19,3.30885714285714
PD04638PD,Tipo de cambio - TC Interbancario (S/ por US$) - Venta,02.Abr.19,3.31157142857143
PD04638PD,Tipo de cambio - TC Interbancario (S/ por US$) - Venta,03.Abr.19,3.30014285714286
PD04638PD,Tipo de cambio - TC Interbancario (S/ por US$) - Venta,04.Abr.19,3.29757142857143
PD04638PD,Tipo de cambio - TC Interbancario (S/ por US$) - Venta,05.Abr.19,3.29742857142857
PD04638PD,Tipo de cambio - TC Interbancario (S/ por US$) - Venta,08.Abr.19,3.29114285714286
PD04638PD,Tipo de cambio - TC Interbancario (S/ por US$) - Venta,09.Abr.19,3.29285714285714
PD04638PD,Tipo de cambio - TC Interbancario (S/ por US$) - Venta,10.Abr.19,3.29514285714286
PD04638PD,Tipo de cambio - TC Interbancario (S/ por US$) - Venta,11.Abr.19,3.29928571428571
PD04638PD,Tipo de cambio - TC Interbancario (S/ por US$) - Venta,12.Abr.19,3.29514285714286
PD04638PD,Tipo de cambio - TC Interbancario (S/ por US$) - Venta,15.Abr.19,3.29857142857143
PD04638PD,Tipo de cambio - TC Interbancario (S/ por US$) - Venta,16.Abr.19,3.29585714285714
PD04638PD,Tipo de cambio - TC Interbancario (S/ por US$) - Venta,17.Abr.19,3.29571428571429
PD04638PD,Tipo de cambio - TC Interbancario (S/ por US$) - Venta,18.Abr.19,n.d.
PD04638PD,Tipo de cambio - TC Interbancario (S/ por US$) - Venta,19.Abr.19,n.d.
PD04638PD,Tipo de cambio - TC Interbancario (S/ por US$) - Venta,22.Abr.19,3.30514285714286
PD04638PD,Tipo de cambio - TC Interbancario (S/ por US$) - Venta,23.Abr.19,3.31142857142857
PD04638PD,Tipo de cambio - TC Interbancario (S/ por US$) - Venta,24.Abr.19,3.323
PD04638PD,Tipo de cambio - TC Interbancario (S/ por US$) - Venta,25.Abr.19,3.33171428571429
PD04638PD,Tipo de cambio - TC Interbancario (S/ por US$) - Venta,26.Abr.19,3.31928571428571
PD04638PD,Tipo de cambio - TC Interbancario (S/ por US$) - Venta,29.Abr.19,3.31642857142857
PD04638PD,Tipo de cambio - TC Interbancario (S/ por US$) - Venta,30.Abr.19,3.30857142857143
PD04638PD,Tipo de cambio - TC Interbancario (S/ por US$) - Venta,01.May.19,n.d.
PD04638PD,Tipo de cambio - TC Interbancario (S/ por US$) - Venta,02.May.19,3.31528571428571
PD04638PD,Tipo de cambio - TC Interbancario (S/ por US$) - Venta,03.May.19,3.30142857142857
PD04638PD,Tipo de cambio - TC Interbancario (S/ por US$) - Venta,06.May.19,3.312
PD04638PD,Tipo de cambio - TC Interbancario (S/ por US$) - Venta,07.May.19,3.315
PD04638PD,Tipo de cambio - TC Interbancario (S/ por US$) - Venta,08.May.19,3.31557142857143
PD04638PD,Tipo de cambio - TC Interbancario (S/ por US$) - Venta,09.May.19,3.32314285714286
PD04638PD,Tipo de cambio - TC Interbancario (S/ por US$) - Venta,10.May.19,3.31542857142857
PD04638PD,Tipo de cambio - TC Interbancario (S/ por US$) - Venta,13.May.19,3.33271428571429
PD04638PD,Tipo de cambio - TC Interbancario (S/ por US$) - Venta,14.May.19,3.32314285714286
PD04638PD,Tipo de cambio - TC Interbancario (S/ por US$) - Venta,15.May.19,3.32285714285714
PD04638PD,Tipo de cambio - TC Interbancario (S/ por US$) - Venta,16.May.19,3.31671428571429
PD04638PD,Tipo de cambio - TC Interbancario (S/ por US$) - Venta,17.May.19,3.317
PD04638PD,Tipo de cambio - TC Interbancario (S/ por US$) - Venta,20.May.19,3.34142857142857
PD04638PD,Tipo de cambio - TC Interbancario (S/ por US$) - Venta,21.May.19,3.34542857142857
PD04638PD,Tipo de cambio - TC Interbancario (S/ por US$) - Venta,22.May.19,3.34557142857143
PD04638PD,Tipo de cambio - TC Interbancario (S/ por US$) - Venta,23.May.19,3.35085714285714
PD04638PD,Tipo de cambio - TC Interbancario (S/ por US$) - Venta,24.May.19,3.34485714285714
PD04638PD,Tipo de cambio - TC Interbancario (S/ por US$) - Venta,27.May.19,3.34814285714286
PD04638PD,Tipo de cambio - TC Interbancario (S/ por US$) - Venta,28.May.19,3.35542857142857
PD04638PD,Tipo de cambio - TC Interbancario (S/ por US$) - Venta,29.May.19,3.35757142857143
PD04638PD,Tipo de cambio - TC Interbancario (S/ por US$) - Venta,30.May.19,3.36357142857143
PD04638PD,Tipo de cambio - TC Interbancario (S/ por US$) - Venta,31.May.19,3.374
PD04638PD,Tipo de cambio - TC Interbancario (S/ por US$) - Venta,03.Jun.19,3.37242857142857
PD04638PD,Tipo de cambio - TC Interbancario (S/ por US$) - Venta,04.Jun.19,3.34928571428571
PD04638PD,Tipo de cambio - TC Interbancario (S/ por US$) - Venta,05.Jun.19,3.35028571428571
PD04638PD,Tipo de cambio - TC Interbancario (S/ por US$) - Venta,06.Jun.19,3.33485714285714
PD04638PD,Tipo de cambio - TC Interbancario (S/ por US$) - Venta,07.Jun.19,3.33371428571429
PD04638PD,Tipo de cambio - TC Interbancario (S/ por US$) - Venta,10.Jun.19,3.33428571428571
PD04638PD,Tipo de cambio - TC Interbancario (S/ por US$) - Venta,11.Jun.19,3.32985714285714
PD04638PD,Tipo de cambio - TC Interbancario (S/ por US$) - Venta,12.Jun.19,3.332
PD04638PD,Tipo de cambio - TC Interbancario (S/ por US$) - Venta,13.Jun.19,3.33142857142857
PD04638PD,Tipo de cambio - TC Interbancario (S/ por US$) - Venta,14.Jun.19,3.339
PD04638PD,Tipo de cambio - TC Interbancario (S/ por US$) - Venta,17.Jun.19,3.34871428571429
PD04638PD,Tipo de cambio - TC Interbancario (S/ por US$) - Venta,18.Jun.19,3.33685714285714
PD04638PD,Tipo de cambio - TC Interbancario (S/ por US$) - Venta,19.Jun.19,3.33371428571429
PD04638PD,Tipo de cambio - TC Interbancario (S/ por US$) - Venta,20.Jun.19,3.31128571428571
PD04638PD,Tipo de cambio - TC Interbancario (S/ por US$) - Venta,21.Jun.19,3.30285714285714
PD04638PD,Tipo de cambio - TC Interbancario (S/ por US$) - Venta,24.Jun.19,3.30028571428571
PD04638PD,Tipo de cambio - TC Interbancario (S/ por US$) - Venta,25.Jun.19,3.29814285714286
PD04638PD,Tipo de cambio - TC Interbancario (S/ por US$) - Venta,26.Jun.19,3.29885714285714
PD04638PD,Tipo de cambio - TC Interbancario (S/ por US$) - Venta,27.Jun.19,3.29214285714286
PD04638PD,Tipo de cambio - TC Interbancario (S/ por US$) - Venta,28.Jun.19,3.28957142857143
PD04638PD,Tipo de cambio - TC Interbancario (S/ por US$) - Venta,01.Jul.19,3.29
PD04638PD,Tipo de cambio - TC Interbancario (S/ por US$) - Venta,02.Jul.19,3.29142857142857
PD04638PD,Tipo de cambio - TC Interbancario (S/ por US$) - Venta,03.Jul.19,3.29571428571429
PD04638PD,Tipo de cambio - TC Interbancario (S/ por US$) - Venta,04.Jul.19,3.291
PD04638PD,Tipo de cambio - TC Interbancario (S/ por US$) - Venta,05.Jul.19,3.29614285714286
PD04638PD,Tipo de cambio - TC Interbancario (S/ por US$) - Venta,08.Jul.19,3.289
PD04638PD,Tipo de cambio - TC Interbancario (S/ por US$) - Venta,09.Jul.19,3.29185714285714
PD04638PD,Tipo de cambio - TC Interbancario (S/ por US$) - Venta,10.Jul.19,3.28685714285714
PD04638PD,Tipo de cambio - TC Interbancario (S/ por US$) - Venta,11.Jul.19,3.28485714285714
PD04638PD,Tipo de cambio - TC Interbancario (S/ por US$) - Venta,12.Jul.19,3.28357142857143
PD04638PD,Tipo de cambio - TC Interbancario (S/ por US$) - Venta,15.Jul.19,3.28585714285714
PD04638PD,Tipo de cambio - TC Interbancario (S/ por US$) - Venta,16.Jul.19,3.28742857142857
PD04638PD,Tipo de cambio - TC Interbancario (S/ por US$) - Venta,17.Jul.19,3.28642857142857
PD04638PD,Tipo de cambio - TC Interbancario (S/ por US$) - Venta,18.Jul.19,3.288
PD04638PD,Tipo de cambio - TC Interbancario (S/ por US$) - Venta,19.Jul.19,3.28457142857143
PD04638PD,Tipo de cambio - TC Interbancario (S/ por US$) - Venta,22.Jul.19,3.28571428571429
PD04638PD,Tipo de cambio - TC Interbancario (S/ por US$) - Venta,23.Jul.19,3.29271428571429
PD04638PD,Tipo de cambio - TC Interbancario (S/ por US$) - Venta,24.Jul.19,3.294
PD04638PD,Tipo de cambio - TC Interbancario (S/ por US$) - Venta,25.Jul.19,3.29914285714286
PD04638PD,Tipo de cambio - TC Interbancario (S/ por US$) - Venta,26.Jul.19,3.29942857142857
PD04638PD,Tipo de cambio - TC Interbancario (S/ por US$) - Venta,29.Jul.19,n.d.
PD04638PD,Tipo de cambio - TC Interbancario (S/ por US$) - Venta,30.Jul.19,n.d.
PD04638PD,Tipo de cambio - TC Interbancario (S/ por US$) - Venta,31.Jul.19,3.31085714285714
PD04638PD,Tipo de cambio - TC Interbancario (S/ por US$) - Venta,01.Ago.19,3.31971428571429
PD04638PD,Tipo de cambio - TC Interbancario (S/ por US$) - Venta,02.Ago.19,3.347
PD04638PD,Tipo de cambio - TC Interbancario (S/ por US$) - Venta,05.Ago.19,3.38457142857143
PD04638PD,Tipo de cambio - TC Interbancario (S/ por US$) - Venta,06.Ago.19,3.38242857142857
PD04638PD,Tipo de cambio - TC Interbancario (S/ por US$) - Venta,07.Ago.19,3.385
PD04638PD,Tipo de cambio - TC Interbancario (S/ por US$) - Venta,08.Ago.19,3.38128571428571
PD04638PD,Tipo de cambio - TC Interbancario (S/ por US$) - Venta,09.Ago.19,3.38185714285714
PD04638PD,Tipo de cambio - TC Interbancario (S/ por US$) - Venta,12.Ago.19,3.38914285714286
PD04638PD,Tipo de cambio - TC Interbancario (S/ por US$) - Venta,13.Ago.19,3.37885714285714
PD04638PD,Tipo de cambio - TC Interbancario (S/ por US$) - Venta,14.Ago.19,3.39428571428571
PD04638PD,Tipo de cambio - TC Interbancario (S/ por US$) - Venta,15.Ago.19,3.39328571428571
PD04638PD,Tipo de cambio - TC Interbancario (S/ por US$) - Venta,16.Ago.19,3.38428571428571
PD04638PD,Tipo de cambio - TC Interbancario (S/ por US$) - Venta,19.Ago.19,3.38571428571429
PD04638PD,Tipo de cambio - TC Interbancario (S/ por US$) - Venta,20.Ago.19,3.381
PD04638PD,Tipo de cambio - TC Interbancario (S/ por US$) - Venta,21.Ago.19,3.378
PD04638PD,Tipo de cambio - TC Interbancario (S/ por US$) - Venta,22.Ago.19,3.37914285714286
PD04638PD,Tipo de cambio - TC Interbancario (S/ por US$) - Venta,23.Ago.19,3.37542857142857
PD04638PD,Tipo de cambio - TC Interbancario (S/ por US$) - Venta,26.Ago.19,3.37942857142857
PD04638PD,Tipo de cambio - TC Interbancario (S/ por US$) - Venta,27.Ago.19,3.38885714285714
PD04638PD,Tipo de cambio - TC Interbancario (S/ por US$) - Venta,28.Ago.19,3.38971428571429
PD04638PD,Tipo de cambio - TC Interbancario (S/ por US$) - Venta,29.Ago.19,n.d.
PD04638PD,Tipo de cambio - TC Interbancario (S/ por US$) - Venta,30.Ago.19,n.d.
PD04638PD,Tipo de cambio - TC Interbancario (S/ por US$) - Venta,02.Set.19,3.40457142857143
PD04638PD,Tipo de cambio - TC Interbancario (S/ por US$) - Venta,03.Set.19,3.40571428571429
PD04638PD,Tipo de cambio - TC Interbancario (S/ por US$) - Venta,04.Set.19,3.38928571428572
PD04638PD,Tipo de cambio - TC Interbancario (S/ por US$) - Venta,05.Set.19,3.36442857142857
PD04638PD,Tipo de cambio - TC Interbancario (S/ por US$) - Venta,06.Set.19,3.34328571428571
PD04638PD,Tipo de cambio - TC Interbancario (S/ por US$) - Venta,09.Set.19,3.34585714285714
PD04638PD,Tipo de cambio - TC Interbancario (S/ por US$) - Venta,10.Set.19,3.34671428571429
PD04638PD,Tipo de cambio - TC Interbancario (S/ por US$) - Venta,11.Set.19,3.34457142857143
PD04638PD,Tipo de cambio - TC Interbancario (S/ por US$) - Venta,12.Set.19,3.32957142857143
PD04638PD,Tipo de cambio - TC Interbancario (S/ por US$) - Venta,13.Set.19,3.31771428571429
PD04638PD,Tipo de cambio - TC Interbancario (S/ por US$) - Venta,16.Set.19,3.327
PD04638PD,Tipo de cambio - TC Interbancario (S/ por US$) - Venta,17.Set.19,3.34485714285714
PD04638PD,Tipo de cambio - TC Interbancario (S/ por US$) - Venta,18.Set.19,3.345
PD04638PD,Tipo de cambio - TC Interbancario (S/ por US$) - Venta,19.Set.19,3.35442857142857
PD04638PD,Tipo de cambio - TC Interbancario (S/ por US$) - Venta,20.Set.19,3.36128571428571
PD04638PD,Tipo de cambio - TC Interbancario (S/ por US$) - Venta,23.Set.19,3.36357142857143
PD04638PD,Tipo de cambio - TC Interbancario (S/ por US$) - Venta,24.Set.19,3.34571428571429
PD04638PD,Tipo de cambio - TC Interbancario (S/ por US$) - Venta,25.Set.19,3.35185714285714
PD04638PD,Tipo de cambio - TC Interbancario (S/ por US$) - Venta,26.Set.19,3.36585714285714
PD04638PD,Tipo de cambio - TC Interbancario (S/ por US$) - Venta,27.Set.19,3.38728571428571
PD04638PD,Tipo de cambio - TC Interbancario (S/ por US$) - Venta,30.Set.19,3.38314285714286
PD04638PD,Tipo de cambio - TC Interbancario (S/ por US$) - Venta,01.Oct.19,3.39228571428571
PD04638PD,Tipo de cambio - TC Interbancario (S/ por US$) - Venta,02.Oct.19,3.387
PD04638PD,Tipo de cambio - TC Interbancario (S/ por US$) - Venta,03.Oct.19,3.37671428571429
PD04638PD,Tipo de cambio - TC Interbancario (S/ por US$) - Venta,04.Oct.19,3.37742857142857
PD04638PD,Tipo de cambio - TC Interbancario (S/ por US$) - Venta,07.Oct.19,3.388
PD04638PD,Tipo de cambio - TC Interbancario (S/ por US$) - Venta,08.Oct.19,n.d.
PD04638PD,Tipo de cambio - TC Interbancario (S/ por US$) - Venta,09.Oct.19,3.37642857142857
PD04638PD,Tipo de cambio - TC Interbancario (S/ por US$) - Venta,10.Oct.19,3.36185714285714
PD04638PD,Tipo de cambio - TC Interbancario (S/ por US$) - Venta,11.Oct.19,3.35757142857143
PD04638PD,Tipo de cambio - TC Interbancario (S/ por US$) - Venta,14.Oct.19,3.36685714285714
PD04638PD,Tipo de cambio - TC Interbancario (S/ por US$) - Venta,15.Oct.19,3.37157142857143
PD04638PD,Tipo de cambio - TC Interbancario (S/ por US$) - Venta,16.Oct.19,3.36942857142857
PD04638PD,Tipo de cambio - TC Interbancario (S/ por US$) - Venta,17.Oct.19,3.354
PD04638PD,Tipo de cambio - TC Interbancario (S/ por US$) - Venta,18.Oct.19,3.346
PD04638PD,Tipo de cambio - TC Interbancario (S/ por US$) - Venta,21.Oct.19,3.345
PD04638PD,Tipo de cambio - TC Interbancario (S/ por US$) - Venta,22.Oct.19,3.34271428571429
PD04638PD,Tipo de cambio - TC Interbancario (S/ por US$) - Venta,23.Oct.19,3.34614285714286
PD04638PD,Tipo de cambio - TC Interbancario (S/ por US$) - Venta,24.Oct.19,3.349
PD04638PD,Tipo de cambio - TC Interbancario (S/ por US$) - Venta,25.Oct.19,3.34614285714286
PD04638PD,Tipo de cambio - TC Interbancario (S/ por US$) - Venta,28.Oct.19,3.33214285714286
PD04638PD,Tipo de cambio - TC Interbancario (S/ por US$) - Venta,29.Oct.19,3.33714285714286
PD04638PD,Tipo de cambio - TC Interbancario (S/ por US$) - Venta,30.Oct.19,3.34828571428571
PD04638PD,Tipo de cambio - TC Interbancario (S/ por US$) - Venta,31.Oct.19,n.d.
PD04638PD,Tipo de cambio - TC Interbancario (S/ por US$) - Venta,01.Nov.19,n.d.
PD04638PD,Tipo de cambio - TC Interbancario (S/ por US$) - Venta,04.Nov.19,3.33471428571429
PD04638PD,Tipo de cambio - TC Interbancario (S/ por US$) - Venta,05.Nov.19,3.33728571428571
PD04638PD,Tipo de cambio - TC Interbancario (S/ por US$) - Venta,06.Nov.19,3.33985714285714
PD04638PD,Tipo de cambio - TC Interbancario (S/ por US$) - Venta,07.Nov.19,3.34571428571429
PD04638PD,Tipo de cambio - TC Interbancario (S/ por US$) - Venta,08.Nov.19,3.35528571428571
PD04638PD,Tipo de cambio - TC Interbancario (S/ por US$) - Venta,11.Nov.19,3.36385714285714
PD04638PD,Tipo de cambio - TC Interbancario (S/ por US$) - Venta,12.Nov.19,3.37657142857143
PD04638PD,Tipo de cambio - TC Interbancario (S/ por US$) - Venta,13.Nov.19,3.39342857142857
PD04638PD,Tipo de cambio - TC Interbancario (S/ por US$) - Venta,14.Nov.19,3.39128571428571
PD04638PD,Tipo de cambio - TC Interbancario (S/ por US$) - Venta,15.Nov.19,3.37028571428572
PD04638PD,Tipo de cambio - TC Interbancario (S/ por US$) - Venta,18.Nov.19,3.37085714285714
PD04638PD,Tipo de cambio - TC Interbancario (S/ por US$) - Venta,19.Nov.19,3.37871428571429
PD04638PD,Tipo de cambio - TC Interbancario (S/ por US$) - Venta,20.Nov.19,3.387
PD04638PD,Tipo de cambio - TC Interbancario (S/ por US$) - Venta,21.Nov.19,3.37871428571429
PD04638PD,Tipo de cambio - TC Interbancario (S/ por US$) - Venta,22.Nov.19,3.38414285714286
PD04638PD,Tipo de cambio - TC Interbancario (S/ por US$) - Venta,25.Nov.19,3.38771428571429
PD04638PD,Tipo de cambio - TC Interbancario (S/ por US$) - Venta,26.Nov.19,3.384
PD04638PD,Tipo de cambio - TC Interbancario (S/ por US$) - Venta,27.Nov.19,3.39271428571429
PD04638PD,Tipo de cambio - TC Interbancario (S/ por US$) - Venta,28.Nov.19,3.389
PD04638PD,Tipo de cambio - TC Interbancario (S/ por US$) - Venta,29.Nov.19,3.40014285714286
PD04638PD,Tipo de cambio - TC Interbancario (S/ por US$) - Venta,02.Dic.19,3.40071428571429
PD04638PD,Tipo de cambio - TC Interbancario (S/ por US$) - Venta,03.Dic.19,3.38985714285714
PD04638PD,Tipo de cambio - TC Interbancario (S/ por US$) - Venta,04.Dic.19,3.383
PD04638PD,Tipo de cambio - TC Interbancario (S/ por US$) - Venta,05.Dic.19,3.37728571428571
PD04638PD,Tipo de cambio - TC Interbancario (S/ por US$) - Venta,06.Dic.19,3.37828571428571
PD04638PD,Tipo de cambio - TC Interbancario (S/ por US$) - Venta,09.Dic.19,3.37914285714286
PD04638PD,Tipo de cambio - TC Interbancario (S/ por US$) - Venta,10.Dic.19,3.39128571428571
PD04638PD,Tipo de cambio - TC Interbancario (S/ por US$) - Venta,11.Dic.19,3.39271428571429
PD04638PD,Tipo de cambio - TC Interbancario (S/ por US$) - Venta,12.Dic.19,3.391
PD04638PD,Tipo de cambio - TC Interbancario (S/ por US$) - Venta,13.Dic.19,3.36928571428572
PD04638PD,Tipo de cambio - TC Interbancario (S/ por US$) - Venta,16.Dic.19,3.35871428571429
PD04638PD,Tipo de cambio - TC Interbancario (S/ por US$) - Venta,17.Dic.19,3.34542857142857
PD04638PD,Tipo de cambio - TC Interbancario (S/ por US$) - Venta,18.Dic.19,3.33742857142857
PD04638PD,Tipo de cambio - TC Interbancario (S/ por US$) - Venta,19.Dic.19,3.33885714285714
PD04638PD,Tipo de cambio - TC Interbancario (S/ por US$) - Venta,20.Dic.19,3.32357142857143
PD04638PD,Tipo de cambio - TC Interbancario (S/ por US$) - Venta,23.Dic.19,3.31614285714286
PD04638PD,Tipo de cambio - TC Interbancario (S/ por US$) - Venta,24.Dic.19,3.31628571428571
PD04638PD,Tipo de cambio - TC Interbancario (S/ por US$) - Venta,25.Dic.19,n.d.
PD04638PD,Tipo de cambio - TC Interbancario (S/ por US$) - Venta,26.Dic.19,3.32
PD04638PD,Tipo de cambio - TC Interbancario (S/ por US$) - Venta,27.Dic.19,3.322
PD04638PD,Tipo de cambio - TC Interbancario (S/ por US$) - Venta,30.Dic.19,3.317
PD04638PD,Tipo de cambio - TC Interbancario (S/ por US$) - Venta,31.Dic.19,3.31457142857143
PD04638PD,Tipo de cambio - TC Interbancario (S/ por US$) - Venta,01.Ene.20,n.d.
PD04638PD,Tipo de cambio - TC Interbancario (S/ por US$) - Venta,02.Ene.20,3.30314285714286
PD04638PD,Tipo de cambio - TC Interbancario (S/ por US$) - Venta,03.Ene.20,3.312
PD04638PD,Tipo de cambio - TC Interbancario (S/ por US$) - Venta,06.Ene.20,3.324
PD04638PD,Tipo de cambio - TC Interbancario (S/ por US$) - Venta,07.Ene.20,3.32657142857143
PD04638PD,Tipo de cambio - TC Interbancario (S/ por US$) - Venta,08.Ene.20,3.31914285714286
PD04638PD,Tipo de cambio - TC Interbancario (S/ por US$) - Venta,09.Ene.20,3.31985714285714
PD04638PD,Tipo de cambio - TC Interbancario (S/ por US$) - Venta,10.Ene.20,3.32457142857143
PD04638PD,Tipo de cambio - TC Interbancario (S/ por US$) - Venta,13.Ene.20,3.33785714285714
PD04638PD,Tipo de cambio - TC Interbancario (S/ por US$) - Venta,14.Ene.20,3.328
PD04638PD,Tipo de cambio - TC Interbancario (S/ por US$) - Venta,15.Ene.20,3.32471428571429
PD04638PD,Tipo de cambio - TC Interbancario (S/ por US$) - Venta,16.Ene.20,3.324
PD04638PD,Tipo de cambio - TC Interbancario (S/ por US$) - Venta,17.Ene.20,3.32271428571429
PD04638PD,Tipo de cambio - TC Interbancario (S/ por US$) - Venta,20.Ene.20,3.32171428571429
PD04638PD,Tipo de cambio - TC Interbancario (S/ por US$) - Venta,21.Ene.20,3.31857142857143
PD04638PD,Tipo de cambio - TC Interbancario (S/ por US$) - Venta,22.Ene.20,3.31485714285714
PD04638PD,Tipo de cambio - TC Interbancario (S/ por US$) - Venta,23.Ene.20,3.32114285714286
PD04638PD,Tipo de cambio - TC Interbancario (S/ por US$) - Venta,24.Ene.20,3.32257142857143
PD04638PD,Tipo de cambio - TC Interbancario (S/ por US$) - Venta,27.Ene.20,3.33771428571429
PD04638PD,Tipo de cambio - TC Interbancario (S/ por US$) - Venta,28.Ene.20,3.33442857142857
PD04638PD,Tipo de cambio - TC Interbancario (S/ por US$) - Venta,29.Ene.20,3.34671428571429
PD04638PD,Tipo de cambio - TC Interbancario (S/ por US$) - Venta,30.Ene.20,3.363
PD04638PD,Tipo de cambio - TC Interbancario (S/ por US$) - Venta,31.Ene.20,3.37742857142857
PD04638PD,Tipo de cambio - TC Interbancario (S/ por US$) - Venta,03.Feb.20,3.37457142857143
PD04638PD,Tipo de cambio - TC Interbancario (S/ por US$) - Venta,04.Feb.20,3.36085714285714
PD04638PD,Tipo de cambio - TC Interbancario (S/ por US$) - Venta,05.Feb.20,3.36028571428572
PD04638PD,Tipo de cambio - TC Interbancario (S/ por US$) - Venta,06.Feb.20,3.37414285714286
PD04638PD,Tipo de cambio - TC Interbancario (S/ por US$) - Venta,07.Feb.20,3.38828571428571
PD04638PD,Tipo de cambio - TC Interbancario (S/ por US$) - Venta,10.Feb.20,3.39714285714286
PD04638PD,Tipo de cambio - TC Interbancario (S/ por US$) - Venta,11.Feb.20,3.389
PD04638PD,Tipo de cambio - TC Interbancario (S/ por US$) - Venta,12.Feb.20,3.38185714285714
PD04638PD,Tipo de cambio - TC Interbancario (S/ por US$) - Venta,13.Feb.20,3.38457142857143
PD04638PD,Tipo de cambio - TC Interbancario (S/ por US$) - Venta,14.Feb.20,3.38242857142857
PD04638PD,Tipo de cambio - TC Interbancario (S/ por US$) - Venta,17.Feb.20,3.38271428571429
PD04638PD,Tipo de cambio - TC Interbancario (S/ por US$) - Venta,18.Feb.20,3.38528571428571
PD04638PD,Tipo de cambio - TC Interbancario (S/ por US$) - Venta,19.Feb.20,3.38385714285714
PD04638PD,Tipo de cambio - TC Interbancario (S/ por US$) - Venta,20.Feb.20,3.39157142857143
PD04638PD,Tipo de cambio - TC Interbancario (S/ por US$) - Venta,21.Feb.20,3.39271428571429
PD04638PD,Tipo de cambio - TC Interbancario (S/ por US$) - Venta,24.Feb.20,3.40457142857143
PD04638PD,Tipo de cambio - TC Interbancario (S/ por US$) - Venta,25.Feb.20,3.40671428571429
PD04638PD,Tipo de cambio - TC Interbancario (S/ por US$) - Venta,26.Feb.20,3.41271428571429
PD04638PD,Tipo de cambio - TC Interbancario (S/ por US$) - Venta,27.Feb.20,3.43114285714286
PD04638PD,Tipo de cambio - TC Interbancario (S/ por US$) - Venta,28.Feb.20,3.456
PD04638PD,Tipo de cambio - TC Interbancario (S/ por US$) - Venta,02.Mar.20,3.445
PD04638PD,Tipo de cambio - TC Interbancario (S/ por US$) - Venta,03.Mar.20,3.43
PD04638PD,Tipo de cambio - TC Interbancario (S/ por US$) - Venta,04.Mar.20,3.42257142857143
PD04638PD,Tipo de cambio - TC Interbancario (S/ por US$) - Venta,05.Mar.20,3.44671428571429
PD04638PD,Tipo de cambio - TC Interbancario (S/ por US$) - Venta,06.Mar.20,3.47685714285714
PD04638PD,Tipo de cambio - TC Interbancario (S/ por US$) - Venta,09.Mar.20,3.50571428571429
PD04638PD,Tipo de cambio - TC Interbancario (S/ por US$) - Venta,10.Mar.20,3.498
PD04638PD,Tipo de cambio - TC Interbancario (S/ por US$) - Venta,11.Mar.20,3.51128571428571
PD04638PD,Tipo de cambio - TC Interbancario (S/ por US$) - Venta,12.Mar.20,3.54771428571429
PD04638PD,Tipo de cambio - TC Interbancario (S/ por US$) - Venta,13.Mar.20,3.52957142857143
PD04638PD,Tipo de cambio - TC Interbancario (S/ por US$) - Venta,16.Mar.20,3.55642857142857
PD04638PD,Tipo de cambio - TC Interbancario (S/ por US$) - Venta,17.Mar.20,3.55142857142857
PD04638PD,Tipo de cambio - TC Interbancario (S/ por US$) - Venta,18.Mar.20,3.57316666666667
PD04638PD,Tipo de cambio - TC Interbancario (S/ por US$) - Venta,19.Mar.20,3.5635
PD04638PD,Tipo de cambio - TC Interbancario (S/ por US$) - Venta,20.Mar.20,3.52883333333333
PD04638PD,Tipo de cambio - TC Interbancario (S/ por US$) - Venta,23.Mar.20,3.53966666666667
PD04638PD,Tipo de cambio - TC Interbancario (S/ por US$) - Venta,24.Mar.20,3.52166666666667
PD04638PD,Tipo de cambio - TC Interbancario (S/ por US$) - Venta,25.Mar.20,3.49383333333333
PD04638PD,Tipo de cambio - TC Interbancario (S/ por US$) - Venta,26.Mar.20,3.42616666666667
PD04638PD,Tipo de cambio - TC Interbancario (S/ por US$) - Venta,27.Mar.20,3.4255
PD04638PD,Tipo de cambio - TC Interbancario (S/ por US$) - Venta,30.Mar.20,3.44133333333333
PD04638PD,Tipo de cambio - TC Interbancario (S/ por US$) - Venta,31.Mar.20,3.44016666666667
PD04638PD,Tipo de cambio - TC Interbancario (S/ por US$) - Venta,01.Abr.20,3.46733333333333
PD04638PD,Tipo de cambio - TC Interbancario (S/ por US$) - Venta,02.Abr.20,3.45566666666667
PD04638PD,Tipo de cambio - TC Interbancario (S/ por US$) - Venta,03.Abr.20,3.4585
PD04638PD,Tipo de cambio - TC Interbancario (S/ por US$) - Venta,06.Abr.20,3.41283333333333
PD04638PD,Tipo de cambio - TC Interbancario (S/ por US$) - Venta,07.Abr.20,3.37283333333333
PD04638PD,Tipo de cambio - TC Interbancario (S/ por US$) - Venta,08.Abr.20,3.35733333333333
PD04638PD,Tipo de cambio - TC Interbancario (S/ por US$) - Venta,09.Abr.20,n.d.
PD04638PD,Tipo de cambio - TC Interbancario (S/ por US$) - Venta,10.Abr.20,n.d.
PD04638PD,Tipo de cambio - TC Interbancario (S/ por US$) - Venta,13.Abr.20,3.38183333333333
PD04638PD,Tipo de cambio - TC Interbancario (S/ por US$) - Venta,14.Abr.20,3.39533333333333
PD04638PD,Tipo de cambio - TC Interbancario (S/ por US$) - Venta,15.Abr.20,3.41933333333333
PD04638PD,Tipo de cambio - TC Interbancario (S/ por US$) - Venta,16.Abr.20,3.413
PD04638PD,Tipo de cambio - TC Interbancario (S/ por US$) - Venta,17.Abr.20,3.4065
PD04638PD,Tipo de cambio - TC Interbancario (S/ por US$) - Venta,20.Abr.20,3.40983333333333
PD04638PD,Tipo de cambio - TC Interbancario (S/ por US$) - Venta,21.Abr.20,3.396
PD04638PD,Tipo de cambio - TC Interbancario (S/ por US$) - Venta,22.Abr.20,3.376
PD04638PD,Tipo de cambio - TC Interbancario (S/ por US$) - Venta,23.Abr.20,3.36966666666667
PD04638PD,Tipo de cambio - TC Interbancario (S/ por US$) - Venta,24.Abr.20,3.38633333333333
PD04638PD,Tipo de cambio - TC Interbancario (S/ por US$) - Venta,27.Abr.20,3.4015
PD04638PD,Tipo de cambio - TC Interbancario (S/ por US$) - Venta,28.Abr.20,3.38633333333333
PD04638PD,Tipo de cambio - TC Interbancario (S/ por US$) - Venta,29.Abr.20,3.37166666666667
PD04638PD,Tipo de cambio - TC Interbancario (S/ por US$) - Venta,30.Abr.20,3.38116666666667
PD04638PD,Tipo de cambio - TC Interbancario (S/ por US$) - Venta,01.May.20,n.d.
PD04638PD,Tipo de cambio - TC Interbancario (S/ por US$) - Venta,04.May.20,3.39
PD04638PD,Tipo de cambio - TC Interbancario (S/ por US$) - Venta,05.May.20,3.39216666666667
PD04638PD,Tipo de cambio - TC Interbancario (S/ por US$) - Venta,06.May.20,3.40916666666667
PD04638PD,Tipo de cambio - TC Interbancario (S/ por US$) - Venta,07.May.20,3.40616666666667
PD04638PD,Tipo de cambio - TC Interbancario (S/ por US$) - Venta,08.May.20,3.39816666666667
PD04638PD,Tipo de cambio - TC Interbancario (S/ por US$) - Venta,11.May.20,3.42133333333333
PD04638PD,Tipo de cambio - TC Interbancario (S/ por US$) - Venta,12.May.20,3.4265
PD04638PD,Tipo de cambio - TC Interbancario (S/ por US$) - Venta,13.May.20,3.43983333333333
PD04638PD,Tipo de cambio - TC Interbancario (S/ por US$) - Venta,14.May.20,3.45466666666667
PD04638PD,Tipo de cambio - TC Interbancario (S/ por US$) - Venta,15.May.20,3.44416666666667
PD04638PD,Tipo de cambio - TC Interbancario (S/ por US$) - Venta,18.May.20,3.42133333333333
PD04638PD,Tipo de cambio - TC Interbancario (S/ por US$) - Venta,19.May.20,3.43016666666667
PD04638PD,Tipo de cambio - TC Interbancario (S/ por US$) - Venta,20.May.20,3.40533333333333
PD04638PD,Tipo de cambio - TC Interbancario (S/ por US$) - Venta,21.May.20,3.406
PD04638PD,Tipo de cambio - TC Interbancario (S/ por US$) - Venta,22.May.20,3.42883333333333
PD04638PD,Tipo de cambio - TC Interbancario (S/ por US$) - Venta,25.May.20,3.4275
PD04638PD,Tipo de cambio - TC Interbancario (S/ por US$) - Venta,26.May.20,3.42633333333333
PD04638PD,Tipo de cambio - TC Interbancario (S/ por US$) - Venta,27.May.20,3.453
PD04638PD,Tipo de cambio - TC Interbancario (S/ por US$) - Venta,28.May.20,3.4415
PD04638PD,Tipo de cambio - TC Interbancario (S/ por US$) - Venta,29.May.20,3.43233333333333
PD04638PD,Tipo de cambio - TC Interbancario (S/ por US$) - Venta,01.Jun.20,3.4195
PD04638PD,Tipo de cambio - TC Interbancario (S/ por US$) - Venta,02.Jun.20,3.40133333333333
PD04638PD,Tipo de cambio - TC Interbancario (S/ por US$) - Venta,03.Jun.20,3.392
PD04638PD,Tipo de cambio - TC Interbancario (S/ por US$) - Venta,04.Jun.20,3.428
PD04638PD,Tipo de cambio - TC Interbancario (S/ por US$) - Venta,05.Jun.20,3.43116666666667
PD04638PD,Tipo de cambio - TC Interbancario (S/ por US$) - Venta,08.Jun.20,3.44166666666667
PD04638PD,Tipo de cambio - TC Interbancario (S/ por US$) - Venta,09.Jun.20,3.44816666666667
PD04638PD,Tipo de cambio - TC Interbancario (S/ por US$) - Venta,10.Jun.20,3.43516666666667
PD04638PD,Tipo de cambio - TC Interbancario (S/ por US$) - Venta,11.Jun.20,3.45766666666667
PD04638PD,Tipo de cambio - TC Interbancario (S/ por US$) - Venta,12.Jun.20,3.46366666666667
PD04638PD,Tipo de cambio - TC Interbancario (S/ por US$) - Venta,15.Jun.20,3.486
PD04638PD,Tipo de cambio - TC Interbancario (S/ por US$) - Venta,16.Jun.20,3.47633333333333
PD04638PD,Tipo de cambio - TC Interbancario (S/ por US$) - Venta,17.Jun.20,3.49583333333333
PD04638PD,Tipo de cambio - TC Interbancario (S/ por US$) - Venta,18.Jun.20,3.51733333333333
PD04638PD,Tipo de cambio - TC Interbancario (S/ por US$) - Venta,19.Jun.20,3.51133333333333
PD04638PD,Tipo de cambio - TC Interbancario (S/ por US$) - Venta,22.Jun.20,3.4965
PD04638PD,Tipo de cambio - TC Interbancario (S/ por US$) - Venta,23.Jun.20,3.51966666666667
PD04638PD,Tipo de cambio - TC Interbancario (S/ por US$) - Venta,24.Jun.20,3.5265
PD04638PD,Tipo de cambio - TC Interbancario (S/ por US$) - Venta,25.Jun.20,3.50883333333333
PD04638PD,Tipo de cambio - TC Interbancario (S/ por US$) - Venta,26.Jun.20,3.52366666666667
PD04638PD,Tipo de cambio - TC Interbancario (S/ por US$) - Venta,29.Jun.20,n.d.
PD04638PD,Tipo de cambio - TC Interbancario (S/ por US$) - Venta,30.Jun.20,3.54383333333333
PD04638PD,Tipo de cambio - TC Interbancario (S/ por US$) - Venta,01.Jul.20,3.53583333333333
PD04638PD,Tipo de cambio - TC Interbancario (S/ por US$) - Venta,02.Jul.20,3.51933333333333
PD04638PD,Tipo de cambio - TC Interbancario (S/ por US$) - Venta,03.Jul.20,3.53266666666667
PD04638PD,Tipo de cambio - TC Interbancario (S/ por US$) - Venta,06.Jul.20,3.54783333333333
PD04638PD,Tipo de cambio - TC Interbancario (S/ por US$) - Venta,07.Jul.20,3.546
PD04638PD,Tipo de cambio - TC Interbancario (S/ por US$) - Venta,08.Jul.20,3.53333333333333
PD04638PD,Tipo de cambio - TC Interbancario (S/ por US$) - Venta,09.Jul.20,3.5185
PD04638PD,Tipo de cambio - TC Interbancario (S/ por US$) - Venta,10.Jul.20,3.50666666666667
PD04638PD,Tipo de cambio - TC Interbancario (S/ por US$) - Venta,13.Jul.20,3.5
PD04638PD,Tipo de cambio - TC Interbancario (S/ por US$) - Venta,14.Jul.20,3.50266666666667
PD04638PD,Tipo de cambio - TC Interbancario (S/ por US$) - Venta,15.Jul.20,3.49916666666667
PD04638PD,Tipo de cambio - TC Interbancario (S/ por US$) - Venta,16.Jul.20,3.50133333333333
PD04638PD,Tipo de cambio - TC Interbancario (S/ por US$) - Venta,17.Jul.20,3.51533333333333
PD04638PD,Tipo de cambio - TC Interbancario (S/ por US$) - Venta,20.Jul.20,3.51566666666667
PD04638PD,Tipo de cambio - TC Interbancario (S/ por US$) - Venta,21.Jul.20,3.49383333333333
PD04638PD,Tipo de cambio - TC Interbancario (S/ por US$) - Venta,22.Jul.20,3.50483333333333
PD04638PD,Tipo de cambio - TC Interbancario (S/ por US$) - Venta,23.Jul.20,3.5205
PD04638PD,Tipo de cambio - TC Interbancario (S/ por US$) - Venta,24.Jul.20,3.53533333333333
PD04638PD,Tipo de cambio - TC Interbancario (S/ por US$) - Venta,27.Jul.20,3.52666666666667
PD04638PD,Tipo de cambio - TC Interbancario (S/ por US$) - Venta,28.Jul.20,n.d.
PD04638PD,Tipo de cambio - TC Interbancario (S/ por US$) - Venta,29.Jul.20,3.50966666666667
PD04638PD,Tipo de cambio - TC Interbancario (S/ por US$) - Venta,30.Jul.20,3.51066666666667
PD04638PD,Tipo de cambio - TC Interbancario (S/ por US$) - Venta,31.Jul.20,3.53
PD04638PD,Tipo de cambio - TC Interbancario (S/ por US$) - Venta,03.Ago.20,3.5445
PD04638PD,Tipo de cambio - TC Interbancario (S/ por US$) - Venta,04.Ago.20,3.55166666666667
PD04638PD,Tipo de cambio - TC Interbancario (S/ por US$) - Venta,05.Ago.20,3.54816666666667
PD04638PD,Tipo de cambio - TC Interbancario (S/ por US$) - Venta,06.Ago.20,3.5475
PD04638PD,Tipo de cambio - TC Interbancario (S/ por US$) - Venta,07.Ago.20,3.55183333333333
PD04638PD,Tipo de cambio - TC Interbancario (S/ por US$) - Venta,10.Ago.20,3.56066666666667
PD04638PD,Tipo de cambio - TC Interbancario (S/ por US$) - Venta,11.Ago.20,3.56266666666667
PD04638PD,Tipo de cambio - TC Interbancario (S/ por US$) - Venta,12.Ago.20,3.56833333333333
PD04638PD,Tipo de cambio - TC Interbancario (S/ por US$) - Venta,13.Ago.20,3.57283333333333
PD04638PD,Tipo de cambio - TC Interbancario (S/ por US$) - Venta,14.Ago.20,3.576
PD04638PD,Tipo de cambio - TC Interbancario (S/ por US$) - Venta,17.Ago.20,3.58
PD04638PD,Tipo de cambio - TC Interbancario (S/ por US$) - Venta,18.Ago.20,3.5735
PD04638PD,Tipo de cambio - TC Interbancario (S/ por US$) - Venta,19.Ago.20,3.56266666666667
PD04638PD,Tipo de cambio - TC Interbancario (S/ por US$) - Venta,20.Ago.20,3.577
PD04638PD,Tipo de cambio - TC Interbancario (S/ por US$) - Venta,21.Ago.20,3.58483333333333
PD04638PD,Tipo de cambio - TC Interbancario (S/ por US$) - Venta,24.Ago.20,3.58366666666667
PD04638PD,Tipo de cambio - TC Interbancario (S/ por US$) - Venta,25.Ago.20,3.592
PD04638PD,Tipo de cambio - TC Interbancario (S/ por US$) - Venta,26.Ago.20,3.58366666666667
PD04638PD,Tipo de cambio - TC Interbancario (S/ por US$) - Venta,27.Ago.20,3.56816666666667
PD04638PD,Tipo de cambio - TC Interbancario (S/ por US$) - Venta,28.Ago.20,3.5395
PD04638PD,Tipo de cambio - TC Interbancario (S/ por US$) - Venta,31.Ago.20,3.54583333333333
PD04638PD,Tipo de cambio - TC Interbancario (S/ por US$) - Venta,01.Set.20,3.52633333333333
PD04638PD,Tipo de cambio - TC Interbancario (S/ por US$) - Venta,02.Set.20,3.53333333333333
PD04638PD,Tipo de cambio - TC Interbancario (S/ por US$) - Venta,03.Set.20,3.5425
PD04638PD,Tipo de cambio - TC Interbancario (S/ por US$) - Venta,04.Set.20,3.54883333333333
PD04638PD,Tipo de cambio - TC Interbancario (S/ por US$) - Venta,07.Set.20,3.53816666666667
PD04638PD,Tipo de cambio - TC Interbancario (S/ por US$) - Venta,08.Set.20,3.54566666666667
PD04638PD,Tipo de cambio - TC Interbancario (S/ por US$) - Venta,09.Set.20,3.5355
PD04638PD,Tipo de cambio - TC Interbancario (S/ por US$) - Venta,10.Set.20,3.54216666666667
PD04638PD,Tipo de cambio - TC Interbancario (S/ por US$) - Venta,11.Set.20,3.5725
PD04638PD,Tipo de cambio - TC Interbancario (S/ por US$) - Venta,14.Set.20,3.56933333333333
PD04638PD,Tipo de cambio - TC Interbancario (S/ por US$) - Venta,15.Set.20,3.5495
PD04638PD,Tipo de cambio - TC Interbancario (S/ por US$) - Venta,16.Set.20,3.53933333333333
PD04638PD,Tipo de cambio - TC Interbancario (S/ por US$) - Venta,17.Set.20,3.53433333333333
PD04638PD,Tipo de cambio - TC Interbancario (S/ por US$) - Venta,18.Set.20,3.52583333333333
PD04638PD,Tipo de cambio - TC Interbancario (S/ por US$) - Venta,21.Set.20,3.54816666666667
PD04638PD,Tipo de cambio - TC Interbancario (S/ por US$) - Venta,22.Set.20,3.55466666666667
PD04638PD,Tipo de cambio - TC Interbancario (S/ por US$) - Venta,23.Set.20,3.57133333333333
PD04638PD,Tipo de cambio - TC Interbancario (S/ por US$) - Venta,24.Set.20,3.58333333333333
PD04638PD,Tipo de cambio - TC Interbancario (S/ por US$) - Venta,25.Set.20,3.59483333333333
PD04638PD,Tipo de cambio - TC Interbancario (S/ por US$) - Venta,28.Set.20,3.59116666666667
PD04638PD,Tipo de cambio - TC Interbancario (S/ por US$) - Venta,29.Set.20,3.59566666666667
PD04638PD,Tipo de cambio - TC Interbancario (S/ por US$) - Venta,30.Set.20,3.60016666666667
PD04638PD,Tipo de cambio - TC Interbancario (S/ por US$) - Venta,01.Oct.20,3.60466666666667
PD04638PD,Tipo de cambio - TC Interbancario (S/ por US$) - Venta,02.Oct.20,3.62
PD04638PD,Tipo de cambio - TC Interbancario (S/ por US$) - Venta,05.Oct.20,3.60766666666667
PD04638PD,Tipo de cambio - TC Interbancario (S/ por US$) - Venta,06.Oct.20,3.58416666666667
PD04638PD,Tipo de cambio - TC Interbancario (S/ por US$) - Venta,07.Oct.20,3.57833333333333
PD04638PD,Tipo de cambio - TC Interbancario (S/ por US$) - Venta,08.Oct.20,3.57966666666667
PD04638PD,Tipo de cambio - TC Interbancario (S/ por US$) - Venta,09.Oct.20,3.57266666666667
PD04638PD,Tipo de cambio - TC Interbancario (S/ por US$) - Venta,12.Oct.20,3.59
PD04638PD,Tipo de cambio - TC Interbancario (S/ por US$) - Venta,13.Oct.20,3.59533333333333
PD04638PD,Tipo de cambio - TC Interbancario (S/ por US$) - Venta,14.Oct.20,3.592
PD04638PD,Tipo de cambio - TC Interbancario (S/ por US$) - Venta,15.Oct.20,3.58683333333333
PD04638PD,Tipo de cambio - TC Interbancario (S/ por US$) - Venta,16.Oct.20,3.58033333333333
PD04638PD,Tipo de cambio - TC Interbancario (S/ por US$) - Venta,19.Oct.20,3.5895
PD04638PD,Tipo de cambio - TC Interbancario (S/ por US$) - Venta,20.Oct.20,3.5895
PD04638PD,Tipo de cambio - TC Interbancario (S/ por US$) - Venta,21.Oct.20,3.59933333333333
PD04638PD,Tipo de cambio - TC Interbancario (S/ por US$) - Venta,22.Oct.20,3.60333333333333
PD04638PD,Tipo de cambio - TC Interbancario (S/ por US$) - Venta,23.Oct.20,3.60383333333333
PD04638PD,Tipo de cambio - TC Interbancario (S/ por US$) - Venta,26.Oct.20,3.60433333333333
PD04638PD,Tipo de cambio - TC Interbancario (S/ por US$) - Venta,27.Oct.20,3.6085
PD04638PD,Tipo de cambio - TC Interbancario (S/ por US$) - Venta,28.Oct.20,3.61366666666667
PD04638PD,Tipo de cambio - TC Interbancario (S/ por US$) - Venta,29.Oct.20,3.6125
PD04638PD,Tipo de cambio - TC Interbancario (S/ por US$) - Venta,30.Oct.20,3.614
PD04638PD,Tipo de cambio - TC Interbancario (S/ por US$) - Venta,02.Nov.20,3.61566666666667
PD04638PD,Tipo de cambio - TC Interbancario (S/ por US$) - Venta,03.Nov.20,3.60516666666667
PD04638PD,Tipo de cambio - TC Interbancario (S/ por US$) - Venta,04.Nov.20,3.59883333333333
PD04638PD,Tipo de cambio - TC Interbancario (S/ por US$) - Venta,05.Nov.20,3.59333333333333
PD04638PD,Tipo de cambio - TC Interbancario (S/ por US$) - Venta,06.Nov.20,3.59916666666667
PD04638PD,Tipo de cambio - TC Interbancario (S/ por US$) - Venta,09.Nov.20,3.58533333333333
PD04638PD,Tipo de cambio - TC Interbancario (S/ por US$) - Venta,10.Nov.20,3.6275
PD04638PD,Tipo de cambio - TC Interbancario (S/ por US$) - Venta,11.Nov.20,3.62366666666667
PD04638PD,Tipo de cambio - TC Interbancario (S/ por US$) - Venta,12.Nov.20,3.63766666666667
PD04638PD,Tipo de cambio - TC Interbancario (S/ por US$) - Venta,13.Nov.20,3.6475
PD04638PD,Tipo de cambio - TC Interbancario (S/ por US$) - Venta,16.Nov.20,3.66666666666667
PD04638PD,Tipo de cambio - TC Interbancario (S/ por US$) - Venta,17.Nov.20,3.62583333333333
PD04638PD,Tipo de cambio - TC Interbancario (S/ por US$) - Venta,18.Nov.20,3.57783333333333
PD04638PD,Tipo de cambio - TC Interbancario (S/ por US$) - Venta,19.Nov.20,3.57616666666667
PD04638PD,Tipo de cambio - TC Interbancario (S/ por US$) - Venta,20.Nov.20,3.58733333333333
PD04638PD,Tipo de cambio - TC Interbancario (S/ por US$) - Venta,23.Nov.20,3.6005
PD04638PD,Tipo de cambio - TC Interbancario (S/ por US$) - Venta,24.Nov.20,3.60783333333333
PD04638PD,Tipo de cambio - TC Interbancario (S/ por US$) - Venta,25.Nov.20,3.60883333333333
PD04638PD,Tipo de cambio - TC Interbancario (S/ por US$) - Venta,26.Nov.20,3.6065
PD04638PD,Tipo de cambio - TC Interbancario (S/ por US$) - Venta,27.Nov.20,3.6055
PD04638PD,Tipo de cambio - TC Interbancario (S/ por US$) - Venta,30.Nov.20,3.60783333333333
PD04638PD,Tipo de cambio - TC Interbancario (S/ por US$) - Venta,01.Dic.20,3.60566666666667
PD04638PD,Tipo de cambio - TC Interbancario (S/ por US$) - Venta,02.Dic.20,3.60633333333333
PD04638PD,Tipo de cambio - TC Interbancario (S/ por US$) - Venta,03.Dic.20,3.597
PD04638PD,Tipo de cambio - TC Interbancario (S/ por US$) - Venta,04.Dic.20,3.59116666666667
PD04638PD,Tipo de cambio - TC Interbancario (S/ por US$) - Venta,07.Dic.20,3.60183333333333
PD04638PD,Tipo de cambio - TC Interbancario (S/ por US$) - Venta,08.Dic.20,n.d.
PD04638PD,Tipo de cambio - TC Interbancario (S/ por US$) - Venta,09.Dic.20,3.6035
PD04638PD,Tipo de cambio - TC Interbancario (S/ por US$) - Venta,10.Dic.20,3.60016666666667
PD04638PD,Tipo de cambio - TC Interbancario (S/ por US$) - Venta,11.Dic.20,3.59833333333333
PD04638PD,Tipo de cambio - TC Interbancario (S/ por US$) - Venta,14.Dic.20,3.58833333333333
PD04638PD,Tipo de cambio - TC Interbancario (S/ por US$) - Venta,15.Dic.20,3.59133333333333
PD04638PD,Tipo de cambio - TC Interbancario (S/ por US$) - Venta,16.Dic.20,3.58733333333333
PD04638PD,Tipo de cambio - TC Interbancario (S/ por US$) - Venta,17.Dic.20,3.58583333333333
PD04638PD,Tipo de cambio - TC Interbancario (S/ por US$) - Venta,18.Dic.20,3.597
PD04638PD,Tipo de cambio - TC Interbancario (S/ por US$) - Venta,21.Dic.20,3.60783333333333
PD04638PD,Tipo de cambio - TC Interbancario (S/ por US$) - Venta,22.Dic.20,3.6155
PD04638PD,Tipo de cambio - TC Interbancario (S/ por US$) - Venta,23.Dic.20,3.6125
PD04638PD,Tipo de cambio - TC Interbancario (S/ por US$) - Venta,24.Dic.20,3.6127
PD04638PD,Tipo de cambio - TC Interbancario (S/ por US$) - Venta,25.Dic.20,n.d.
PD04638PD,Tipo de cambio - TC Interbancario (S/ por US$) - Venta,28.Dic.20,3.61616666666667
PD04638PD,Tipo de cambio - TC Interbancario (S/ por US$) - Venta,29.Dic.20,3.6195
PD04638PD,Tipo de cambio - TC Interbancario (S/ por US$) - Venta,30.Dic.20,3.61983333333333
PD04638PD,Tipo de cambio - TC Interbancario (S/ por US$) - Venta,31.Dic.20,3.623
PD04638PD,Tipo de cambio - TC Interbancario (S/ por US$) - Venta,01.Ene.21,n.d.
PD04638PD,Tipo de cambio - TC Interbancario (S/ por US$) - Venta,04.Ene.21,3.62666666666667
PD04638PD,Tipo de cambio - TC Interbancario (S/ por US$) - Venta,05.Ene.21,3.63366666666667
PD04638PD,Tipo de cambio - TC Interbancario (S/ por US$) - Venta,06.Ene.21,3.62683333333333
PD04638PD,Tipo de cambio - TC Interbancario (S/ por US$) - Venta,07.Ene.21,3.623
PD04638PD,Tipo de cambio - TC Interbancario (S/ por US$) - Venta,08.Ene.21,3.61383333333333
PD04638PD,Tipo de cambio - TC Interbancario (S/ por US$) - Venta,11.Ene.21,3.61733333333333
PD04638PD,Tipo de cambio - TC Interbancario (S/ por US$) - Venta,12.Ene.21,3.609
PD04638PD,Tipo de cambio - TC Interbancario (S/ por US$) - Venta,13.Ene.21,3.614
PD04638PD,Tipo de cambio - TC Interbancario (S/ por US$) - Venta,14.Ene.21,3.6135
PD04638PD,Tipo de cambio - TC Interbancario (S/ por US$) - Venta,15.Ene.21,3.61266666666667
PD04638PD,Tipo de cambio - TC Interbancario (S/ por US$) - Venta,18.Ene.21,3.617
PD04638PD,Tipo de cambio - TC Interbancario (S/ por US$) - Venta,19.Ene.21,3.61333333333333
PD04638PD,Tipo de cambio - TC Interbancario (S/ por US$) - Venta,20.Ene.21,3.61533333333333
PD04638PD,Tipo de cambio - TC Interbancario (S/ por US$) - Venta,21.Ene.21,3.622
PD04638PD,Tipo de cambio - TC Interbancario (S/ por US$) - Venta,22.Ene.21,3.63416666666667
PD04638PD,Tipo de cambio - TC Interbancario (S/ por US$) - Venta,25.Ene.21,3.644
PD04638PD,Tipo de cambio - TC Interbancario (S/ por US$) - Venta,26.Ene.21,3.64516666666667
PD04638PD,Tipo de cambio - TC Interbancario (S/ por US$) - Venta,27.Ene.21,3.653
PD04638PD,Tipo de cambio - TC Interbancario (S/ por US$) - Venta,28.Ene.21,3.64666666666667
PD04638PD,Tipo de cambio - TC Interbancario (S/ por US$) - Venta,29.Ene.21,3.63933333333333
PD04638PD,Tipo de cambio - TC Interbancario (S/ por US$) - Venta,01.Feb.21,3.6395
PD04638PD,Tipo de cambio - TC Interbancario (S/ por US$) - Venta,02.Feb.21,3.63883333333333
PD04638PD,Tipo de cambio - TC Interbancario (S/ por US$) - Venta,03.Feb.21,3.6385
PD04638PD,Tipo de cambio - TC Interbancario (S/ por US$) - Venta,04.Feb.21,3.64566666666667
PD04638PD,Tipo de cambio - TC Interbancario (S/ por US$) - Venta,05.Feb.21,3.63933333333333
PD04638PD,Tipo de cambio - TC Interbancario (S/ por US$) - Venta,08.Feb.21,3.643
PD04638PD,Tipo de cambio - TC Interbancario (S/ por US$) - Venta,09.Feb.21,3.64266666666667
PD04638PD,Tipo de cambio - TC Interbancario (S/ por US$) - Venta,10.Feb.21,3.63816666666667
PD04638PD,Tipo de cambio - TC Interbancario (S/ por US$) - Venta,11.Feb.21,3.63883333333333
PD04638PD,Tipo de cambio - TC Interbancario (S/ por US$) - Venta,12.Feb.21,3.6455
PD04638PD,Tipo de cambio - TC Interbancario (S/ por US$) - Venta,15.Feb.21,3.645
PD04638PD,Tipo de cambio - TC Interbancario (S/ por US$) - Venta,16.Feb.21,3.651
PD04638PD,Tipo de cambio - TC Interbancario (S/ por US$) - Venta,17.Feb.21,3.655
PD04638PD,Tipo de cambio - TC Interbancario (S/ por US$) - Venta,18.Feb.21,3.65066666666667
PD04638PD,Tipo de cambio - TC Interbancario (S/ por US$) - Venta,19.Feb.21,3.65366666666667
PD04638PD,Tipo de cambio - TC Interbancario (S/ por US$) - Venta,22.Feb.21,3.6555
PD04638PD,Tipo de cambio - TC Interbancario (S/ por US$) - Venta,23.Feb.21,3.65366666666667
PD04638PD,Tipo de cambio - TC Interbancario (S/ por US$) - Venta,24.Feb.21,3.6505
PD04638PD,Tipo de cambio - TC Interbancario (S/ por US$) - Venta,25.Feb.21,3.64883333333333
PD04638PD,Tipo de cambio - TC Interbancario (S/ por US$) - Venta,26.Feb.21,3.65083333333333
PD04638PD,Tipo de cambio - TC Interbancario (S/ por US$) - Venta,01.Mar.21,3.6545
PD04638PD,Tipo de cambio - TC Interbancario (S/ por US$) - Venta,02.Mar.21,3.66516666666667
PD04638PD,Tipo de cambio - TC Interbancario (S/ por US$) - Venta,03.Mar.21,3.67633333333333
PD04638PD,Tipo de cambio - TC Interbancario (S/ por US$) - Venta,04.Mar.21,3.6775
PD04638PD,Tipo de cambio - TC Interbancario (S/ por US$) - Venta,05.Mar.21,3.6955
PD04638PD,Tipo de cambio - TC Interbancario (S/ por US$) - Venta,08.Mar.21,3.70466666666667
PD04638PD,Tipo de cambio - TC Interbancario (S/ por US$) - Venta,09.Mar.21,3.704
PD04638PD,Tipo de cambio - TC Interbancario (S/ por US$) - Venta,10.Mar.21,3.69416666666667
PD04638PD,Tipo de cambio - TC Interbancario (S/ por US$) - Venta,11.Mar.21,3.693
PD04638PD,Tipo de cambio - TC Interbancario (S/ por US$) - Venta,12.Mar.21,3.70566666666667
PD04638PD,Tipo de cambio - TC Interbancario (S/ por US$) - Venta,15.Mar.21,3.718
PD04638PD,Tipo de cambio - TC Interbancario (S/ por US$) - Venta,16.Mar.21,3.70566666666667
PD04638PD,Tipo de cambio - TC Interbancario (S/ por US$) - Venta,17.Mar.21,3.709
PD04638PD,Tipo de cambio - TC Interbancario (S/ por US$) - Venta,18.Mar.21,3.7075
PD04638PD,Tipo de cambio - TC Interbancario (S/ por US$) - Venta,19.Mar.21,3.71533333333333
PD04638PD,Tipo de cambio - TC Interbancario (S/ por US$) - Venta,22.Mar.21,3.72266666666667
PD04638PD,Tipo de cambio - TC Interbancario (S/ por US$) - Venta,23.Mar.21,3.71983333333333
PD04638PD,Tipo de cambio - TC Interbancario (S/ por US$) - Venta,24.Mar.21,3.72433333333333
PD04638PD,Tipo de cambio - TC Interbancario (S/ por US$) - Venta,25.Mar.21,3.73366666666667
PD04638PD,Tipo de cambio - TC Interbancario (S/ por US$) - Venta,26.Mar.21,3.73633333333333
PD04638PD,Tipo de cambio - TC Interbancario (S/ por US$) - Venta,29.Mar.21,3.75116666666667
PD04638PD,Tipo de cambio - TC Interbancario (S/ por US$) - Venta,30.Mar.21,3.76616666666667
PD04638PD,Tipo de cambio - TC Interbancario (S/ por US$) - Venta,31.Mar.21,3.7555
PD04638PD,Tipo de cambio - TC Interbancario (S/ por US$) - Venta,01.Abr.21,n.d.
PD04638PD,Tipo de cambio - TC Interbancario (S/ por US$) - Venta,02.Abr.21,n.d.
PD04638PD,Tipo de cambio - TC Interbancario (S/ por US$) - Venta,05.Abr.21,3.71416666666667
PD04638PD,Tipo de cambio - TC Interbancario (S/ por US$) - Venta,06.Abr.21,3.6485
PD04638PD,Tipo de cambio - TC Interbancario (S/ por US$) - Venta,07.Abr.21,3.61383333333333
PD04638PD,Tipo de cambio - TC Interbancario (S/ por US$) - Venta,08.Abr.21,3.59666666666667
PD04638PD,Tipo de cambio - TC Interbancario (S/ por US$) - Venta,09.Abr.21,3.62783333333333
PD04638PD,Tipo de cambio - TC Interbancario (S/ por US$) - Venta,12.Abr.21,3.64466666666667
PD04638PD,Tipo de cambio - TC Interbancario (S/ por US$) - Venta,13.Abr.21,3.627
PD04638PD,Tipo de cambio - TC Interbancario (S/ por US$) - Venta,14.Abr.21,3.63083333333333
PD04638PD,Tipo de cambio - TC Interbancario (S/ por US$) - Venta,15.Abr.21,3.62266666666667
PD04638PD,Tipo de cambio - TC Interbancario (S/ por US$) - Venta,16.Abr.21,3.633
PD04638PD,Tipo de cambio - TC Interbancario (S/ por US$) - Venta,19.Abr.21,3.681
PD04638PD,Tipo de cambio - TC Interbancario (S/ por US$) - Venta,20.Abr.21,3.6875
PD04638PD,Tipo de cambio - TC Interbancario (S/ por US$) - Venta,21.Abr.21,3.70666666666667
PD04638PD,Tipo de cambio - TC Interbancario (S/ por US$) - Venta,22.Abr.21,3.7625
PD04638PD,Tipo de cambio - TC Interbancario (S/ por US$) - Venta,23.Abr.21,3.77833333333333
PD04638PD,Tipo de cambio - TC Interbancario (S/ por US$) - Venta,26.Abr.21,3.831
PD04638PD,Tipo de cambio - TC Interbancario (S/ por US$) - Venta,27.Abr.21,3.84233333333333
PD04638PD,Tipo de cambio - TC Interbancario (S/ por US$) - Venta,28.Abr.21,3.79666666666667
PD04638PD,Tipo de cambio - TC Interbancario (S/ por US$) - Venta,29.Abr.21,3.78766666666667
PD04638PD,Tipo de cambio - TC Interbancario (S/ por US$) - Venta,30.Abr.21,3.79016666666667
PD04638PD,Tipo de cambio - TC Interbancario (S/ por US$) - Venta,03.May.21,3.81383333333333
PD04638PD,Tipo de cambio - TC Interbancario (S/ por US$) - Venta,04.May.21,3.83533333333333
PD04638PD,Tipo de cambio - TC Interbancario (S/ por US$) - Venta,05.May.21,3.828
PD04638PD,Tipo de cambio - TC Interbancario (S/ por US$) - Venta,06.May.21,3.81933333333333
PD04638PD,Tipo de cambio - TC Interbancario (S/ por US$) - Venta,07.May.21,3.80133333333333
PD04638PD,Tipo de cambio - TC Interbancario (S/ por US$) - Venta,10.May.21,3.762
PD04638PD,Tipo de cambio - TC Interbancario (S/ por US$) - Venta,11.May.21,3.70283333333333
PD04638PD,Tipo de cambio - TC Interbancario (S/ por US$) - Venta,12.May.21,3.732
PD04638PD,Tipo de cambio - TC Interbancario (S/ por US$) - Venta,13.May.21,3.68033333333333
PD04638PD,Tipo de cambio - TC Interbancario (S/ por US$) - Venta,14.May.21,3.67866666666667
PD04638PD,Tipo de cambio - TC Interbancario (S/ por US$) - Venta,17.May.21,3.717
PD04638PD,Tipo de cambio - TC Interbancario (S/ por US$) - Venta,18.May.21,3.73466666666667
PD04638PD,Tipo de cambio - TC Interbancario (S/ por US$) - Venta,19.May.21,3.75016666666667
PD04638PD,Tipo de cambio - TC Interbancario (S/ por US$) - Venta,20.May.21,3.736
PD04638PD,Tipo de cambio - TC Interbancario (S/ por US$) - Venta,21.May.21,3.75
PD04638PD,Tipo de cambio - TC Interbancario (S/ por US$) - Venta,24.May.21,3.80133333333333
PD04638PD,Tipo de cambio - TC Interbancario (S/ por US$) - Venta,25.May.21,3.83266666666667
PD04638PD,Tipo de cambio - TC Interbancario (S/ por US$) - Venta,26.May.21,3.84766666666667
PD04638PD,Tipo de cambio - TC Interbancario (S/ por US$) - Venta,27.May.21,3.86933333333333
PD04638PD,Tipo de cambio - TC Interbancario (S/ por US$) - Venta,28.May.21,3.801
PD04638PD,Tipo de cambio - TC Interbancario (S/ por US$) - Venta,31.May.21,3.8265
PD04638PD,Tipo de cambio - TC Interbancario (S/ por US$) - Venta,01.Jun.21,3.845
PD04638PD,Tipo de cambio - TC Interbancario (S/ por US$) - Venta,02.Jun.21,3.85833333333333
PD04638PD,Tipo de cambio - TC Interbancario (S/ por US$) - Venta,03.Jun.21,3.86066666666667
PD04638PD,Tipo de cambio - TC Interbancario (S/ por US$) - Venta,04.Jun.21,3.83566666666667
PD04638PD,Tipo de cambio - TC Interbancario (S/ por US$) - Venta,07.Jun.21,3.94
PD04638PD,Tipo de cambio - TC Interbancario (S/ por US$) - Venta,08.Jun.21,3.94633333333333
PD04638PD,Tipo de cambio - TC Interbancario (S/ por US$) - Venta,09.Jun.21,3.89083333333333
PD04638PD,Tipo de cambio - TC Interbancario (S/ por US$) - Venta,10.Jun.21,3.887
PD04638PD,Tipo de cambio - TC Interbancario (S/ por US$) - Venta,11.Jun.21,3.89883333333333
PD04638PD,Tipo de cambio - TC Interbancario (S/ por US$) - Venta,14.Jun.21,3.90033333333333
PD04638PD,Tipo de cambio - TC Interbancario (S/ por US$) - Venta,15.Jun.21,3.90466666666667
PD04638PD,Tipo de cambio - TC Interbancario (S/ por US$) - Venta,16.Jun.21,3.90533333333333
PD04638PD,Tipo de cambio - TC Interbancario (S/ por US$) - Venta,17.Jun.21,3.9185
PD04638PD,Tipo de cambio - TC Interbancario (S/ por US$) - Venta,18.Jun.21,3.94433333333333
PD04638PD,Tipo de cambio - TC Interbancario (S/ por US$) - Venta,21.Jun.21,3.96
PD04638PD,Tipo de cambio - TC Interbancario (S/ por US$) - Venta,22.Jun.21,3.97583333333333
PD04638PD,Tipo de cambio - TC Interbancario (S/ por US$) - Venta,23.Jun.21,3.97833333333333
PD04638PD,Tipo de cambio - TC Interbancario (S/ por US$) - Venta,24.Jun.21,3.983
PD04638PD,Tipo de cambio - TC Interbancario (S/ por US$) - Venta,25.Jun.21,3.9785
PD04638PD,Tipo de cambio - TC Interbancario (S/ por US$) - Venta,28.Jun.21,3.91266666666667
PD04638PD,Tipo de cambio - TC Interbancario (S/ por US$) - Venta,29.Jun.21,n.d.
PD04638PD,Tipo de cambio - TC Interbancario (S/ por US$) - Venta,30.Jun.21,3.86333333333333
PD04638PD,Tipo de cambio - TC Interbancario (S/ por US$) - Venta,01.Jul.21,3.86316666666667
PD04638PD,Tipo de cambio - TC Interbancario (S/ por US$) - Venta,02.Jul.21,3.88783333333333
PD04638PD,Tipo de cambio - TC Interbancario (S/ por US$) - Venta,05.Jul.21,3.92016666666667
PD04638PD,Tipo de cambio - TC Interbancario (S/ por US$) - Venta,06.Jul.21,3.95233333333333
PD04638PD,Tipo de cambio - TC Interbancario (S/ por US$) - Venta,07.Jul.21,3.96033333333333
PD04638PD,Tipo de cambio - TC Interbancario (S/ por US$) - Venta,08.Jul.21,3.96616666666667
PD04638PD,Tipo de cambio - TC Interbancario (S/ por US$) - Venta,09.Jul.21,3.96
PD04638PD,Tipo de cambio - TC Interbancario (S/ por US$) - Venta,12.Jul.21,3.96066666666667
PD04638PD,Tipo de cambio - TC Interbancario (S/ por US$) - Venta,13.Jul.21,3.9715
PD04638PD,Tipo de cambio - TC Interbancario (S/ por US$) - Venta,14.Jul.21,3.96483333333333
PD04638PD,Tipo de cambio - TC Interbancario (S/ por US$) - Venta,15.Jul.21,3.95716666666667
PD04638PD,Tipo de cambio - TC Interbancario (S/ por US$) - Venta,16.Jul.21,3.90883333333333
PD04638PD,Tipo de cambio - TC Interbancario (S/ por US$) - Venta,19.Jul.21,3.94083333333333
PD04638PD,Tipo de cambio - TC Interbancario (S/ por US$) - Venta,20.Jul.21,3.9545
PD04638PD,Tipo de cambio - TC Interbancario (S/ por US$) - Venta,21.Jul.21,3.95
PD04638PD,Tipo de cambio - TC Interbancario (S/ por US$) - Venta,22.Jul.21,3.94116666666667
PD04638PD,Tipo de cambio - TC Interbancario (S/ por US$) - Venta,23.Jul.21,3.92433333333333
PD04638PD,Tipo de cambio - TC Interbancario (S/ por US$) - Venta,26.Jul.21,3.90983333333333
PD04638PD,Tipo de cambio - TC Interbancario (S/ por US$) - Venta,27.Jul.21,3.92233333333333
PD04638PD,Tipo de cambio - TC Interbancario (S/ por US$) - Venta,28.Jul.21,n.d.
PD04638PD,Tipo de cambio - TC Interbancario (S/ por US$) - Venta,29.Jul.21,n.d.
PD04638PD,Tipo de cambio - TC Interbancario (S/ por US$) - Venta,30.Jul.21,4.05383333333333
PD04638PD,Tipo de cambio - TC Interbancario (S/ por US$) - Venta,02.Ago.21,4.059
PD04638PD,Tipo de cambio - TC Interbancario (S/ por US$) - Venta,03.Ago.21,4.06783333333333
PD04638PD,Tipo de cambio - TC Interbancario (S/ por US$) - Venta,04.Ago.21,4.07633333333333
PD04638PD,Tipo de cambio - TC Interbancario (S/ por US$) - Venta,05.Ago.21,4.07266666666667
PD04638PD,Tipo de cambio - TC Interbancario (S/ por US$) - Venta,06.Ago.21,4.09133333333333
PD04638PD,Tipo de cambio - TC Interbancario (S/ por US$) - Venta,09.Ago.21,4.10733333333333
PD04638PD,Tipo de cambio - TC Interbancario (S/ por US$) - Venta,10.Ago.21,4.06483333333333
PD04638PD,Tipo de cambio - TC Interbancario (S/ por US$) - Venta,11.Ago.21,4.08966666666667
PD04638PD,Tipo de cambio - TC Interbancario (S/ por US$) - Venta,12.Ago.21,4.09716666666667
PD04638PD,Tipo de cambio - TC Interbancario (S/ por US$) - Venta,13.Ago.21,4.07966666666667
PD04638PD,Tipo de cambio - TC Interbancario (S/ por US$) - Venta,16.Ago.21,4.0775
PD04638PD,Tipo de cambio - TC Interbancario (S/ por US$) - Venta,17.Ago.21,4.08716666666667
PD04638PD,Tipo de cambio - TC Interbancario (S/ por US$) - Venta,18.Ago.21,4.095
PD04638PD,Tipo de cambio - TC Interbancario (S/ por US$) - Venta,19.Ago.21,4.11166666666667
PD04638PD,Tipo de cambio - TC Interbancario (S/ por US$) - Venta,20.Ago.21,4.11316666666667
PD04638PD,Tipo de cambio - TC Interbancario (S/ por US$) - Venta,23.Ago.21,4.10866666666667
PD04638PD,Tipo de cambio - TC Interbancario (S/ por US$) - Venta,24.Ago.21,4.0925
PD04638PD,Tipo de cambio - TC Interbancario (S/ por US$) - Venta,25.Ago.21,4.09716666666667
PD04638PD,Tipo de cambio - TC Interbancario (S/ por US$) - Venta,26.Ago.21,4.09
PD04638PD,Tipo de cambio - TC Interbancario (S/ por US$) - Venta,27.Ago.21,4.07433333333333
PD04638PD,Tipo de cambio - TC Interbancario (S/ por US$) - Venta,30.Ago.21,n.d.
PD04638PD,Tipo de cambio - TC Interbancario (S/ por US$) - Venta,31.Ago.21,4.086
PD04638PD,Tipo de cambio - TC Interbancario (S/ por US$) - Venta,01.Set.21,4.08116666666667
PD04638PD,Tipo de cambio - TC Interbancario (S/ por US$) - Venta,02.Set.21,4.1
PD04638PD,Tipo de cambio - TC Interbancario (S/ por US$) - Venta,03.Set.21,4.09416666666667
PD04638PD,Tipo de cambio - TC Interbancario (S/ por US$) - Venta,06.Set.21,4.103
PD04638PD,Tipo de cambio - TC Interbancario (S/ por US$) - Venta,07.Set.21,4.10133333333333
PD04638PD,Tipo de cambio - TC Interbancario (S/ por US$) - Venta,08.Set.21,4.092
PD04638PD,Tipo de cambio - TC Interbancario (S/ por US$) - Venta,09.Set.21,4.1
PD04638PD,Tipo de cambio - TC Interbancario (S/ por US$) - Venta,10.Set.21,4.1
PD04638PD,Tipo de cambio - TC Interbancario (S/ por US$) - Venta,13.Set.21,4.105
PD04638PD,Tipo de cambio - TC Interbancario (S/ por US$) - Venta,14.Set.21,4.10433333333333
PD04638PD,Tipo de cambio - TC Interbancario (S/ por US$) - Venta,15.Set.21,4.10733333333333
PD04638PD,Tipo de cambio - TC Interbancario (S/ por US$) - Venta,16.Set.21,4.1125
PD04638PD,Tipo de cambio - TC Interbancario (S/ por US$) - Venta,17.Set.21,4.109
PD04638PD,Tipo de cambio - TC Interbancario (S/ por US$) - Venta,20.Set.21,4.119
PD04638PD,Tipo de cambio - TC Interbancario (S/ por US$) - Venta,21.Set.21,4.11266666666667
PD04638PD,Tipo de cambio - TC Interbancario (S/ por US$) - Venta,22.Set.21,4.11033333333333
PD04638PD,Tipo de cambio - TC Interbancario (S/ por US$) - Venta,23.Set.21,4.11233333333333
PD04638PD,Tipo de cambio - TC Interbancario (S/ por US$) - Venta,24.Set.21,4.10933333333333
PD04638PD,Tipo de cambio - TC Interbancario (S/ por US$) - Venta,27.Set.21,4.12483333333333
PD04638PD,Tipo de cambio - TC Interbancario (S/ por US$) - Venta,28.Set.21,4.1265
PD04638PD,Tipo de cambio - TC Interbancario (S/ por US$) - Venta,29.Set.21,4.12816666666667
PD04638PD,Tipo de cambio - TC Interbancario (S/ por US$) - Venta,30.Set.21,4.1375
PD04638PD,Tipo de cambio - TC Interbancario (S/ por US$) - Venta,01.Oct.21,4.12866666666667
PD04638PD,Tipo de cambio - TC Interbancario (S/ por US$) - Venta,04.Oct.21,4.13016666666667
PD04638PD,Tipo de cambio - TC Interbancario (S/ por US$) - Venta,05.Oct.21,4.133
PD04638PD,Tipo de cambio - TC Interbancario (S/ por US$) - Venta,06.Oct.21,4.13533333333333
PD04638PD,Tipo de cambio - TC Interbancario (S/ por US$) - Venta,07.Oct.21,4.08816666666667
PD04638PD,Tipo de cambio - TC Interbancario (S/ por US$) - Venta,08.Oct.21,n.d.
PD04638PD,Tipo de cambio - TC Interbancario (S/ por US$) - Venta,11.Oct.21,4.07166666666667
PD04638PD,Tipo de cambio - TC Interbancario (S/ por US$) - Venta,12.Oct.21,4.0615
PD04638PD,Tipo de cambio - TC Interbancario (S/ por US$) - Venta,13.Oct.21,3.99316666666667
PD04638PD,Tipo de cambio - TC Interbancario (S/ por US$) - Venta,14.Oct.21,3.93583333333333
PD04638PD,Tipo de cambio - TC Interbancario (S/ por US$) - Venta,15.Oct.21,3.92883333333333
PD04638PD,Tipo de cambio - TC Interbancario (S/ por US$) - Venta,18.Oct.21,3.94966666666667
PD04638PD,Tipo de cambio - TC Interbancario (S/ por US$) - Venta,19.Oct.21,3.9465
PD04638PD,Tipo de cambio - TC Interbancario (S/ por US$) - Venta,20.Oct.21,3.9435
PD04638PD,Tipo de cambio - TC Interbancario (S/ por US$) - Venta,21.Oct.21,3.95166666666667
PD04638PD,Tipo de cambio - TC Interbancario (S/ por US$) - Venta,22.Oct.21,3.96416666666667
PD04638PD,Tipo de cambio - TC Interbancario (S/ por US$) - Venta,25.Oct.21,3.971
PD04638PD,Tipo de cambio - TC Interbancario (S/ por US$) - Venta,26.Oct.21,3.9935
PD04638PD,Tipo de cambio - TC Interbancario (S/ por US$) - Venta,27.Oct.21,3.98666666666667
PD04638PD,Tipo de cambio - TC Interbancario (S/ por US$) - Venta,28.Oct.21,3.97833333333333
PD04638PD,Tipo de cambio - TC Interbancario (S/ por US$) - Venta,29.Oct.21,3.99233333333333
PD04638PD,Tipo de cambio - TC Interbancario (S/ por US$) - Venta,01.Nov.21,n.d.
PD04638PD,Tipo de cambio - TC Interbancario (S/ por US$) - Venta,02.Nov.21,4.00866666666667
PD04638PD,Tipo de cambio - TC Interbancario (S/ por US$) - Venta,03.Nov.21,4.0125
PD04638PD,Tipo de cambio - TC Interbancario (S/ por US$) - Venta,04.Nov.21,4.01066666666667
PD04638PD,Tipo de cambio - TC Interbancario (S/ por US$) - Venta,05.Nov.21,4.01483333333333
PD04638PD,Tipo de cambio - TC Interbancario (S/ por US$) - Venta,08.Nov.21,4.0135
PD04638PD,Tipo de cambio - TC Interbancario (S/ por US$) - Venta,09.Nov.21,4.01566666666667
PD04638PD,Tipo de cambio - TC Interbancario (S/ por US$) - Venta,10.Nov.21,4.0245
PD04638PD,Tipo de cambio - TC Interbancario (S/ por US$) - Venta,11.Nov.21,4.02216666666667
PD04638PD,Tipo de cambio - TC Interbancario (S/ por US$) - Venta,12.Nov.21,4.0225
PD04638PD,Tipo de cambio - TC Interbancario (S/ por US$) - Venta,15.Nov.21,4.0045
PD04638PD,Tipo de cambio - TC Interbancario (S/ por US$) - Venta,16.Nov.21,3.99933333333333
PD04638PD,Tipo de cambio - TC Interbancario (S/ por US$) - Venta,17.Nov.21,4.004
PD04638PD,Tipo de cambio - TC Interbancario (S/ por US$) - Venta,18.Nov.21,4.01966666666667
PD04638PD,Tipo de cambio - TC Interbancario (S/ por US$) - Venta,19.Nov.21,4.02016666666667
PD04638PD,Tipo de cambio - TC Interbancario (S/ por US$) - Venta,22.Nov.21,4.01933333333333
PD04638PD,Tipo de cambio - TC Interbancario (S/ por US$) - Venta,23.Nov.21,4.00833333333333
PD04638PD,Tipo de cambio - TC Interbancario (S/ por US$) - Venta,24.Nov.21,4.022
PD04638PD,Tipo de cambio - TC Interbancario (S/ por US$) - Venta,25.Nov.21,4.02916666666667
PD04638PD,Tipo de cambio - TC Interbancario (S/ por US$) - Venta,26.Nov.21,4.03966666666667
PD04638PD,Tipo de cambio - TC Interbancario (S/ por US$) - Venta,29.Nov.21,4.05416666666667
PD04638PD,Tipo de cambio - TC Interbancario (S/ por US$) - Venta,30.Nov.21,4.06566666666667
PD04638PD,Tipo de cambio - TC Interbancario (S/ por US$) - Venta,01.Dic.21,4.06866666666667
PD04638PD,Tipo de cambio - TC Interbancario (S/ por US$) - Venta,02.Dic.21,4.072
PD04638PD,Tipo de cambio - TC Interbancario (S/ por US$) - Venta,03.Dic.21,4.0755
PD04638PD,Tipo de cambio - TC Interbancario (S/ por US$) - Venta,06.Dic.21,4.084
PD04638PD,Tipo de cambio - TC Interbancario (S/ por US$) - Venta,07.Dic.21,4.07783333333333
PD04638PD,Tipo de cambio - TC Interbancario (S/ por US$) - Venta,08.Dic.21,n.d.
PD04638PD,Tipo de cambio - TC Interbancario (S/ por US$) - Venta,09.Dic.21,4.08166666666667
PD04638PD,Tipo de cambio - TC Interbancario (S/ por US$) - Venta,10.Dic.21,4.06816666666667
PD04638PD,Tipo de cambio - TC Interbancario (S/ por US$) - Venta,13.Dic.21,4.0605
PD04638PD,Tipo de cambio - TC Interbancario (S/ por US$) - Venta,14.Dic.21,4.05583333333333
PD04638PD,Tipo de cambio - TC Interbancario (S/ por US$) - Venta,15.Dic.21,4.056
PD04638PD,Tipo de cambio - TC Interbancario (S/ por US$) - Venta,16.Dic.21,4.04016666666667
PD04638PD,Tipo de cambio - TC Interbancario (S/ por US$) - Venta,17.Dic.21,4.03733333333333
PD04638PD,Tipo de cambio - TC Interbancario (S/ por US$) - Venta,20.Dic.21,4.047
PD04638PD,Tipo de cambio - TC Interbancario (S/ por US$) - Venta,21.Dic.21,4.05416666666667
PD04638PD,Tipo de cambio - TC Interbancario (S/ por US$) - Venta,22.Dic.21,4.046
PD04638PD,Tipo de cambio - TC Interbancario (S/ por US$) - Venta,23.Dic.21,4.01716666666667
PD04638PD,Tipo de cambio - TC Interbancario (S/ por US$) - Venta,24.Dic.21,4.0075
PD04638PD,Tipo de cambio - TC Interbancario (S/ por US$) - Venta,27.Dic.21,3.98783333333333
PD04638PD,Tipo de cambio - TC Interbancario (S/ por US$) - Venta,28.Dic.21,3.95266666666667
PD04638PD,Tipo de cambio - TC Interbancario (S/ por US$) - Venta,29.Dic.21,3.97066666666667
PD04638PD,Tipo de cambio - TC Interbancario (S/ por US$) - Venta,30.Dic.21,3.98666666666667
PD04638PD,Tipo de cambio - TC Interbancario (S/ por US$) - Venta,31.Dic.21,3.9814
PD04638PD,Tipo de cambio - TC Interbancario (S/ por US$) - Venta,03.Ene.22,3.98883333333333
PD04638PD,Tipo de cambio - TC Interbancario (S/ por US$) - Venta,04.Ene.22,3.964
PD04638PD,Tipo de cambio - TC Interbancario (S/ por US$) - Venta,05.Ene.22,3.95633333333333
PD04638PD,Tipo de cambio - TC Interbancario (S/ por US$) - Venta,06.Ene.22,3.96966666666667
PD04638PD,Tipo de cambio - TC Interbancario (S/ por US$) - Venta,07.Ene.22,3.94816666666667
PD04638PD,Tipo de cambio - TC Interbancario (S/ por US$) - Venta,10.Ene.22,3.93016666666667
PD04638PD,Tipo de cambio - TC Interbancario (S/ por US$) - Venta,11.Ene.22,3.91933333333333
PD04638PD,Tipo de cambio - TC Interbancario (S/ por US$) - Venta,12.Ene.22,3.896
PD04638PD,Tipo de cambio - TC Interbancario (S/ por US$) - Venta,13.Ene.22,3.89783333333333
PD04638PD,Tipo de cambio - TC Interbancario (S/ por US$) - Venta,14.Ene.22,3.87583333333333
PD04638PD,Tipo de cambio - TC Interbancario (S/ por US$) - Venta,17.Ene.22,3.85733333333333
PD04638PD,Tipo de cambio - TC Interbancario (S/ por US$) - Venta,18.Ene.22,3.85583333333333
PD04638PD,Tipo de cambio - TC Interbancario (S/ por US$) - Venta,19.Ene.22,3.86533333333333
PD04638PD,Tipo de cambio - TC Interbancario (S/ por US$) - Venta,20.Ene.22,3.84766666666667
PD04638PD,Tipo de cambio - TC Interbancario (S/ por US$) - Venta,21.Ene.22,3.82766666666667
PD04638PD,Tipo de cambio - TC Interbancario (S/ por US$) - Venta,24.Ene.22,3.84183333333333
PD04638PD,Tipo de cambio - TC Interbancario (S/ por US$) - Venta,25.Ene.22,3.84966666666667
PD04638PD,Tipo de cambio - TC Interbancario (S/ por US$) - Venta,26.Ene.22,3.84333333333333
PD04638PD,Tipo de cambio - TC Interbancario (S/ por US$) - Venta,27.Ene.22,3.839
PD04638PD,Tipo de cambio - TC Interbancario (S/ por US$) - Venta,28.Ene.22,3.8475
PD04638PD,Tipo de cambio - TC Interbancario (S/ por US$) - Venta,31.Ene.22,3.84316666666667
PD04638PD,Tipo de cambio - TC Interbancario (S/ por US$) - Venta,01.Feb.22,3.87766666666667
PD04638PD,Tipo de cambio - TC Interbancario (S/ por US$) - Venta,02.Feb.22,3.857
PD04638PD,Tipo de cambio - TC Interbancario (S/ por US$) - Venta,03.Feb.22,3.86083333333333
PD04638PD,Tipo de cambio - TC Interbancario (S/ por US$) - Venta,04.Feb.22,3.86783333333333
PD04638PD,Tipo de cambio - TC Interbancario (S/ por US$) - Venta,07.Feb.22,3.84583333333333
PD04638PD,Tipo de cambio - TC Interbancario (S/ por US$) - Venta,08.Feb.22,3.84216666666667
PD04638PD,Tipo de cambio - TC Interbancario (S/ por US$) - Venta,09.Feb.22,3.82466666666667
PD04638PD,Tipo de cambio - TC Interbancario (S/ por US$) - Venta,10.Feb.22,3.76166666666667
PD04638PD,Tipo de cambio - TC Interbancario (S/ por US$) - Venta,11.Feb.22,3.7585
PD04638PD,Tipo de cambio - TC Interbancario (S/ por US$) - Venta,14.Feb.22,3.7905
PD04638PD,Tipo de cambio - TC Interbancario (S/ por US$) - Venta,15.Feb.22,3.8005
PD04638PD,Tipo de cambio - TC Interbancario (S/ por US$) - Venta,16.Feb.22,3.76816666666667
PD04638PD,Tipo de cambio - TC Interbancario (S/ por US$) - Venta,17.Feb.22,3.73933333333333
PD04638PD,Tipo de cambio - TC Interbancario (S/ por US$) - Venta,18.Feb.22,3.7215
PD04638PD,Tipo de cambio - TC Interbancario (S/ por US$) - Venta,21.Feb.22,3.75133333333333
PD04638PD,Tipo de cambio - TC Interbancario (S/ por US$) - Venta,22.Feb.22,3.74016666666667
PD04638PD,Tipo de cambio - TC Interbancario (S/ por US$) - Venta,23.Feb.22,3.7205
PD04638PD,Tipo de cambio - TC Interbancario (S/ por US$) - Venta,24.Feb.22,3.79566666666667
PD04638PD,Tipo de cambio - TC Interbancario (S/ por US$) - Venta,25.Feb.22,3.7535
PD04638PD,Tipo de cambio - TC Interbancario (S/ por US$) - Venta,28.Feb.22,3.76166666666667
PD04638PD,Tipo de cambio - TC Interbancario (S/ por US$) - Venta,01.Mar.22,3.79466666666667
PD04638PD,Tipo de cambio - TC Interbancario (S/ por US$) - Venta,02.Mar.22,3.76633333333333
PD04638PD,Tipo de cambio - TC Interbancario (S/ por US$) - Venta,03.Mar.22,3.73166666666667
PD04638PD,Tipo de cambio - TC Interbancario (S/ por US$) - Venta,04.Mar.22,3.75966666666667
PD04638PD,Tipo de cambio - TC Interbancario (S/ por US$) - Venta,07.Mar.22,3.7455
PD04638PD,Tipo de cambio - TC Interbancario (S/ por US$) - Venta,08.Mar.22,3.73466666666667
PD04638PD,Tipo de cambio - TC Interbancario (S/ por US$) - Venta,09.Mar.22,3.7175
PD04638PD,Tipo de cambio - TC Interbancario (S/ por US$) - Venta,10.Mar.22,3.72083333333333
PD04638PD,Tipo de cambio - TC Interbancario (S/ por US$) - Venta,11.Mar.22,3.694
PD04638PD,Tipo de cambio - TC Interbancario (S/ por US$) - Venta,14.Mar.22,3.71533333333333
PD04638PD,Tipo de cambio - TC Interbancario (S/ por US$) - Venta,15.Mar.22,3.739
PD04638PD,Tipo de cambio - TC Interbancario (S/ por US$) - Venta,16.Mar.22,3.72533333333333
PD04638PD,Tipo de cambio - TC Interbancario (S/ por US$) - Venta,17.Mar.22,3.73566666666667
PD04638PD,Tipo de cambio - TC Interbancario (S/ por US$) - Venta,18.Mar.22,3.7745
PD04638PD,Tipo de cambio - TC Interbancario (S/ por US$) - Venta,21.Mar.22,3.789
PD04638PD,Tipo de cambio - TC Interbancario (S/ por US$) - Venta,22.Mar.22,3.77583333333333
PD04638PD,Tipo de cambio - TC Interbancario (S/ por US$) - Venta,23.Mar.22,3.77133333333333
PD04638PD,Tipo de cambio - TC Interbancario (S/ por US$) - Venta,24.Mar.22,3.7485
PD04638PD,Tipo de cambio - TC Interbancario (S/ por US$) - Venta,25.Mar.22,3.7305
PD04638PD,Tipo de cambio - TC Interbancario (S/ por US$) - Venta,28.Mar.22,3.7325
PD04638PD,Tipo de cambio - TC Interbancario (S/ por US$) - Venta,29.Mar.22,3.72066666666667
PD04638PD,Tipo de cambio - TC Interbancario (S/ por US$) - Venta,30.Mar.22,3.7235
PD04638PD,Tipo de cambio - TC Interbancario (S/ por US$) - Venta,31.Mar.22,3.693
PD04638PD,Tipo de cambio - TC Interbancario (S/ por US$) - Venta,01.Abr.22,3.65133333333333
PD04638PD,Tipo de cambio - TC Interbancario (S/ por US$) - Venta,04.Abr.22,3.6305
PD04638PD,Tipo de cambio - TC Interbancario (S/ por US$) - Venta,05.Abr.22,3.69833333333333
PD04638PD,Tipo de cambio - TC Interbancario (S/ por US$) - Venta,06.Abr.22,3.71933333333333
PD04638PD,Tipo de cambio - TC Interbancario (S/ por US$) - Venta,07.Abr.22,3.71266666666667
PD04638PD,Tipo de cambio - TC Interbancario (S/ por US$) - Venta,08.Abr.22,3.71516666666667
PD04638PD,Tipo de cambio - TC Interbancario (S/ por US$) - Venta,11.Abr.22,3.7145
PD04638PD,Tipo de cambio - TC Interbancario (S/ por US$) - Venta,12.Abr.22,3.7095
PD04638PD,Tipo de cambio - TC Interbancario (S/ por US$) - Venta,13.Abr.22,3.73883333333333
PD04638PD,Tipo de cambio - TC Interbancario (S/ por US$) - Venta,14.Abr.22,n.d.
PD04638PD,Tipo de cambio - TC Interbancario (S/ por US$) - Venta,15.Abr.22,n.d.
PD04638PD,Tipo de cambio - TC Interbancario (S/ por US$) - Venta,18.Abr.22,3.736
PD04638PD,Tipo de cambio - TC Interbancario (S/ por US$) - Venta,19.Abr.22,3.72883333333333
PD04638PD,Tipo de cambio - TC Interbancario (S/ por US$) - Venta,20.Abr.22,3.70766666666667
PD04638PD,Tipo de cambio - TC Interbancario (S/ por US$) - Venta,21.Abr.22,3.72983333333333
PD04638PD,Tipo de cambio - TC Interbancario (S/ por US$) - Venta,22.Abr.22,3.76533333333333
PD04638PD,Tipo de cambio - TC Interbancario (S/ por US$) - Venta,25.Abr.22,3.8115
PD04638PD,Tipo de cambio - TC Interbancario (S/ por US$) - Venta,26.Abr.22,3.81816666666667
PD04638PD,Tipo de cambio - TC Interbancario (S/ por US$) - Venta,27.Abr.22,3.83166666666667
PD04638PD,Tipo de cambio - TC Interbancario (S/ por US$) - Venta,28.Abr.22,3.85166666666667
PD04638PD,Tipo de cambio - TC Interbancario (S/ por US$) - Venta,29.Abr.22,3.8345
PD04638PD,Tipo de cambio - TC Interbancario (S/ por US$) - Venta,02.May.22,3.8435
PD04638PD,Tipo de cambio - TC Interbancario (S/ por US$) - Venta,03.May.22,3.82116666666667
PD04638PD,Tipo de cambio - TC Interbancario (S/ por US$) - Venta,04.May.22,3.79783333333333
PD04638PD,Tipo de cambio - TC Interbancario (S/ por US$) - Venta,05.May.22,3.785
PD04638PD,Tipo de cambio - TC Interbancario (S/ por US$) - Venta,06.May.22,3.8125
PD04638PD,Tipo de cambio - TC Interbancario (S/ por US$) - Venta,09.May.22,3.82883333333333
PD04638PD,Tipo de cambio - TC Interbancario (S/ por US$) - Venta,10.May.22,3.80733333333333
PD04638PD,Tipo de cambio - TC Interbancario (S/ por US$) - Venta,11.May.22,3.78416666666667
PD04638PD,Tipo de cambio - TC Interbancario (S/ por US$) - Venta,12.May.22,3.7965
PD04638PD,Tipo de cambio - TC Interbancario (S/ por US$) - Venta,13.May.22,3.78183333333333
PD04638PD,Tipo de cambio - TC Interbancario (S/ por US$) - Venta,16.May.22,3.78233333333333
PD04638PD,Tipo de cambio - TC Interbancario (S/ por US$) - Venta,17.May.22,3.7595
PD04638PD,Tipo de cambio - TC Interbancario (S/ por US$) - Venta,18.May.22,3.771
PD04638PD,Tipo de cambio - TC Interbancario (S/ por US$) - Venta,19.May.22,3.749
PD04638PD,Tipo de cambio - TC Interbancario (S/ por US$) - Venta,20.May.22,3.72883333333333
PD04638PD,Tipo de cambio - TC Interbancario (S/ por US$) - Venta,23.May.22,3.71716666666667
PD04638PD,Tipo de cambio - TC Interbancario (S/ por US$) - Venta,24.May.22,3.711
PD04638PD,Tipo de cambio - TC Interbancario (S/ por US$) - Venta,25.May.22,3.691
PD04638PD,Tipo de cambio - TC Interbancario (S/ por US$) - Venta,26.May.22,3.66016666666667
PD04638PD,Tipo de cambio - TC Interbancario (S/ por US$) - Venta,27.May.22,3.6735
PD04638PD,Tipo de cambio - TC Interbancario (S/ por US$) - Venta,30.May.22,3.68166666666667
PD04638PD,Tipo de cambio - TC Interbancario (S/ por US$) - Venta,31.May.22,3.70283333333333
PD04638PD,Tipo de cambio - TC Interbancario (S/ por US$) - Venta,01.Jun.22,3.7235
PD04638PD,Tipo de cambio - TC Interbancario (S/ por US$) - Venta,02.Jun.22,3.70883333333333
PD04638PD,Tipo de cambio - TC Interbancario (S/ por US$) - Venta,03.Jun.22,3.70716666666667
PD04638PD,Tipo de cambio - TC Interbancario (S/ por US$) - Venta,06.Jun.22,3.72833333333333
PD04638PD,Tipo de cambio - TC Interbancario (S/ por US$) - Venta,07.Jun.22,3.7545
PD04638PD,Tipo de cambio - TC Interbancario (S/ por US$) - Venta,08.Jun.22,3.75716666666667
PD04638PD,Tipo de cambio - TC Interbancario (S/ por US$) - Venta,09.Jun.22,3.75633333333333
PD04638PD,Tipo de cambio - TC Interbancario (S/ por US$) - Venta,10.Jun.22,3.77683333333333
PD04638PD,Tipo de cambio - TC Interbancario (S/ por US$) - Venta,13.Jun.22,3.7745
PD04638PD,Tipo de cambio - TC Interbancario (S/ por US$) - Venta,14.Jun.22,3.75266666666667
PD04638PD,Tipo de cambio - TC Interbancario (S/ por US$) - Venta,15.Jun.22,3.728
PD04638PD,Tipo de cambio - TC Interbancario (S/ por US$) - Venta,16.Jun.22,3.72183333333333
PD04638PD,Tipo de cambio - TC Interbancario (S/ por US$) - Venta,17.Jun.22,3.72
PD04638PD,Tipo de cambio - TC Interbancario (S/ por US$) - Venta,20.Jun.22,3.7235
PD04638PD,Tipo de cambio - TC Interbancario (S/ por US$) - Venta,21.Jun.22,3.72133333333333
PD04638PD,Tipo de cambio - TC Interbancario (S/ por US$) - Venta,22.Jun.22,3.731
PD04638PD,Tipo de cambio - TC Interbancario (S/ por US$) - Venta,23.Jun.22,3.7455
PD04638PD,Tipo de cambio - TC Interbancario (S/ por US$) - Venta,24.Jun.22,3.785
PD04638PD,Tipo de cambio - TC Interbancario (S/ por US$) - Venta,27.Jun.22,3.78516666666667
PD04638PD,Tipo de cambio - TC Interbancario (S/ por US$) - Venta,28.Jun.22,3.78583333333333
PD04638PD,Tipo de cambio - TC Interbancario (S/ por US$) - Venta,29.Jun.22,n.d.
PD04638PD,Tipo de cambio - TC Interbancario (S/ por US$) - Venta,30.Jun.22,3.82466666666667
PD04638PD,Tipo de cambio - TC Interbancario (S/ por US$) - Venta,01.Jul.22,3.852
PD04638PD,Tipo de cambio - TC Interbancario (S/ por US$) - Venta,04.Jul.22,3.83216666666667
PD04638PD,Tipo de cambio - TC Interbancario (S/ por US$) - Venta,05.Jul.22,3.86
PD04638PD,Tipo de cambio - TC Interbancario (S/ por US$) - Venta,06.Jul.22,3.8855
PD04638PD,Tipo de cambio - TC Interbancario (S/ por US$) - Venta,07.Jul.22,3.88883333333333
PD04638PD,Tipo de cambio - TC Interbancario (S/ por US$) - Venta,08.Jul.22,3.90266666666667
PD04638PD,Tipo de cambio - TC Interbancario (S/ por US$) - Venta,11.Jul.22,3.95183333333333
PD04638PD,Tipo de cambio - TC Interbancario (S/ por US$) - Venta,12.Jul.22,3.976
PD04638PD,Tipo de cambio - TC Interbancario (S/ por US$) - Venta,13.Jul.22,3.95733333333333
PD04638PD,Tipo de cambio - TC Interbancario (S/ por US$) - Venta,14.Jul.22,3.94833333333333
PD04638PD,Tipo de cambio - TC Interbancario (S/ por US$) - Venta,15.Jul.22,3.89516666666667
PD04638PD,Tipo de cambio - TC Interbancario (S/ por US$) - Venta,18.Jul.22,3.888
PD04638PD,Tipo de cambio - TC Interbancario (S/ por US$) - Venta,19.Jul.22,3.87416666666667
PD04638PD,Tipo de cambio - TC Interbancario (S/ por US$) - Venta,20.Jul.22,3.88316666666667
PD04638PD,Tipo de cambio - TC Interbancario (S/ por US$) - Venta,21.Jul.22,3.91116666666667
PD04638PD,Tipo de cambio - TC Interbancario (S/ por US$) - Venta,22.Jul.22,3.91666666666667
PD04638PD,Tipo de cambio - TC Interbancario (S/ por US$) - Venta,25.Jul.22,3.91366666666667
PD04638PD,Tipo de cambio - TC Interbancario (S/ por US$) - Venta,26.Jul.22,3.92033333333333
PD04638PD,Tipo de cambio - TC Interbancario (S/ por US$) - Venta,27.Jul.22,3.92016666666667
PD04638PD,Tipo de cambio - TC Interbancario (S/ por US$) - Venta,28.Jul.22,n.d.
PD04638PD,Tipo de cambio - TC Interbancario (S/ por US$) - Venta,29.Jul.22,n.d.
PD04638PD,Tipo de cambio - TC Interbancario (S/ por US$) - Venta,01.Ago.22,3.88983333333333
PD04638PD,Tipo de cambio - TC Interbancario (S/ por US$) - Venta,02.Ago.22,3.92083333333333
PD04638PD,Tipo de cambio - TC Interbancario (S/ por US$) - Venta,03.Ago.22,3.91683333333333
PD04638PD,Tipo de cambio - TC Interbancario (S/ por US$) - Venta,04.Ago.22,3.89133333333333
PD04638PD,Tipo de cambio - TC Interbancario (S/ por US$) - Venta,05.Ago.22,3.90716666666667
PD04638PD,Tipo de cambio - TC Interbancario (S/ por US$) - Venta,08.Ago.22,3.913
PD04638PD,Tipo de cambio - TC Interbancario (S/ por US$) - Venta,09.Ago.22,3.93016666666667
PD04638PD,Tipo de cambio - TC Interbancario (S/ por US$) - Venta,10.Ago.22,3.89733333333333
PD04638PD,Tipo de cambio - TC Interbancario (S/ por US$) - Venta,11.Ago.22,3.88416666666667
PD04638PD,Tipo de cambio - TC Interbancario (S/ por US$) - Venta,12.Ago.22,3.86116666666667
PD04638PD,Tipo de cambio - TC Interbancario (S/ por US$) - Venta,15.Ago.22,3.8525
PD04638PD,Tipo de cambio - TC Interbancario (S/ por US$) - Venta,16.Ago.22,3.85866666666667
PD04638PD,Tipo de cambio - TC Interbancario (S/ por US$) - Venta,17.Ago.22,3.843
PD04638PD,Tipo de cambio - TC Interbancario (S/ por US$) - Venta,18.Ago.22,3.84383333333333
PD04638PD,Tipo de cambio - TC Interbancario (S/ por US$) - Venta,19.Ago.22,3.85866666666667
PD04638PD,Tipo de cambio - TC Interbancario (S/ por US$) - Venta,22.Ago.22,3.8795
PD04638PD,Tipo de cambio - TC Interbancario (S/ por US$) - Venta,23.Ago.22,3.8625
PD04638PD,Tipo de cambio - TC Interbancario (S/ por US$) - Venta,24.Ago.22,3.86683333333333
PD04638PD,Tipo de cambio - TC Interbancario (S/ por US$) - Venta,25.Ago.22,3.85433333333333
PD04638PD,Tipo de cambio - TC Interbancario (S/ por US$) - Venta,26.Ago.22,3.84133333333333
PD04638PD,Tipo de cambio - TC Interbancario (S/ por US$) - Venta,29.Ago.22,3.83516666666667
PD04638PD,Tipo de cambio - TC Interbancario (S/ por US$) - Venta,30.Ago.22,n.d.
PD04638PD,Tipo de cambio - TC Interbancario (S/ por US$) - Venta,31.Ago.22,3.845
PD04638PD,Tipo de cambio - TC Interbancario (S/ por US$) - Venta,01.Set.22,3.86533333333333
PD04638PD,Tipo de cambio - TC Interbancario (S/ por US$) - Venta,02.Set.22,3.87216666666667
PD04638PD,Tipo de cambio - TC Interbancario (S/ por US$) - Venta,05.Set.22,3.883
PD04638PD,Tipo de cambio - TC Interbancario (S/ por US$) - Venta,06.Set.22,3.89883333333333
PD04638PD,Tipo de cambio - TC Interbancario (S/ por US$) - Venta,07.Set.22,3.89316666666667
PD04638PD,Tipo de cambio - TC Interbancario (S/ por US$) - Venta,08.Set.22,3.87833333333333
PD04638PD,Tipo de cambio - TC Interbancario (S/ por US$) - Venta,09.Set.22,3.88066666666667
PD04638PD,Tipo de cambio - TC Interbancario (S/ por US$) - Venta,12.Set.22,3.85566666666667
PD04638PD,Tipo de cambio - TC Interbancario (S/ por US$) - Venta,13.Set.22,3.86716666666667
PD04638PD,Tipo de cambio - TC Interbancario (S/ por US$) - Venta,14.Set.22,3.87866666666667
PD04638PD,Tipo de cambio - TC Interbancario (S/ por US$) - Venta,15.Set.22,3.88933333333333
PD04638PD,Tipo de cambio - TC Interbancario (S/ por US$) - Venta,16.Set.22,3.88116666666667
PD04638PD,Tipo de cambio - TC Interbancario (S/ por US$) - Venta,19.Set.22,3.86966666666667
PD04638PD,Tipo de cambio - TC Interbancario (S/ por US$) - Venta,20.Set.22,3.8875
PD04638PD,Tipo de cambio - TC Interbancario (S/ por US$) - Venta,21.Set.22,3.9005
PD04638PD,Tipo de cambio - TC Interbancario (S/ por US$) - Venta,22.Set.22,3.905
PD04638PD,Tipo de cambio - TC Interbancario (S/ por US$) - Venta,23.Set.22,3.9115
PD04638PD,Tipo de cambio - TC Interbancario (S/ por US$) - Venta,26.Set.22,3.93916666666667
PD04638PD,Tipo de cambio - TC Interbancario (S/ por US$) - Venta,27.Set.22,3.94983333333333
PD04638PD,Tipo de cambio - TC Interbancario (S/ por US$) - Venta,28.Set.22,3.94983333333333
PD04638PD,Tipo de cambio - TC Interbancario (S/ por US$) - Venta,29.Set.22,3.973
PD04638PD,Tipo de cambio - TC Interbancario (S/ por US$) - Venta,30.Set.22,3.98333333333333
PD04638PD,Tipo de cambio - TC Interbancario (S/ por US$) - Venta,03.Oct.22,3.9675
PD04638PD,Tipo de cambio - TC Interbancario (S/ por US$) - Venta,04.Oct.22,3.95216666666667
PD04638PD,Tipo de cambio - TC Interbancario (S/ por US$) - Venta,05.Oct.22,3.9665
PD04638PD,Tipo de cambio - TC Interbancario (S/ por US$) - Venta,06.Oct.22,3.98166666666667
PD04638PD,Tipo de cambio - TC Interbancario (S/ por US$) - Venta,07.Oct.22,3.9765
PD04638PD,Tipo de cambio - TC Interbancario (S/ por US$) - Venta,10.Oct.22,3.96
PD04638PD,Tipo de cambio - TC Interbancario (S/ por US$) - Venta,11.Oct.22,3.97133333333333
PD04638PD,Tipo de cambio - TC Interbancario (S/ por US$) - Venta,12.Oct.22,3.98316666666667
PD04638PD,Tipo de cambio - TC Interbancario (S/ por US$) - Venta,13.Oct.22,3.98466666666667
PD04638PD,Tipo de cambio - TC Interbancario (S/ por US$) - Venta,14.Oct.22,3.99033333333333
PD04638PD,Tipo de cambio - TC Interbancario (S/ por US$) - Venta,17.Oct.22,3.98033333333333
PD04638PD,Tipo de cambio - TC Interbancario (S/ por US$) - Venta,18.Oct.22,3.97666666666667
PD04638PD,Tipo de cambio - TC Interbancario (S/ por US$) - Venta,19.Oct.22,3.98583333333333
PD04638PD,Tipo de cambio - TC Interbancario (S/ por US$) - Venta,20.Oct.22,3.98016666666667
PD04638PD,Tipo de cambio - TC Interbancario (S/ por US$) - Venta,21.Oct.22,3.98483333333333
PD04638PD,Tipo de cambio - TC Interbancario (S/ por US$) - Venta,24.Oct.22,4.0015
PD04638PD,Tipo de cambio - TC Interbancario (S/ por US$) - Venta,25.Oct.22,3.99716666666667
PD04638PD,Tipo de cambio - TC Interbancario (S/ por US$) - Venta,26.Oct.22,3.99033333333333
PD04638PD,Tipo de cambio - TC Interbancario (S/ por US$) - Venta,27.Oct.22,3.98016666666667
PD04638PD,Tipo de cambio - TC Interbancario (S/ por US$) - Venta,28.Oct.22,3.97533333333333
PD04638PD,Tipo de cambio - TC Interbancario (S/ por US$) - Venta,31.Oct.22,3.9905
PD04638PD,Tipo de cambio - TC Interbancario (S/ por US$) - Venta,01.Nov.22,n.d.
PD04638PD,Tipo de cambio - TC Interbancario (S/ por US$) - Venta,02.Nov.22,3.96775
PD04638PD,Tipo de cambio - TC Interbancario (S/ por US$) - Venta,03.Nov.22,3.9725
PD04638PD,Tipo de cambio - TC Interbancario (S/ por US$) - Venta,04.Nov.22,3.95766666666667
PD04638PD,Tipo de cambio - TC Interbancario (S/ por US$) - Venta,07.Nov.22,3.95133333333333
PD04638PD,Tipo de cambio - TC Interbancario (S/ por US$) - Venta,08.Nov.22,3.92733333333333
PD04638PD,Tipo de cambio - TC Interbancario (S/ por US$) - Venta,09.Nov.22,3.914
PD04638PD,Tipo de cambio - TC Interbancario (S/ por US$) - Venta,10.Nov.22,3.86666666666667
PD04638PD,Tipo de cambio - TC Interbancario (S/ por US$) - Venta,11.Nov.22,3.85866666666667
PD04638PD,Tipo de cambio - TC Interbancario (S/ por US$) - Venta,14.Nov.22,3.85716666666667
PD04638PD,Tipo de cambio - TC Interbancario (S/ por US$) - Venta,15.Nov.22,3.83016666666667
PD04638PD,Tipo de cambio - TC Interbancario (S/ por US$) - Venta,16.Nov.22,3.838
PD04638PD,Tipo de cambio - TC Interbancario (S/ por US$) - Venta,17.Nov.22,3.8415
PD04638PD,Tipo de cambio - TC Interbancario (S/ por US$) - Venta,18.Nov.22,3.82983333333333
PD04638PD,Tipo de cambio - TC Interbancario (S/ por US$) - Venta,21.Nov.22,3.83916666666667
PD04638PD,Tipo de cambio - TC Interbancario (S/ por US$) - Venta,22.Nov.22,3.84983333333333
PD04638PD,Tipo de cambio - TC Interbancario (S/ por US$) - Venta,23.Nov.22,3.8515
PD04638PD,Tipo de cambio - TC Interbancario (S/ por US$) - Venta,24.Nov.22,3.848
PD04638PD,Tipo de cambio - TC Interbancario (S/ por US$) - Venta,25.Nov.22,3.86566666666667
PD04638PD,Tipo de cambio - TC Interbancario (S/ por US$) - Venta,28.Nov.22,3.8565
PD04638PD,Tipo de cambio - TC Interbancario (S/ por US$) - Venta,29.Nov.22,3.846
PD04638PD,Tipo de cambio - TC Interbancario (S/ por US$) - Venta,30.Nov.22,3.855
PD04638PD,Tipo de cambio - TC Interbancario (S/ por US$) - Venta,01.Dic.22,3.83
PD04638PD,Tipo de cambio - TC Interbancario (S/ por US$) - Venta,02.Dic.22,3.83566666666667
PD04638PD,Tipo de cambio - TC Interbancario (S/ por US$) - Venta,05.Dic.22,3.849
PD04638PD,Tipo de cambio - TC Interbancario (S/ por US$) - Venta,06.Dic.22,3.84566666666667
PD04638PD,Tipo de cambio - TC Interbancario (S/ por US$) - Venta,07.Dic.22,3.84633333333333
PD04638PD,Tipo de cambio - TC Interbancario (S/ por US$) - Venta,08.Dic.22,n.d.
PD04638PD,Tipo de cambio - TC Interbancario (S/ por US$) - Venta,09.Dic.22,n.d.
PD04638PD,Tipo de cambio - TC Interbancario (S/ por US$) - Venta,12.Dic.22,3.83783333333333
PD04638PD,Tipo de cambio - TC Interbancario (S/ por US$) - Venta,13.Dic.22,3.8305
PD04638PD,Tipo de cambio - TC Interbancario (S/ por US$) - Venta,14.Dic.22,3.83633333333333
PD04638PD,Tipo de cambio - TC Interbancario (S/ por US$) - Venta,15.Dic.22,3.84783333333333
PD04638PD,Tipo de cambio - TC Interbancario (S/ por US$) - Venta,16.Dic.22,3.848
PD04638PD,Tipo de cambio - TC Interbancario (S/ por US$) - Venta,19.Dic.22,3.83583333333333
PD04638PD,Tipo de cambio - TC Interbancario (S/ por US$) - Venta,20.Dic.22,3.834
PD04638PD,Tipo de cambio - TC Interbancario (S/ por US$) - Venta,21.Dic.22,3.818
PD04638PD,Tipo de cambio - TC Interbancario (S/ por US$) - Venta,22.Dic.22,3.81466666666667
PD04638PD,Tipo de cambio - TC Interbancario (S/ por US$) - Venta,23.Dic.22,3.818
PD04638PD,Tipo de cambio - TC Interbancario (S/ por US$) - Venta,26.Dic.22,3.82066666666667
PD04638PD,Tipo de cambio - TC Interbancario (S/ por US$) - Venta,27.Dic.22,3.82
PD04638PD,Tipo de cambio - TC Interbancario (S/ por US$) - Venta,28.Dic.22,3.81133333333333
PD04638PD,Tipo de cambio - TC Interbancario (S/ por US$) - Venta,29.Dic.22,3.81216666666667
PD04638PD,Tipo de cambio - TC Interbancario (S/ por US$) - Venta,30.Dic.22,3.81166666666667
PD04638PD,Tipo de cambio - TC Interbancario (S/ por US$) - Venta,02.Ene.23,n.d.
PD04638PD,Tipo de cambio - TC Interbancario (S/ por US$) - Venta,03.Ene.23,3.81733333333333
PD04638PD,Tipo de cambio - TC Interbancario (S/ por US$) - Venta,04.Ene.23,3.82566666666667
PD04638PD,Tipo de cambio - TC Interbancario (S/ por US$) - Venta,05.Ene.23,3.82683333333333
PD04638PD,Tipo de cambio - TC Interbancario (S/ por US$) - Venta,06.Ene.23,3.8025
PD04638PD,Tipo de cambio - TC Interbancario (S/ por US$) - Venta,09.Ene.23,3.79533333333333
PD04638PD,Tipo de cambio - TC Interbancario (S/ por US$) - Venta,10.Ene.23,3.8035
PD04638PD,Tipo de cambio - TC Interbancario (S/ por US$) - Venta,11.Ene.23,3.78033333333333
PD04638PD,Tipo de cambio - TC Interbancario (S/ por US$) - Venta,12.Ene.23,3.78366666666667
PD04638PD,Tipo de cambio - TC Interbancario (S/ por US$) - Venta,13.Ene.23,3.81083333333333
PD04638PD,Tipo de cambio - TC Interbancario (S/ por US$) - Venta,16.Ene.23,3.827
PD04638PD,Tipo de cambio - TC Interbancario (S/ por US$) - Venta,17.Ene.23,3.842
PD04638PD,Tipo de cambio - TC Interbancario (S/ por US$) - Venta,18.Ene.23,3.83583333333333
PD04638PD,Tipo de cambio - TC Interbancario (S/ por US$) - Venta,19.Ene.23,3.8625
PD04638PD,Tipo de cambio - TC Interbancario (S/ por US$) - Venta,20.Ene.23,3.85683333333333
PD04638PD,Tipo de cambio - TC Interbancario (S/ por US$) - Venta,23.Ene.23,3.87516666666667
PD04638PD,Tipo de cambio - TC Interbancario (S/ por US$) - Venta,24.Ene.23,3.89016666666667
PD04638PD,Tipo de cambio - TC Interbancario (S/ por US$) - Venta,25.Ene.23,3.899
PD04638PD,Tipo de cambio - TC Interbancario (S/ por US$) - Venta,26.Ene.23,3.86166666666667
PD04638PD,Tipo de cambio - TC Interbancario (S/ por US$) - Venta,27.Ene.23,3.82933333333333
PD04638PD,Tipo de cambio - TC Interbancario (S/ por US$) - Venta,30.Ene.23,3.857
PD04638PD,Tipo de cambio - TC Interbancario (S/ por US$) - Venta,31.Ene.23,3.84783333333333
PD04638PD,Tipo de cambio - TC Interbancario (S/ por US$) - Venta,01.Feb.23,3.846
PD04638PD,Tipo de cambio - TC Interbancario (S/ por US$) - Venta,02.Feb.23,3.83116666666667
PD04638PD,Tipo de cambio - TC Interbancario (S/ por US$) - Venta,03.Feb.23,3.84883333333333
PD04638PD,Tipo de cambio - TC Interbancario (S/ por US$) - Venta,06.Feb.23,3.85116666666667
PD04638PD,Tipo de cambio - TC Interbancario (S/ por US$) - Venta,07.Feb.23,3.846
PD04638PD,Tipo de cambio - TC Interbancario (S/ por US$) - Venta,08.Feb.23,3.85833333333333
PD04638PD,Tipo de cambio - TC Interbancario (S/ por US$) - Venta,09.Feb.23,3.86533333333333
PD04638PD,Tipo de cambio - TC Interbancario (S/ por US$) - Venta,10.Feb.23,3.85466666666667
PD04638PD,Tipo de cambio - TC Interbancario (S/ por US$) - Venta,13.Feb.23,3.85216666666667
PD04638PD,Tipo de cambio - TC Interbancario (S/ por US$) - Venta,14.Feb.23,3.86066666666667
PD04638PD,Tipo de cambio - TC Interbancario (S/ por US$) - Venta,15.Feb.23,3.86316666666667
PD04638PD,Tipo de cambio - TC Interbancario (S/ por US$) - Venta,16.Feb.23,3.86466666666667
PD04638PD,Tipo de cambio - TC Interbancario (S/ por US$) - Venta,17.Feb.23,3.84516666666667
PD04638PD,Tipo de cambio - TC Interbancario (S/ por US$) - Venta,20.Feb.23,3.845
PD04638PD,Tipo de cambio - TC Interbancario (S/ por US$) - Venta,21.Feb.23,3.83483333333333
PD04638PD,Tipo de cambio - TC Interbancario (S/ por US$) - Venta,22.Feb.23,3.82166666666667
PD04638PD,Tipo de cambio - TC Interbancario (S/ por US$) - Venta,23.Feb.23,3.803
PD04638PD,Tipo de cambio - TC Interbancario (S/ por US$) - Venta,24.Feb.23,3.82116666666667
PD04638PD,Tipo de cambio - TC Interbancario (S/ por US$) - Venta,27.Feb.23,3.81216666666667
PD04638PD,Tipo de cambio - TC Interbancario (S/ por US$) - Venta,28.Feb.23,3.80466666666667
PD04638PD,Tipo de cambio - TC Interbancario (S/ por US$) - Venta,01.Mar.23,3.776
PD04638PD,Tipo de cambio - TC Interbancario (S/ por US$) - Venta,02.Mar.23,3.78616666666667
PD04638PD,Tipo de cambio - TC Interbancario (S/ por US$) - Venta,03.Mar.23,3.78416666666667
PD04638PD,Tipo de cambio - TC Interbancario (S/ por US$) - Venta,06.Mar.23,3.7855
PD04638PD,Tipo de cambio - TC Interbancario (S/ por US$) - Venta,07.Mar.23,3.78883333333333
PD04638PD,Tipo de cambio - TC Interbancario (S/ por US$) - Venta,08.Mar.23,3.79166666666667
PD04638PD,Tipo de cambio - TC Interbancario (S/ por US$) - Venta,09.Mar.23,3.78816666666667
PD04638PD,Tipo de cambio - TC Interbancario (S/ por US$) - Venta,10.Mar.23,3.78266666666667
PD04638PD,Tipo de cambio - TC Interbancario (S/ por US$) - Venta,13.Mar.23,3.80283333333333
PD04638PD,Tipo de cambio - TC Interbancario (S/ por US$) - Venta,14.Mar.23,3.78883333333333
PD04638PD,Tipo de cambio - TC Interbancario (S/ por US$) - Venta,15.Mar.23,3.80916666666667
PD04638PD,Tipo de cambio - TC Interbancario (S/ por US$) - Venta,16.Mar.23,3.79416666666667
PD04638PD,Tipo de cambio - TC Interbancario (S/ por US$) - Venta,17.Mar.23,3.79516666666667
PD04638PD,Tipo de cambio - TC Interbancario (S/ por US$) - Venta,20.Mar.23,3.77933333333333
PD04638PD,Tipo de cambio - TC Interbancario (S/ por US$) - Venta,21.Mar.23,3.77033333333333
PD04638PD,Tipo de cambio - TC Interbancario (S/ por US$) - Venta,22.Mar.23,3.77233333333333
PD04638PD,Tipo de cambio - TC Interbancario (S/ por US$) - Venta,23.Mar.23,3.767
PD04638PD,Tipo de cambio - TC Interbancario (S/ por US$) - Venta,24.Mar.23,3.7732
PD04638PD,Tipo de cambio - TC Interbancario (S/ por US$) - Venta,27.Mar.23,3.7685
PD04638PD,Tipo de cambio - TC Interbancario (S/ por US$) - Venta,28.Mar.23,3.7655
PD04638PD,Tipo de cambio - TC Interbancario (S/ por US$) - Venta,29.Mar.23,3.75633333333333
PD04638PD,Tipo de cambio - TC Interbancario (S/ por US$) - Venta,30.Mar.23,3.75933333333333
PD04638PD,Tipo de cambio - TC Interbancario (S/ por US$) - Venta,31.Mar.23,3.76283333333333
PD04638PD,Tipo de cambio - TC Interbancario (S/ por US$) - Venta,03.Abr.23,3.768
PD04638PD,Tipo de cambio - TC Interbancario (S/ por US$) - Venta,04.Abr.23,3.77283333333333
PD04638PD,Tipo de cambio - TC Interbancario (S/ por US$) - Venta,05.Abr.23,3.772
PD04638PD,Tipo de cambio - TC Interbancario (S/ por US$) - Venta,06.Abr.23,n.d.
PD04638PD,Tipo de cambio - TC Interbancario (S/ por US$) - Venta,07.Abr.23,n.d.
PD04638PD,Tipo de cambio - TC Interbancario (S/ por US$) - Venta,10.Abr.23,3.781
PD04638PD,Tipo de cambio - TC Interbancario (S/ por US$) - Venta,11.Abr.23,3.7845
PD04638PD,Tipo de cambio - TC Interbancario (S/ por US$) - Venta,12.Abr.23,3.776
PD04638PD,Tipo de cambio - TC Interbancario (S/ por US$) - Venta,13.Abr.23,3.77566666666667
PD04638PD,Tipo de cambio - TC Interbancario (S/ por US$) - Venta,14.Abr.23,3.78183333333333
PD04638PD,Tipo de cambio - TC Interbancario (S/ por US$) - Venta,17.Abr.23,3.7835
PD04638PD,Tipo de cambio - TC Interbancario (S/ por US$) - Venta,18.Abr.23,3.77833333333333
PD04638PD,Tipo de cambio - TC Interbancario (S/ por US$) - Venta,19.Abr.23,3.7785
PD04638PD,Tipo de cambio - TC Interbancario (S/ por US$) - Venta,20.Abr.23,3.76483333333333
PD04638PD,Tipo de cambio - TC Interbancario (S/ por US$) - Venta,21.Abr.23,3.7635
PD04638PD,Tipo de cambio - TC Interbancario (S/ por US$) - Venta,24.Abr.23,3.75816666666667
PD04638PD,Tipo de cambio - TC Interbancario (S/ por US$) - Venta,25.Abr.23,3.756
PD04638PD,Tipo de cambio - TC Interbancario (S/ por US$) - Venta,26.Abr.23,3.74683333333333
PD04638PD,Tipo de cambio - TC Interbancario (S/ por US$) - Venta,27.Abr.23,3.731
PD04638PD,Tipo de cambio - TC Interbancario (S/ por US$) - Venta,28.Abr.23,3.71433333333333
PD04638PD,Tipo de cambio - TC Interbancario (S/ por US$) - Venta,01.May.23,n.d.
PD04638PD,Tipo de cambio - TC Interbancario (S/ por US$) - Venta,02.May.23,3.70983333333333
PD04638PD,Tipo de cambio - TC Interbancario (S/ por US$) - Venta,03.May.23,3.70783333333333
PD04638PD,Tipo de cambio - TC Interbancario (S/ por US$) - Venta,04.May.23,3.71933333333333
PD04638PD,Tipo de cambio - TC Interbancario (S/ por US$) - Venta,05.May.23,3.71316666666667
PD04638PD,Tipo de cambio - TC Interbancario (S/ por US$) - Venta,08.May.23,3.706
PD04638PD,Tipo de cambio - TC Interbancario (S/ por US$) - Venta,09.May.23,3.69783333333333
PD04638PD,Tipo de cambio - TC Interbancario (S/ por US$) - Venta,10.May.23,3.6735
PD04638PD,Tipo de cambio - TC Interbancario (S/ por US$) - Venta,11.May.23,3.67833333333333
PD04638PD,Tipo de cambio - TC Interbancario (S/ por US$) - Venta,12.May.23,3.656
PD04638PD,Tipo de cambio - TC Interbancario (S/ por US$) - Venta,15.May.23,3.66333333333333
PD04638PD,Tipo de cambio - TC Interbancario (S/ por US$) - Venta,16.May.23,3.68533333333333
PD04638PD,Tipo de cambio - TC Interbancario (S/ por US$) - Venta,17.May.23,3.69566666666667
PD04638PD,Tipo de cambio - TC Interbancario (S/ por US$) - Venta,18.May.23,3.7025
PD04638PD,Tipo de cambio - TC Interbancario (S/ por US$) - Venta,19.May.23,3.69066666666667
PD04638PD,Tipo de cambio - TC Interbancario (S/ por US$) - Venta,22.May.23,3.69216666666667
PD04638PD,Tipo de cambio - TC Interbancario (S/ por US$) - Venta,23.May.23,3.694
PD04638PD,Tipo de cambio - TC Interbancario (S/ por US$) - Venta,24.May.23,3.68766666666667
PD04638PD,Tipo de cambio - TC Interbancario (S/ por US$) - Venta,25.May.23,3.695
PD04638PD,Tipo de cambio - TC Interbancario (S/ por US$) - Venta,26.May.23,3.6725
PD04638PD,Tipo de cambio - TC Interbancario (S/ por US$) - Venta,29.May.23,3.67433333333333
PD04638PD,Tipo de cambio - TC Interbancario (S/ por US$) - Venta,30.May.23,3.6745
PD04638PD,Tipo de cambio - TC Interbancario (S/ por US$) - Venta,31.May.23,3.6795
PD04638PD,Tipo de cambio - TC Interbancario (S/ por US$) - Venta,01.Jun.23,3.68366666666667
PD04638PD,Tipo de cambio - TC Interbancario (S/ por US$) - Venta,02.Jun.23,3.68666666666667
PD04638PD,Tipo de cambio - TC Interbancario (S/ por US$) - Venta,05.Jun.23,3.67866666666667
PD04638PD,Tipo de cambio - TC Interbancario (S/ por US$) - Venta,06.Jun.23,3.69033333333333
PD04638PD,Tipo de cambio - TC Interbancario (S/ por US$) - Venta,07.Jun.23,3.67033333333333
PD04638PD,Tipo de cambio - TC Interbancario (S/ por US$) - Venta,08.Jun.23,3.65733333333333
PD04638PD,Tipo de cambio - TC Interbancario (S/ por US$) - Venta,09.Jun.23,3.64583333333333
PD04638PD,Tipo de cambio - TC Interbancario (S/ por US$) - Venta,12.Jun.23,3.654
PD04638PD,Tipo de cambio - TC Interbancario (S/ por US$) - Venta,13.Jun.23,3.64616666666667
PD04638PD,Tipo de cambio - TC Interbancario (S/ por US$) - Venta,14.Jun.23,3.65
PD04638PD,Tipo de cambio - TC Interbancario (S/ por US$) - Venta,15.Jun.23,3.65116666666667
PD04638PD,Tipo de cambio - TC Interbancario (S/ por US$) - Venta,16.Jun.23,3.63566666666667
PD04638PD,Tipo de cambio - TC Interbancario (S/ por US$) - Venta,19.Jun.23,3.63583333333333
PD04638PD,Tipo de cambio - TC Interbancario (S/ por US$) - Venta,20.Jun.23,3.64533333333333
PD04638PD,Tipo de cambio - TC Interbancario (S/ por US$) - Venta,21.Jun.23,3.6425
PD04638PD,Tipo de cambio - TC Interbancario (S/ por US$) - Venta,22.Jun.23,3.63733333333333
PD04638PD,Tipo de cambio - TC Interbancario (S/ por US$) - Venta,23.Jun.23,3.63333333333333
PD04638PD,Tipo de cambio - TC Interbancario (S/ por US$) - Venta,26.Jun.23,3.64133333333333
PD04638PD,Tipo de cambio - TC Interbancario (S/ por US$) - Venta,27.Jun.23,3.63766666666667
PD04638PD,Tipo de cambio - TC Interbancario (S/ por US$) - Venta,28.Jun.23,3.633
PD04638PD,Tipo de cambio - TC Interbancario (S/ por US$) - Venta,29.Jun.23,n.d.
PD04638PD,Tipo de cambio - TC Interbancario (S/ por US$) - Venta,30.Jun.23,3.62716666666667
PD04638PD,Tipo de cambio - TC Interbancario (S/ por US$) - Venta,03.Jul.23,3.627
PD04638PD,Tipo de cambio - TC Interbancario (S/ por US$) - Venta,04.Jul.23,3.62883333333333
PD04638PD,Tipo de cambio - TC Interbancario (S/ por US$) - Venta,05.Jul.23,3.632
PD04638PD,Tipo de cambio - TC Interbancario (S/ por US$) - Venta,06.Jul.23,3.647
PD04638PD,Tipo de cambio - TC Interbancario (S/ por US$) - Venta,07.Jul.23,3.64083333333333
PD04638PD,Tipo de cambio - TC Interbancario (S/ por US$) - Venta,10.Jul.23,3.63966666666667
PD04638PD,Tipo de cambio - TC Interbancario (S/ por US$) - Venta,11.Jul.23,3.63183333333333
PD04638PD,Tipo de cambio - TC Interbancario (S/ por US$) - Venta,12.Jul.23,3.58816666666667
PD04638PD,Tipo de cambio - TC Interbancario (S/ por US$) - Venta,13.Jul.23,3.572
PD04638PD,Tipo de cambio - TC Interbancario (S/ por US$) - Venta,14.Jul.23,3.56383333333333
PD04638PD,Tipo de cambio - TC Interbancario (S/ por US$) - Venta,17.Jul.23,3.56266666666667
PD04638PD,Tipo de cambio - TC Interbancario (S/ por US$) - Venta,18.Jul.23,3.5575
PD04638PD,Tipo de cambio - TC Interbancario (S/ por US$) - Venta,19.Jul.23,3.57983333333333
PD04638PD,Tipo de cambio - TC Interbancario (S/ por US$) - Venta,20.Jul.23,3.58783333333333
PD04638PD,Tipo de cambio - TC Interbancario (S/ por US$) - Venta,21.Jul.23,3.58716666666667
PD04638PD,Tipo de cambio - TC Interbancario (S/ por US$) - Venta,24.Jul.23,3.58883333333333
PD04638PD,Tipo de cambio - TC Interbancario (S/ por US$) - Venta,25.Jul.23,3.603
PD04638PD,Tipo de cambio - TC Interbancario (S/ por US$) - Venta,26.Jul.23,3.59933333333333
PD04638PD,Tipo de cambio - TC Interbancario (S/ por US$) - Venta,27.Jul.23,3.59683333333333
PD04638PD,Tipo de cambio - TC Interbancario (S/ por US$) - Venta,28.Jul.23,n.d.
PD04638PD,Tipo de cambio - TC Interbancario (S/ por US$) - Venta,31.Jul.23,3.61116666666667
PD04638PD,Tipo de cambio - TC Interbancario (S/ por US$) - Venta,01.Ago.23,3.63833333333333
PD04638PD,Tipo de cambio - TC Interbancario (S/ por US$) - Venta,02.Ago.23,3.66233333333333
PD04638PD,Tipo de cambio - TC Interbancario (S/ por US$) - Venta,03.Ago.23,3.698
PD04638PD,Tipo de cambio - TC Interbancario (S/ por US$) - Venta,04.Ago.23,3.69116666666667
PD04638PD,Tipo de cambio - TC Interbancario (S/ por US$) - Venta,07.Ago.23,3.69166666666667
PD04638PD,Tipo de cambio - TC Interbancario (S/ por US$) - Venta,08.Ago.23,3.709
PD04638PD,Tipo de cambio - TC Interbancario (S/ por US$) - Venta,09.Ago.23,3.69366666666667
PD04638PD,Tipo de cambio - TC Interbancario (S/ por US$) - Venta,10.Ago.23,3.67433333333333
PD04638PD,Tipo de cambio - TC Interbancario (S/ por US$) - Venta,11.Ago.23,3.6845
PD04638PD,Tipo de cambio - TC Interbancario (S/ por US$) - Venta,14.Ago.23,3.7045
PD04638PD,Tipo de cambio - TC Interbancario (S/ por US$) - Venta,15.Ago.23,3.71866666666667
PD04638PD,Tipo de cambio - TC Interbancario (S/ por US$) - Venta,16.Ago.23,3.71533333333333
PD04638PD,Tipo de cambio - TC Interbancario (S/ por US$) - Venta,17.Ago.23,3.72466666666667
PD04638PD,Tipo de cambio - TC Interbancario (S/ por US$) - Venta,18.Ago.23,3.72
PD04638PD,Tipo de cambio - TC Interbancario (S/ por US$) - Venta,21.Ago.23,3.72
PD04638PD,Tipo de cambio - TC Interbancario (S/ por US$) - Venta,22.Ago.23,3.72783333333333
PD04638PD,Tipo de cambio - TC Interbancario (S/ por US$) - Venta,23.Ago.23,3.71083333333333
PD04638PD,Tipo de cambio - TC Interbancario (S/ por US$) - Venta,24.Ago.23,3.6987
PD04638PD,Tipo de cambio - TC Interbancario (S/ por US$) - Venta,25.Ago.23,3.693
PD04638PD,Tipo de cambio - TC Interbancario (S/ por US$) - Venta,28.Ago.23,3.696
PD04638PD,Tipo de cambio - TC Interbancario (S/ por US$) - Venta,29.Ago.23,3.69366666666667
PD04638PD,Tipo de cambio - TC Interbancario (S/ por US$) - Venta,30.Ago.23,n.d.
PD04638PD,Tipo de cambio - TC Interbancario (S/ por US$) - Venta,31.Ago.23,3.69466666666667
PD04638PD,Tipo de cambio - TC Interbancario (S/ por US$) - Venta,01.Set.23,3.69166666666667
PD04638PD,Tipo de cambio - TC Interbancario (S/ por US$) - Venta,04.Set.23,3.69183333333333
PD04638PD,Tipo de cambio - TC Interbancario (S/ por US$) - Venta,05.Set.23,3.70516666666667
PD04638PD,Tipo de cambio - TC Interbancario (S/ por US$) - Venta,06.Set.23,3.70583333333333
PD04638PD,Tipo de cambio - TC Interbancario (S/ por US$) - Venta,07.Set.23,3.71216666666667
PD04638PD,Tipo de cambio - TC Interbancario (S/ por US$) - Venta,08.Set.23,3.716
PD04638PD,Tipo de cambio - TC Interbancario (S/ por US$) - Venta,11.Set.23,3.70066666666667
PD04638PD,Tipo de cambio - TC Interbancario (S/ por US$) - Venta,12.Set.23,3.707
PD04638PD,Tipo de cambio - TC Interbancario (S/ por US$) - Venta,13.Set.23,3.70366666666667
PD04638PD,Tipo de cambio - TC Interbancario (S/ por US$) - Venta,14.Set.23,3.71083333333333
PD04638PD,Tipo de cambio - TC Interbancario (S/ por US$) - Venta,15.Set.23,3.72283333333333
PD04638PD,Tipo de cambio - TC Interbancario (S/ por US$) - Venta,18.Set.23,3.70916666666667
PD04638PD,Tipo de cambio - TC Interbancario (S/ por US$) - Venta,19.Set.23,3.71333333333333
PD04638PD,Tipo de cambio - TC Interbancario (S/ por US$) - Venta,20.Set.23,3.71716666666667
PD04638PD,Tipo de cambio - TC Interbancario (S/ por US$) - Venta,21.Set.23,3.74233333333333
PD04638PD,Tipo de cambio - TC Interbancario (S/ por US$) - Venta,22.Set.23,3.74883333333333
PD04638PD,Tipo de cambio - TC Interbancario (S/ por US$) - Venta,25.Set.23,3.77383333333333
PD04638PD,Tipo de cambio - TC Interbancario (S/ por US$) - Venta,26.Set.23,3.78483333333333
PD04638PD,Tipo de cambio - TC Interbancario (S/ por US$) - Venta,27.Set.23,3.80033333333333
PD04638PD,Tipo de cambio - TC Interbancario (S/ por US$) - Venta,28.Set.23,3.80483333333333
PD04638PD,Tipo de cambio - TC Interbancario (S/ por US$) - Venta,29.Set.23,3.79283333333333
PD04638PD,Tipo de cambio - TC Interbancario (S/ por US$) - Venta,02.Oct.23,3.80033333333333
PD04638PD,Tipo de cambio - TC Interbancario (S/ por US$) - Venta,03.Oct.23,3.81333333333333
PD04638PD,Tipo de cambio - TC Interbancario (S/ por US$) - Venta,04.Oct.23,3.8145
PD04638PD,Tipo de cambio - TC Interbancario (S/ por US$) - Venta,05.Oct.23,3.82283333333333
PD04638PD,Tipo de cambio - TC Interbancario (S/ por US$) - Venta,06.Oct.23,3.82933333333333
PD04638PD,Tipo de cambio - TC Interbancario (S/ por US$) - Venta,09.Oct.23,3.8375
PD04638PD,Tipo de cambio - TC Interbancario (S/ por US$) - Venta,10.Oct.23,3.8255
PD04638PD,Tipo de cambio - TC Interbancario (S/ por US$) - Venta,11.Oct.23,3.825
PD04638PD,Tipo de cambio - TC Interbancario (S/ por US$) - Venta,12.Oct.23,3.843
PD04638PD,Tipo de cambio - TC Interbancario (S/ por US$) - Venta,13.Oct.23,3.8505
PD04638PD,Tipo de cambio - TC Interbancario (S/ por US$) - Venta,16.Oct.23,3.86
PD04638PD,Tipo de cambio - TC Interbancario (S/ por US$) - Venta,17.Oct.23,3.85983333333333
PD04638PD,Tipo de cambio - TC Interbancario (S/ por US$) - Venta,18.Oct.23,3.86833333333333
PD04638PD,Tipo de cambio - TC Interbancario (S/ por US$) - Venta,19.Oct.23,3.87216666666667
PD04638PD,Tipo de cambio - TC Interbancario (S/ por US$) - Venta,20.Oct.23,3.874
PD04638PD,Tipo de cambio - TC Interbancario (S/ por US$) - Venta,23.Oct.23,3.87216666666667
PD04638PD,Tipo de cambio - TC Interbancario (S/ por US$) - Venta,24.Oct.23,3.8655
PD04638PD,Tipo de cambio - TC Interbancario (S/ por US$) - Venta,25.Oct.23,3.87166666666667
PD04638PD,Tipo de cambio - TC Interbancario (S/ por US$) - Venta,26.Oct.23,3.869
PD04638PD,Tipo de cambio - TC Interbancario (S/ por US$) - Venta,27.Oct.23,3.8585
PD04638PD,Tipo de cambio - TC Interbancario (S/ por US$) - Venta,30.Oct.23,3.84283333333333
PD04638PD,Tipo de cambio - TC Interbancario (S/ por US$) - Venta,31.Oct.23,3.83783333333333
PD04638PD,Tipo de cambio - TC Interbancario (S/ por US$) - Venta,01.Nov.23,n.d.
PD04638PD,Tipo de cambio - TC Interbancario (S/ por US$) - Venta,02.Nov.23,3.79483333333333
PD04638PD,Tipo de cambio - TC Interbancario (S/ por US$) - Venta,03.Nov.23,3.735
PD04638PD,Tipo de cambio - TC Interbancario (S/ por US$) - Venta,06.Nov.23,3.75916666666667
PD04638PD,Tipo de cambio - TC Interbancario (S/ por US$) - Venta,07.Nov.23,3.77566666666667
PD04638PD,Tipo de cambio - TC Interbancario (S/ por US$) - Venta,08.Nov.23,3.79683333333333
PD04638PD,Tipo de cambio - TC Interbancario (S/ por US$) - Venta,09.Nov.23,3.7965
PD04638PD,Tipo de cambio - TC Interbancario (S/ por US$) - Venta,10.Nov.23,3.81166666666667
PD04638PD,Tipo de cambio - TC Interbancario (S/ por US$) - Venta,13.Nov.23,3.81216666666667
PD04638PD,Tipo de cambio - TC Interbancario (S/ por US$) - Venta,14.Nov.23,3.76933333333333
PD04638PD,Tipo de cambio - TC Interbancario (S/ por US$) - Venta,15.Nov.23,3.77333333333333
PD04638PD,Tipo de cambio - TC Interbancario (S/ por US$) - Venta,16.Nov.23,3.77
PD04638PD,Tipo de cambio - TC Interbancario (S/ por US$) - Venta,17.Nov.23,3.77116666666667
PD04638PD,Tipo de cambio - TC Interbancario (S/ por US$) - Venta,20.Nov.23,3.7395
PD04638PD,Tipo de cambio - TC Interbancario (S/ por US$) - Venta,21.Nov.23,3.7405
PD04638PD,Tipo de cambio - TC Interbancario (S/ por US$) - Venta,22.Nov.23,3.742
PD04638PD,Tipo de cambio - TC Interbancario (S/ por US$) - Venta,23.Nov.23,3.735
PD04638PD,Tipo de cambio - TC Interbancario (S/ por US$) - Venta,24.Nov.23,3.73316666666667
PD04638PD,Tipo de cambio - TC Interbancario (S/ por US$) - Venta,27.Nov.23,3.723
PD04638PD,Tipo de cambio - TC Interbancario (S/ por US$) - Venta,28.Nov.23,3.72933333333333
PD04638PD,Tipo de cambio - TC Interbancario (S/ por US$) - Venta,29.Nov.23,3.7335
PD04638PD,Tipo de cambio - TC Interbancario (S/ por US$) - Venta,30.Nov.23,3.73833333333333
PD04638PD,Tipo de cambio - TC Interbancario (S/ por US$) - Venta,01.Dic.23,3.7345
PD04638PD,Tipo de cambio - TC Interbancario (S/ por US$) - Venta,04.Dic.23,3.745
PD04638PD,Tipo de cambio - TC Interbancario (S/ por US$) - Venta,05.Dic.23,3.75733333333333
PD04638PD,Tipo de cambio - TC Interbancario (S/ por US$) - Venta,06.Dic.23,3.75516666666667
PD04638PD,Tipo de cambio - TC Interbancario (S/ por US$) - Venta,07.Dic.23,3.75483333333333
PD04638PD,Tipo de cambio - TC Interbancario (S/ por US$) - Venta,08.Dic.23,n.d.
PD04638PD,Tipo de cambio - TC Interbancario (S/ por US$) - Venta,11.Dic.23,3.773
PD04638PD,Tipo de cambio - TC Interbancario (S/ por US$) - Venta,12.Dic.23,3.77633333333333
PD04638PD,Tipo de cambio - TC Interbancario (S/ por US$) - Venta,13.Dic.23,3.78666666666667
PD04638PD,Tipo de cambio - TC Interbancario (S/ por US$) - Venta,14.Dic.23,3.76333333333333
PD04638PD,Tipo de cambio - TC Interbancario (S/ por US$) - Venta,15.Dic.23,3.76383333333333
PD04638PD,Tipo de cambio - TC Interbancario (S/ por US$) - Venta,18.Dic.23,3.74833333333333
PD04638PD,Tipo de cambio - TC Interbancario (S/ por US$) - Venta,19.Dic.23,3.7135
PD04638PD,Tipo de cambio - TC Interbancario (S/ por US$) - Venta,20.Dic.23,3.706
PD04638PD,Tipo de cambio - TC Interbancario (S/ por US$) - Venta,21.Dic.23,3.70466666666667
PD04638PD,Tipo de cambio - TC Interbancario (S/ por US$) - Venta,22.Dic.23,3.68483333333333
PD04638PD,Tipo de cambio - TC Interbancario (S/ por US$) - Venta,25.Dic.23,n.d.
PD04638PD,Tipo de cambio - TC Interbancario (S/ por US$) - Venta,26.Dic.23,3.68683333333333
PD04638PD,Tipo de cambio - TC Interbancario (S/ por US$) - Venta,27.Dic.23,3.69083333333333
PD04638PD,Tipo de cambio - TC Interbancario (S/ por US$) - Venta,28.Dic.23,3.7025
PD04638PD,Tipo de cambio - TC Interbancario (S/ por US$) - Venta,29.Dic.23,3.70983333333333
PD04638PD,Tipo de cambio - TC Interbancario (S/ por US$) - Venta,01.Ene.24,n.d.
PD04638PD,Tipo de cambio - TC Interbancario (S/ por US$) - Venta,02.Ene.24,n.d.
PD04638PD,Tipo de cambio - TC Interbancario (S/ por US$) - Venta,03.Ene.24,3.734
PD04638PD,Tipo de cambio - TC Interbancario (S/ por US$) - Venta,04.Ene.24,3.73683333333333
PD04638PD,Tipo de cambio - TC Interbancario (S/ por US$) - Venta,05.Ene.24,3.71883333333333
PD04638PD,Tipo de cambio - TC Interbancario (S/ por US$) - Venta,08.Ene.24,3.71216666666667
PD04638PD,Tipo de cambio - TC Interbancario (S/ por US$) - Venta,09.Ene.24,3.7065
PD04638PD,Tipo de cambio - TC Interbancario (S/ por US$) - Venta,10.Ene.24,3.7025
PD04638PD,Tipo de cambio - TC Interbancario (S/ por US$) - Venta,11.Ene.24,3.7005
PD04638PD,Tipo de cambio - TC Interbancario (S/ por US$) - Venta,12.Ene.24,3.6945
PD04638PD,Tipo de cambio - TC Interbancario (S/ por US$) - Venta,15.Ene.24,3.698
PD04638PD,Tipo de cambio - TC Interbancario (S/ por US$) - Venta,16.Ene.24,3.71783333333333
PD04638PD,Tipo de cambio - TC Interbancario (S/ por US$) - Venta,17.Ene.24,3.74016666666667
PD04638PD,Tipo de cambio - TC Interbancario (S/ por US$) - Venta,18.Ene.24,3.74133333333333
PD04638PD,Tipo de cambio - TC Interbancario (S/ por US$) - Venta,19.Ene.24,3.74183333333333
PD04638PD,Tipo de cambio - TC Interbancario (S/ por US$) - Venta,22.Ene.24,3.741
PD04638PD,Tipo de cambio - TC Interbancario (S/ por US$) - Venta,23.Ene.24,3.757
PD04638PD,Tipo de cambio - TC Interbancario (S/ por US$) - Venta,24.Ene.24,3.76033333333333
PD04638PD,Tipo de cambio - TC Interbancario (S/ por US$) - Venta,25.Ene.24,3.76316666666667
PD04638PD,Tipo de cambio - TC Interbancario (S/ por US$) - Venta,26.Ene.24,3.786
PD04638PD,Tipo de cambio - TC Interbancario (S/ por US$) - Venta,29.Ene.24,3.807
PD04638PD,Tipo de cambio - TC Interbancario (S/ por US$) - Venta,30.Ene.24,3.81083333333333
PD04638PD,Tipo de cambio - TC Interbancario (S/ por US$) - Venta,31.Ene.24,3.80583333333333
PD04638PD,Tipo de cambio - TC Interbancario (S/ por US$) - Venta,01.Feb.24,3.80616666666667
PD04638PD,Tipo de cambio - TC Interbancario (S/ por US$) - Venta,02.Feb.24,3.833
PD04638PD,Tipo de cambio - TC Interbancario (S/ por US$) - Venta,05.Feb.24,3.85683333333333
PD04638PD,Tipo de cambio - TC Interbancario (S/ por US$) - Venta,06.Feb.24,3.85716666666667
PD04638PD,Tipo de cambio - TC Interbancario (S/ por US$) - Venta,07.Feb.24,3.86583333333333
PD04638PD,Tipo de cambio - TC Interbancario (S/ por US$) - Venta,08.Feb.24,3.85366666666667
PD04638PD,Tipo de cambio - TC Interbancario (S/ por US$) - Venta,09.Feb.24,3.86633333333333
PD04638PD,Tipo de cambio - TC Interbancario (S/ por US$) - Venta,12.Feb.24,3.86333333333333
PD04638PD,Tipo de cambio - TC Interbancario (S/ por US$) - Venta,13.Feb.24,3.884
PD04638PD,Tipo de cambio - TC Interbancario (S/ por US$) - Venta,14.Feb.24,3.874
PD04638PD,Tipo de cambio - TC Interbancario (S/ por US$) - Venta,15.Feb.24,3.86233333333333
PD04638PD,Tipo de cambio - TC Interbancario (S/ por US$) - Venta,16.Feb.24,3.82966666666667
PD04638PD,Tipo de cambio - TC Interbancario (S/ por US$) - Venta,19.Feb.24,3.79933333333333
PD04638PD,Tipo de cambio - TC Interbancario (S/ por US$) - Venta,20.Feb.24,3.784
PD04638PD,Tipo de cambio - TC Interbancario (S/ por US$) - Venta,21.Feb.24,3.79583333333333
PD04638PD,Tipo de cambio - TC Interbancario (S/ por US$) - Venta,22.Feb.24,3.8
PD04638PD,Tipo de cambio - TC Interbancario (S/ por US$) - Venta,23.Feb.24,3.7955
PD04638PD,Tipo de cambio - TC Interbancario (S/ por US$) - Venta,26.Feb.24,3.79816666666667
PD04638PD,Tipo de cambio - TC Interbancario (S/ por US$) - Venta,27.Feb.24,3.78883333333333
PD04638PD,Tipo de cambio - TC Interbancario (S/ por US$) - Venta,28.Feb.24,3.79416666666667
PD04638PD,Tipo de cambio - TC Interbancario (S/ por US$) - Venta,29.Feb.24,3.78116666666667
PD04638PD,Tipo de cambio - TC Interbancario (S/ por US$) - Venta,01.Mar.24,3.77016666666667
PD04638PD,Tipo de cambio - TC Interbancario (S/ por US$) - Venta,04.Mar.24,3.766
PD04638PD,Tipo de cambio - TC Interbancario (S/ por US$) - Venta,05.Mar.24,3.76383333333333
PD04638PD,Tipo de cambio - TC Interbancario (S/ por US$) - Venta,06.Mar.24,3.731
PD04638PD,Tipo de cambio - TC Interbancario (S/ por US$) - Venta,07.Mar.24,3.72033333333333
PD04638PD,Tipo de cambio - TC Interbancario (S/ por US$) - Venta,08.Mar.24,3.68966666666667
PD04638PD,Tipo de cambio - TC Interbancario (S/ por US$) - Venta,11.Mar.24,3.68783333333333
PD04638PD,Tipo de cambio - TC Interbancario (S/ por US$) - Venta,12.Mar.24,3.69183333333333
PD04638PD,Tipo de cambio - TC Interbancario (S/ por US$) - Venta,13.Mar.24,3.667
PD04638PD,Tipo de cambio - TC Interbancario (S/ por US$) - Venta,14.Mar.24,3.67833333333333
PD04638PD,Tipo de cambio - TC Interbancario (S/ por US$) - Venta,15.Mar.24,3.68916666666667
PD04638PD,Tipo de cambio - TC Interbancario (S/ por US$) - Venta,18.Mar.24,3.69883333333333
PD04638PD,Tipo de cambio - TC Interbancario (S/ por US$) - Venta,19.Mar.24,3.70433333333333
PD04638PD,Tipo de cambio - TC Interbancario (S/ por US$) - Venta,20.Mar.24,3.69516666666667
PD04638PD,Tipo de cambio - TC Interbancario (S/ por US$) - Venta,21.Mar.24,3.69466666666667
PD04638PD,Tipo de cambio - TC Interbancario (S/ por US$) - Venta,22.Mar.24,3.694
PD04638PD,Tipo de cambio - TC Interbancario (S/ por US$) - Venta,25.Mar.24,3.70533333333333
PD04638PD,Tipo de cambio - TC Interbancario (S/ por US$) - Venta,26.Mar.24,3.72383333333333
PD04638PD,Tipo de cambio - TC Interbancario (S/ por US$) - Venta,27.Mar.24,3.718
PD04638PD,Tipo de cambio - TC Interbancario (S/ por US$) - Venta,28.Mar.24,n.d.
PD04638PD,Tipo de cambio - TC Interbancario (S/ por US$) - Venta,29.Mar.24,n.d.
PD04638PD,Tipo de cambio - TC Interbancario (S/ por US$) - Venta,01.Abr.24,3.72966666666667
PD04638PD,Tipo de cambio - TC Interbancario (S/ por US$) - Venta,02.Abr.24,3.70966666666667
PD04638PD,Tipo de cambio - TC Interbancario (S/ por US$) - Venta,03.Abr.24,3.68966666666667
PD04638PD,Tipo de cambio - TC Interbancario (S/ por US$) - Venta,04.Abr.24,3.678
PD04638PD,Tipo de cambio - TC Interbancario (S/ por US$) - Venta,05.Abr.24,3.68666666666667
PD04638PD,Tipo de cambio - TC Interbancario (S/ por US$) - Venta,08.Abr.24,3.67683333333333
PD04638PD,Tipo de cambio - TC Interbancario (S/ por US$) - Venta,09.Abr.24,3.69216666666667
PD04638PD,Tipo de cambio - TC Interbancario (S/ por US$) - Venta,10.Abr.24,3.70983333333333
PD04638PD,Tipo de cambio - TC Interbancario (S/ por US$) - Venta,11.Abr.24,3.7055
PD04638PD,Tipo de cambio - TC Interbancario (S/ por US$) - Venta,12.Abr.24,3.70283333333333
PD04638PD,Tipo de cambio - TC Interbancario (S/ por US$) - Venta,15.Abr.24,3.72583333333333
PD04638PD,Tipo de cambio - TC Interbancario (S/ por US$) - Venta,16.Abr.24,3.75616666666667
PD04638PD,Tipo de cambio - TC Interbancario (S/ por US$) - Venta,17.Abr.24,3.7445
PD04638PD,Tipo de cambio - TC Interbancario (S/ por US$) - Venta,18.Abr.24,3.7375
PD04638PD,Tipo de cambio - TC Interbancario (S/ por US$) - Venta,19.Abr.24,3.69966666666667
PD04638PD,Tipo de cambio - TC Interbancario (S/ por US$) - Venta,22.Abr.24,3.6945
PD04638PD,Tipo de cambio - TC Interbancario (S/ por US$) - Venta,23.Abr.24,3.70166666666667
PD04638PD,Tipo de cambio - TC Interbancario (S/ por US$) - Venta,24.Abr.24,3.72483333333333
PD04638PD,Tipo de cambio - TC Interbancario (S/ por US$) - Venta,25.Abr.24,3.74766666666667
PD04638PD,Tipo de cambio - TC Interbancario (S/ por US$) - Venta,26.Abr.24,3.752666667
PD04638PD,Tipo de cambio - TC Interbancario (S/ por US$) - Venta,29.Abr.24,3.72983333333333
PD04638PD,Tipo de cambio - TC Interbancario (S/ por US$) - Venta,30.Abr.24,3.754
PD04638PD,Tipo de cambio - TC Interbancario (S/ por US$) - Venta,01.May.24,n.d.
PD04638PD,Tipo de cambio - TC Interbancario (S/ por US$) - Venta,02.May.24,3.74833333333333
PD04638PD,Tipo de cambio - TC Interbancario (S/ por US$) - Venta,03.May.24,3.71883333333333
PD04638PD,Tipo de cambio - TC Interbancario (S/ por US$) - Venta,06.May.24,3.7255
PD04638PD,Tipo de cambio - TC Interbancario (S/ por US$) - Venta,07.May.24,3.72683333333333
PD04638PD,Tipo de cambio - TC Interbancario (S/ por US$) - Venta,08.May.24,3.72216666666667
PD04638PD,Tipo de cambio - TC Interbancario (S/ por US$) - Venta,09.May.24,3.70583333333333
PD04638PD,Tipo de cambio - TC Interbancario (S/ por US$) - Venta,10.May.24,3.70716666666667
PD04638PD,Tipo de cambio - TC Interbancario (S/ por US$) - Venta,13.May.24,3.72033333333333
PD04638PD,Tipo de cambio - TC Interbancario (S/ por US$) - Venta,14.May.24,3.7245
PD04638PD,Tipo de cambio - TC Interbancario (S/ por US$) - Venta,15.May.24,3.71783333333333
PD04638PD,Tipo de cambio - TC Interbancario (S/ por US$) - Venta,16.May.24,3.72783333333333
PD04638PD,Tipo de cambio - TC Interbancario (S/ por US$) - Venta,17.May.24,3.74033333333333
PD04638PD,Tipo de cambio - TC Interbancario (S/ por US$) - Venta,20.May.24,3.73566666666667
PD04638PD,Tipo de cambio - TC Interbancario (S/ por US$) - Venta,21.May.24,3.73216666666667
PD04638PD,Tipo de cambio - TC Interbancario (S/ por US$) - Venta,22.May.24,3.7415
PD04638PD,Tipo de cambio - TC Interbancario (S/ por US$) - Venta,23.May.24,3.74233333333333
PD04638PD,Tipo de cambio - TC Interbancario (S/ por US$) - Venta,24.May.24,3.73766666666667
PD04638PD,Tipo de cambio - TC Interbancario (S/ por US$) - Venta,27.May.24,3.74283333333333
PD04638PD,Tipo de cambio - TC Interbancario (S/ por US$) - Venta,28.May.24,3.74716666666667
PD04638PD,Tipo de cambio - TC Interbancario (S/ por US$) - Venta,29.May.24,3.75983333333333
PD04638PD,Tipo de cambio - TC Interbancario (S/ por US$) - Venta,30.May.24,3.75983333333333
PD04638PD,Tipo de cambio - TC Interbancario (S/ por US$) - Venta,31.May.24,3.73533333333333
PD04638PD,Tipo de cambio - TC Interbancario (S/ por US$) - Venta,03.Jun.24,3.73083333333333
PD04638PD,Tipo de cambio - TC Interbancario (S/ por US$) - Venta,04.Jun.24,3.7405
PD04638PD,Tipo de cambio - TC Interbancario (S/ por US$) - Venta,05.Jun.24,3.74633333333333
PD04638PD,Tipo de cambio - TC Interbancario (S/ por US$) - Venta,06.Jun.24,3.753
PD04638PD,Tipo de cambio - TC Interbancario (S/ por US$) - Venta,07.Jun.24,n.d.
PD04638PD,Tipo de cambio - TC Interbancario (S/ por US$) - Venta,10.Jun.24,3.78
PD04638PD,Tipo de cambio - TC Interbancario (S/ por US$) - Venta,11.Jun.24,3.78383333333333
PD04638PD,Tipo de cambio - TC Interbancario (S/ por US$) - Venta,12.Jun.24,3.77166666666667
PD04638PD,Tipo de cambio - TC Interbancario (S/ por US$) - Venta,13.Jun.24,3.77316666666667
PD04638PD,Tipo de cambio - TC Interbancario (S/ por US$) - Venta,14.Jun.24,3.774
PD04638PD,Tipo de cambio - TC Interbancario (S/ por US$) - Venta,17.Jun.24,3.7925
PD04638PD,Tipo de cambio - TC Interbancario (S/ por US$) - Venta,18.Jun.24,3.79016666666667
PD04638PD,Tipo de cambio - TC Interbancario (S/ por US$) - Venta,19.Jun.24,3.81816666666667
PD04638PD,Tipo de cambio - TC Interbancario (S/ por US$) - Venta,20.Jun.24,3.8095
PD04638PD,Tipo de cambio - TC Interbancario (S/ por US$) - Venta,21.Jun.24,3.80233333333333
PD04638PD,Tipo de cambio - TC Interbancario (S/ por US$) - Venta,24.Jun.24,3.8025
PD04638PD,Tipo de cambio - TC Interbancario (S/ por US$) - Venta,25.Jun.24,3.81383333333333
PD04638PD,Tipo de cambio - TC Interbancario (S/ por US$) - Venta,26.Jun.24,3.82283333333333
PD04638PD,Tipo de cambio - TC Interbancario (S/ por US$) - Venta,27.Jun.24,3.82383333333333
PD04638PD,Tipo de cambio - TC Interbancario (S/ por US$) - Venta,28.Jun.24,3.836
PD04638PD,Tipo de cambio - TC Interbancario (S/ por US$) - Venta,01.Jul.24,3.84583333333333
PD04638PD,Tipo de cambio - TC Interbancario (S/ por US$) - Venta,02.Jul.24,3.8275
PD04638PD,Tipo de cambio - TC Interbancario (S/ por US$) - Venta,03.Jul.24,3.79966666666667
PD04638PD,Tipo de cambio - TC Interbancario (S/ por US$) - Venta,04.Jul.24,3.79483333333333
PD04638PD,Tipo de cambio - TC Interbancario (S/ por US$) - Venta,05.Jul.24,3.79466666666667
PD04638PD,Tipo de cambio - TC Interbancario (S/ por US$) - Venta,08.Jul.24,3.79
PD04638PD,Tipo de cambio - TC Interbancario (S/ por US$) - Venta,09.Jul.24,3.78383333333333
PD04638PD,Tipo de cambio - TC Interbancario (S/ por US$) - Venta,10.Jul.24,3.78033333333333
PD04638PD,Tipo de cambio - TC Interbancario (S/ por US$) - Venta,11.Jul.24,3.76683333333333
PD04638PD,Tipo de cambio - TC Interbancario (S/ por US$) - Venta,12.Jul.24,3.73233333333333
PD04638PD,Tipo de cambio - TC Interbancario (S/ por US$) - Venta,15.Jul.24,3.72816666666667
PD04638PD,Tipo de cambio - TC Interbancario (S/ por US$) - Venta,16.Jul.24,3.71633333333333
PD04638PD,Tipo de cambio - TC Interbancario (S/ por US$) - Venta,17.Jul.24,3.7215
PD04638PD,Tipo de cambio - TC Interbancario (S/ por US$) - Venta,18.Jul.24,3.7365
PD04638PD,Tipo de cambio - TC Interbancario (S/ por US$) - Venta,19.Jul.24,3.74516666666667
PD04638PD,Tipo de cambio - TC Interbancario (S/ por US$) - Venta,22.Jul.24,3.75516666666667
PD04638PD,Tipo de cambio - TC Interbancario (S/ por US$) - Venta,23.Jul.24,n.d.
PD04638PD,Tipo de cambio - TC Interbancario (S/ por US$) - Venta,24.Jul.24,3.7755
PD04638PD,Tipo de cambio - TC Interbancario (S/ por US$) - Venta,25.Jul.24,3.76083333333333
PD04638PD,Tipo de cambio - TC Interbancario (S/ por US$) - Venta,26.Jul.24,n.d.
PD04638PD,Tipo de cambio - TC Interbancario (S/ por US$) - Venta,29.Jul.24,n.d.
PD04638PD,Tipo de cambio - TC Interbancario (S/ por US$) - Venta,30.Jul.24,3.73483333333333
PD04638PD,Tipo de cambio - TC Interbancario (S/ por US$) - Venta,31.Jul.24,3.7195
PD04638PD,Tipo de cambio - TC Interbancario (S/ por US$) - Venta,01.Ago.24,3.738
PD04638PD,Tipo de cambio - TC Interbancario (S/ por US$) - Venta,02.Ago.24,3.74316666666667
PD04638PD,Tipo de cambio - TC Interbancario (S/ por US$) - Venta,05.Ago.24,3.74583333333333
PD04638PD,Tipo de cambio - TC Interbancario (S/ por US$) - Venta,06.Ago.24,n.d.
PD04638PD,Tipo de cambio - TC Interbancario (S/ por US$) - Venta,07.Ago.24,3.73416666666667
PD04638PD,Tipo de cambio - TC Interbancario (S/ por US$) - Venta,08.Ago.24,3.7295
PD04638PD,Tipo de cambio - TC Interbancario (S/ por US$) - Venta,09.Ago.24,3.73066666666667
PD04638PD,Tipo de cambio - TC Interbancario (S/ por US$) - Venta,12.Ago.24,3.74433333333333
PD04638PD,Tipo de cambio - TC Interbancario (S/ por US$) - Venta,13.Ago.24,3.74766666666667
PD04638PD,Tipo de cambio - TC Interbancario (S/ por US$) - Venta,14.Ago.24,3.73816666666667
PD04638PD,Tipo de cambio - TC Interbancario (S/ por US$) - Venta,15.Ago.24,3.73716666666667
PD04638PD,Tipo de cambio - TC Interbancario (S/ por US$) - Venta,16.Ago.24,3.7425
PD04638PD,Tipo de cambio - TC Interbancario (S/ por US$) - Venta,19.Ago.24,3.73483333333333
PD04638PD,Tipo de cambio - TC Interbancario (S/ por US$) - Venta,20.Ago.24,3.7465
PD04638PD,Tipo de cambio - TC Interbancario (S/ por US$) - Venta,21.Ago.24,3.74433333333333
PD04638PD,Tipo de cambio - TC Interbancario (S/ por US$) - Venta,22.Ago.24,3.759
PD04638PD,Tipo de cambio - TC Interbancario (S/ por US$) - Venta,23.Ago.24,3.746
PD04638PD,Tipo de cambio - TC Interbancario (S/ por US$) - Venta,26.Ago.24,3.752
PD04638PD,Tipo de cambio - TC Interbancario (S/ por US$) - Venta,27.Ago.24,3.74333333333333
PD04638PD,Tipo de cambio - TC Interbancario (S/ por US$) - Venta,28.Ago.24,3.73933333333333
PD04638PD,Tipo de cambio - TC Interbancario (S/ por US$) - Venta,29.Ago.24,3.74766666666667
PD04638PD,Tipo de cambio - TC Interbancario (S/ por US$) - Venta,30.Ago.24,n.d.
PD04638PD,Tipo de cambio - TC Interbancario (S/ por US$) - Venta,02.Set.24,3.765
PD04638PD,Tipo de cambio - TC Interbancario (S/ por US$) - Venta,03.Set.24,3.78366666666667
PD04638PD,Tipo de cambio - TC Interbancario (S/ por US$) - Venta,04.Set.24,3.79666666666667
PD04638PD,Tipo de cambio - TC Interbancario (S/ por US$) - Venta,05.Set.24,3.79483333333333
PD04638PD,Tipo de cambio - TC Interbancario (S/ por US$) - Venta,06.Set.24,3.79666666666667
PD04638PD,Tipo de cambio - TC Interbancario (S/ por US$) - Venta,09.Set.24,3.81183333333333
PD04638PD,Tipo de cambio - TC Interbancario (S/ por US$) - Venta,10.Set.24,3.8185
PD04638PD,Tipo de cambio - TC Interbancario (S/ por US$) - Venta,11.Set.24,3.788
PD04638PD,Tipo de cambio - TC Interbancario (S/ por US$) - Venta,12.Set.24,3.76883333333333
PD04638PD,Tipo de cambio - TC Interbancario (S/ por US$) - Venta,13.Set.24,3.7695
PD04638PD,Tipo de cambio - TC Interbancario (S/ por US$) - Venta,16.Set.24,3.78366666666667
PD04638PD,Tipo de cambio - TC Interbancario (S/ por US$) - Venta,17.Set.24,3.7735
PD04638PD,Tipo de cambio - TC Interbancario (S/ por US$) - Venta,18.Set.24,3.75883333333333
PD04638PD,Tipo de cambio - TC Interbancario (S/ por US$) - Venta,19.Set.24,3.74783333333333
PD04638PD,Tipo de cambio - TC Interbancario (S/ por US$) - Venta,20.Set.24,3.75183333333333
PD04638PD,Tipo de cambio - TC Interbancario (S/ por US$) - Venta,23.Set.24,3.77016666666667
PD04638PD,Tipo de cambio - TC Interbancario (S/ por US$) - Venta,24.Set.24,3.76416666666667
PD04638PD,Tipo de cambio - TC Interbancario (S/ por US$) - Venta,25.Set.24,3.76233333333333
PD04638PD,Tipo de cambio - TC Interbancario (S/ por US$) - Venta,26.Set.24,3.73083333333333
PD04638PD,Tipo de cambio - TC Interbancario (S/ por US$) - Venta,27.Set.24,3.7155
PD04638PD,Tipo de cambio - TC Interbancario (S/ por US$) - Venta,30.Set.24,3.70816666666667
PD04638PD,Tipo de cambio - TC Interbancario (S/ por US$) - Venta,01.Oct.24,3.71816666666667
PD04638PD,Tipo de cambio - TC Interbancario (S/ por US$) - Venta,02.Oct.24,3.718
PD04638PD,Tipo de cambio - TC Interbancario (S/ por US$) - Venta,03.Oct.24,3.72866666666667
PD04638PD,Tipo de cambio - TC Interbancario (S/ por US$) - Venta,04.Oct.24,3.73233333333333
PD04638PD,Tipo de cambio - TC Interbancario (S/ por US$) - Venta,07.Oct.24,3.74083333333333
PD04638PD,Tipo de cambio - TC Interbancario (S/ por US$) - Venta,08.Oct.24,n.d.
PD04638PD,Tipo de cambio - TC Interbancario (S/ por US$) - Venta,09.Oct.24,3.75866666666667
PD04638PD,Tipo de cambio - TC Interbancario (S/ por US$) - Venta,10.Oct.24,3.7685
PD04638PD,Tipo de cambio - TC Interbancario (S/ por US$) - Venta,11.Oct.24,3.756
PD04638PD,Tipo de cambio - TC Interbancario (S/ por US$) - Venta,14.Oct.24,3.75816666666667
PD04638PD,Tipo de cambio - TC Interbancario (S/ por US$) - Venta,15.Oct.24,3.77
PD04638PD,Tipo de cambio - TC Interbancario (S/ por US$) - Venta,16.Oct.24,3.77166666666667
PD04638PD,Tipo de cambio - TC Interbancario (S/ por US$) - Venta,17.Oct.24,3.76633333333333
PD04638PD,Tipo de cambio - TC Interbancario (S/ por US$) - Venta,18.Oct.24,3.754
PD04638PD,Tipo de cambio - TC Interbancario (S/ por US$) - Venta,21.Oct.24,3.76533333333333
PD04638PD,Tipo de cambio - TC Interbancario (S/ por US$) - Venta,22.Oct.24,3.7555
PD04638PD,Tipo de cambio - TC Interbancario (S/ por US$) - Venta,23.Oct.24,3.75416666666667
PD04638PD,Tipo de cambio - TC Interbancario (S/ por US$) - Venta,24.Oct.24,3.75366666666667
PD04638PD,Tipo de cambio - TC Interbancario (S/ por US$) - Venta,25.Oct.24,3.7605
PD04638PD,Tipo de cambio - TC Interbancario (S/ por US$) - Venta,28.Oct.24,3.771
PD04638PD,Tipo de cambio - TC Interbancario (S/ por US$) - Venta,29.Oct.24,3.77116666666667
PD04638PD,Tipo de cambio - TC Interbancario (S/ por US$) - Venta,30.Oct.24,3.7745
PD04638PD,Tipo de cambio - TC Interbancario (S/ por US$) - Venta,31.Oct.24,3.76816666666667
PD04638PD,Tipo de cambio - TC Interbancario (S/ por US$) - Venta,01.Nov.24,n.d.
PD04638PD,Tipo de cambio - TC Interbancario (S/ por US$) - Venta,04.Nov.24,3.76866666666667
PD04638PD,Tipo de cambio - TC Interbancario (S/ por US$) - Venta,05.Nov.24,3.77483333333333
PD04638PD,Tipo de cambio - TC Interbancario (S/ por US$) - Venta,06.Nov.24,3.78483333333333
PD04638PD,Tipo de cambio - TC Interbancario (S/ por US$) - Venta,07.Nov.24,3.75583333333333
PD04638PD,Tipo de cambio - TC Interbancario (S/ por US$) - Venta,08.Nov.24,3.7695
PD04638PD,Tipo de cambio - TC Interbancario (S/ por US$) - Venta,11.Nov.24,3.77833333333333
PD04638PD,Tipo de cambio - TC Interbancario (S/ por US$) - Venta,12.Nov.24,3.7885
PD04638PD,Tipo de cambio - TC Interbancario (S/ por US$) - Venta,13.Nov.24,3.80183333333333
PD04638PD,Tipo de cambio - TC Interbancario (S/ por US$) - Venta,14.Nov.24,3.80366666666667
PD04638PD,Tipo de cambio - TC Interbancario (S/ por US$) - Venta,15.Nov.24,3.8015
PD04638PD,Tipo de cambio - TC Interbancario (S/ por US$) - Venta,18.Nov.24,3.79566666666667
PD04638PD,Tipo de cambio - TC Interbancario (S/ por US$) - Venta,19.Nov.24,3.7965
PD04638PD,Tipo de cambio - TC Interbancario (S/ por US$) - Venta,20.Nov.24,3.796
PD04638PD,Tipo de cambio - TC Interbancario (S/ por US$) - Venta,21.Nov.24,3.795
PD04638PD,Tipo de cambio - TC Interbancario (S/ por US$) - Venta,22.Nov.24,3.79516666666667
PD04638PD,Tipo de cambio - TC Interbancario (S/ por US$) - Venta,25.Nov.24,3.77466666666667
PD04638PD,Tipo de cambio - TC Interbancario (S/ por US$) - Venta,26.Nov.24,3.768
PD04638PD,Tipo de cambio - TC Interbancario (S/ por US$) - Venta,27.Nov.24,3.75733333333333
PD04638PD,Tipo de cambio - TC Interbancario (S/ por US$) - Venta,28.Nov.24,3.748
PD04638PD,Tipo de cambio - TC Interbancario (S/ por US$) - Venta,29.Nov.24,3.74616666666667
PD04638PD,Tipo de cambio - TC Interbancario (S/ por US$) - Venta,02.Dic.24,3.76033333333333
PD04638PD,Tipo de cambio - TC Interbancario (S/ por US$) - Venta,03.Dic.24,3.74533333333333
PD04638PD,Tipo de cambio - TC Interbancario (S/ por US$) - Venta,04.Dic.24,3.73883333333333
PD04638PD,Tipo de cambio - TC Interbancario (S/ por US$) - Venta,05.Dic.24,3.73083333333333
PD04638PD,Tipo de cambio - TC Interbancario (S/ por US$) - Venta,06.Dic.24,3.72183333333333
PD04638PD,Tipo de cambio - TC Interbancario (S/ por US$) - Venta,09.Dic.24,n.d.
PD04638PD,Tipo de cambio - TC Interbancario (S/ por US$) - Venta,10.Dic.24,3.712
PD04638PD,Tipo de cambio - TC Interbancario (S/ por US$) - Venta,11.Dic.24,3.72083333333333
PD04638PD,Tipo de cambio - TC Interbancario (S/ por US$) - Venta,12.Dic.24,3.73583333333333
PD04638PD,Tipo de cambio - TC Interbancario (S/ por US$) - Venta,13.Dic.24,3.7355
PD04638PD,Tipo de cambio - TC Interbancario (S/ por US$) - Venta,16.Dic.24,3.7345
PD04638PD,Tipo de cambio - TC Interbancario (S/ por US$) - Venta,17.Dic.24,3.74116666666667
PD04638PD,Tipo de cambio - TC Interbancario (S/ por US$) - Venta,18.Dic.24,3.73516666666667
PD04638PD,Tipo de cambio - TC Interbancario (S/ por US$) - Venta,19.Dic.24,3.73733333333333
PD04638PD,Tipo de cambio - TC Interbancario (S/ por US$) - Venta,20.Dic.24,3.72416666666667
PD04638PD,Tipo de cambio - TC Interbancario (S/ por US$) - Venta,23.Dic.24,3.72783333333333
PD04638PD,Tipo de cambio - TC Interbancario (S/ por US$) - Venta,24.Dic.24,3.72966666666667
PD04638PD,Tipo de cambio - TC Interbancario (S/ por US$) - Venta,25.Dic.24,n.d.
PD04638PD,Tipo de cambio - TC Interbancario (S/ por US$) - Venta,26.Dic.24,3.74116666666667
PD04638PD,Tipo de cambio - TC Interbancario (S/ por US$) - Venta,27.Dic.24,3.7465
PD04638PD,Tipo de cambio - TC Interbancario (S/ por US$) - Venta,30.Dic.24,3.76666666666667
PD04638PD,Tipo de cambio - TC Interbancario (S/ por US$) - Venta,31.Dic.24,n.d.
PD04638PD,Tipo de cambio - TC Interbancario (S/ por US$) - Venta,01.Ene.25,n.d.
PD04638PD,Tipo de cambio - TC Interbancario (S/ por US$) - Venta,02.Ene.25,3.75416666666667
PD04638PD,Tipo de cambio - TC Interbancario (S/ por US$) - Venta,03.Ene.25,3.76016666666667
PD04638PD,Tipo de cambio - TC Interbancario (S/ por US$) - Venta,06.Ene.25,3.7625
PD04638PD,Tipo de cambio - TC Interbancario (S/ por US$) - Venta,07.Ene.25,3.7695
PD04638PD,Tipo de cambio - TC Interbancario (S/ por US$) - Venta,08.Ene.25,3.78116666666667
PD04638PD,Tipo de cambio - TC Interbancario (S/ por US$) - Venta,09.Ene.25,3.7675
PD04638PD,Tipo de cambio - TC Interbancario (S/ por US$) - Venta,10.Ene.25,3.77
PD04638PD,Tipo de cambio - TC Interbancario (S/ por US$) - Venta,13.Ene.25,3.78166666666667
PD04638PD,Tipo de cambio - TC Interbancario (S/ por US$) - Venta,14.Ene.25,3.7755
PD04638PD,Tipo de cambio - TC Interbancario (S/ por US$) - Venta,15.Ene.25,3.76533333333333
PD04638PD,Tipo de cambio - TC Interbancario (S/ por US$) - Venta,16.Ene.25,3.76616666666667
PD04638PD,Tipo de cambio - TC Interbancario (S/ por US$) - Venta,17.Ene.25,3.74716666666667
PD04638PD,Tipo de cambio - TC Interbancario (S/ por US$) - Venta,20.Ene.25,3.73466666666667
PD04638PD,Tipo de cambio - TC Interbancario (S/ por US$) - Venta,21.Ene.25,3.732
PD04638PD,Tipo de cambio - TC Interbancario (S/ por US$) - Venta,22.Ene.25,3.72116666666667
PD04638PD,Tipo de cambio - TC Interbancario (S/ por US$) - Venta,23.Ene.25,3.7145
PD04638PD,Tipo de cambio - TC Interbancario (S/ por US$) - Venta,24.Ene.25,3.71416666666667
PD04638PD,Tipo de cambio - TC Interbancario (S/ por US$) - Venta,27.Ene.25,3.7375
PD04638PD,Tipo de cambio - TC Interbancario (S/ por US$) - Venta,28.Ene.25,3.74066666666667
PD04638PD,Tipo de cambio - TC Interbancario (S/ por US$) - Venta,29.Ene.25,3.7235
PD04638PD,Tipo de cambio - TC Interbancario (S/ por US$) - Venta,30.Ene.25,3.71783333333333
PD04638PD,Tipo de cambio - TC Interbancario (S/ por US$) - Venta,31.Ene.25,3.72366666666667
PD04638PD,Tipo de cambio - TC Interbancario (S/ por US$) - Venta,03.Feb.25,3.72083333333333
PD04638PD,Tipo de cambio - TC Interbancario (S/ por US$) - Venta,04.Feb.25,3.70633333333333
PD04638PD,Tipo de cambio - TC Interbancario (S/ por US$) - Venta,05.Feb.25,3.71766666666667
PD04638PD,Tipo de cambio - TC Interbancario (S/ por US$) - Venta,06.Feb.25,3.713
PD04638PD,Tipo de cambio - TC Interbancario (S/ por US$) - Venta,07.Feb.25,3.71616666666667
PD04638PD,Tipo de cambio - TC Interbancario (S/ por US$) - Venta,10.Feb.25,3.71416666666667
PD04638PD,Tipo de cambio - TC Interbancario (S/ por US$) - Venta,11.Feb.25,3.71283333333333
PD04638PD,Tipo de cambio - TC Interbancario (S/ por US$) - Venta,12.Feb.25,3.713
PD04638PD,Tipo de cambio - TC Interbancario (S/ por US$) - Venta,13.Feb.25,3.71683333333333
PD04638PD,Tipo de cambio - TC Interbancario (S/ por US$) - Venta,14.Feb.25,3.7035
PD04638PD,Tipo de cambio - TC Interbancario (S/ por US$) - Venta,17.Feb.25,3.6945
PD04638PD,Tipo de cambio - TC Interbancario (S/ por US$) - Venta,18.Feb.25,3.688
PD04638PD,Tipo de cambio - TC Interbancario (S/ por US$) - Venta,19.Feb.25,3.68683333333333
PD04638PD,Tipo de cambio - TC Interbancario (S/ por US$) - Venta,20.Feb.25,3.68266666666667
PD04638PD,Tipo de cambio - TC Interbancario (S/ por US$) - Venta,21.Feb.25,3.67866666666667
PD04638PD,Tipo de cambio - TC Interbancario (S/ por US$) - Venta,24.Feb.25,3.686
PD04638PD,Tipo de cambio - TC Interbancario (S/ por US$) - Venta,25.Feb.25,3.682
PD04638PD,Tipo de cambio - TC Interbancario (S/ por US$) - Venta,26.Feb.25,3.675
PD04638PD,Tipo de cambio - TC Interbancario (S/ por US$) - Venta,27.Feb.25,3.67183333333333
PD04638PD,Tipo de cambio - TC Interbancario (S/ por US$) - Venta,28.Feb.25,3.68133333333333
PD04638PD,Tipo de cambio - TC Interbancario (S/ por US$) - Venta,03.Mar.25,3.68583333333333
PD04638PD,Tipo de cambio - TC Interbancario (S/ por US$) - Venta,04.Mar.25,3.688
PD04638PD,Tipo de cambio - TC Interbancario (S/ por US$) - Venta,05.Mar.25,3.65566666666667
PD04638PD,Tipo de cambio - TC Interbancario (S/ por US$) - Venta,06.Mar.25,3.64933333333333
PD04638PD,Tipo de cambio - TC Interbancario (S/ por US$) - Venta,07.Mar.25,3.65833333333333
PD04638PD,Tipo de cambio - TC Interbancario (S/ por US$) - Venta,10.Mar.25,3.66383333333333
PD04638PD,Tipo de cambio - TC Interbancario (S/ por US$) - Venta,11.Mar.25,3.66716666666667
PD04638PD,Tipo de cambio - TC Interbancario (S/ por US$) - Venta,12.Mar.25,3.66216666666667
PD04638PD,Tipo de cambio - TC Interbancario (S/ por US$) - Venta,13.Mar.25,3.66966666666667
PD04638PD,Tipo de cambio - TC Interbancario (S/ por US$) - Venta,14.Mar.25,3.65716666666667
PD04638PD,Tipo de cambio - TC Interbancario (S/ por US$) - Venta,17.Mar.25,3.64683333333333
PD04638PD,Tipo de cambio - TC Interbancario (S/ por US$) - Venta,18.Mar.25,3.63566666666667
PD04638PD,Tipo de cambio - TC Interbancario (S/ por US$) - Venta,19.Mar.25,3.62133333333333
PD04638PD,Tipo de cambio - TC Interbancario (S/ por US$) - Venta,20.Mar.25,3.6245
PD04638PD,Tipo de cambio - TC Interbancario (S/ por US$) - Venta,21.Mar.25,3.63483333333333
PD04638PD,Tipo de cambio - TC Interbancario (S/ por US$) - Venta,24.Mar.25,3.64633333333333
PD04638PD,Tipo de cambio - TC Interbancario (S/ por US$) - Venta,25.Mar.25,3.63766666666667
PD04638PD,Tipo de cambio - TC Interbancario (S/ por US$) - Venta,26.Mar.25,3.64
PD04638PD,Tipo de cambio - TC Interbancario (S/ por US$) - Venta,27.Mar.25,3.64533333333333
PD04638PD,Tipo de cambio - TC Interbancario (S/ por US$) - Venta,28.Mar.25,3.65266666666667
PD04638PD,Tipo de cambio - TC Interbancario (S/ por US$) - Venta,31.Mar.25,3.67083333333333
PD04638PD,Tipo de cambio - TC Interbancario (S/ por US$) - Venta,01.Abr.25,3.67216666666667
PD04638PD,Tipo de cambio - TC Interbancario (S/ por US$) - Venta,02.Abr.25,3.67666666666667
PD04638PD,Tipo de cambio - TC Interbancario (S/ por US$) - Venta,03.Abr.25,3.66333333333333
PD04638PD,Tipo de cambio - TC Interbancario (S/ por US$) - Venta,04.Abr.25,3.69333333333333
PD04638PD,Tipo de cambio - TC Interbancario (S/ por US$) - Venta,07.Abr.25,3.70683333333333
PD04638PD,Tipo de cambio - TC Interbancario (S/ por US$) - Venta,08.Abr.25,3.737
PD04638PD,Tipo de cambio - TC Interbancario (S/ por US$) - Venta,09.Abr.25,3.74183333333333
PD04638PD,Tipo de cambio - TC Interbancario (S/ por US$) - Venta,10.Abr.25,3.7295
PD04638PD,Tipo de cambio - TC Interbancario (S/ por US$) - Venta,11.Abr.25,3.72966666666667
PD04638PD,Tipo de cambio - TC Interbancario (S/ por US$) - Venta,14.Abr.25,3.7305
PD04638PD,Tipo de cambio - TC Interbancario (S/ por US$) - Venta,15.Abr.25,3.74616666666667
PD04638PD,Tipo de cambio - TC Interbancario (S/ por US$) - Venta,16.Abr.25,3.733
PD04638PD,Tipo de cambio - TC Interbancario (S/ por US$) - Venta,17.Abr.25,n.d.
PD04638PD,Tipo de cambio - TC Interbancario (S/ por US$) - Venta,18.Abr.25,n.d.
PD04638PD,Tipo de cambio - TC Interbancario (S/ por US$) - Venta,21.Abr.25,3.7075
PD04638PD,Tipo de cambio - TC Interbancario (S/ por US$) - Venta,22.Abr.25,3.69483333333333
PD04638PD,Tipo de cambio - TC Interbancario (S/ por US$) - Venta,23.Abr.25,3.6955
PD04638PD,Tipo de cambio - TC Interbancario (S/ por US$) - Venta,24.Abr.25,3.679
PD04638PD,Tipo de cambio - TC Interbancario (S/ por US$) - Venta,25.Abr.25,3.67016666666667
PD04638PD,Tipo de cambio - TC Interbancario (S/ por US$) - Venta,28.Abr.25,3.66933333333333
PD04638PD,Tipo de cambio - TC Interbancario (S/ por US$) - Venta,29.Abr.25,3.66933333333333
PD04638PD,Tipo de cambio - TC Interbancario (S/ por US$) - Venta,30.Abr.25,3.67266666666667
PD04638PD,Tipo de cambio - TC Interbancario (S/ por US$) - Venta,01.May.25,n.d.
PD04638PD,Tipo de cambio - TC Interbancario (S/ por US$) - Venta,02.May.25,3.65316666666667
PD04638PD,Tipo de cambio - TC Interbancario (S/ por US$) - Venta,05.May.25,3.65933333333333
PD04638PD,Tipo de cambio - TC Interbancario (S/ por US$) - Venta,06.May.25,3.65983333333333
PD04638PD,Tipo de cambio - TC Interbancario (S/ por US$) - Venta,07.May.25,3.65366666666667
PD04638PD,Tipo de cambio - TC Interbancario (S/ por US$) - Venta,08.May.25,3.63916666666667
PD04638PD,Tipo de cambio - TC Interbancario (S/ por US$) - Venta,09.May.25,3.6445
PD04638PD,Tipo de cambio - TC Interbancario (S/ por US$) - Venta,12.May.25,3.6575
PD04638PD,Tipo de cambio - TC Interbancario (S/ por US$) - Venta,13.May.25,3.65633333333333
PD04638PD,Tipo de cambio - TC Interbancario (S/ por US$) - Venta,14.May.25,3.67883333333333
PD04638PD,Tipo de cambio - TC Interbancario (S/ por US$) - Venta,15.May.25,3.68233333333333
PD04638PD,Tipo de cambio - TC Interbancario (S/ por US$) - Venta,16.May.25,3.69266666666667
PD04638PD,Tipo de cambio - TC Interbancario (S/ por US$) - Venta,19.May.25,3.68766666666667
PD04638PD,Tipo de cambio - TC Interbancario (S/ por US$) - Venta,20.May.25,3.69266666666667
PD04638PD,Tipo de cambio - TC Interbancario (S/ por US$) - Venta,21.May.25,3.68116666666667
PD04638PD,Tipo de cambio - TC Interbancario (S/ por US$) - Venta,22.May.25,3.66416666666667
PD04638PD,Tipo de cambio - TC Interbancario (S/ por US$) - Venta,23.May.25,3.6605
PD04638PD,Tipo de cambio - TC Interbancario (S/ por US$) - Venta,26.May.25,3.65716666666667
PD04638PD,Tipo de cambio - TC Interbancario (S/ por US$) - Venta,27.May.25,3.64683333333333
PD04638PD,Tipo de cambio - TC Interbancario (S/ por US$) - Venta,28.May.25,3.6445
PD04638PD,Tipo de cambio - TC Interbancario (S/ por US$) - Venta,29.May.25,3.63233333333333
PD04638PD,Tipo de cambio - TC Interbancario (S/ por US$) - Venta,30.May.25,3.62816666666667
PD04638PD,Tipo de cambio - TC Interbancario (S/ por US$) - Venta,02.Jun.25,3.6165
PD04638PD,Tipo de cambio - TC Interbancario (S/ por US$) - Venta,03.Jun.25,3.625
PD04638PD,Tipo de cambio - TC Interbancario (S/ por US$) - Venta,04.Jun.25,3.61583333333333
PD04638PD,Tipo de cambio - TC Interbancario (S/ por US$) - Venta,05.Jun.25,3.62583333333333
PD04638PD,Tipo de cambio - TC Interbancario (S/ por US$) - Venta,06.Jun.25,3.65116666666667
PD04638PD,Tipo de cambio - TC Interbancario (S/ por US$) - Venta,09.Jun.25,3.64433333333333
PD04638PD,Tipo de cambio - TC Interbancario (S/ por US$) - Venta,10.Jun.25,3.6355
PD04638PD,Tipo de cambio - TC Interbancario (S/ por US$) - Venta,11.Jun.25,3.63016666666667
PD04638PD,Tipo de cambio - TC Interbancario (S/ por US$) - Venta,12.Jun.25,3.6165
PD04638PD,Tipo de cambio - TC Interbancario (S/ por US$) - Venta,13.Jun.25,3.61666666666667
PD04638PD,Tipo de cambio - TC Interbancario (S/ por US$) - Venta,16.Jun.25,3.60733333333333
PD04638PD,Tipo de cambio - TC Interbancario (S/ por US$) - Venta,17.Jun.25,3.613
PD04638PD,Tipo de cambio - TC Interbancario (S/ por US$) - Venta,18.Jun.25,3.595
PD04638PD,Tipo de cambio - TC Interbancario (S/ por US$) - Venta,19.Jun.25,3.58866666666667
PD04638PD,Tipo de cambio - TC Interbancario (S/ por US$) - Venta,20.Jun.25,3.59866666666667
PD04638PD,Tipo de cambio - TC Interbancario (S/ por US$) - Venta,23.Jun.25,3.60066666666667
PD04638PD,Tipo de cambio - TC Interbancario (S/ por US$) - Venta,24.Jun.25,3.57683333333333
PD04638PD,Tipo de cambio - TC Interbancario (S/ por US$) - Venta,25.Jun.25,3.57283333333333
PD04638PD,Tipo de cambio - TC Interbancario (S/ por US$) - Venta,26.Jun.25,3.56233333333333
PD04638PD,Tipo de cambio - TC Interbancario (S/ por US$) - Venta,27.Jun.25,3.5505
PD04638PD,Tipo de cambio - TC Interbancario (S/ por US$) - Venta,30.Jun.25,3.5415
PD04638PD,Tipo de cambio - TC Interbancario (S/ por US$) - Venta,01.Jul.25,3.55433333333333
PD04638PD,Tipo de cambio - TC Interbancario (S/ por US$) - Venta,02.Jul.25,3.55533333333333
PD04638PD,Tipo de cambio - TC Interbancario (S/ por US$) - Venta,03.Jul.25,3.5425
PD04638PD,Tipo de cambio - TC Interbancario (S/ por US$) - Venta,04.Jul.25,3.55116666666667
PD04638PD,Tipo de cambio - TC Interbancario (S/ por US$) - Venta,07.Jul.25,3.56233333333333
PD04638PD,Tipo de cambio - TC Interbancario (S/ por US$) - Venta,08.Jul.25,3.55766666666667
PD04638PD,Tipo de cambio - TC Interbancario (S/ por US$) - Venta,09.Jul.25,3.55033333333333
PD04638PD,Tipo de cambio - TC Interbancario (S/ por US$) - Venta,10.Jul.25,3.552
PD04638PD,Tipo de cambio - TC Interbancario (S/ por US$) - Venta,11.Jul.25,3.55416666666667
PD04638PD,Tipo de cambio - TC Interbancario (S/ por US$) - Venta,14.Jul.25,3.5655
PD04638PD,Tipo de cambio - TC Interbancario (S/ por US$) - Venta,15.Jul.25,3.56516666666667
PD04638PD,Tipo de cambio - TC Interbancario (S/ por US$) - Venta,16.Jul.25,3.55333333333333
PD04638PD,Tipo de cambio - TC Interbancario (S/ por US$) - Venta,17.Jul.25,3.5545
PD04638PD,Tipo de cambio - TC Interbancario (S/ por US$) - Venta,18.Jul.25,3.565
PD04638PD,Tipo de cambio - TC Interbancario (S/ por US$) - Venta,21.Jul.25,3.561
PD04638PD,Tipo de cambio - TC Interbancario (S/ por US$) - Venta,22.Jul.25,3.55816666666667
PD04638PD,Tipo de cambio - TC Interbancario (S/ por US$) - Venta,23.Jul.25,n.d.
PD04638PD,Tipo de cambio - TC Interbancario (S/ por US$) - Venta,24.Jul.25,3.5485
PD04638PD,Tipo de cambio - TC Interbancario (S/ por US$) - Venta,25.Jul.25,3.545
PD04638PD,Tipo de cambio - TC Interbancario (S/ por US$) - Venta,28.Jul.25,n.d.
PD04638PD,Tipo de cambio - TC Interbancario (S/ por US$) - Venta,29.Jul.25,n.d.
PD04638PD,Tipo de cambio - TC Interbancario (S/ por US$) - Venta,30.Jul.25,3.567
PD04638PD,Tipo de cambio - TC Interbancario (S/ por US$) - Venta,31.Jul.25,3.58783333333333
PD04638PD,Tipo de cambio - TC Interbancario (S/ por US$) - Venta,01.Ago.25,3.58266666666667
PD04638PD,Tipo de cambio - TC Interbancario (S/ por US$) - Venta,04.Ago.25,3.56966666666667
PD04638PD,Tipo de cambio - TC Interbancario (S/ por US$) - Venta,05.Ago.25,3.55833333333333
PD04638PD,Tipo de cambio - TC Interbancario (S/ por US$) - Venta,06.Ago.25,n.d.
PD04638PD,Tipo de cambio - TC Interbancario (S/ por US$) - Venta,07.Ago.25,3.544
PD04638PD,Tipo de cambio - TC Interbancario (S/ por US$) - Venta,08.Ago.25,3.527
PD04638PD,Tipo de cambio - TC Interbancario (S/ por US$) - Venta,11.Ago.25,3.53166666666667
PD04638PD,Tipo de cambio - TC Interbancario (S/ por US$) - Venta,12.Ago.25,3.5235
PD04638PD,Tipo de cambio - TC Interbancario (S/ por US$) - Venta,13.Ago.25,3.53816666666667
PD04638PD,Tipo de cambio - TC Interbancario (S/ por US$) - Venta,14.Ago.25,3.56066666666667
PD04638PD,Tipo de cambio - TC Interbancario (S/ por US$) - Venta,15.Ago.25,3.56183333333333
PD04638PD,Tipo de cambio - TC Interbancario (S/ por US$) - Venta,18.Ago.25,3.55316666666667
PD04638PD,Tipo de cambio - TC Interbancario (S/ por US$) - Venta,19.Ago.25,3.53366666666667
PD04638PD,Tipo de cambio - TC Interbancario (S/ por US$) - Venta,20.Ago.25,3.53
PD04638PD,Tipo de cambio - TC Interbancario (S/ por US$) - Venta,21.Ago.25,3.53616666666667
PD04638PD,Tipo de cambio - TC Interbancario (S/ por US$) - Venta,22.Ago.25,3.523
PD04638PD,Tipo de cambio - TC Interbancario (S/ por US$) - Venta,25.Ago.25,3.52833333333333
PD04638PD,Tipo de cambio - TC Interbancario (S/ por US$) - Venta,26.Ago.25,3.538
PD04638PD,Tipo de cambio - TC Interbancario (S/ por US$) - Venta,27.Ago.25,3.5535
PD04638PD,Tipo de cambio - TC Interbancario (S/ por US$) - Venta,28.Ago.25,3.54416666666667
PD04638PD,Tipo de cambio - TC Interbancario (S/ por US$) - Venta,29.Ago.25,3.534
PD04638PD,Tipo de cambio - TC Interbancario (S/ por US$) - Venta,01.Set.25,3.53416666666667
PD04638PD,Tipo de cambio - TC Interbancario (S/ por US$) - Venta,02.Set.25,3.5415
PD04638PD,Tipo de cambio - TC Interbancario (S/ por US$) - Venta,03.Set.25,3.53183333333333
PD04638PD,Tipo de cambio - TC Interbancario (S/ por US$) - Venta,04.Set.25,3.5335
PD04638PD,Tipo de cambio - TC Interbancario (S/ por US$) - Venta,05.Set.25,3.52116666666667
PD04638PD,Tipo de cambio - TC Interbancario (S/ por US$) - Venta,08.Set.25,3.51633333333333
PD04638PD,Tipo de cambio - TC Interbancario (S/ por US$) - Venta,09.Set.25,3.505
PD04638PD,Tipo de cambio - TC Interbancario (S/ por US$) - Venta,10.Set.25,3.48633333333333
PD04638PD,Tipo de cambio - TC Interbancario (S/ por US$) - Venta,11.Set.25,3.481
PD04638PD,Tipo de cambio - TC Interbancario (S/ por US$) - Venta,12.Set.25,3.49533333333333
PD04638PD,Tipo de cambio - TC Interbancario (S/ por US$) - Venta,15.Set.25,3.493
PD04638PD,Tipo de cambio - TC Interbancario (S/ por US$) - Venta,16.Set.25,3.48416666666667
PD04638PD,Tipo de cambio - TC Interbancario (S/ por US$) - Venta,17.Set.25,3.48316666666667
PD04638PD,Tipo de cambio - TC Interbancario (S/ por US$) - Venta,18.Set.25,3.48683333333333
PD04638PD,Tipo de cambio - TC Interbancario (S/ por US$) - Venta,19.Set.25,3.49357142857143
PD04638PD,Tipo de cambio - TC Interbancario (S/ por US$) - Venta,22.Set.25,3.50478571428571
PD04638PD,Tipo de cambio - TC Interbancario (S/ por US$) - Venta,23.Set.25,3.50121428571429
PD04638PD,Tipo de cambio - TC Interbancario (S/ por US$) - Venta,24.Set.25,3.50764285714286
PD04638PD,Tipo de cambio - TC Interbancario (S/ por US$) - Venta,25.Set.25,3.50714285714286
PD04638PD,Tipo de cambio - TC Interbancario (S/ por US$) - Venta,26.Set.25,3.49692857142857
PD04638PD,Tipo de cambio - TC Interbancario (S/ por US$) - Venta,29.Set.25,3.48235714285714
PD04638PD,Tipo de cambio - TC Interbancario (S/ por US$) - Venta,30.Set.25,3.473
PD04638PD,Tipo de cambio - TC Interbancario (S/ por US$) - Venta,01.Oct.25,3.4705
PD04638PD,Tipo de cambio - TC Interbancario (S/ por US$) - Venta,02.Oct.25,3.48235714285714
PD04638PD,Tipo de cambio - TC Interbancario (S/ por US$) - Venta,03.Oct.25,3.468
PD04638PD,Tipo de cambio - TC Interbancario (S/ por US$) - Venta,06.Oct.25,3.45885714285714
PD04638PD,Tipo de cambio - TC Interbancario (S/ por US$) - Venta,07.Oct.25,3.44957142857143
PD04638PD,Tipo de cambio - TC Interbancario (S/ por US$) - Venta,08.Oct.25,n.d.
PD04638PD,Tipo de cambio - TC Interbancario (S/ por US$) - Venta,09.Oct.25,3.43464285714286
PD04638PD,Tipo de cambio - TC Interbancario (S/ por US$) - Venta,10.Oct.25,3.439
PD04638PD,Tipo de cambio - TC Interbancario (S/ por US$) - Venta,13.Oct.25,3.42857142857143
PD04638PD,Tipo de cambio - TC Interbancario (S/ por US$) - Venta,14.Oct.25,3.42635714285714
PD04638PD,Tipo de cambio - TC Interbancario (S/ por US$) - Venta,15.Oct.25,3.4115
PD04638PD,Tipo de cambio - TC Interbancario (S/ por US$) - Venta,16.Oct.25,3.39378571428571
PD04638PD,Tipo de cambio - TC Interbancario (S/ por US$) - Venta,17.Oct.25,3.38542857142857
PD04638PD,Tipo de cambio - TC Interbancario (S/ por US$) - Venta,20.Oct.25,3.3725
PD04638PD,Tipo de cambio - TC Interbancario (S/ por US$) - Venta,21.Oct.25,3.38671428571429
PD04638PD,Tipo de cambio - TC Interbancario (S/ por US$) - Venta,22.Oct.25,3.40135714285714
PD04638PD,Tipo de cambio - TC Interbancario (S/ por US$) - Venta,23.Oct.25,3.39692857142857
PD04638PD,Tipo de cambio - TC Interbancario (S/ por US$) - Venta,24.Oct.25,3.38385714285714
PD04638PD,Tipo de cambio - TC Interbancario (S/ por US$) - Venta,27.Oct.25,3.38157142857143
PD04638PD,Tipo de cambio - TC Interbancario (S/ por US$) - Venta,28.Oct.25,3.392
PD04638PD,Tipo de cambio - TC Interbancario (S/ por US$) - Venta,29.Oct.25,3.39021428571429
PD04638PD,Tipo de cambio - TC Interbancario (S/ por US$) - Venta,30.Oct.25,3.39407142857143
PD04638PD,Tipo de cambio - TC Interbancario (S/ por US$) - Venta,31.Oct.25,3.37585714285714
PD04638PD,Tipo de cambio - TC Interbancario (S/ por US$) - Venta,03.Nov.25,3.37492857142857
PD04638PD,Tipo de cambio - TC Interbancario (S/ por US$) - Venta,04.Nov.25,3.38707142857143
PD04638PD,Tipo de cambio - TC Interbancario (S/ por US$) - Venta,05.Nov.25,3.37642857142857
PD04638PD,Tipo de cambio - TC Interbancario (S/ por US$) - Venta,06.Nov.25,3.37535714285714
PD04638PD,Tipo de cambio - TC Interbancario (S/ por US$) - Venta,07.Nov.25,3.3765
PD04638PD,Tipo de cambio - TC Interbancario (S/ por US$) - Venta,10.Nov.25,3.37235714285714
PD04638PD,Tipo de cambio - TC Interbancario (S/ por US$) - Venta,11.Nov.25,3.36085714285714
PD04638PD,Tipo de cambio - TC Interbancario (S/ por US$) - Venta,12.Nov.25,3.36942857142857
PD04638PD,Tipo de cambio - TC Interbancario (S/ por US$) - Venta,13.Nov.25,3.365
PD04638PD,Tipo de cambio - TC Interbancario (S/ por US$) - Venta,14.Nov.25,3.3725
PD04638PD,Tipo de cambio - TC Interbancario (S/ por US$) - Venta,17.Nov.25,3.36335714285714
PD04638PD,Tipo de cambio - TC Interbancario (S/ por US$) - Venta,18.Nov.25,3.36907142857143
PD04638PD,Tipo de cambio - TC Interbancario (S/ por US$) - Venta,19.Nov.25,3.37771428571429
PD04638PD,Tipo de cambio - TC Interbancario (S/ por US$) - Venta,20.Nov.25,3.38114285714286
PD04638PD,Tipo de cambio - TC Interbancario (S/ por US$) - Venta,21.Nov.25,3.38928571428571
PD04638PD,Tipo de cambio - TC Interbancario (S/ por US$) - Venta,24.Nov.25,3.38528571428571
PD04638PD,Tipo de cambio - TC Interbancario (S/ por US$) - Venta,25.Nov.25,3.37721428571429
PD04638PD,Tipo de cambio - TC Interbancario (S/ por US$) - Venta,26.Nov.25,3.36685714285714
PD04638PD,Tipo de cambio - TC Interbancario (S/ por US$) - Venta,27.Nov.25,3.36642857142857
PD04638PD,Tipo de cambio - TC Interbancario (S/ por US$) - Venta,28.Nov.25,3.3625
PD04638PD,Tipo de cambio - TC Interbancario (S/ por US$) - Venta,01.Dic.25,3.37064285714286
PD04638PD,Tipo de cambio - TC Interbancario (S/ por US$) - Venta,02.Dic.25,3.37014285714286
PD04638PD,Tipo de cambio - TC Interbancario (S/ por US$) - Venta,03.Dic.25,3.3645
PD04638PD,Tipo de cambio - TC Interbancario (S/ por US$) - Venta,04.Dic.25,3.35942857142857
PD04638PD,Tipo de cambio - TC Interbancario (S/ por US$) - Venta,05.Dic.25,3.36671428571429
PD04638PD,Tipo de cambio - TC Interbancario (S/ por US$) - Venta,08.Dic.25,n.d.
PD04638PD,Tipo de cambio - TC Interbancario (S/ por US$) - Venta,09.Dic.25,n.d.
PD04638PD,Tipo de cambio - TC Interbancario (S/ por US$) - Venta,10.Dic.25,3.37214285714286
PD04638PD,Tipo de cambio - TC Interbancario (S/ por US$) - Venta,11.Dic.25,3.36757142857143
PD04638PD,Tipo de cambio - TC Interbancario (S/ por US$) - Venta,12.Dic.25,3.36885714285714
PD04638PD,Tipo de cambio - TC Interbancario (S/ por US$) - Venta,15.Dic.25,3.3705
PD04638PD,Tipo de cambio - TC Interbancario (S/ por US$) - Venta,16.Dic.25,3.37142857142857
PD04638PD,Tipo de cambio - TC Interbancario (S/ por US$) - Venta,17.Dic.25,3.36914285714286
PD04638PD,Tipo de cambio - TC Interbancario (S/ por US$) - Venta,18.Dic.25,3.36664285714286
PD04638PD,Tipo de cambio - TC Interbancario (S/ por US$) - Venta,19.Dic.25,3.36785714285714
PD04638PD,Tipo de cambio - TC Interbancario (S/ por US$) - Venta,22.Dic.25,3.36614285714286
PD04638PD,Tipo de cambio - TC Interbancario (S/ por US$) - Venta,23.Dic.25,3.367
PD04638PD,Tipo de cambio - TC Interbancario (S/ por US$) - Venta,24.Dic.25,3.365
PD04638PD,Tipo de cambio - TC Interbancario (S/ por US$) - Venta,25.Dic.25,n.d.
PD04638PD,Tipo de cambio - TC Interbancario (S/ por US$) - Venta,26.Dic.25,n.d.
PD04638PD,Tipo de cambio - TC Interbancario (S/ por US$) - Venta,29.Dic.25,3.367
PD04638PD,Tipo de cambio - TC Interbancario (S/ por US$) - Venta,30.Dic.25,3.36435714285714
PD04638PD,Tipo de cambio - TC Interbancario (S/ por US$) - Venta,31.Dic.25,3.3636
